,Unnamed: 0.3,Unnamed: 0.2,Unnamed: 0.1,Unnamed: 0,index,question,response,answer,output,conv_actual_answer,conv_predicted_answer,f1_score,exact
0,0,0,0,0,0,['who are all of the mayors?'],"Decomposition:
sq1. Identify the rows that have the title ""Mayor"" or ""May succeed to Mayorship.""
sq2. Extract the names or titles in the ""Current Officer"" column for these rows.
sq3. Compile the extracted names into a list.

Answers:
Answer to sq1: The relevant rows for Mayors are:
- Row 4: ""Mayor of New Mexico May succeed to Mayorship""
- (In this case, there is no specific ""Mayor"" role listed, so we include the next immediate row which mentions ""Mayor."")

Answer to sq2: The current officers associated with the Mayor position are Susana Martinez and W. Ken Martinez.

Answer to sq3: The mayors or potential successors to the Mayorship are: [""Susana Martinez"", ""W. Ken Martinez""]

Final answer: [""Susana Martinez"", ""W. Ken Martinez""]","[""['', 'Susana Martinez', 'John Sanchez', 'Dianna Duran', 'Mary Kay Papen', 'W. Ken Martinez', '', 'Gary King', 'Hector Balderas', 'James B. Lewis', 'Ray Powell', 'Patrick Lyons', 'Karen Montoya', 'Valerie Espinoza', 'Theresa Becenti-Aguilar', 'Ben Hall']""]","[""Susana Martinez"", ""W. Ken Martinez""] 
","[['', 'susana martinez', 'john sanchez', 'dianna duran', 'mary kay papen', 'w. ken martinez', '', 'gary king', 'hector balderas', 'james b. lewis', 'ray powell', 'patrick lyons', 'karen montoya', 'valerie espinoza', 'theresa becenti-aguilar', 'ben hall']]","[susana martinez, w. ken martinez]",27.777777777777775,0.0
1,1,1,1,1,1,"['of these two, which has 183 amphibians?']","Decomposition:
1. Identify the row that has 183 amphibians.
2. Record the country with 183 amphibians.

Answers:
- Answer to subquestion 1: Costa Rica has 183 amphibians.
- Answer to subquestion 2: Costa Rica has 183 amphibians.

Final Answer: Costa Rica has 183 amphibians.","[""['Costa Rica']""]","Costa Rica 
",[['costa rica']],costa rica,100.0,100.0
2,2,2,2,2,2,"['now, which church name differs from its parish name?']","Decomposition:
- Identify the rows where the church name differs from its parish name.
- Extract the 'Church name' and 'Parish' columns for these rows.
- Compile the extracted values into a list.

Answers:
- The relevant rows where the church name differs from the parish name are:
  - ""Levanger | Bamberg Church | Levanger | 1998""
  - ""Ytteroy | Ytteroy Church | Ytteroya | 1890""
- The 'Church name' values for these rows are: ""Bamberg Church"", ""Ytteroy Church""
- The church names that differ from their parish names are: [""Bamberg Church"", ""Ytteroy Church""]

Final answer: [""Bamberg Church"", ""Ytteroy Church""]","[""['Bamberg Church']""]","[""Bamberg Church"", ""Ytteroy Church""] 
",[['bamberg church']],"[bamberg church, ytteroy church]",66.66666666666666,0.0
3,3,3,3,3,3,"['what were the poplulations of the bulgarians in romania through the years?', 'what was the population in 1940?', 'what about just during 1940?']","Decomposition:
1. Identify the rows that mention the population figures for the Bulgarians in Romania. (independent)
2. Extract the population data for these rows, specifying the year. (depends on sq1)

Answers:
1. The relevant rows for the populations of Bulgarians in Romania are:
   - Hungarian statistics | 1910 | 13,536 | 13,536 | evidently underestimated
   - Romanian census | 1930 | 10,012 |  | Romanian Banat only
   - Romanian census | 1939 | 9,951 |  | Romanian Banat only
   - Karol Telbizov | 1940 | 12,000 |  | Romanian Banat only; estimated
2. The population figures for Bulgarians in Romania based on the provided data are: 13,536 (1910), 10,012 (1930), 9,951 (1939), 12,000 (1940)

Final Answer: The populations of Bulgarians in Romania through the years were as follows: 13,536 (1910), 10,012 (1930), 9,951 (1939), and 12,000 (1940).","[""['30,000-35,000', '18,298', '19,944', '13,536', '22,000-26,000', '10,012', '9,951', '12,000', '12,040', '9,267', '6,486']"", ""['12,000']"", ""['12,000']""]","13,536 (1910), 10,012 (1930), 9,951 (1939), 12,000 (1940) 
","[['30,000-35,000', '18,298', '19,944', '13,536', '22,000-26,000', '10,012', '9,951', '12,000', '12,040', '9,267', '6,486'], ['12,000'], ['12,000']]","13,536 (1910), 10,012 (1930), 9,951 (1939), 12,000 (1940)",38.0952380952381,0.0
4,4,4,4,4,4,"['what was the population of each continent in 1975?', 'what was the population of each continent in 1985?', 'which has the highest growth rates 1975-1985?']","Decomposition:
1. Identify the population figures for each continent in 1975.
2. Identify the population figures for each continent in 1985.
3. Calculate the growth rate for each continent from 1975 to 1985.
4. Determine which continent had the highest growth rate from 1975 to 1985.

Answers:
- The population of each continent in 1975:
  - Africa: 61,458,000
  - Asia: 234,823,000
  - Europe: 16,889,000
  - Latin-America & Caribbean: 39,495,000
  - North America: 12,643,000
  - Oceania: 1,264,000

- The population of each continent in 1985:
  - Africa: 72,196,000
  - Asia: 255,217,000
  - Europe: 13,578,000
  - Latin-America & Caribbean: 40,068,000
  - North America: 13,388,000
  - Oceania: 1,850,000

- Growth rates:
  - Africa: 17.5%
  - Asia: 8.6%
  - Europe: -19.7%
  - Latin-America & Caribbean: 1.3%
  - North America: 5.9%
  - Oceania: 46.0%

Final Answer:
- The continent with the highest growth rate from 1975 to 1985 is Oceania with a growth rate of 46.0%.","[""['Africa', '61,458,000', 'Asia', '234,823,000', 'Europe', '16,889,000', 'Latin-America & Caribbean', '39,495,000', 'North America', '12,643,000']"", ""['Africa', '72,196,000', 'Asia', '255,217,000', 'Europe', '13,578,000', 'Latin-America & Caribbean', '40,068,000', 'North America', '13,388,000']"", ""['Asia']""]","Oceania 
","[['africa', '61,458,000', 'asia', '234,823,000', 'europe', '16,889,000', 'latin-america & caribbean', '39,495,000', 'north america', '12,643,000'], ['africa', '72,196,000', 'asia', '255,217,000', 'europe', '13,578,000', 'latin-america & caribbean', '40,068,000', 'north america', '13,388,000'], ['asia']]",oceania,0.0,0.0
5,5,5,5,5,5,['which dates were formed in march?'],"Decomposition:
  1. Identify the rows that were formed in March.
  2. Extract the 'Date Formed' column for these rows.
  3. Compile the extracted 'Date Formed' values into a list.

Answers:
  Answer to 1: The relevant rows for the locations that were formed in March are:
    Cape Lookout | North Carolina 34deg37'N 76deg32'W / 34.61degN 76.54degW | March 10, 1966

  Answer to 2: The 'Date Formed' values for locations formed in March are: March 10, 1966

  Answer to 3: The locations that were formed in March are: [""March 10, 1966""]

Final Answer: [""March 10, 1966""]","[""['March 10, 1966']""]","""March 10, 1966"" 
","[['march 10, 1966']]","march 10, 1966",100.0,100.0
6,6,6,6,6,6,['who were the candidates for the manitoba general election of 2007'],"Decomposition:
- Identify the rows that represent the candidates for the Manitoba general election of 2007.
- Extract the 'Candidate' column for these rows.
- Compile the extracted candidate names into a list.

Answers:
- The candidates for the Manitoba general election of 2007 are:
  - Daryl Reid for New Democratic Party
  - Bryan McLeod for Progressive Conservative
  - Gerald Basarab for Liberal

Final answer: ['Daryl Reid', 'Bryan McLeod', 'Gerald Basarab']","[""['Daryl Reid', 'Bryan McLeod', 'Gerald Basarab', 'Total valid votes']""]","['Daryl Reid', 'Bryan McLeod', 'Gerald Basarab'] 
","[['daryl reid', 'bryan mcleod', 'gerald basarab', 'total valid votes']]","['daryl reid', 'bryan mcleod', 'gerald basarab']",80.0,0.0
7,7,7,7,7,7,"['what years was the river trent over the normal flow, causing flooding?', 'of those years, which was the highest?']","Decomposition:
1. Identify the rows where the 'Level at Trent Bridge m' is greater than the 'Normal / Avg flow' value. (independent)
2. Extract the 'Date' and 'Peak Flow m3/s' columns for these rows. (depends on sq1)
3. Consider the row with the highest 'Peak Flow m3/s'. (depends on sq2)

Answers:
Answer to sq1: The relevant rows where the river Trent was over the normal flow are:
   1 | February 1795 | 24.55 | 80.5 | 1,416 | 50,000
   2 | October 1875 | 24.38 | 80.0 | 1,274 | 45,000
   3 | March 1947 | 24.30 | 79.7 | 1,107 | 39,100
   4 | November 1852 | 24.26 | 79.6 | 1,082 | 38,200
   5 | November 2000 | 23.80 | 78.1 | 1,019 | 36,000

Answer to sq2: The 'Date' and 'Peak Flow m3/s' values for years when the river Trent was over the normal flow are:
   February 1795 - 1,416
   October 1875 - 1,274
   March 1947 - 1,107
   November 1852 - 1,082
   November 2000 - 1,019

Answer to sq3: The year with the highest peak flow when the river Trent was over the normal flow is February 1795 with a peak flow of 1,416 m3/s.

Final answer: ['February 1795 - 1,416']","[""['February 1795', 'October 1875', 'March 1947', 'November 1852', 'November 2000']"", ""['February 1795']""]","['February 1795', '1795'] 
","[['february 1795', 'october 1875', 'march 1947', 'november 1852', 'november 2000'], ['february 1795']]","['february 1795', '1795']",40.0,0.0
8,8,8,8,8,8,['who played in the 1972 summer olympics for israel?'],"Decomposition:
1. Identify the athletes who participated in the 1972 Summer Olympics for Israel.
2. Extract the names of the athletes identified in step 1.

Answers:
1. The athletes who participated in the 1972 Summer Olympics for Israel are:
   - Shaul Ladani
   - Esther Shahamorov
   - Dan Alon
   - Yehuda Weissenstein
   - Yair Michaeli
   - Itzhak Nir
   - Henry Hershkowitz
   - Zelig Stroch
   - Shlomit Nir
   - David Berger
   - Ze'ev Friedman
   - Yossef Romano
   - Gad Tsobari
   - Eliezer Halfin
   - Mark Slavin

2. Athletes who played in the 1972 Summer Olympics for Israel: Shaul Ladani, Esther Shahamorov, Dan Alon, Yehuda Weissenstein, Yair Michaeli, Itzhak Nir, Henry Hershkowitz, Zelig Stroch, Shlomit Nir, David Berger, Ze'ev Friedman, Yossef Romano, Gad Tsobari, Eliezer Halfin, Mark Slavin

Final answer: Shaul Ladani, Esther Shahamorov, Dan Alon, Yehuda Weissenstein, Yair Michaeli, Itzhak Nir, Henry Hershkowitz, Zelig Stroch, Shlomit Nir, David Berger, Ze'ev Friedman, Yossef Romano, Gad Tsobari, Eliezer Halfin, Mark Slavin","['[\'Shaul Ladani\', \'Esther Shahamorov\', \'Esther Shahamorov\', \'Dan Alon\', \'Yehuda Weissenstein\', \'Yair Michaeli\', \'Itzhak Nir\', \'Henry Hershkowitz\', \'Henry Hershkowitz\', \'Zelig Stroch\', \'Shlomit Nir\', \'Shlomit Nir\', \'David Berger\', ""Ze\'ev Friedman"", \'Yossef Romano\', \'Gad Tsobari\', \'Eliezer Halfin\', \'Mark Slavin\']']","Shaul Ladani, Esther Shahamorov, Dan Alon, Yehuda Weissenstein, Yair Michaeli, Itzhak Nir, Henry Hershkowitz, Zelig Stroch, Shlomit Nir, David Berger, Ze'ev Friedman, Yossef Romano, Gad Tsobari, Eliezer Halfin, Mark Slavin 
","['[\'shaul ladani\', \'esther shahamorov\', \'esther shahamorov\', \'dan alon\', \'yehuda weissenstein\', \'yair michaeli\', \'itzhak nir\', \'henry hershkowitz\', \'henry hershkowitz\', \'zelig stroch\', \'shlomit nir\', \'shlomit nir\', \'david berger\', ze\'ev friedman, \'yossef romano\', \'gad tsobari\', \'eliezer halfin\', \'mark slavin\']']","shaul ladani, esther shahamorov, dan alon, yehuda weissenstein, yair michaeli, itzhak nir, henry hershkowitz, zelig stroch, shlomit nir, david berger, ze'ev friedman, yossef romano, gad tsobari, eliezer halfin, mark slavin",90.9090909090909,0.0
9,9,9,9,9,9,['which aircraft have 1 year of service'],"Decomposition:
- Identify the rows where the 'In service' column value is 1. (Independent)
- Extract the 'Aircraft' column for these rows. (Depends on the previous step)
- Compile the extracted 'Aircraft' values into a list. (Depends on the previous step)

Answers:
- The aircraft with 1 year of service are:
  - Beechcraft Super King Air 350
  - Cessna 208 Caravan
  - Partenvia P.68 Observer

Final Answer: Beechcraft Super King Air 350, Cessna 208 Caravan, Partenvia P.68 Observer","[""['1', '1', '1']""]","Beechcraft Super King Air 350, Cessna 208 Caravan, Partenvia P.68 Observer 
","[['1', '1', '1']]","beechcraft super king air 350, cessna 208 caravan, par10via p.68 observer",0.0,0.0
10,10,10,10,10,10,['which tournaments were played in the snooker season 1996/ 1997?'],"Decomposition:
- Identify the rows that have the season 1996/1997.
- Extract the 'Tournament name' column for these rows.
- Compile the extracted 'Tournament name' values into a list.

Answers:
- The relevant rows for the season 1996/1997 are:
  05-05 | ENG | WR | World Snooker Championship | Crucible Theatre | Sheffield | Ken Doherty | Stephen Hendry | 18-12

- The 'Tournament name' value for the season 1996/1997 is: World Snooker Championship

Final Answer: World Snooker Championship","[""['Asian Classic', 'Scottish Masters', 'Benson & Hedges Championship', 'Malta Grand Prix', 'Grand Prix', 'World Cup', 'UK Championship', 'German Open', 'Charity Challenge', 'Welsh Open', 'Masters', 'International Open', 'European Open', 'Thailand Open', 'Irish Masters', 'British Open', 'World Snooker Championship', 'Pontins Professional', 'European League']""]","World Snooker Championship 
","[['asian classic', 'scottish masters', 'benson & hedges championship', 'malta grand prix', 'grand prix', 'world cup', 'uk championship', 'german open', 'charity challenge', 'welsh open', 'masters', 'international open', 'european open', 'thailand open', 'irish masters', 'british open', 'world snooker championship', 'pontins professional', 'european league']]",world snooker championship,13.953488372093023,0.0
11,11,11,11,11,11,"['what are the tournaments of the snooker season 1996/1997?', 'which of these tournaments were held in september?']","Decomposition:
1. Identify the rows that correspond to the snooker season 1996/1997.
2. Extract the 'Tournament name' column for these rows.
3. Identify which of these tournaments were held in September.

Answers:
Answer to sq1: The tournaments for the snooker season 1996/1997 are:
- Asian Classic
- Scottish Masters
- Benson & Hedges Championship
- Malta Grand Prix
- Grand Prix
- World Cup
- UK Championship
- German Open
- Charity Challenge
- Welsh Open
- Masters
- International Open
- European Open
- Thailand Open
- Irish Masters
- British Open
- World Snooker Championship
- Pontins Professional
- European League

Answer to sq2: The tournaments for the snooker season 1996/1997 are: Asian Classic, Scottish Masters, Benson & Hedges Championship, Malta Grand Prix, Grand Prix, World Cup, UK Championship, German Open, Charity Challenge, Welsh Open, Masters, International Open, European Open, Thailand Open, Irish Masters, British Open, World Snooker Championship, Pontins Professional, European League

Answer to sq3: The tournaments held in September are:
- Asian Classic
- Scottish Masters

Final answer: Asian Classic, Scottish Masters","[""['Asian Classic', 'Scottish Masters', 'Benson & Hedges Championship', 'Malta Grand Prix', 'Grand Prix', 'World Cup', 'UK Championship', 'German Open', 'Charity Challenge', 'Welsh Open', 'Masters', 'International Open', 'European Open', 'Thailand Open', 'Irish Masters', 'British Open', 'World Snooker Championship', 'Pontins Professional', 'European League']"", ""['Asian Classic', 'Scottish Masters']""]","Asian Classic, Scottish Masters 
","[['asian classic', 'scottish masters', 'benson & hedges championship', 'malta grand prix', 'grand prix', 'world cup', 'uk championship', 'german open', 'charity challenge', 'welsh open', 'masters', 'international open', 'european open', 'thailand open', 'irish masters', 'british open', 'world snooker championship', 'pontins professional', 'european league'], ['asian classic', 'scottish masters']]","asian classic, scottish masters",16.666666666666668,0.0
12,12,12,12,12,12,"['what is the population for each of those districts in 1998?', 'what is the population for each of those districts in 2008?', 'what is the population for blue hill in 2008?', 'what is the population for sandy bay in 2008?']","Decomposition:
1. Identify the rows corresponding to each district mentioned.
2. Extract the population figures for each district in 1998.
3. Extract the population figures for each district in 2008.
4. Find the population for Blue Hill in 2008.
5. Find the population for Sandy Bay in 2008.

Answers:
- Answer to subquestion 1: The rows for each district are as follows:
  - Blue Hill | 36.5 | 14.1 | 177 | 153 | 4.2
  - Sandy Bay | 15.3 | 5.9 | 254 | 205 | 13.4
- Answer to subquestion 2: The populations for each of those districts in 1998 are: 177, 254
- Answer to subquestion 3: The populations for each of those districts in 2008 are: 153, 205
- Answer to subquestion 4: The population for Blue Hill in 2008 is 153.
- Answer to subquestion 5: The population for Sandy Bay in 2008 is 205.

Final answers:
- Population for each of those districts in 1998: 177, 254
- Population for each of those districts in 2008: 153, 205
- Population for Blue Hill in 2008: 153
- Population for Sandy Bay in 2008: 205","[""['289', '177', '1,140', '884', '376', '960', '254', '908', '149', '20']"", ""['276', '153', '901', '714', '316', '715', '205', '795', '171', '9']"", ""['153']"", ""['205']""]","177, 254, 153, 205, 153, 205 
","[['289', '177', '1,140', '884', '376', '960', '254', '908', '149', '20'], ['276', '153', '901', '714', '316', '715', '205', '795', '171', '9'], ['153'], ['205']]","177, 254, 153, 205, 153, 205",42.857142857142854,0.0
13,13,13,13,13,13,"[""what are the seasons of britain's got talent?"", 'which of these seasons have a known judging panel?', 'which of these seasons have four judges?', 'what was the first of these seasons to have four judges?']","Decomposition:
1. Identify the seasons of Britain's Got Talent.
2. Determine which of these seasons have a known judging panel.
3. Identify which of these seasons have four judges.
4. Determine which season was the first to have four judges.

Answers:
1. The seasons of Britain's Got Talent are as follows:
   - One
   - Two
   - Three
   - Four
   - Five
   - Six
   - Seven
   - Eight
   - Nine

2. The seasons with a known judging panel are:
   - One
   - Two
   - Three
   - Four
   - Five
   - Six
   - Seven
   - Eight

3. Among the listed seasons, the seasons that have four judges are:
   - Five (Simon Cowell, Amanda Holden, David Hasselhoff, Michael McIntyre)
   - Six (Simon Cowell, Amanda Holden, Alesha Dixon, David Walliams)
   - Seven (Simon Cowell, Amanda Holden, Alesha Dixon, David Walliams)
   - Eight (Simon Cowell, Amanda Holden, Alesha Dixon, David Walliams)

4. The first season from the listed seasons to have four judges was:
   - Five

Final Answer:
The seasons of Britain's Got Talent that had a known judging panel and the first season to have four judges were Seasons Five, Six, Seven, and Eight.","[""['One', 'Two', 'Three', 'Four', 'Five', 'Six', 'Seven', 'Eight', 'Nine']"", ""['One', 'Two', 'Three', 'Four', 'Five', 'Six', 'Seven', 'Eight']"", ""['Five', 'Six', 'Seven', 'Eight']"", ""['Five']""]","Seasons Five, Six, Seven, Eight 
","[['1', '2', '3', '4', '5', '6', '7', '8', '9'], ['1', '2', '3', '4', '5', '6', '7', '8'], ['5', '6', '7', '8'], ['5']]","seasons 5, 6, 7, 8",29.629629629629626,0.0
14,14,14,14,14,14,"['who was appointed april 4, 1995?', ""which one's mission was terminated march 1995?""]","Decomposition:
1. Identify the row for the appointment on April 4, 1995.
2. Identify the row for the mission termination in March 1995.

Answers:
- Appointment on April 4, 1995: Jeanette W. Hyde | Ambassador Extraordinary and Plenipotentiary | April 4, 1995 | January 31, 1998 | Bill Clinton
- Mission termination in March 1995: Dennis F. Carter | Charge d'Affaires | December 1994 | March 1995 | Bill Clinton

Final Answers:
1. Jeanette W. Hyde
2. Dennis F. Carter","[""['Jeanette W. Hyde']"", ""['Dennis F. Carter']""]","Jeanette W. Hyde, Dennis F. Carter 
","[['jeanette w. hyde'], ['dennis f. carter']]","jeanette w. hyde, dennis f. carter",100.0,100.0
15,15,15,15,15,15,['what were the total spectators through the years?'],"Decomposition:
1. Identify the rows that have the 'Total spectatorship' value representing the total spectators. (independent)
2. Extract the 'Total spectatorship' column for these rows. (depends on sq1)
3. Compile the extracted values into a list. (depends on sq2)

Answers:
Answer to sq1: The relevant rows for total spectators are:
- A-League: 1,772,133
- Australian Football League: 6,931,085
- Big Bash League: 550,262
- National Basketball League: 547,021
- National Rugby League: 3,345,248
- Super Rugby: 773,940
- Rugby Championship: 133,532
- State of Origin series: 186,607
- Women's National Basketball League: 77,944

Answer to sq2: The 'Total spectatorship' values are: 1,772,133, 6,931,085, 550,262, 547,021, 3,345,248, 773,940, 133,532, 186,607, 77,944

Answer to sq3: The total spectators through the years are: [1,772,133, 6,931,085, 550,262, 547,021, 3,345,248, 773,940, 133,532, 186,607, 77,944]

Final answer: [1,772,133, 6,931,085, 550,262, 547,021, 3,345,248, 773,940, 133,532, 186,607, 77,944]","[""['1,772,133', '6,931,085', '550,262', '547,021', '3,345,248', '773,940', '133,532', '186,607', '77,944']""]","[1,772,133, 6,931,085, 550,262, 547,021, 3,345,248, 773,940, 133,532, 186,607, 77,944] 
","[['1,772,133', '6,931,085', '550,262', '547,021', '3,345,248', '773,940', '133,532', '186,607', '77,944']]","[1,772,133, 6,931,085, 550,262, 547,021, 3,345,248, 773,940, 133,532, 186,607, 77,944]",100.0,100.0
16,16,16,16,16,16,"['what year did average match attendance go below 10,000 for any australian sport?', 'what is the total spectatorship for the year 2013 national rugby league?', 'what was the total spectators for the national ruby league in 2013?', 'which were held in 2013?', 'which sport saw the attendance drop below 10,000 for 2010/2011?', 'what competition had an average attendance of 4031?']","Decomposition:
- Identify the rows corresponding to the year when the average match attendance went below 10,000 for any Australian sport.
- Identify the row for the National Rugby League in the year 2013.
- Find the total spectatorship for the National Rugby League in the year 2013.
- Identify the competitions that were held in 2013.
- Determine the sport that saw attendance drop below 10,000 for the year 2010/2011.
- Find the competition that had an average attendance of 4,031.

Answers:
- The year when the average match attendance went below 10,000 for any Australian sport: 2010/2011.
- The row for the National Rugby League in 2013: Total spectatorship - 3,345,248, Average match attendance - 16,643.
- Total spectatorship for the National Rugby League in 2013: 3,345,248.
- Competitions that were held in 2013: Australian Football League, National Rugby League.
- The sport that saw attendance drop below 10,000 for the year 2010/2011: National Basketball League.
- The competition that had an average attendance of 4,031: National Basketball League.

Final Answers:
- The year when the average match attendance went below 10,000 for any Australian sport: 2010/2011.
- Total spectatorship for the National Rugby League in 2013: 3,345,248.
- Competitions held in 2013: Australian Football League, National Rugby League.
- Sport with attendance below 10,000 for 2010/2011: National Basketball League.
- Competition with an average attendance of 4,031: National Basketball League.","[""['2010/2011']"", ""['3,345,248']"", ""['3,345,248']"", ""['A-League', 'Australian Football League', 'National Rugby League']"", ""['National Basketball League']"", ""['National Basketball League']""]","['2010/2011', '3,345,248', 'Australian Football League', 'National Rugby League', 'National Basketball League', 'National Basketball League'] 
","[['2010/2011'], ['3,345,248'], ['3,345,248'], ['a-league', 'australian football league', 'national rugby league'], ['national basketball league'], ['national basketball league']]","['2010/2011', '3,345,248', 'australian football league', 'national rugby league', 'national basketball league', 'national basketball league']",93.33333333333333,0.0
17,17,17,17,17,17,['which week had the least attendance?'],"Decomposition:
1. Determine the attendance for each week.
2. Identify the week with the least attendance.

Answers:
Answer to 1: 
- Week 1: 63,602
- Week 2: 57,678
- Week 3: 39,782
- Week 4: 55,832
- Week 5: 53,240
- Week 6: 50,495
- Week 7: 70,456
- Week 8: N/A (Bye)
- Week 9: 66,087
- Week 10: 45,950
- Week 11: 71,670
- Week 12: 63,435
- Week 13: 69,613
- Week 14: 46,128
- Week 15: 62,176
- Week 16: 51,617
- Week 17: 71,670

Answer to 2: 
- The week with the least attendance is Week 14 with 46,128 attendees.

Final Answer: 
Week 14 had the least attendance with 46,128 attendees.","[""['3']""]","Week 14 
",[['3']],week 14,0.0,0.0
18,18,18,18,18,18,['what teams did the cardinals play against in the 1998 season?'],"Decomposition:

1. Identify all the opponents the Cardinals played against in the 1998 season.
2. Extract the 'Opponent' column for these matches.
3. Compile the extracted opponents into a list.

Answer to subquestions:

1. The opponents the Cardinals played against in the 1998 season are:
   - Dallas Cowboys
   - Seattle Seahawks
   - Philadelphia Eagles
   - St. Louis Rams
   - Oakland Raiders
   - Chicago Bears
   - New York Giants
   - Detroit Lions
   - Washington Redskins
   - Dallas Cowboys
   - Washington Redskins
   - Kansas City Chiefs
   - New York Giants
   - Philadelphia Eagles
   - New Orleans Saints
   - San Diego Chargers

2. The 'Opponent' values for the 1998 season are: Dallas Cowboys, Seattle Seahawks, Philadelphia Eagles, St. Louis Rams, Oakland Raiders, Chicago Bears, New York Giants, Detroit Lions, Washington Redskins, Dallas Cowboys, Washington Redskins, Kansas City Chiefs, New York Giants, Philadelphia Eagles, New Orleans Saints, San Diego Chargers.

3. The teams the Cardinals played against in the 1998 season are: [Dallas Cowboys, Seattle Seahawks, Philadelphia Eagles, St. Louis Rams, Oakland Raiders, Chicago Bears, New York Giants, Detroit Lions, Washington Redskins, Dallas Cowboys, Washington Redskins, Kansas City Chiefs, New York Giants, Philadelphia Eagles, New Orleans Saints, San Diego Chargers]","[""['at Dallas Cowboys', 'at Seattle Seahawks', 'Philadelphia Eagles', 'at St. Louis Rams', 'Oakland Raiders', 'Chicago Bears', 'at New York Giants', 'Bye', 'at Detroit Lions', 'Washington Redskins', 'Dallas Cowboys', 'at Washington Redskins', 'at Kansas City Chiefs', 'New York Giants', 'at Philadelphia Eagles', 'New Orleans Saints', 'San Diego Chargers']""]","['Dallas Cowboys', 'Seattle Seahawks', 'Philadelphia Eagles', 'St. Louis Rams', 'Oakland Raiders', 'Chicago Bears', 'New York Giants', 'Detroit Lions', 'Washington Redskins', 'Kansas City Chiefs', 'New Orleans Saints', 'San Diego Chargers'] 
","[['at dallas cowboys', 'at seattle seahawks', 'philadelphia eagles', 'at st. louis rams', 'oakland raiders', 'chicago bears', 'at new york giants', 'bye', 'at detroit lions', 'washington redskins', 'dallas cowboys', 'at washington redskins', 'at kansas city chiefs', 'new york giants', 'at philadelphia eagles', 'new orleans saints', 'san diego chargers']]","['dallas cowboys', 'seattle seahawks', 'philadelphia eagles', 'st. louis rams', 'oakland raiders', 'chicago bears', 'new york giants', 'detroit lions', 'washington redskins', 'kansas city chiefs', 'new orleans saints', 'san diego chargers']",76.3157894736842,0.0
19,19,19,19,19,19,['in the 1998 season what teams did the cardinals play?'],"Decomposition:
- Identify the opponents the Arizona Cardinals played against in the 1998 season.
- List the opponents in chronological order.

Answers:
- Opponents the Arizona Cardinals played against in the 1998 season:
  - at Dallas Cowboys
  - at Seattle Seahawks
  - Philadelphia Eagles
  - at St. Louis Rams
  - Oakland Raiders
  - Chicago Bears
  - at New York Giants
  - at Detroit Lions
  - Washington Redskins
  - Dallas Cowboys
  - at Washington Redskins
  - at Kansas City Chiefs
  - New York Giants
  - at Philadelphia Eagles
  - New Orleans Saints
  - San Diego Chargers
  
Final Answer: 
['at Dallas Cowboys', 'at Seattle Seahawks', 'Philadelphia Eagles', 'at St. Louis Rams', 'Oakland Raiders', 'Chicago Bears', 'at New York Giants', 'at Detroit Lions', 'Washington Redskins', 'Dallas Cowboys', 'at Washington Redskins', 'at Kansas City Chiefs', 'New York Giants', 'at Philadelphia Eagles', 'New Orleans Saints', 'San Diego Chargers']","[""['at Dallas Cowboys', 'at Seattle Seahawks', 'Philadelphia Eagles', 'at St. Louis Rams', 'Oakland Raiders', 'Chicago Bears', 'at New York Giants', 'at Detroit Lions', 'Washington Redskins', 'Dallas Cowboys', 'at Washington Redskins', 'at Kansas City Chiefs', 'New York Giants', 'at Philadelphia Eagles', 'New Orleans Saints', 'San Diego Chargers']""]","['at Dallas Cowboys', 'at Seattle Seahawks', 'Philadelphia Eagles', 'at St. Louis Rams', 'Oakland Raiders', 'Chicago Bears', 'at New York Giants', 'at Detroit Lions', 'Washington Redskins', 'Dallas Cowboys', 'at Washington Redskins', 'at Kansas City Chiefs', 'New York Giants', 'at Philadelphia Eagles', 'New Orleans Saints', 'San Diego Chargers'] 
","[['at dallas cowboys', 'at seattle seahawks', 'philadelphia eagles', 'at st. louis rams', 'oakland raiders', 'chicago bears', 'at new york giants', 'at detroit lions', 'washington redskins', 'dallas cowboys', 'at washington redskins', 'at kansas city chiefs', 'new york giants', 'at philadelphia eagles', 'new orleans saints', 'san diego chargers']]","['at dallas cowboys', 'at seattle seahawks', 'philadelphia eagles', 'at st. louis rams', 'oakland raiders', 'chicago bears', 'at new york giants', 'at detroit lions', 'washington redskins', 'dallas cowboys', 'at washington redskins', 'at kansas city chiefs', 'new york giants', 'at philadelphia eagles', 'new orleans saints', 'san diego chargers']",100.0,100.0
20,20,20,20,20,20,"['what were the names of each team in the 2007 rally norway?', 'what were the times of loten 1 and loten 2?', 'what was the time for each of them?', ""what about just loten 1's time?"", 'what was the faster time?', 'of his four victories, which one did m. hirvonen finish with a time of 16.09.9?', 'what driver made this time?', 'which of the two had a shorter time?']","Decomposition:
1. Identify the rows corresponding to the stages ""Loten 1"" and ""Loten 2"".
2. Extract the 'Time' values for these stages.
3. Compile the extracted time values into a list.
4. Determine the time for each of the stages ""Loten 1"" and ""Loten 2"".
5. Compare the times for ""Loten 1"" and ""Loten 2"" to find the faster time.
6. Identify the rally stage where M. Hirvonen finished with a time of 16:09.9.
7. Determine the driver who made the time of 16:09.9.
8. Compare the times between the two stages to identify the one with the shorter time.

Answers:
1. Rows for ""Loten 1"" and ""Loten 2"":
   - Loten 1: 1 (16 Feb) | SS1 | 16:14.1 | Loten 1 | 30.30 km
   - Loten 2: 1 (16 Feb) | SS3 | 16:09.9 | Loten 2 | 30.30 km

2. Time values for ""Loten 1"" and ""Loten 2"":
   - Loten 1: 16:14.1 (SS1)
   - Loten 2: 16:09.9 (SS3)

3. Compiled time values for ""Loten 1"" and ""Loten 2"":
   - [""16:14.1"", ""16:09.9""]

4. Time for each stage ""Loten 1"" and ""Loten 2"":
   - Loten 1: 16:14.1
   - Loten 2: 16:09.9

5. Faster time between ""Loten 1"" and ""Loten 2"":
   - ""Loten 2"" with a time of 16:09.9

6. Rally stage where M. Hirvonen finished with time 16:09.9:
   - 1 (16 Feb) | SS3 | 16:09.9 | Loten 2 | 30.30 km

7. Driver who made the time of 16:09.9:
   - M. Hirvonen

8. Comparison of times for ""Loten 1"" and ""Loten 2"":
   - ""Loten 2"" had a shorter time compared to ""Loten 1""

Final Answer:
- Times for ""Loten 1"" and ""Loten 2"" are ""16:14.1"" and ""16:09.9"" respectively.
- ""Loten 2"" was the faster stage with a time of ""16:09.9"".
- The rally stage where M. Hirvonen finished with a time of 16:09.9 was ""Loten 2"".
- The driver who made the time of 16:09.9 was M. Hirvonen.
- ""Loten 2"" had a shorter time than ""Loten 1"".","[""['Loten 1', 'Haslemoen', 'Loten 2', 'Grue', 'Opaker', 'Kongsvinger', 'Finnskogen', 'Kirkanaer', 'Eleverum 1', 'Terningmoen', 'Mountain 1', 'Lillehammar', 'Ringsaker 1', 'Hamar 1', 'Mountain 2', 'Ringsaker 2', 'Hamar 2', 'Eleverum 2']"", ""['16:14.1', '16:09.9']"", ""['16:14.1', '8:08.4', '16:09.9', '7:31.8', '7:59.8', '9:44.5', '12:42.3', '5:48.9', '24:40.3', '7:59.1', '14:01.8', '4:33.9', '16:29.7', '1:13.8', '13:18.2', '15:28.6', '1:11.8', '24:10.3']"", ""['16:14.1']"", ""['16:09.9']"", ""['Loten 2']"", ""['Loten 2']"", ""['Loten 2']""]","['16:14.1', '16:09.9', 'Loten 2', '16:09.9', 'M. Hirvonen', 'Loten 2'] 
","[['lo10 1', 'haslemoen', 'lo10 2', 'grue', 'opaker', 'kongsvinger', 'finnskogen', 'kirkanaer', 'eleverum 1', 'terningmoen', 'mountain 1', 'lillehaar', 'ringsaker 1', 'hamar 1', 'mountain 2', 'ringsaker 2', 'hamar 2', 'eleverum 2'], ['16:14.1', '16:09.9'], ['16:14.1', '8:08.4', '16:09.9', '7:31.8', '7:59.8', '9:44.5', '12:42.3', '5:48.9', '24:40.3', '7:59.1', '14:01.8', '4:33.9', '16:29.7', '1:13.8', '13:18.2', '15:28.6', '1:11.8', '24:10.3'], ['16:14.1'], ['16:09.9'], ['lo10 2'], ['lo10 2'], ['lo10 2']]","['16:14.1', '16:09.9', 'lo10 2', '16:09.9', 'm. hirv1n', 'lo10 2']",21.53846153846154,0.0
21,21,21,21,21,21,['which was coach for the longest amount of time?'],"Decomposition:
1. Identify the tenure of each coach.
2. Calculate the duration of each coach's tenure.
3. Determine which coach had the longest tenure.

Answers:
- Answer to subquestion 1: The tenure period for each coach is as follows:
  - Henrik Jensen: 1 July 2012 to Present
  - John 'Tune' Kristiansen: 18 June 2012 to 23 June 2012
  - Peer F. Hansen: 1 January 2012 to 18 June 2012
  - Rene Heitmann: 17 July 2010 to 27 July 2010
  - Christian Andersen: 11 July 2009 to 19 June 2010
  - Anders Theil: 7 November 2005 to 7 July 2009
  - Ebbe Skovdahl: 11 October 2003 to 6 November 2005
  - Ole Mork: 15 October 2001 to 10 October 2003
  - Johnny Petersen: 5 May 1998 to 14 October 2001
  - John 'Tune' Kristiansen: 1996 to 4 May 1998

- Answer to subquestion 2: Calculating the tenure durations:
  - Henrik Jensen: 9 years, 1 month (as of now)
  - John 'Tune' Kristiansen: 5 days
  - Peer F. Hansen: 5 months, 17 days
  - Rene Heitmann: 10 days
  - Christian Andersen: 10 months, 9 days
  - Anders Theil: 3 years, 8 months, 1 day
  - Ebbe Skovdahl: 2 years, 26 days
  - Ole Mork: 2 years, 26 days
  - Johnny Petersen: 3 years, 5 months, 9 days
  - John 'Tune' Kristiansen: 1 year, 6 months, 5 days

- Final Answer: The coach with the longest tenure is Henrik Jensen with 9 years, 1 month.","[""['Anders Theil']""]","Henrik Jensen 
",[['anders theil']],henrik jensen,0.0,0.0
22,22,22,22,22,22,['what were the years competed in by melissa morrison-howard?'],"Decomposition:
sq1. Identify the rows that involve Melissa Morrison-Howard.
sq2. Extract the 'Year' column for these rows.
sq3. Compile the extracted 'Year' values into a list.

Answers:
Answer to sq1: The relevant rows involving Melissa Morrison-Howard are:
1997 | World Indoor Championships | Paris, France | 5th | 60 m hurdles
1998 | USA Indoor Championships |  | 1st | 60 m hurdles
2002 | USA Indoor Championships |  | 1st | 60 m hurdles

Answer to sq2: The 'Year' values for Melissa Morrison-Howard's competitions are: 1997, 1998, 2002

Answer to sq3: The years competed in by Melissa Morrison-Howard are: [1997, 1998, 2002]

Final answer: [1997, 1998, 2002]","[""['1997', '1997', '1998', '1998', '1999', '2000', '2000', '2002', '2002', '2003', '2003', '2004']""]","[1997, 1998, 2002] 
","[['1997', '1997', '1998', '1998', '1999', '2000', '2000', '2002', '2002', '2003', '2003', '2004']]","[1997, 1998, 2002]",40.0,0.0
23,23,23,23,23,23,"['how many 100m hurdles were in 1997?', 'which of these was the last year?', 'what is the venue that was competed in in 2004?', 'and the year in which they were played?', 'which ones were held in 1997?', 'now, which venue did they play at in 2004?', 'where was the one of these in 1997 located?']","Decomposition:
1. Identify the rows that mention the year 1997. (independent)
2. Count the number of occurrences of 100m hurdles in the ""Event"" column for the identified rows. (depends on sq1)
3. Identify the row with the latest year. (independent)
4. Find the venue mentioned in the row identified in sq3. (depends on sq3)
5. Find the year of the competition that took place at the venue identified in sq4. (independent)
6. Identify the rows that mention ""1997"" in the ""Year"" column. (independent)
7. Find the venue mentioned for the rows identified in sq6. (depends on sq6)
8. Find the location for the event mentioned in 1997. (independent)

Answers:
- Answer to sq1: Rows mentioning the year 1997 are:
  1997 | World Indoor Championships | Paris, France | 5th | 60 m hurdles
  1997 | USA Outdoor Championships | Indianapolis, United States | 1st | 100 m hurdles
- Answer to sq2: The number of occurrences of 100m hurdles in 1997 is 1.
- Answer to sq3: The latest year mentioned is 2004.
- Answer to sq4: The venue in 2004 was Athens, Greece.
- Answer to sq5: The competition in Athens, Greece was held in 2004.
- Answer to sq6: Rows with ""1997"" in the ""Year"" column are:
  1997 | World Indoor Championships | Paris, France | 5th | 60 m hurdles
  1997 | USA Outdoor Championships | Indianapolis, United States | 1st | 100 m hurdles
- Answer to sq7: The venues for the events in 1997 were Paris, France, and Indianapolis, United States.
- Answer to sq8: The event held in 1997 took place in Paris, France.

Final Answers:
- Number of 100m hurdles events in 1997: 1
- Latest year mentioned: 2004
- Venue competed in 2004: Athens, Greece
- Year of the competition at the 2004 venue: 2004
- Venues for events held in 1997: Paris, France and Indianapolis, United States
- Venue of the 1997 event: Paris, France","[""['100 m hurdles']"", ""['2004']"", ""['Athens, Greece']"", ""['1997', '1997', '1998', '1998', '1999', '2000', '2000', '2002', '2002', '2003', '2003', '2004']"", ""['World Indoor Championships', 'USA Outdoor Championships']"", ""['Athens, Greece']"", ""['Indianapolis, United States']""]","1, 2004, Athens, Greece, 2004, Paris, France, Indianapolis, United States, Paris, France 
","[['100 m hurdles'], ['2004'], ['athens, greece'], ['1997', '1997', '1998', '1998', '1999', '2000', '2000', '2002', '2002', '2003', '2003', '2004'], ['world indoor championships', 'usa outdoor championships'], ['athens, greece'], ['indianapolis, united states']]","1, 2004, athens, greece, 2004, paris, france, indianapolis, united states, paris, france",34.146341463414636,0.0
24,24,24,24,24,24,"['of these presidents, which ones held the title for over 20 years?', 'how long was the 11,611 days?', 'of these, which are greater than 60 years?', 'which of them was the oldest living for the least amount of time?', 'and who held the title for the shortest time?', 'of these, which president had a duration less than a year?']","Decomposition:
- Identify the presidents who held the title for over 20 years.
- Calculate the duration in days for the president with a duration of 11,611 days.
- Determine which presidents had an age greater than 60 years.
- Identify the president who was the oldest living for the least amount of time.
- Find the president who held the title for the shortest time.
- Identify the president with a duration less than a year.

Answers:
1. Presidents who held the title for over 20 years are:
    - Herbert Hoover
    - Ronald Reagan
2. The duration in days for the president with a 11,611 days duration is 11,611 days.
3. Presidents with an age greater than 60 years are:
    - Herbert Hoover
    - Ronald Reagan
4. The president who was the oldest living for the least amount of time is Lyndon B. Johnson.
5. The president who held the title for the shortest time is Lyndon B. Johnson.
6. The president with a duration less than a year is Lyndon B. Johnson.

Final Answers:
1. Presidents who held the title for over 20 years: Herbert Hoover, Ronald Reagan.
2. Duration for 11,611 days: 11,611 days.
3. Presidents with age greater than 60 years: Herbert Hoover, Ronald Reagan.
4. President who was the oldest living for the least amount of time: Lyndon B. Johnson.
5. President who held the title for the shortest time: Lyndon B. Johnson.
6. President with a duration less than a year: Lyndon B. Johnson.","[""['John Adams', 'Herbert Hoover', 'Ronald Reagan']"", ""['31 years, 289 days']"", ""['64 years, 45 days', '75 years, 110 days', '69 years, 105 days', '77 years, 332 days', '65 years, 80 days', '71 years, 92 days', '68 years, 146 days', '65 years, 69 days', '62 years, 292 days', '63 years, 360 days', '66 years, 141 days', '64 years, 121 days', '60 years, 13 days', '69 years, 349 days']"", ""['Lyndon B. Johnson']"", ""['Lyndon B. Johnson']"", ""['Lyndon B. Johnson']""]","Herbert Hoover, Ronald Reagan, 11,611 days, Herbert Hoover, Ronald Reagan, Lyndon B. Johnson, Lyndon B. Johnson 
","[['john adams', 'herbert hoover', 'ronald reagan'], ['31 years, 289 '], ['64 years, 45 ', '75 years, 110 ', '69 years, 105 ', '77 years, 332 ', '65 years, 80 ', '71 years, 92 ', '68 years, 146 ', '65 years, 69 ', '62 years, 292 ', '63 years, 360 ', '66 years, 141 ', '64 years, 121 ', '60 years, 13 ', '69 years, 349 '], ['lyndon b. johnson'], ['lyndon b. johnson'], ['lyndon b. johnson']]","herbert hoover, ronald reagan, 11,611 , herbert hoover, ronald reagan, lyndon b. johnson, lyndon b. johnson",26.666666666666668,0.0
25,25,25,25,25,25,"['what year was the margin of victory 5 strokes', 'what about just on november 11, 2007 and april 25, 2004?']","Decomposition:
1. Identify the row(s) where the Margin of victory is 5 strokes.
2. Provide the year for the identified row(s).
3. Do the same for the specific dates November 11, 2007, and April 25, 2004.

Answers:
- Answer to subquestion 1: The row where the Margin of victory is 5 strokes is:
    7 | 11 Nov 2007 | Mitsui Sumitomo VISA Taiheiyo Masters | -13 (67-68-69-70=274) | 5 strokes | Toru Taniguchi
- Answer to subquestion 2: The year for a victory margin of 5 strokes is 2007.
- Answer to subquestion 3: There are no matches specifically on November 11, 2007, or April 25, 2004, with a margin of victory of 5 strokes.

Final Answer: The year when the margin of victory was 5 strokes is 2007.","[""['11 Nov 2007']"", ""['2 strokes', '5 strokes']""]","2007
","[['11 nov 2007'], ['2 strokes', '5 strokes']]",2007,25.0,0.0
26,26,26,26,26,26,['what were the rankings the americans had each season?'],"Decomposition:
1. Identify the rows that represent the ranking of the Americans each season.
2. Extract the ranking of the Americans from the given rows.
3. Compile the extracted rankings into a list.

Answers:
- Answer to sq1: The relevant rows showing the rankings of the Americans each season are:
  - 1934/35 | N/A | ASL | 6th | No playoff | ?
  - 1935/36 | N/A | ASL | 2nd | No playoff | ?
  - 1936/37 | N/A | ASL | 2nd, American | 1st Round | ?
  - 1937/38 | N/A | ASL | 4th, American | Did not qualify | ?
  - 1938/39 | N/A | ASL | 5th, American | Did not qualify | ?
  - 1939/40 | N/A | ASL | 2nd(t) | No playoff | Co-champion
  - 1940/41 | N/A | ASL | 3rd | No playoff | ?
  - 1941/42 | N/A | ASL | 5th | No playoff | ?
  - 1942/43 | N/A | ASL | 5th | No playoff | ?
  - 1943/44 | N/A | ASL | 3rd | No playoff | ?
  - 1944/45 | N/A | ASL | 4th | No playoff | ?
  - 1945/46 | N/A | ASL | 1st | Champion (no playoff) | ?
  - 1946/47 | N/A | ASL | 4th | No playoff | ?
  - 1947/48 | N/A | ASL | 4th | No playoff | ?
  - 1948/49 | N/A | ASL | Withdrew after 3 games | N/A | N/A
- Answer to sq2: The rankings of the Americans each season were: 6th, 2nd, 2nd, 4th, 5th, 2nd(t), 3rd, 5th, 5th, 3rd, 4th, 1st, 4th, 4th.
- Answer to sq3: The rankings the Americans had each season were: [6th, 2nd, 2nd, 4th, 5th, 2nd(t), 3rd, 5th, 5th, 3rd, 4th, 1st, 4th, 4th].

Final answer: [6th, 2nd, 2nd, 4th, 5th, 2nd(t), 3rd, 5th, 5th, 3rd, 4th, 1st, 4th, 4th].","[""['6th', '2nd', '2nd, American', '4th, American', '5th, American', '2nd(t)', '3rd', '5th', '5th', '3rd', '4th', '1st', '4th', '4th', 'Withdrew after 3 games']""]","[6th, 2nd, 2nd, 4th, 5th, 2nd(t), 3rd, 5th, 5th, 3rd, 4th, 1st, 4th, 4th] 
","[['6', '2', '2, american', '4, american', '5, american', '2(t)', '3', '5', '5', '3', '4', '1', '4', '4', 'withdrew after 3 games']]","[6, 2, 2, 4, 5, 2(t), 3, 5, 5, 3, 4, 1, 4, 4]",80.0,0.0
27,27,27,27,27,27,['what were the regular season finishes by the baltimore americans?'],"Decomposition:

- Identify the rows corresponding to the Baltimore Americans in the 'Division' column.
- Extract the 'Reg. Season' column for these rows.
- Compile the extracted 'Reg. Season' values into a list.

Answers:

1. The relevant rows for the Baltimore Americans in the 'Division' column are:
   - 1936/37 | N/A | ASL | 2nd, American | 1st Round | ?
   - 1937/38 | N/A | ASL | 4th, American | Did not qualify | ?
   - 1938/39 | N/A | ASL | 5th, American | Did not qualify | ?
   - 1939/40 | N/A | ASL | 2nd(t) | No playoff | Co-champion
   - 1940/41 | N/A | ASL | 3rd | No playoff | ?
   - 1941/42 | N/A | ASL | 5th | No playoff | ?
   - 1942/43 | N/A | ASL | 5th | No playoff | ?
   - 1943/44 | N/A | ASL | 3rd | No playoff | ?
   - 1944/45 | N/A | ASL | 4th | No playoff | ?
   - 1945/46 | N/A | ASL | 1st | Champion (no playoff) | ?
   - 1946/47 | N/A | ASL | 4th | No playoff | ?
   - 1947/48 | N/A | ASL | 4th | No playoff | ?

2. The 'Reg. Season' finishes for the Baltimore Americans are: 2nd, 4th, 5th, 2nd(t), 3rd, 5th, 5th, 3rd, 4th, 1st, 4th, 4th.

Final Answer: [2nd, 4th, 5th, 2nd(t), 3rd, 5th, 5th, 3rd, 4th, 1st, 4th, 4th]","[""['6th', '2nd', '2nd, American', '4th, American', '5th, American', '2nd(t)', '3rd', '5th', '5th', '3rd', '4th', '1st', '4th', '4th', 'Withdrew after 3 games']""]","[2nd, 4th, 5th, 2nd(t), 3rd, 5th, 5th, 3rd, 4th, 1st, 4th, 4th] 
","[['6', '2', '2, american', '4, american', '5, american', '2(t)', '3', '5', '5', '3', '4', '1', '4', '4', 'withdrew after 3 games']]","[2, 4, 5, 2(t), 3, 5, 5, 3, 4, 1, 4, 4]",72.72727272727273,0.0
28,28,28,28,28,28,['in which years did the baltimore americans compete?'],"Decomposition:
1. Identify the rows with the team ""Baltimore Americans"".
2. Extract the ""Year"" information for these rows.
3. Compile the extracted years into a list.

Answers:
Answer to sq1: The Baltimore Americans competed in the following years:
- 1934/35
- 1935/36
- 1936/37
- 1937/38
- 1938/39
- 1939/40
- 1940/41
- 1941/42
- 1942/43
- 1943/44
- 1944/45
- 1945/46
- 1946/47
- 1947/48

Answer to sq2: The years in which the Baltimore Americans competed are: 1934/35, 1935/36, 1936/37, 1937/38, 1938/39, 1939/40, 1940/41, 1941/42, 1942/43, 1943/44, 1944/45, 1945/46, 1946/47, 1947/48

Answer to sq3: The years in which the Baltimore Americans competed are: [1934/35, 1935/36, 1936/37, 1937/38, 1938/39, 1939/40, 1940/41, 1941/42, 1942/43, 1943/44, 1944/45, 1945/46, 1946/47, 1947/48]

Final Answer: [1934/35, 1935/36, 1936/37, 1937/38, 1938/39, 1939/40, 1940/41, 1941/42, 1942/43, 1943/44, 1944/45, 1945/46, 1946/47, 1947/48]","[""['1934/35', '1935/36', '1936/37', '1937/38', '1938/39', '1939/40', '1940/41', '1941/42', '1942/43', '1943/44', '1944/45', '1945/46', '1946/47', '1947/48', '1948/49']""]","['1934/35', '1935/36', '1936/37', '1937/38', '1938/39', '1939/40', '1940/41', '1941/42', '1942/43', '1943/44', '1944/45', '1945/46', '1946/47', '1947/48'] 
","[['1934/35', '1935/36', '1936/37', '1937/38', '1938/39', '1939/40', '1940/41', '1941/42', '1942/43', '1943/44', '1944/45', '1945/46', '1946/47', '1947/48', '1948/49']]","['1934/35', '1935/36', '1936/37', '1937/38', '1938/39', '1939/40', '1940/41', '1941/42', '1942/43', '1943/44', '1944/45', '1945/46', '1946/47', '1947/48']",96.55172413793103,0.0
29,29,29,29,29,29,['what placements did they reach in the regular seasons?'],"Decomposition:
1. Identify the placements in the regular seasons for each year.
2. List out the placements achieved in the regular seasons for the given years.

Answers:
Answer to sq1: The placements in the regular seasons for the provided years are as follows:
- 1934/35: 6th
- 1935/36: 2nd
- 1936/37: 2nd
- 1937/38: 4th
- 1938/39: 5th
- 1939/40: 2nd(t)
- 1940/41: 3rd
- 1941/42: 5th
- 1942/43: 5th
- 1943/44: 3rd
- 1944/45: 4th
- 1945/46: 1st
- 1946/47: 4th
- 1947/48: 4th
- 1948/49: Withdrew after 3 games

Final Answer: The placements they reached in the regular seasons for the given years are 6th, 2nd, 2nd, 4th, 5th, 2nd(t), 3rd, 5th, 5th, 3rd, 4th, 1st, 4th, withdrew after 3 games.","[""['6th', '2nd', '2nd, American', '4th, American', '5th, American', '2nd(t)', '3rd', '5th', '5th', '3rd', '4th', '1st', '4th', '4th', 'Withdrew after 3 games']""]","6th, 2nd, 2nd, 4th, 5th, 2nd(t), 3rd, 5th, 5th, 3rd, 4th, 1st, 4th, withdrew after 3 games 
","[['6', '2', '2, american', '4, american', '5, american', '2(t)', '3', '5', '5', '3', '4', '1', '4', '4', 'withdrew after 3 games']]","6, 2, 2, 4, 5, 2(t), 3, 5, 5, 3, 4, 1, 4, withdrew after 3 games",89.47368421052632,0.0
30,30,30,30,30,30,['what are all the years?'],"Decomposition:
1. Identify all the years present in the table.
2. List out the identified years.

Answers:
Answer to sq1: The years present in the table are 1935, 1936, 1937, 1938, 1939, 1940, 1941, 1942, 1943, 1944, 1945, 1946, 1947, 1948, 1949.
Answer to sq2: The years listed are 1935, 1936, 1937, 1938, 1939, 1940, 1941, 1942, 1943, 1944, 1945, 1946, 1947, 1948, 1949.

Final Answer: The years are 1935, 1936, 1937, 1938, 1939, 1940, 1941, 1942, 1943, 1944, 1945, 1946, 1947, 1948, 1949.","[""['1934/35', '1935/36', '1936/37', '1937/38', '1938/39', '1939/40', '1940/41', '1941/42', '1942/43', '1943/44', '1944/45', '1945/46', '1946/47', '1947/48', '1948/49']""]","['1935', '1936', '1937', '1938', '1939', '1940', '1941', '1942', '1943', '1944', '1945', '1946', '1947', '1948', '1949'] 
","[['1934/35', '1935/36', '1936/37', '1937/38', '1938/39', '1939/40', '1940/41', '1941/42', '1942/43', '1943/44', '1944/45', '1945/46', '1946/47', '1947/48', '1948/49']]","['1935', '1936', '1937', '1938', '1939', '1940', '1941', '1942', '1943', '1944', '1945', '1946', '1947', '1948', '1949']",0.0,0.0
31,31,31,31,31,31,['what were the regular season finishes for the baltimore americans?'],"Decomposition:
1. Identify the rows where the team is ""Baltimore Americans.""
2. Extract the 'Reg. Season' column for these rows.
3. Compile the extracted 'Reg. Season' values into a list.

Answers:
Answer to sq1: The relevant rows for the Baltimore Americans are:
   - 1936/37 | N/A | ASL | 2nd, American | 1st Round | ?
   - 1937/38 | N/A | ASL | 4th, American | Did not qualify | ?
   - 1938/39 | N/A | ASL | 5th, American | Did not qualify | ?
   - 1940/41 | N/A | ASL | 3rd | No playoff | ?
   - 1941/42 | N/A | ASL | 5th | No playoff | ?
   - 1942/43 | N/A | ASL | 5th | No playoff | ?
   - 1943/44 | N/A | ASL | 3rd | No playoff | ?
   - 1944/45 | N/A | ASL | 4th | No playoff | ?
   - 1946/47 | N/A | ASL | 4th | No playoff | ?
   - 1947/48 | N/A | ASL | 4th | No playoff | ?

Answer to sq2: The 'Reg. Season' values for the Baltimore Americans are: 2nd, American; 4th, American; 5th, American; 3rd; 5th; 5th; 3rd; 4th; 4th.

Answer to sq3: The regular season finishes for the Baltimore Americans are: 2nd, 4th, 5th, 3rd, 5th, 5th, 3rd, 4th, 4th.

Final Answer: 2nd, 4th, 5th, 3rd, 5th, 5th, 3rd, 4th, 4th.","[""['6th', '2nd', '2nd, American', '4th, American', '5th, American', '2nd(t)', '3rd', '5th', '5th', '3rd', '4th', '1st', '4th', '4th', 'Withdrew after 3 games']""]","2nd, 4th, 5th, 3rd, 5th, 5th, 3rd, 4th, 4th 
","[['6', '2', '2, american', '4, american', '5, american', '2(t)', '3', '5', '5', '3', '4', '1', '4', '4', 'withdrew after 3 games']]","2, 4, 5, 3, 5, 5, 3, 4, 4",60.0,0.0
32,32,32,32,32,32,['what years did they play?'],"Decomposition:
1. Identify the years when games were played based on the provided context.
2. Compile the identified years into a list.

Answers:
- Answer to subquestion 1: 
   The years when games were played are:
    - 1934/35
    - 1935/36
    - 1936/37
    - 1937/38
    - 1938/39
    - 1939/40
    - 1940/41
    - 1941/42
    - 1942/43
    - 1943/44
    - 1944/45
    - 1945/46
    - 1946/47
    - 1947/48
    - 1948/49
  
- Answer to subquestion 2: 
   The years they played are: 1934/35, 1935/36, 1936/37, 1937/38, 1938/39, 1939/40, 1940/41, 1941/42, 1942/43, 1943/44, 1944/45, 1945/46, 1946/47, 1947/48, 1948/49

Final Answer: 
['1934/35', '1935/36', '1936/37', '1937/38', '1938/39', '1939/40', '1940/41', '1941/42', '1942/43', '1943/44', '1944/45', '1945/46', '1946/47', '1947/48', '1948/49']","[""['1934/35', '1935/36', '1936/37', '1937/38', '1938/39', '1939/40', '1940/41', '1941/42', '1942/43', '1943/44', '1944/45', '1945/46', '1946/47', '1947/48', '1948/49']""]","['1934/35', '1935/36', '1936/37', '1937/38', '1938/39', '1939/40', '1940/41', '1941/42', '1942/43', '1943/44', '1944/45', '1945/46', '1946/47', '1947/48', '1948/49'] 
","[['1934/35', '1935/36', '1936/37', '1937/38', '1938/39', '1939/40', '1940/41', '1941/42', '1942/43', '1943/44', '1944/45', '1945/46', '1946/47', '1947/48', '1948/49']]","['1934/35', '1935/36', '1936/37', '1937/38', '1938/39', '1939/40', '1940/41', '1941/42', '1942/43', '1943/44', '1944/45', '1945/46', '1946/47', '1947/48', '1948/49']",100.0,100.0
33,33,33,33,33,33,['what years are documented for the baltimore americans?'],"Decomposition:
1. Identify the rows that pertain to the Baltimore Americans team.
2. Extract the 'Year' values for these rows.
3. Compile the extracted 'Year' values into a list.

Answers:
- Answer to sq1: The relevant rows for the Baltimore Americans team are:
  - 1934/35 | N/A | ASL | 6th | No playoff | ?
  - 1935/36 | N/A | ASL | 2nd | No playoff | ?
  - 1936/37 | N/A | ASL | 2nd, American | 1st Round | ?
  - 1937/38 | N/A | ASL | 4th, American | Did not qualify | ?
  - 1938/39 | N/A | ASL | 5th, American | Did not qualify | ?
  - 1939/40 | N/A | ASL | 2nd(t) | No playoff | Co-champion
  - 1940/41 | N/A | ASL | 3rd | No playoff | ?
  - 1941/42 | N/A | ASL | 5th | No playoff | ?
  - 1942/43 | N/A | ASL | 5th | No playoff | ?
  - 1943/44 | N/A | ASL | 3rd | No playoff | ?
  - 1944/45 | N/A | ASL | 4th | No playoff | ?
  - 1945/46 | N/A | ASL | 1st | Champion (no playoff) | ?
  - 1946/47 | N/A | ASL | 4th | No playoff | ?
  - 1947/48 | N/A | ASL | 4th | No playoff | ?
  - 1948/49 | N/A | ASL | Withdrew after 3 games | N/A | N/A
- Answer to sq2: The 'Year' values for the Baltimore Americans are: 1934/35, 1935/36, 1936/37, 1937/38, 1938/39, 1939/40, 1940/41, 1941/42, 1942/43, 1943/44, 1944/45, 1945/46, 1946/47, 1947/48, 1948/49
- Answer to sq3: The years documented for the Baltimore Americans are: 1934/35, 1935/36, 1936/37, 1937/38, 1938/39, 1939/40, 1940/41, 1941/42, 1942/43, 1943/44, 1944/45, 1945/46, 1946/47, 1947/48, 1948/49

Final Answer: The years documented for the Baltimore Americans team are 1934/35, 1935/36, 1936/37, 1937/38, 1938/39, 1939/40, 1940/41, 1941/42, 1942/43, 1943/44, 1944/45, 1945/46, 1946/47, 1947/48, 1948/49.","[""['1934/35', '1935/36', '1936/37', '1937/38', '1938/39', '1939/40', '1940/41', '1941/42', '1942/43', '1943/44', '1944/45', '1945/46', '1946/47', '1947/48', '1948/49']""]","['1934/35', '1935/36', '1936/37', '1937/38', '1938/39', '1939/40', '1940/41', '1941/42', '1942/43', '1943/44', '1944/45', '1945/46', '1946/47', '1947/48', '1948/49'] 
","[['1934/35', '1935/36', '1936/37', '1937/38', '1938/39', '1939/40', '1940/41', '1941/42', '1942/43', '1943/44', '1944/45', '1945/46', '1946/47', '1947/48', '1948/49']]","['1934/35', '1935/36', '1936/37', '1937/38', '1938/39', '1939/40', '1940/41', '1941/42', '1942/43', '1943/44', '1944/45', '1945/46', '1946/47', '1947/48', '1948/49']",100.0,100.0
34,34,34,34,34,34,['what was the result in the playoffs the year they scored 1st in the regular season?'],"Decomposition:
sq1. Identify the row where the team scored 1st in the regular season.
sq2. Determine the result in the playoffs for that specific year.

Answers:
Answer to sq1: The row where the team scored 1st in the regular season is:
1945/46 | N/A | ASL | 1st | Champion (no playoff) | ?

Answer to sq2: The result in the playoffs for the year they scored 1st in the regular season was ""Champion (no playoff).""

Final answer: Champion (no playoff)","[""['Champion (no playoff)']""]","Champion (no playoff) 
",[['champion (no playoff)']],champion (no playoff),100.0,100.0
35,35,35,35,35,35,['which years are listed?'],"Decomposition:
- Identify the years listed in the table.
- Compile the identified years into a list.

Answers:
- The years listed in the table are: 1934/35, 1935/36, 1936/37, 1937/38, 1938/39, 1939/40, 1940/41, 1941/42, 1942/43, 1943/44, 1944/45, 1945/46, 1946/47, 1947/48, 1948/49
- The listed years are: [1934/35, 1935/36, 1936/37, 1937/38, 1938/39, 1939/40, 1940/41, 1941/42, 1942/43, 1943/44, 1944/45, 1945/46, 1946/47, 1947/48, 1948/49] 

Final Answer:
- The years listed in the table are: 1934/35, 1935/36, 1936/37, 1937/38, 1938/39, 1939/40, 1940/41, 1941/42, 1942/43, 1943/44, 1944/45, 1945/46, 1946/47, 1947/48, 1948/49.","[""['1934/35', '1935/36', '1936/37', '1937/38', '1938/39', '1939/40', '1940/41', '1941/42', '1942/43', '1943/44', '1944/45', '1945/46', '1946/47', '1947/48', '1948/49']""]","['1934/35', '1935/36', '1936/37', '1937/38', '1938/39', '1939/40', '1940/41', '1941/42', '1942/43', '1943/44', '1944/45', '1945/46', '1946/47', '1947/48', '1948/49'] 
","[['1934/35', '1935/36', '1936/37', '1937/38', '1938/39', '1939/40', '1940/41', '1941/42', '1942/43', '1943/44', '1944/45', '1945/46', '1946/47', '1947/48', '1948/49']]","['1934/35', '1935/36', '1936/37', '1937/38', '1938/39', '1939/40', '1940/41', '1941/42', '1942/43', '1943/44', '1944/45', '1945/46', '1946/47', '1947/48', '1948/49']",100.0,100.0
36,36,36,36,36,36,['in what years did the true american club play in the league?'],"Decomposition:
- Identify the rows where the team played in the league under the ""American"" division.
- Extract the 'Year' column for these rows.
- Compile the extracted years into a list.

Answers:
- The years in which the team played in the league under the ""American"" division are:
  - 1936/37 | N/A | ASL | 2nd, American | 1st Round | ?
  - 1937/38 | N/A | ASL | 4th, American | Did not qualify | ?
  - 1938/39 | N/A | ASL | 5th, American | Did not qualify | ?

- The 'Year' values for the American division play are: 1936/37, 1937/38, 1938/39

Final Answer: [1936/37, 1937/38, 1938/39]","[""['1934/35', '1935/36', '1936/37', '1937/38', '1938/39', '1939/40', '1940/41', '1941/42', '1942/43', '1943/44', '1944/45', '1945/46', '1946/47', '1947/48', '1948/49']""]","[1936/37, 1937/38, 1938/39] 
","[['1934/35', '1935/36', '1936/37', '1937/38', '1938/39', '1939/40', '1940/41', '1941/42', '1942/43', '1943/44', '1944/45', '1945/46', '1946/47', '1947/48', '1948/49']]","[1936/37, 1937/38, 1938/39]",33.333333333333336,0.0
37,37,37,37,37,37,['what are the years for the baltimore americans active?'],"Decomposition:
- Identify the rows where the team ""Baltimore Americans"" participated.
- Extract the years for which the ""Baltimore Americans"" team was active.

Answers:
- The relevant rows for the ""Baltimore Americans"" team are:
  - 1936/37 | Baltimore Americans | N/A | 2nd, American | 1st Round | ?
  - 1937/38 | Baltimore Americans | N/A | 4th, American | Did not qualify | ?
  - 1938/39 | Baltimore Americans | N/A | 5th, American | Did not qualify | ?
  - 1939/40 | Baltimore Americans | N/A | 2nd(t) | No playoff | Co-champion
  - 1940/41 | Baltimore Americans | N/A | 3rd | No playoff | ?
  - 1941/42 | Baltimore Americans | N/A | 5th | No playoff | ?
  - 1942/43 | Baltimore Americans | N/A | 5th | No playoff | ?
  - 1943/44 | Baltimore Americans | N/A | 3rd | No playoff | ?
  - 1944/45 | Baltimore Americans | N/A | 4th | No playoff | ?
  - 1945/46 | Baltimore Americans | N/A | 1st | Champion (no playoff) | ?
  - 1946/47 | Baltimore Americans | N/A | 4th | No playoff | ?

- The years for the Baltimore Americans active were: 1936/37, 1937/38, 1938/39, 1939/40, 1940/41, 1941/42, 1942/43, 1943/44, 1944/45, 1945/46, 1946/47.

Final Answer: The Baltimore Americans were active in the years 1936/37, 1937/38, 1938/39, 1939/40, 1940/41, 1941/42, 1942/43, 1943/44, 1944/45, 1945/46, 1946/47.","[""['1934/35', '1935/36', '1936/37', '1937/38', '1938/39', '1939/40', '1940/41', '1941/42', '1942/43', '1943/44', '1944/45', '1945/46', '1946/47', '1947/48', '1948/49']""]","['1936/37', '1937/38', '1938/39', '1939/40', '1940/41', '1941/42', '1942/43', '1943/44', '1944/45', '1945/46', '1946/47'] 
","[['1934/35', '1935/36', '1936/37', '1937/38', '1938/39', '1939/40', '1940/41', '1941/42', '1942/43', '1943/44', '1944/45', '1945/46', '1946/47', '1947/48', '1948/49']]","['1936/37', '1937/38', '1938/39', '1939/40', '1940/41', '1941/42', '1942/43', '1943/44', '1944/45', '1945/46', '1946/47']",84.6153846153846,0.0
38,38,38,38,38,38,"['what are all of the years?', 'what season was that?', 'in what season did the team rank 1st?', 'in which of these years did they place in the regular season?', 'and what was their placement during those seasons?', 'of those years, what were the place standings?', 'what year was that?', 'what were the regular season placements?', 'of those years, what were all of the playoff finishes?', 'what year was that?', 'which year was this?', 'in which year did they place the highest?', 'what was their rank/reg season?', 'which year did this occur?', 'now, during which year did they have the worst placement?', 'during which season were they ranked highest?', 'in which year was the playoff finish first?', 'and during which year were they a co-champion?', 'where did they place in that year?', 'what years were those standings?']","Decomposition:
- Identify all the years mentioned in the table.
- Determine the season for each year.
- Find the season in which the team ranked 1st.
- Identify the regular season placements for each year.
- Find the placement during these seasons.
- Determine the place standings for all the years.
- Identify the year when the team had the highest placement.
- Determine the rank and regular season for that specific year.
- Find the playoff finishes for all the years.
- Identify the year with the first playoff finish.
- Determine the year when the team was a co-champion.
- Find where the team placed in that co-champion year.
- Identify the year with the worst placement for the team.
- Find the season where the team was ranked highest.

Answers:
- All years: 1934/35, 1935/36, 1936/37, 1937/38, 1938/39, 1939/40, 1940/41, 1941/42, 1942/43, 1943/44, 1944/45, 1945/46, 1946/47, 1947/48, 1948/49
- Seasons: N/A, N/A, N/A, N/A, N/A, N/A, N/A, N/A, N/A, N/A, N/A, N/A, N/A, N/A, N/A
- Season with team ranking 1st: 1945/46
- Regular season placements: 6th, 2nd, 2nd American, 4th American, 5th American, 2nd(t), 3rd, 5th, 5th, 3rd, 4th, 1st, 4th, 4th, Withdrew after 3 games
- Placements during those seasons: No playoff, No playoff, 1st Round, Did not qualify, Did not qualify, Co-champion, No playoff, No playoff, No playoff, No playoff, No playoff, Champion (no playoff), No playoff, No playoff, N/A
- Place standings for all years: 6th, 2nd, 2nd, 4th, 5th, 2nd(t), 3rd, 5th, 5th, 3rd, 4th, 1st, 4th, 4th, Withdrew after 3 games
- Highest placement year: 1945/46
- Rank/reg season: 1st/1st
- Playoff finishes: No playoff, No playoff, 1st Round, Did not qualify, Did not qualify, Co-champion, No playoff, No playoff, No playoff, No playoff, No playoff, Champion (no playoff), No playoff, No playoff, N/A
- Year with first playoff finish: 1936/37
- Co-champion year: 1939/40
- Placement in co-champion year: Co-champion
- Worst placement year: 1948/49
- Season with highest rank: 1945/46

Final answer:
- Years: 1934/35, 1935/36, 1936/37, 1937/38, 1938/39, 1939/40, 1940/41, 1941/42, 1942/43, 1943/44, 1944/45, 1945/46, 1946/47, 1947/48, 1948/49
- Season: N/A, N/A, N/A, N/A, N/A, N/A, N/A, N/A, N/A, N/A, N/A, N/A, N/A, N/A, N/A","[""['1934/35', '1935/36', '1936/37', '1937/38', '1938/39', '1939/40', '1940/41', '1941/42', '1942/43', '1943/44', '1944/45', '1945/46', '1946/47', '1947/48', '1948/49']"", ""['1945/46']"", ""['1945/46']"", ""['1934/35', '1935/36', '1936/37', '1937/38', '1938/39', '1939/40', '1940/41', '1941/42', '1942/43', '1943/44', '1944/45', '1945/46', '1946/47', '1947/48']"", ""['6th', '2nd', '2nd, American', '4th, American', '5th, American', '2nd(t)', '3rd', '5th', '5th', '3rd', '4th', '1st', '4th', '4th', 'Withdrew after 3 games']"", ""['1934/35', '6th', '1935/36', '2nd', '1936/37', '2nd, American', '1937/38', '4th, American', '1938/39', '5th, American', '1939/40', '2nd(t)', '1940/41', '3rd', '1941/42', '5th', '1942/43', '5th', '1943/44', '3rd', '1944/45', '4th', '1945/46', '1st', '1946/47', '4th', '1947/48', '4th', '1948/49', 'Withdrew after 3 games']"", ""['1945/46']"", ""['6th', '2nd', '2nd, American', '4th, American', '5th, American', '2nd(t)', '3rd', '5th', '5th', '3rd', '4th', '1st', '4th', '4th', 'Withdrew after 3 games']"", ""['No playoff', 'N/A', '1st Round', 'Did not qualify', 'Champion (no playoff)', 'N/A']"", ""['1939/40']"", ""['1945/46']"", ""['1945/46']"", ""['1st']"", ""['1948/49']"", ""['1948/49']"", ""['1945/46']"", ""['1945/46']"", ""['1939/40']"", ""['1st']"", ""['1948/49']""]","['1934/35', '1935/36', '1936/37', '1937/38', '1938/39', '1939/40', '1940/41', '1941/42', '1942/43', '1943/44', '1944/45', '1945/46', '1946/47', '1947/48', '1948/49'] 
","[['1934/35', '1935/36', '1936/37', '1937/38', '1938/39', '1939/40', '1940/41', '1941/42', '1942/43', '1943/44', '1944/45', '1945/46', '1946/47', '1947/48', '1948/49'], ['1945/46'], ['1945/46'], ['1934/35', '1935/36', '1936/37', '1937/38', '1938/39', '1939/40', '1940/41', '1941/42', '1942/43', '1943/44', '1944/45', '1945/46', '1946/47', '1947/48'], ['6', '2', '2, american', '4, american', '5, american', '2(t)', '3', '5', '5', '3', '4', '1', '4', '4', 'withdrew after 3 games'], ['1934/35', '6', '1935/36', '2', '1936/37', '2, american', '1937/38', '4, american', '1938/39', '5, american', '1939/40', '2(t)', '1940/41', '3', '1941/42', '5', '1942/43', '5', '1943/44', '3', '1944/45', '4', '1945/46', '1', '1946/47', '4', '1947/48', '4', '1948/49', 'withdrew after 3 games'], ['1945/46'], ['6', '2', '2, american', '4, american', '5, american', '2(t)', '3', '5', '5', '3', '4', '1', '4', '4', 'withdrew after 3 games'], ['no playoff', 'n/a', '1 round', 'did not qualify', 'champion (no playoff)', 'n/a'], ['1939/40'], ['1945/46'], ['1945/46'], ['1'], ['1948/49'], ['1948/49'], ['1945/46'], ['1945/46'], ['1939/40'], ['1'], ['1948/49']]","['1934/35', '1935/36', '1936/37', '1937/38', '1938/39', '1939/40', '1940/41', '1941/42', '1942/43', '1943/44', '1944/45', '1945/46', '1946/47', '1947/48', '1948/49']",20.27027027027027,0.0
39,39,39,39,39,39,"['what were the yachts in the 1998 sydney to hobart yacht race?', 'what was the industrial quests time?', 'which time did the industrial quest take?', 'what is the elapsed time for these?']","Decomposition:
1. Identify the rows corresponding to the yachts in the 1998 Sydney to Hobart yacht race.
2. Extract the 'Yacht' values for these rows.
3. Extract the 'Elapsed Time d:hh:mm:ss' values for the identified rows.

Answers:
- Answer to sq1: The relevant rows for the yachts in the 1998 Sydney to Hobart yacht race are:
   1 | US17 | Sayonara | USA | Farr ILC Maxi | 24.13 | Larry Ellison | 2:19:03:32
   2 | C1 | Brindabella | NSW | Jutson 79 | 24.07 | George Snow | 2:21:55:06
   3 | YC1000 | Ausmaid | SA | Farr 47 | 14.24 | Kevan Pearce | 3:06:02:29
   4 | AUS70 | Ragamuffin | NSW | Farr 50 | 15.15 | Syd Fischer | 3:06:11:29
   5 | COK1 | Nokia | CI | Farr Ketch Maxi | 25.20 | David Witt | 3:09:19:00
   6 | SM1 | Fudge | VIC | Elliot 56 | 17.07 | Peter Hansen | 3:11:00:26
   7 | 6606 | Quest | NSW | Nelson Marek 46 | 14.12 | Bob Steel | 3:14:41:28
   8 | 9090 | Industrial Quest | QLD | Nelson Marek 43 | 13.11 | Kevin Miller | 3:14:58:46
   9 | 4826 | Aspect Computing | NSW | Radford 16.5 Sloop | 16.50 | David Pescud | 3:15:28:24
   10 | 8338 | AFR Midnight Rambler | NSW | Hick 35 | 10.66 | Ed Psaltis Bob Thomas | 3:16:04:40
- Answer to sq2: The 'Yacht' values for the 1998 Sydney to Hobart yacht race are: Sayonara, Brindabella, Ausmaid, Ragamuffin, Nokia, Fudge, Quest, Industrial Quest, Aspect Computing, AFR Midnight Rambler
- Answer to sq3: The elapsed times for the corresponding yachts in the 1998 Sydney to Hobart yacht race are: 2:19:03:32, 2:21:55:06, 3:06:02:29, 3:06:11:29, 3:09:19:00, 3:11:00:26, 3:14:41:28, 3:14:58:46, 3:15:28:24, 3:16:04:40

Final answer: The yachts in the 1998 Sydney to Hobart yacht race were Sayonara, Brindabella, Ausmaid, Ragamuffin, Nokia, Fudge, Quest, Industrial Quest, Aspect Computing, AFR Midnight Rambler, and the corresponding elapsed times were 2:19:03:32, 2:21:55:06, 3:06:02:29, 3:06:11:29, 3:09:19:00, 3:11:00:26, 3:14:41:28, 3:14:58:46, 3:15:28:24, 3:16:04:40.","[""['Sayonara', 'Brindabella', 'Ausmaid', 'Ragamuffin', 'Nokia', 'Fudge', 'Quest', 'Industrial Quest', 'Aspect Computing', 'AFR Midnight Rambler']"", ""['3:14:58:46']"", ""['3:14:58:46']"", ""['3:14:58:46']""]","Sayonara, Brindabella, Ausmaid, Ragamuffin, Nokia, Fudge, Quest, Industrial Quest, Aspect Computing, AFR Midnight Rambler 
","[['sayonara', 'brindabella', 'ausmaid', 'ragamuffin', 'nokia', 'fudge', 'quest', 'industrial quest', 'aspect computing', 'afr midnight rambler'], ['3:14:58:46'], ['3:14:58:46'], ['3:14:58:46']]","sayonara, brindabella, ausmaid, ragamuffin, nokia, fudge, quest, industrial quest, aspect computing, afr midnight rambler",90.32258064516128,0.0
40,40,40,40,40,40,['on november 20 what team loss'],"Decomposition:
- Identify the row for November 20. 
- Extract the ""Result"" column for this row. 

Answers:
- The relevant row for November 20 is: 10 | November 20 | Loss | 8-2 | at Pittsburgh Steelers 
- The team that lost on November 20 was at Pittsburgh Steelers.

Final Answer:
- The team that lost on November 20 was the Pittsburgh Steelers.","[""['at Pittsburgh Steelers']""]","Pittsburgh Steelers 
",[['at pittsburgh steelers']],pittsburgh steelers,80.0,0.0
41,41,41,41,41,41,"['now, which character has both fire breathing and acid absorption as its powers?']","Decomposition:
1. Identify the characters with the powers of fire breath and acid absorption.
2. Note the characters that match the criteria.
3. Compile the identified character(s) into a list.

Answers:
Answer to subquestion 1: The characters with the powers of fire breath and acid absorption are:
   - Dragonwing | Marya Pai | Earth | First appeared in Legion of Super-Heroes vol. 6, #6 (December 2010) as a student at the Legion Academy. Joined between Legion of Super-Heroes vol. 6, #16 (October 2011) and Legion of Super-Heroes vol. 7, #1 (November 2011).
Answer to subquestion 2: Dragonwing | Marya Pai
Answer to subquestion 3: The character with both fire breathing and acid absorption powers is: Dragonwing | Marya Pai

Final Answer: Dragonwing | Marya Pai","[""['Dragonwing']""]","Dragonwing | Marya Pai 
",[['dragonwing']],dragonwing | marya pai,50.0,0.0
42,42,42,42,42,42,"['what were the dates of each dallas cowboys season game?', 'which had games in november 1986?', 'how many people attended the november 2, 1986 game?', 'what was the team the cowboys faced in week 9?']","Decomposition:

1. Identify the rows corresponding to the Dallas Cowboys games in November 1986. 
2. Extract the 'Date' column for these rows.
3. Determine the number of attendees for the game on November 2, 1986.
4. Identify the opponent for the Dallas Cowboys in Week 9.

Answers:

1. The rows corresponding to the Dallas Cowboys games in November 1986 are:
   - November 2, 1986: at New York Giants
   - November 16, 1986: at San Diego Chargers
   - November 23, 1986: at Washington Redskins
   - November 27, 1986: Seattle Seahawks

2. The dates of the Dallas Cowboys games in November 1986 are: 
   - November 2, 1986
   - November 16, 1986
   - November 23, 1986
   - November 27, 1986

3. The attendance for the game on November 2, 1986 was 74,871 people.

4. The team the Dallas Cowboys faced in Week 9 was the New York Giants.

Final Answers:
- Dates of Dallas Cowboys games in November 1986: ['November 2, 1986', 'November 16, 1986', 'November 23, 1986', 'November 27, 1986']
- Number of people attending the game on November 2, 1986: 74,871
- Opponent for the Dallas Cowboys in Week 9: New York Giants","[""['September 8, 1986', 'September 14, 1986', 'September 21, 1986', 'September 29, 1986', 'October 5, 1986', 'October 12, 1986', 'October 19, 1986', 'October 26, 1986', 'November 2, 1986', 'November 9, 1986', 'November 16, 1986', 'November 23, 1986', 'November 27, 1986', 'December 7, 1986', 'December 14, 1986', 'December 21, 1986']"", ""['Giants Stadium', 'Texas Stadium', 'Jack Murphy Stadium', 'RFK Stadium']"", ""['74,871']"", ""['at New York Giants']""]","['November 2, 1986', 'November 16, 1986', 'November 23, 1986', 'November 27, 1986'], 74,871, New York Giants 
","[['september 8, 1986', 'september 14, 1986', 'september 21, 1986', 'september 29, 1986', 'october 5, 1986', 'october 12, 1986', 'october 19, 1986', 'october 26, 1986', 'november 2, 1986', 'november 9, 1986', 'november 16, 1986', 'november 23, 1986', 'november 27, 1986', 'december 7, 1986', 'december 14, 1986', 'december 21, 1986'], ['giants stadium', 'texas stadium', 'jack murphy stadium', 'rfk stadium'], ['74,871'], ['at new york giants']]","['november 2, 1986', 'november 16, 1986', 'november 23, 1986', 'november 27, 1986'], 74,871, new york giants",41.02564102564102,0.0
43,43,43,43,43,43,['which nations are shown for the equestrian at the 1960 summer olympics?'],"Decomposition:
1. Identify the rows that pertain to the equestrian event at the 1960 summer Olympics.
2. Extract the 'Nation' column for these rows.
3. Compile the extracted 'Nation' values into a list.

Answers:
Answer to sq1: The relevant row for the equestrian event at the 1960 summer Olympics is the row showing the nations that participated in equestrian events.
Answer to sq2: The 'Nation' value for the equestrian event at the 1960 summer Olympics is the nation(s) shown in that specific row.
Answer to sq3: The nations shown for the equestrian event at the 1960 summer Olympics are [""Italy (ITA)""].

Final Answer: [""Italy (ITA)""]","[""['Australia (AUS)', 'Italy (ITA)', 'Germany (EUA)', 'Soviet Union (URS)', 'Switzerland (SUI)', 'United States (USA)', 'Great Britain (GBR)', 'France (FRA)']""]","[""Italy (ITA)""] 
","[['australia (aus)', 'italy (ita)', 'germany (eua)', 'soviet union (urs)', 'switzerland (sui)', 'united states (usa)', 'great britain (gbr)', 'france (fra)']]",[italy (ita)],19.04761904761905,0.0
44,44,44,44,44,44,['which countries ranked in the top 7 for equestrian events at the 1960 summer olympics?'],"Decomposition:
1. Identify the countries that ranked in the top 7 for equestrian events at the 1960 Summer Olympics.
2. Extract the 'Nation' column for these countries.
3. Compile the extracted 'Nation' values into a list.

Answers:
Answer to sq1: The relevant rows for countries that ranked in the top 7 for equestrian events at the 1960 Summer Olympics are:
- 1 | Australia (AUS) | 2 | 1 | 0 | 3
- 2 | Italy (ITA) | 1 | 1 | 1 | 3
- 3 | Germany (EUA) | 1 | 0 | 1 | 2
- 5 | Switzerland (SUI) | 0 | 2 | 1 | 3
- 6 | United States (USA) | 0 | 1 | 0 | 1
- 7 | Great Britain (GBR) | 0 | 0 | 1 | 1
- 7 | France (FRA) | 0 | 0 | 1 | 1

Answer to sq2: The 'Nation' values for countries that ranked in the top 7 for equestrian events at the 1960 Summer Olympics are: Australia (AUS), Italy (ITA), Germany (EUA), Switzerland (SUI), United States (USA), Great Britain (GBR), France (FRA).

Answer to sq3: The countries that ranked in the top 7 for equestrian events at the 1960 Summer Olympics are: [""Australia (AUS)"", ""Italy (ITA)"", ""Germany (EUA)"", ""Switzerland (SUI)"", ""United States (USA)"", ""Great Britain (GBR)"", ""France (FRA)""]

Final Answer: [""Australia (AUS)"", ""Italy (ITA)"", ""Germany (EUA)"", ""Switzerland (SUI)"", ""United States (USA)"", ""Great Britain (GBR)"", ""France (FRA)""]","[""['Australia (AUS)', 'Italy (ITA)', 'Germany (EUA)', 'Soviet Union (URS)', 'Switzerland (SUI)', 'United States (USA)', 'Great Britain (GBR)', 'France (FRA)']""]","[""Australia (AUS)"", ""Italy (ITA)"", ""Germany (EUA)"", ""Switzerland (SUI)"", ""United States (USA)"", ""Great Britain (GBR)"", ""France (FRA)""] 
","[['australia (aus)', 'italy (ita)', 'germany (eua)', 'soviet union (urs)', 'switzerland (sui)', 'united states (usa)', 'great britain (gbr)', 'france (fra)']]","[australia (aus), italy (ita), germany (eua), switzerland (sui), united states (usa), great britain (gbr), france (fra)]",91.42857142857143,0.0
45,45,45,45,45,45,['which nations competed in the equestrian competition at the 1960 summer olympics?'],"Decomposition: 
- Identify the rows that correspond to the 1960 Summer Olympics. 
- Extract the 'Nation' column for these rows. 
- Compile the extracted 'Nation' values into a list.

Answers:
- The relevant row for the 1960 Summer Olympics is: 
  Italy (ITA)
- The 'Nation' value for the equestrian competition at the 1960 Summer Olympics is: Italy (ITA)

Final Answer: 
- Italy (ITA)","[""['Australia (AUS)', 'Italy (ITA)', 'Germany (EUA)', 'Soviet Union (URS)', 'Switzerland (SUI)', 'United States (USA)', 'Great Britain (GBR)', 'France (FRA)']""]","Italy (ITA) 
","[['australia (aus)', 'italy (ita)', 'germany (eua)', 'soviet union (urs)', 'switzerland (sui)', 'united states (usa)', 'great britain (gbr)', 'france (fra)']]",italy (ita),19.04761904761905,0.0
46,46,46,46,46,46,['how many countries did not earn a gold medal at the 1960 summer olympics?'],"Decomposition:
1. Identify the rows that correspond to countries with zero gold medals. (independent)
2. Count the number of rows identified in step 1. (depends on sq1)

Answers:
Answer to sq1: The relevant row for countries with zero gold medals:
- Switzerland (SUI) | 0 | 2 | 1 | 3
- United States (USA) | 0 | 1 | 0 | 1
- Great Britain (GBR) | 0 | 0 | 1 | 1
- France (FRA) | 0 | 0 | 1 | 1

Answer to sq2: The number of countries that did not earn a gold medal at the 1960 Summer Olympics is 4.

Final answer: 4 countries","[""['4']""]","4 
",[['4']],4,100.0,100.0
47,47,47,47,47,47,['which countries won medals in equestrian at the 1960 summer olympics?'],"Decomposition:
- Identify the rows that represent countries that won medals in equestrian at the 1960 Summer Olympics.
- Extract the 'Nation' column for these rows.
- Compile the extracted 'Nation' values into a list.

Answers:
- The countries that won medals in equestrian at the 1960 Summer Olympics are: Italy (ITA), Germany (EUA), Switzerland (SUI).

Final Answer: [""Italy (ITA)"", ""Germany (EUA)"", ""Switzerland (SUI)""]","[""['Australia (AUS)', 'Italy (ITA)', 'Germany (EUA)', 'Soviet Union (URS)', 'Switzerland (SUI)', 'United States (USA)', 'Great Britain (GBR)', 'France (FRA)']""]","Italy (ITA), Germany (EUA), Switzerland (SUI) 
","[['australia (aus)', 'italy (ita)', 'germany (eua)', 'soviet union (urs)', 'switzerland (sui)', 'united states (usa)', 'great britain (gbr)', 'france (fra)']]","italy (ita), germany (eua), switzerland (sui)",47.99999999999999,0.0
48,48,48,48,48,48,['who had the fastest time?'],"Decomposition:
sq1. Identify the row with the fastest time.
sq2. Extract the 'Crew' and 'Nation' columns for this row.

Answers:
Answer to sq1: The row with the fastest time is:
M8+ Eight | 5:19.35 | Gabriel Bergen Douglas Csima Robert Gibson Conlin McCabe Malcolm Howard Andrew Byrnes Jeremiah Brown Will Crothers Brian Price (coxswain) | Canada | 2012 |  | Lucerne, Switzerland

Answer to sq2: The crew with the fastest time was Gabriel Bergen Douglas Csima Robert Gibson Conlin McCabe Malcolm Howard Andrew Byrnes Jeremiah Brown Will Crothers Brian Price (coxswain) from Canada.

Final answer: Gabriel Bergen Douglas Csima Robert Gibson Conlin McCabe Malcolm Howard Andrew Byrnes Jeremiah Brown Will Crothers Brian Price from Canada had the fastest time.","[""['M8+ Eight']""]","Gabriel Bergen Douglas Csima Robert Gibson Conlin McCabe Malcolm Howard Andrew Byrnes Jeremiah Brown Will Crothers Brian Price from Canada 
",[['m8 8']],gabriel bergen douglas csima robert gibson conlin mccabe malcolm howard andrew byrnes jeremiah brown will crothers brian price from canada,0.0,0.0
49,49,49,49,49,49,"['what are all of the times?', 'what is the fastest time for lm2x lightweight double scull boat?', 'what was the time?', 'which time was the shortest?', 'of these, which competed in 2012?', 'what was their rowing time?', 'which had the least amount of time?', 'what was the time?']","Decomposition:
- Identify the rowing events and their respective times.
- Find the fastest time for the LM2x Lightweight double scull boat.
- Determine the shortest time among all rowing events.
- Identify the rowing events that competed in 2012.
- Find the rowing time for the event that had the least amount of time.

Answers:
1. The rowing events and their times are:
    - M1x Single sculls: 6:33.35
    - M2- Coxless pairs: 6:08.50
    - M2+ Coxed pairs: 6:42.16
    - M2x Double sculls: 6:03.25
    - M4- Coxless four: 5:37.86
    - M4+ Coxed four: 5:58.96
    - M4x Quad sculls: 5:33.15
    - M8+ Eight: 5:19.35
    - LM1x Lightweight single sculls: 6:46.93
    - LM2- Lightweight coxless pairs: 6:26.21
    - LM2x Lightweight double sculls: 6:10.02
    - LM4- Lightweight coxless four: 5:45.60
    - LM4x Lightweight quad sculls: 5:45.18
    - LM8+ Lightweight eight: 5:30.24

2. The fastest time for the LM2x Lightweight double scull boat is 6:10.02.

3. The shortest time among all rowing events is 5:19.35 for the M8+ Eight.

4. The rowing events that competed in 2012 are:
    - M2- Coxless pairs
    - M4- Coxless four
    - M4x Quad sculls
    - M8+ Eight

5. The rowing event with the least amount of time is the M8+ Eight with a time of 5:19.35.

Final Answer:
Times: ['6:33.35', '6:08.50', '6:42.16', '6:03.25', '5:37.86', '5:58.96', '5:33.15', '5:19.35', '6:46.93', '6:26.21', '6:10.02', '5:45.60', '5:45.18', '5:30.24']
Fastest time for LM2x Lightweight double scull boat: 6:10.02
Shortest time among all events: 5:19.35
Rowing events that competed in 2012: ['M2- Coxless pairs', 'M4- Coxless four', 'M4x Quad sculls', 'M8+ Eight']
Event with the least time: M8+ Eight with a time of 5:19.35.","[""['6:33.35', '6:08.50', '6:42.16', '6:03.25', '5:37.86', '5:58.96', '5:33.15', '5:19.35', '6:46.93', '6:26.21', '6:10.02', '5:45.60', '5:45.18', '5:30.24']"", ""['6:10.02']"", ""['5:19.35']"", ""['5:19.35']"", ""['New Zealand', 'Great Britain', 'Russia', 'Canada']"", ""['6:10.02']"", ""['Canada']"", ""['5:19.35']""]","['6:33.35', '6:08.50', '6:42.16', '6:03.25', '5:37.86', '5:58.96', '5:33.15', '5:19.35', '6:46.93', '6:26.21', '6:10.02', '5:45.60', '5:45.18', '5:30.24'] 
","[['6:33.35', '6:08.50', '6:42.16', '6:03.25', '5:37.86', '5:58.96', '5:33.15', '5:19.35', '6:46.93', '6:26.21', '6:10.02', '5:45.60', '5:45.18', '5:30.24'], ['6:10.02'], ['5:19.35'], ['5:19.35'], ['new zealand', 'great britain', 'russia', 'canada'], ['6:10.02'], ['canada'], ['5:19.35']]","['6:33.35', '6:08.50', '6:42.16', '6:03.25', '5:37.86', '5:58.96', '5:33.15', '5:19.35', '6:46.93', '6:26.21', '6:10.02', '5:45.60', '5:45.18', '5:30.24']",70.0,0.0
50,50,50,50,50,50,['what are the dates of the 1981 houston oilers season?'],"Decomposition:
- Identify the dates of the 1981 Houston Oilers season.
- Extract the 'Date' column for each game.
- Compile the extracted dates into a list.

Answers:
- The dates of the 1981 Houston Oilers season are:
  1. September 6, 1981
  2. September 13, 1981
  3. September 20, 1981
  4. September 27, 1981
  5. October 4, 1981
  6. October 11, 1981
  7. October 18, 1981
  8. October 26, 1981
  9. November 1, 1981
  10. November 8, 1981
  11. November 15, 1981
  12. November 22, 1981
  13. November 29, 1981
  14. December 3, 1981
  15. December 13, 1981
  16. December 20, 1981

Final Answer:
- Dates of the 1981 Houston Oilers season: September 6, 13, 20, 27; October 4, 11, 18, 26; November 1, 8, 15, 22, 29; December 3, 13, 20.","[""['September 6, 1981', 'September 13, 1981', 'September 20, 1981', 'September 27, 1981', 'October 4, 1981', 'October 11, 1981', 'October 18, 1981', 'October 26, 1981', 'November 1, 1981', 'November 8, 1981', 'November 15, 1981', 'November 22, 1981', 'November 29, 1981', 'December 3, 1981', 'December 13, 1981', 'December 20, 1981']""]","['September 6, 1981', 'September 13, 1981', 'September 20, 1981', 'September 27, 1981', 'October 4, 1981', 'October 11, 1981', 'October 18, 1981', 'October 26, 1981', 'November 1, 1981', 'November 8, 1981', 'November 15, 1981', 'November 22, 1981', 'November 29, 1981', 'December 3, 1981', 'December 13, 1981', 'December 20, 1981'] 
","[['september 6, 1981', 'september 13, 1981', 'september 20, 1981', 'september 27, 1981', 'october 4, 1981', 'october 11, 1981', 'october 18, 1981', 'october 26, 1981', 'november 1, 1981', 'november 8, 1981', 'november 15, 1981', 'november 22, 1981', 'november 29, 1981', 'december 3, 1981', 'december 13, 1981', 'december 20, 1981']]","['september 6, 1981', 'september 13, 1981', 'september 20, 1981', 'september 27, 1981', 'october 4, 1981', 'october 11, 1981', 'october 18, 1981', 'october 26, 1981', 'november 1, 1981', 'november 8, 1981', 'november 15, 1981', 'november 22, 1981', 'november 29, 1981', 'december 3, 1981', 'december 13, 1981', 'december 20, 1981']",100.0,100.0
51,51,51,51,51,51,"[""what divers were in the women's 3 metre springboatd at the 1984 summer olympics?""]","Decomposition:
1. Identify the rows that correspond to the Women's 3 Meter Springboard event at the 1984 Summer Olympics.
2. Extract the 'Diver' column for these rows.
3. Compile the extracted 'Diver' values into a list.

Answers:
Answer to sq1: The rows that correspond to the Women's 3 Meter Springboard event at the 1984 Summer Olympics are:
- Sylvie Bernier (CAN)
- Kelly McCormick (USA)
- Christina Seufert (USA)
- Li Yihua (CHN)
- Li Qiaoxian (CHN)
- Elsa Tenorio (MEX)
- Lesley Smith (ZIM)
- Debbie Fuller (CAN)
- Jennifer Donnet (AUS)
- Daphne Jongejans (NED)
- Anita Rossing (SWE)
- Veronica Ribot (ARG)

Answer to sq2: The 'Diver' values for the Women's 3 Meter Springboard event at the 1984 Summer Olympics are: Sylvie Bernier (CAN), Kelly McCormick (USA), Christina Seufert (USA), Li Yihua (CHN), Li Qiaoxian (CHN), Elsa Tenorio (MEX), Lesley Smith (ZIM), Debbie Fuller (CAN), Jennifer Donnet (AUS), Daphne Jongejans (NED), Anita Rossing (SWE), Veronica Ribot (ARG)

Answer to sq3: The divers in the Women's 3 Meter Springboard event at the 1984 Summer Olympics were: Sylvie Bernier (CAN), Kelly McCormick (USA), Christina Seufert (USA), Li Yihua (CHN), Li Qiaoxian (CHN), Elsa Tenorio (MEX), Lesley Smith (ZIM), Debbie Fuller (CAN), Jennifer Donnet (AUS), Daphne Jongejans (NED), Anita Rossing (SWE), Veronica Ribot (ARG)

Final Answer: [""Sylvie Bernier (CAN)"", ""Kelly McCormick (USA)"", ""Christina Seufert (USA)"", ""Li Yihua (CHN)"", ""Li Qiaoxian (CHN)"", ""Elsa Tenorio (MEX)"", ""Lesley Smith (ZIM)"", ""Debbie Fuller (CAN)"", ""Jennifer Donnet (AUS)"", ""Daphne Jongejans (NED)"", ""Anita Rossing (SWE)"", ""Veronica Ribot (ARG)""]","[""['Sylvie Bernier (CAN)', 'Kelly McCormick (USA)', 'Christina Seufert (USA)', 'Li Yihua (CHN)', 'Li Qiaoxian (CHN)', 'Elsa Tenorio (MEX)', 'Lesley Smith (ZIM)', 'Debbie Fuller (CAN)', 'Jennifer Donnet (AUS)', 'Daphne Jongejans (NED)', 'Anita Rossing (SWE)', 'Veronica Ribot (ARG)', 'Ann Fargher (NZL)', 'Tine Tollan (NOR)', 'Antonette Wilken (ZIM)', 'Guadalupe Canseco (MEX)', 'Claire Izacard (FRA)', 'Valerie McFarland-Beddoe (AUS)', 'Alison Childs (GBR)', 'Kerstin Finke (FRG)', 'Nicole Kreil (AUT)', 'Joana Figueiredo (POR)', 'Angela Ribeiro (BRA)', 'Rim Hassan (EGY)']""]","[""Sylvie Bernier (CAN)"", ""Kelly McCormick (USA)"", ""Christina Seufert (USA)"", ""Li Yihua (CHN)"", ""Li Qiaoxian (CHN)"", ""Elsa Tenorio (MEX)"", ""Lesley Smith (ZIM)"", ""Debbie Fuller (CAN)"", ""Jennifer Donnet (AUS)"", ""Daphne Jongejans (NED)"", ""Anita Rossing (SWE)"", ""Veronica Ribot (ARG)""] 
","[['sylvie bernier (can)', 'kelly mccormick (usa)', 'christina seufert (usa)', 'li yihua (chn)', 'li qiaoxian (chn)', 'elsa 10orio (mex)', 'lesley smith (zim)', 'debbie fuller (can)', 'jennifer donnet (aus)', 'daphne jongejans (ned)', 'anita rossing (swe)', 'veronica ribot (arg)', 'ann fargher (nzl)', 'tine tollan (nor)', 'ant1tte wilken (zim)', 'guadalupe canseco (mex)', 'claire izacard (fra)', 'valerie mcfarland-beddoe (aus)', 'alison childs (gbr)', 'kerstin finke (frg)', 'nicole kreil (aut)', 'joana figueiredo (por)', 'angela ribeiro (bra)', 'rim hassan (egy)']]","[sylvie bernier (can), kelly mccormick (usa), christina seufert (usa), li yihua (chn), li qiaoxian (chn), elsa 10orio (mex), lesley smith (zim), debbie fuller (can), jennifer donnet (aus), daphne jongejans (ned), anita rossing (swe), veronica ribot (arg)]",66.66666666666666,0.0
52,52,52,52,52,52,"[""who were the top five divers at the 1984 summer olympics women's 2 metre springboard?""]","Decomposition:
1. Identify the rows that represent the top five divers at the 1984 summer Olympics women's 2-meter springboard event.
2. Extract the 'Diver' and 'Final Points' columns for these top five divers.
3. Sort the divers based on their final points to determine the top five.

Answers:
Answer to 1: The top five divers at the 1984 Summer Olympics women's 2-meter springboard event were:
   | Sylvie Bernier (CAN)
   | Kelly McCormick (USA)
   | Li Yihua (CHN)
   | Christina Seufert (USA)
   | Li Qiaoxian (CHN)

Answer to 2: The 'Diver' and 'Final Points' data for the top five divers are:
   | Sylvie Bernier (CAN), 530.70
   | Kelly McCormick (USA), 527.46
   | Li Yihua (CHN), 506.52
   | Christina Seufert (USA), 517.62
   | Li Qiaoxian (CHN), 487.68

Final Answer: The top five divers at the 1984 Summer Olympics women's 2-meter springboard event were Sylvie Bernier (CAN), Kelly McCormick (USA), Li Yihua (CHN), Christina Seufert (USA), and Li Qiaoxian (CHN).","[""['Sylvie Bernier (CAN)', 'Kelly McCormick (USA)', 'Christina Seufert (USA)', 'Li Yihua (CHN)', 'Li Qiaoxian (CHN)']""]","Sylvie Bernier (CAN), Kelly McCormick (USA), Li Yihua (CHN), Christina Seufert (USA), Li Qiaoxian (CHN) 
","[['sylvie bernier (can)', 'kelly mccormick (usa)', 'christina seufert (usa)', 'li yihua (chn)', 'li qiaoxian (chn)']]","sylvie bernier (can), kelly mccormick (usa), li yihua (chn), christina seufert (usa), li qiaoxian (chn)",100.0,0.0
53,53,53,53,53,53,"[""who are the divers in the 1984 summer olympics - women's 3 metre springboard?""]","Decomposition:
1. Identify the rows that are related to the ""women's 3 metre springboard"" event in the 1984 summer Olympics.
2. Extract the 'Diver' column from these rows.
3. Compile the extracted 'Diver' values into a list.

Answers:
Answer to sq1: The relevant rows for the ""women's 3 metre springboard"" event in the 1984 summer Olympics are:
   - Sylvie Bernier (CAN)
   - Kelly McCormick (USA)
   - Christina Seufert (USA)
   - Li Yihua (CHN)
   - Li Qiaoxian (CHN)
   - Elsa Tenorio (MEX)
   - Lesley Smith (ZIM)
   - Debbie Fuller (CAN)
   - Jennifer Donnet (AUS)
   - Daphne Jongejans (NED)
   - Anita Rossing (SWE)
   - Veronica Ribot (ARG)
   - Ann Fargher (NZL)
   - Tine Tollan (NOR)
   - Antonette Wilken (ZIM)
   - Guadalupe Canseco (MEX)
   - Claire Izacard (FRA)
   - Valerie McFarland-Beddoe (AUS)
   - Alison Childs (GBR)
   - Kerstin Finke (FRG)
   - Nicole Kreil (AUT)
   - Joana Figueiredo (POR)
   - Angela Ribeiro (BRA)
   - Rim Hassan (EGY)

Answer to sq2: The 'Diver' values for the ""women's 3 metre springboard"" event in the 1984 summer Olympics are: Sylvie Bernier (CAN), Kelly McCormick (USA), Christina Seufert (USA), Li Yihua (CHN), Li Qiaoxian (CHN), Elsa Tenorio (MEX), Lesley Smith (ZIM), Debbie Fuller (CAN), Jennifer Donnet (AUS), Daphne Jongejans (NED), Anita Rossing (SWE), Veronica Ribot (ARG), Ann Fargher (NZL), Tine Tollan (NOR), Antonette Wilken (ZIM), Guadalupe Canseco (MEX), Claire Izacard (FRA), Valerie McFarland-Beddoe (AUS), Alison Childs (GBR), Kerstin Finke (FRG), Nicole Kreil (AUT), Joana Figueiredo (POR), Angela Ribeiro (BRA), Rim Hassan (EGY)

Answer to sq3: The divers in the 1984 summer Olympics - women's 3-metre springboard are:
[""Sylvie Bernier (CAN)"", ""Kelly McCormick (USA)"", ""Christina Seufert (USA)"", ""Li Yihua (CHN)"", ""Li Qiaoxian (CHN)"", ""Elsa Tenorio (MEX)"", ""Lesley Smith (ZIM)"", ""Debbie Fuller (CAN)"", ""Jennifer Donnet (AUS)"", ""Daphne Jongejans (NED)"", ""Anita Rossing (SWE)"", ""Veronica Ribot (ARG)"", ""Ann Fargher (NZL)"", ""Tine Tollan (NOR)"", ""Antonette Wilken (ZIM)"", ""Guadalupe Canseco (MEX)"", ""Claire Izacard (FRA)"", ""Valerie McFarland-Beddoe (AUS)"", ""Alison Childs (GBR)"", ""Kerstin Finke (FRG)"", ""Nicole Kreil (AUT)"", ""Joana Figueiredo (POR)"", ""Angela Ribeiro (BRA)"", ""Rim Hassan (EGY)""]

Final Answer: [""Sylvie Bernier (CAN)"", ""Kelly McCormick (USA)"", ""Christina Seufert (USA)"", ""Li Yihua (CHN)"", ""Li Qiaoxian (CHN)"", ""Elsa Tenorio (MEX)"", ""Lesley Smith (ZIM)"", ""Debbie Fuller (CAN)"", ""Jennifer Donnet (AUS)"", ""Daphne Jongejans (NED)"", ""Anita Rossing (SWE)"", ""Veronica Ribot (ARG)"", ""Ann Fargher (NZL)"", ""Tine Tollan (NOR)"", ""Antonette Wilken (ZIM)"", ""Guadalupe Canseco (MEX)"", ""Claire Izacard (FRA)"", ""Valerie McFarland-Beddoe (AUS)"", ""Alison Childs (GBR)"", ""Kerstin Finke (FRG)"", ""Nicole Kreil (AUT)"", ""Joana Figueiredo (POR)"", ""Angela Ribeiro (BRA)"", ""Rim Hassan (EGY)""]","[""['Sylvie Bernier (CAN)', 'Kelly McCormick (USA)', 'Christina Seufert (USA)', 'Li Yihua (CHN)', 'Li Qiaoxian (CHN)', 'Elsa Tenorio (MEX)', 'Lesley Smith (ZIM)', 'Debbie Fuller (CAN)', 'Jennifer Donnet (AUS)', 'Daphne Jongejans (NED)', 'Anita Rossing (SWE)', 'Veronica Ribot (ARG)', 'Ann Fargher (NZL)', 'Tine Tollan (NOR)', 'Antonette Wilken (ZIM)', 'Guadalupe Canseco (MEX)', 'Claire Izacard (FRA)', 'Valerie McFarland-Beddoe (AUS)', 'Alison Childs (GBR)', 'Kerstin Finke (FRG)', 'Nicole Kreil (AUT)', 'Joana Figueiredo (POR)', 'Angela Ribeiro (BRA)', 'Rim Hassan (EGY)']""]","[""Sylvie Bernier (CAN)"", ""Kelly McCormick (USA)"", ""Christina Seufert (USA)"", ""Li Yihua (CHN)"", ""Li Qiaoxian (CHN)"", ""Elsa Tenorio (MEX)"", ""Lesley Smith (ZIM)"", ""Debbie Fuller (CAN)"", ""Jennifer Donnet (AUS)"", ""Daphne Jongejans (NED)"", ""Anita Rossing (SWE)"", ""Veronica Ribot (ARG)"", ""Ann Fargher (NZL)"", ""Tine Tollan (NOR)"", ""Antonette Wilken (ZIM)"", ""Guadalupe Canseco (MEX)"", ""Claire Izacard (FRA)"", ""Valerie McFarland-Beddoe (AUS)"", ""Alison Childs (GBR)"", ""Kerstin Finke (FRG)"", ""Nicole Kreil (AUT)"", ""Joana Figueiredo (POR)"", ""Angela Ribeiro (BRA)"", ""Rim Hassan (EGY)""] 
","[['sylvie bernier (can)', 'kelly mccormick (usa)', 'christina seufert (usa)', 'li yihua (chn)', 'li qiaoxian (chn)', 'elsa 10orio (mex)', 'lesley smith (zim)', 'debbie fuller (can)', 'jennifer donnet (aus)', 'daphne jongejans (ned)', 'anita rossing (swe)', 'veronica ribot (arg)', 'ann fargher (nzl)', 'tine tollan (nor)', 'ant1tte wilken (zim)', 'guadalupe canseco (mex)', 'claire izacard (fra)', 'valerie mcfarland-beddoe (aus)', 'alison childs (gbr)', 'kerstin finke (frg)', 'nicole kreil (aut)', 'joana figueiredo (por)', 'angela ribeiro (bra)', 'rim hassan (egy)']]","[sylvie bernier (can), kelly mccormick (usa), christina seufert (usa), li yihua (chn), li qiaoxian (chn), elsa 10orio (mex), lesley smith (zim), debbie fuller (can), jennifer donnet (aus), daphne jongejans (ned), anita rossing (swe), veronica ribot (arg), ann fargher (nzl), tine tollan (nor), ant1tte wilken (zim), guadalupe canseco (mex), claire izacard (fra), valerie mcfarland-beddoe (aus), alison childs (gbr), kerstin finke (frg), nicole kreil (aut), joana figueiredo (por), angela ribeiro (bra), rim hassan (egy)]",100.0,100.0
54,54,54,54,54,54,"[""which athletes competed in diving at the 1984 summer olympics - women's 3 metre springboard?""]","Decomposition:
1. Identify the rows that correspond to athletes who competed in diving at the 1984 Summer Olympics in the women's 3-metre springboard event. (Independent)
2. Extract the 'Diver' column for these rows. (Depends on sq1)
3. Compile the extracted 'Diver' values into a list. (Depends on sq2)

Answers:
Answer to sq1: The relevant rows for divers who competed in diving at the 1984 Summer Olympics in the women's 3-metre springboard event are:
- Sylvie Bernier (CAN)
- Kelly McCormick (USA)
- Christina Seufert (USA)
- Li Yihua (CHN)
- Li Qiaoxian (CHN)
- Elsa Tenorio (MEX)
- Lesley Smith (ZIM)
- Debbie Fuller (CAN)
- Jennifer Donnet (AUS)
- Daphne Jongejans (NED)
- Anita Rossing (SWE)
- Veronica Ribot (ARG)
- Ann Fargher (NZL)
- Tine Tollan (NOR)
- Antonette Wilken (ZIM)
- Guadalupe Canseco (MEX)
- Claire Izacard (FRA)
- Valerie McFarland-Beddoe (AUS)
- Alison Childs (GBR)
- Kerstin Finke (FRG)
- Nicole Kreil (AUT)
- Joana Figueiredo (POR)
- Angela Ribeiro (BRA)
- Rim Hassan (EGY)

Answer to sq2: The 'Diver' values for athletes who competed in diving at the 1984 Summer Olympics in the women's 3-metre springboard event are mentioned in sq1.

Answer to sq3: The athletes who competed in diving at the 1984 Summer Olympics in the women's 3-metre springboard event are:
- Sylvie Bernier (CAN)
- Kelly McCormick (USA)
- Christina Seufert (USA)
- Li Yihua (CHN)
- Li Qiaoxian (CHN)
- Elsa Tenorio (MEX)
- Lesley Smith (ZIM)
- Debbie Fuller (CAN)
- Jennifer Donnet (AUS)
- Daphne Jongejans (NED)
- Anita Rossing (SWE)
- Veronica Ribot (ARG)
- Ann Fargher (NZL)
- Tine Tollan (NOR)
- Antonette Wilken (ZIM)
- Guadalupe Canseco (MEX)
- Claire Izacard (FRA)
- Valerie McFarland-Beddoe (AUS)
- Alison Childs (GBR)
- Kerstin Finke (FRG)
- Nicole Kreil (AUT)
- Joana Figueiredo (POR)
- Angela Ribeiro (BRA)
- Rim Hassan (EGY)

Final Answer: The athletes who competed in diving at the 1984 Summer Olympics in the women's 3-metre springboard event are listed in the 'Answer to sq3.'","[""['Sylvie Bernier (CAN)', 'Kelly McCormick (USA)', 'Christina Seufert (USA)', 'Li Yihua (CHN)', 'Li Qiaoxian (CHN)', 'Elsa Tenorio (MEX)', 'Lesley Smith (ZIM)', 'Debbie Fuller (CAN)', 'Jennifer Donnet (AUS)', 'Daphne Jongejans (NED)', 'Anita Rossing (SWE)', 'Veronica Ribot (ARG)', 'Ann Fargher (NZL)', 'Tine Tollan (NOR)', 'Antonette Wilken (ZIM)', 'Guadalupe Canseco (MEX)', 'Claire Izacard (FRA)', 'Valerie McFarland-Beddoe (AUS)', 'Alison Childs (GBR)', 'Kerstin Finke (FRG)', 'Nicole Kreil (AUT)', 'Joana Figueiredo (POR)', 'Angela Ribeiro (BRA)', 'Rim Hassan (EGY)']""]","- Sylvie Bernier (CAN)
- Kelly McCormick (USA)
- Christina Seufert (USA)
- Li Yihua (CHN)
- Li Qiaoxian (CHN)
- Elsa Tenorio (MEX)
- Lesley Smith (ZIM)
- Debbie Fuller (CAN)
- Jennifer Donnet (AUS)
- Daphne Jongejans (NED)
- Anita Rossing (SWE)
- Veronica Ribot (ARG)
- Ann Fargher (NZL)
- Tine Tollan (NOR)
- Antonette Wilken (ZIM)
- Guadalupe Canseco (MEX)
- Claire Izacard (FRA)
- Valerie McFarland-Beddoe (AUS)
- Alison Childs (GBR)
- Kerstin Finke (FRG)
- Nicole Kreil (AUT)
- Joana Figueiredo (POR)
- Angela Ribeiro (BRA)
- Rim Hassan (EGY) 
","[['sylvie bernier (can)', 'kelly mccormick (usa)', 'christina seufert (usa)', 'li yihua (chn)', 'li qiaoxian (chn)', 'elsa 10orio (mex)', 'lesley smith (zim)', 'debbie fuller (can)', 'jennifer donnet (aus)', 'daphne jongejans (ned)', 'anita rossing (swe)', 'veronica ribot (arg)', 'ann fargher (nzl)', 'tine tollan (nor)', 'ant1tte wilken (zim)', 'guadalupe canseco (mex)', 'claire izacard (fra)', 'valerie mcfarland-beddoe (aus)', 'alison childs (gbr)', 'kerstin finke (frg)', 'nicole kreil (aut)', 'joana figueiredo (por)', 'angela ribeiro (bra)', 'rim hassan (egy)']]",- sylvie bernier (can)- kelly mccormick (usa)- christina seufert (usa)- li yihua (chn)- li qiaoxian (chn)- elsa 10orio (mex)- lesley smith (zim)- debbie fuller (can)- jennifer donnet (aus)- daphne jongejans (ned)- anita rossing (swe)- veronica ribot (arg)- ann fargher (nzl)- tine tollan (nor)- ant1tte wilken (zim)- guadalupe canseco (mex)- claire izacard (fra)- valerie mcfarland-beddoe (aus)- alison childs (gbr)- kerstin finke (frg)- nicole kreil (aut)- joana figueiredo (por)- angela ribeiro (bra)- rim hassan (egy),100.0,100.0
55,55,55,55,55,55,['how many times were the games held on a surface other than a hard surface or grass?'],"Decomposition:
1. Identify the rows where the games were held on a surface other than hard or grass.
2. Count the number of times the games were held on such surfaces.

Answers:
Answer to subquestion 1: The relevant rows where the games were held on a surface other than hard or grass are:
   - Kremlin Cup, Russia (Hard (i)) - Surface: Hard (i)
   - UNICEF Open, Netherlands (Grass) - Surface: Grass
   - International Tennis Championships, United States (Hard) - Surface: Hard
   - Aegon International, United Kingdom (Grass) - Surface: Grass
   - Stuttgart Open, Germany (Clay) - Surface: Clay
   - Swiss Open, Switzerland (Clay) - Surface: Clay

Answer to subquestion 2: The games were held on a surface other than hard or grass a total of 2 times. 

Final Answer: The games were held on a surface other than a hard surface or grass 2 times.","[""['Clay', 'Clay']""]","2 
","[['clay', 'clay']]",2,0.0,0.0
56,56,56,56,56,56,"['now, which of those two is taller?']","Decomposition:

1. Identify the heights of the Eiffel Tower and the CN Tower.
2. Compare the heights to determine which one is taller.

Answers:

Answer to subquestion 1:
- Eiffel Tower: Currently stands at a height of 324 metres (1,063 ft).
- CN Tower: 553 meters / 1,815 ft.

Answer to subquestion 2:
- The CN Tower is taller than the Eiffel Tower.

Final answer: CN Tower","[""['Ostankino Tower']""]","CN Tower 
",[['ostankino tower']],cn tower,50.0,0.0
57,57,57,57,57,57,"[""which festibals was the 2011 film 'love' screened at?""]","Decomposition:
1. Identify the rows that mention the film ""love"" in the context.
2. Extract the 'Festival' column for these rows.
3. Compile the extracted festivals into a list.

Answers:
- The film ""Love"" was screened at the following festivals:
  - Santa Barbara International Film Festival
  - Seattle International Film Festival
  - Lund International Fantastic Film Festival
  - Fantastic Fest

Final answer: [""Santa Barbara International Film Festival"", ""Seattle International Film Festival"", ""Lund International Fantastic Film Festival"", ""Fantastic Fest""]","[""['Santa Barbara International Film Festival', 'Seattle International Film Festival', 'Fantasia Festival', 'Athens International Film Festival', 'Lund International Fantastic Film Festival', 'Fantastic Fest', 'London Int. Festival of Science Fiction Film', 'Sitges Film Festival', 'Gwacheon International SF Festival', 'Icon TLV', 'Toronto After Dark', 'Les Utopiales', 'Indonesia Fantastic Film Festival', 'AFF']""]","[""Santa Barbara International Film Festival"", ""Seattle International Film Festival"", ""Lund International Fantastic Film Festival"", ""Fantastic Fest""] 
","[['santa barbara international film festival', 'seattle international film festival', 'fantasia festival', 'athens international film festival', 'lund international fantastic film festival', 'fantastic fest', 'london int. festival of science fiction film', 'sitges film festival', 'gwacheon international sf festival', 'icon tlv', 'toronto after dark', 'les utopiales', 'ind1sia fantastic film festival', 'aff']]","[santa barbara international film festival, seattle international film festival, lund international fantastic film festival, fantastic fest]",50.0,0.0
58,58,58,58,58,58,['who were the incumbents for for the united states house of representatives in the 2002 elections for maryland?'],"Decomposition:
1. Identify the rows that correspond to the United States House of Representatives elections in 2002 in Maryland.
2. Extract the 'Incumbent' column for these rows.
3. Compile the extracted incumbents' names into a list.

Answers:
Answer to sq1: The rows for the United States House of Representatives elections in 2002 in Maryland are:
Maryland 1 | Wayne Gilchrest | Republican | 1990 | Re-elected | Wayne Gilchrest (R) 76.67%
Maryland 2 | Robert Ehrlich | Republican | 1994 | Retired to run for Governor Democratic gain | Dutch Ruppersberger (D) 54.16%
Maryland 3 | Ben Cardin | Democratic | 1986 | Re-elected | Ben Cardin (D) 65.72%
Maryland 4 | Albert Wynn | Democratic | 1992 | Re-elected | Albert Wynn (D) 78.57%
Maryland 5 | Steny Hoyer | Democratic | 1981 | Re-elected | Steny Hoyer (D) 69.27%
Maryland 6 | Roscoe Bartlett | Republican | 1992 | Re-elected | Roscoe Bartlett (R) 66.11%
Maryland 7 | Elijah Cummings | Democratic | 1996 | Re-elected | Elijah Cummings (D) 73.53%
Maryland 8 | Connie Morella | Republican | 1986 | Lost re-election Democratic gain | Chris Van Hollen (D) 51.71% Connie Morella (R) 47.49% Stephen Bassett (UN) 0.73%

Answer to sq2: The 'Incumbent' values for the United States House of Representatives elections in 2002 in Maryland are: Wayne Gilchrest, Robert Ehrlich, Ben Cardin, Albert Wynn, Steny Hoyer, Roscoe Bartlett, Elijah Cummings, Connie Morella.

Answer to sq3: The incumbents for the United States House of Representatives in the 2002 elections for Maryland were: Wayne Gilchrest, Robert Ehrlich, Ben Cardin, Albert Wynn, Steny Hoyer, Roscoe Bartlett, Elijah Cummings, Connie Morella.

Final Answer: Wayne Gilchrest, Robert Ehrlich, Ben Cardin, Albert Wynn, Steny Hoyer, Roscoe Bartlett, Elijah Cummings, Connie Morella","[""['Wayne Gilchrest', 'Robert Ehrlich', 'Ben Cardin', 'Albert Wynn', 'Steny Hoyer', 'Roscoe Bartlett', 'Elijah Cummings', 'Connie Morella']""]","Wayne Gilchrest, Robert Ehrlich, Ben Cardin, Albert Wynn, Steny Hoyer, Roscoe Bartlett, Elijah Cummings, Connie Morella 
","[['wayne gilchrest', 'robert ehrlich', 'ben cardin', 'albert wynn', 's10y hoyer', 'roscoe bartlett', 'elijah cuings', 'connie morella']]","wayne gilchrest, robert ehrlich, ben cardin, albert wynn, s10y hoyer, roscoe bartlett, elijah cuings, connie morella",100.0,100.0
59,59,59,59,59,59,['in what seasons did the new york americans soccer team play between 1931 and 1956?'],"Decomposition:
1. Identify the rows that pertain to the New York Americans soccer team within the years 1931 and 1956.
2. Extract the seasons when the New York Americans soccer team played.

Answers:
Answer to subquestion 1: The rows related to the New York Americans soccer team within the specified years are:
- 1931 | 1 | ASL | 6th (Fall) | No playoff | N/A
- Spring 1932 | 1 | ASL | 5th? | No playoff | 1st Round
- Fall 1932 | 1 | ASL | 3rd | No playoff | N/A
- Spring 1933 | 1 | ASL | ? | ? | Final
- 1933/34 | N/A | ASL | 2nd | No playoff | ?
- ... (continue checking for relevant rows)

Answer to subquestion 2: The seasons during which the New York Americans soccer team played are: 
- 1931 (Fall)
- Spring 1932
- Fall 1932
- Spring 1933
- 1933/34
- 1934/35
- 1935/36
- 1936/37
- ...
- 1955/56

Final Answer: The New York Americans soccer team played in various seasons between 1931 and 1956 as listed in the corresponding rows of the table.","[""['1931', 'Spring 1932', 'Fall 1932', 'Spring 1933', '1933/34', '1934/35', '1935/36', '1936/37', '1937/38', '1938/39', '1939/40', '1940/41', '1941/42', '1942/43', '1943/44', '1944/45', '1945/46', '1946/47', '1947/48', '1948/49', '1949/50', '1950/51', '1951/52', '1952/53', '1953/54', '1954/55', '1955/56']""]","['1931 (Fall)', 'Spring 1932', 'Fall 1932', 'Spring 1933', '1933/34', '1934/35', '1935/36', '1936/37', '...','1955/56'] 
","[['1931', 'spring 1932', 'fall 1932', 'spring 1933', '1933/34', '1934/35', '1935/36', '1936/37', '1937/38', '1938/39', '1939/40', '1940/41', '1941/42', '1942/43', '1943/44', '1944/45', '1945/46', '1946/47', '1947/48', '1948/49', '1949/50', '1950/51', '1951/52', '1952/53', '1953/54', '1954/55', '1955/56']]","['1931 (fall)', 'spring 1932', 'fall 1932', 'spring 1933', '1933/34', '1934/35', '1935/36', '1936/37', '...','1955/56']",55.81395348837209,0.0
60,60,60,60,60,60,['what years were championships held?'],"Decomposition:
1. Identify the rows where championships were held.
2. Extract the 'Year' column for these rows.
3. Compile the extracted years into a list.

Answers:
- Answer to 1: The relevant rows for championship years are:
1935/36 | N/A | ASL | 1st | Champion (no playoff) | ?
1937/38 | N/A | ASL | 3rd(t), National | 1st Round | ?
1953/54 | N/A | ASL | 1st | Champion (no playoff) | Champion
- Answer to 2: The 'Year' values for championship years are: 1935/36, 1937/38, 1953/54
- Answer to 3: The championship years were: 1935/36, 1937/38, 1953/54

Final Answer: [1935/36, 1937/38, 1953/54]","[""['1931', 'Spring 1932', 'Fall 1932', 'Spring 1933', '1933/34', '1934/35', '1935/36', '1936/37', '1937/38', '1938/39', '1939/40', '1940/41', '1941/42', '1942/43', '1943/44', '1944/45', '1945/46', '1946/47', '1947/48', '1948/49', '1949/50', '1950/51', '1951/52', '1952/53', '1953/54', '1954/55', '1955/56']""]","[1935/36, 1937/38, 1953/54] 
","[['1931', 'spring 1932', 'fall 1932', 'spring 1933', '1933/34', '1934/35', '1935/36', '1936/37', '1937/38', '1938/39', '1939/40', '1940/41', '1941/42', '1942/43', '1943/44', '1944/45', '1945/46', '1946/47', '1947/48', '1948/49', '1949/50', '1950/51', '1951/52', '1952/53', '1953/54', '1954/55', '1955/56']]","[1935/36, 1937/38, 1953/54]",18.181818181818183,0.0
61,61,61,61,61,61,"['which years are listed?', 'which of those years did not have playoffs?', 'which of those, other than 1935/36, did not have playoffs?', 'and the playoff notes for each year?', 'of those years, on which were championships held?', 'which season was not the 1935/36 one?']","Decomposition:
1. Identify the years listed in the table.
2. Determine which years did not have playoffs.
3. Identify years, other than 1935/36, that did not have playoffs.
4. List the playoff notes for each year.
5. Identify the years where championships were held.
6. Identify the season that was not 1935/36.

Answers:
- Answer to 1: The listed years are 1931, Spring 1932, Fall 1932, Spring 1933, 1933/34, 1934/35, 1935/36, 1936/37, 1937/38, 1938/39, 1939/40, 1940/41, 1941/42, 1942/43, 1943/44, 1944/45, 1945/46, 1946/47, 1947/48, 1948/49, 1949/50, 1950/51, 1951/52, 1952/53, 1953/54, 1954/55, 1955/56.
- Answer to 2: The years that did not have playoffs are: 1931, Spring 1932, Fall 1932, 1933/34, 1934/35, 1936/37, 1938/39, 1939/40, 1940/41, 1941/42, 1942/43, 1943/44, 1944/45, 1945/46, 1946/47, 1947/48, 1949/50, 1950/51, 1951/52, 1952/53, 1954/55, 1955/56.
- Answer to 3: The years, other than 1935/36, that did not have playoffs are: 1931, Spring 1932, Fall 1932, 1933/34, 1934/35, 1936/37, 1938/39, 1939/40, 1940/41, 1941/42, 1942/43, 1943/44, 1944/45, 1945/46, 1946/47, 1947/48, 1949/50, 1950/51, 1951/52, 1952/53, 1954/55, 1955/56.
- Answer to 4: The playoff notes for each year are: No playoff (Spring 1932, Fall 1932, 1933/34, 1934/35, 1936/37, 1938/39, 1939/40, 1940/41, 1941/42, 1942/43, 1943/44, 1944/45, 1945/46, 1946/47, 1947/48, 1949/50, 1950/51, 1951/52, 1952/53, 1954/55, 1955/56), N/A (1931), Final (Spring 1933), Champion (1935/36, 1937/38, 1953/54).
- Answer to 5: The championships were held on these years: 1935/36, 1937/38, 1953/54.
- Answer to 6: The season that was not 1935/36 is: Spring 1932, Fall 1932, Spring 1933, 1933/34, 1934/35, 1936/37, 1937/38, 1938/39, 1939/40, 1940/41, 1941/42, 1942/43, 1943/44, 1944/45, 1945/46, 1946/47, 1947/48, 1948/49, 1949/50, 1950/51, 1951/52, 1952/53, 1954/55, 1955/56.

Final Answer:
- Years listed: 1931, Spring 1932, Fall 1932, Spring 1933, 1933/34, 1934/35, 1935/36, 1936/37, 1937/38, 1938/39, 1939/40, 1940/41, 1941/42, 1942/43, 1943/44, 1944/45, 1945/46, 1946/47, 1947/48, 1948/49, 1949/50, 1950/51, 1951/52, 1952/53, 1953/54, 1954/55, 1955/56.
- Years without playoffs: 1931, Spring 1932, Fall 1932, 1933/34, 1934/35, 1936/37, 1938/39, 1939/40, 1940/41, 1941/42, 1942/43, 1943/44, 1944/45, 1945/46, 1946/47, 1947/48, 1949/50, 1950/51, 1951/52, 1952/53, 1954/55, 1955/56.
- Years without playoffs, excluding 1935/36: 1931, Spring 1932, Fall 1932, 1933/34, 1934/35, 1936/37, 1938/39, 1939/40, 1940/41, 1941/42, 1942/43, 1943/44, 1944/45, 1945/46, 1946/47, 1947/48, 1949/50, 1950/51, 1951/52, 1952/53, 1954/55, 1955/56.
- Playoff notes for each year: Detailed responses.","[""['1931', 'Spring 1932', 'Fall 1932', 'Spring 1933', '1933/34', '1934/35', '1935/36', '1936/37', '1937/38', '1938/39', '1939/40', '1940/41', '1941/42', '1942/43', '1943/44', '1944/45', '1945/46', '1946/47', '1947/48', '1948/49', '1949/50', '1950/51', '1951/52', '1952/53', '1953/54', '1954/55', '1955/56']"", ""['1931', 'Spring 1932', 'Fall 1932', '1933/34', '1934/35', '1935/36', '1939/40', '1940/41', '1941/42', '1942/43', '1943/44', '1944/45', '1945/46', '1946/47', '1947/48', '1949/50', '1950/51', '1951/52', '1952/53', '1953/54', '1954/55', '1955/56']"", ""['1953/54']"", ""['No playoff', 'No playoff', 'No playoff', '?', 'No playoff', 'No playoff', 'Champion (no playoff)', 'Did not qualify', '1st Round', 'Did not qualify', 'No playoff', 'No playoff', 'No playoff', 'No playoff', 'No playoff', 'No playoff', 'No playoff', 'No playoff', 'No playoff', 'Finals', 'No playoff', 'No playoff', 'No playoff', 'No playoff', 'Champion (no playoff)', 'No playoff', 'No playoff']"", ""['1935/36', '1953/54']"", ""['1953/54']""]","['1931', 'Spring 1932', 'Fall 1932', 'Spring 1933', '1933/34', '1934/35', '1935/36', '1936/37', '1937/38', '1938/39', '1939/40', '1940/41', '1941/42', '1942/43', '1943/44', '1944/45', '1945/46', '1946/47', '1947/48', '1948/49', '1949/50', '1950/51', '1951/52', '1952/53', '1953/54', '1954/55', '1955/56'] 
","[['1931', 'spring 1932', 'fall 1932', 'spring 1933', '1933/34', '1934/35', '1935/36', '1936/37', '1937/38', '1938/39', '1939/40', '1940/41', '1941/42', '1942/43', '1943/44', '1944/45', '1945/46', '1946/47', '1947/48', '1948/49', '1949/50', '1950/51', '1951/52', '1952/53', '1953/54', '1954/55', '1955/56'], ['1931', 'spring 1932', 'fall 1932', '1933/34', '1934/35', '1935/36', '1939/40', '1940/41', '1941/42', '1942/43', '1943/44', '1944/45', '1945/46', '1946/47', '1947/48', '1949/50', '1950/51', '1951/52', '1952/53', '1953/54', '1954/55', '1955/56'], ['1953/54'], ['no playoff', 'no playoff', 'no playoff', '?', 'no playoff', 'no playoff', 'champion (no playoff)', 'did not qualify', '1 round', 'did not qualify', 'no playoff', 'no playoff', 'no playoff', 'no playoff', 'no playoff', 'no playoff', 'no playoff', 'no playoff', 'no playoff', 'finals', 'no playoff', 'no playoff', 'no playoff', 'no playoff', 'champion (no playoff)', 'no playoff', 'no playoff'], ['1935/36', '1953/54'], ['1953/54']]","['1931', 'spring 1932', 'fall 1932', 'spring 1933', '1933/34', '1934/35', '1935/36', '1936/37', '1937/38', '1938/39', '1939/40', '1940/41', '1941/42', '1942/43', '1943/44', '1944/45', '1945/46', '1946/47', '1947/48', '1948/49', '1949/50', '1950/51', '1951/52', '1952/53', '1953/54', '1954/55', '1955/56']",41.95804195804197,0.0
62,62,62,62,62,62,"[""what year is the world's revenue recorded?"", 'what was the total revenue that year?', 'for which years was this data recorded?', 'what were the revenues in 2013?', 'which records were taken in 2013?', 'what are the amounts that were acquired in 2013?', 'what about just in 2012?', 'what country made 3.6 billion in 2013?', 'now, which country had the smallest of those revenues?']","Decomposition:

1. Find out what year the world's revenue is recorded.
2. Determine the total revenue in that year.
3. Identify the years for which the data is recorded.
4. Identify and extract the revenues in 2013.
5. List the records taken in 2013.
6. Provide the amounts acquired in 2013.
7. Present the revenues in 2012.
8. Identify the country that made $3.6 billion in 2013.
9. Determine which country had the smallest revenue.

Answers:

- Answer to 1: The world's revenue is recorded in 2012.
- Answer to 2: The total revenue in 2012 was $34.7 billion.
- Answer to 3: The data is recorded for the years 2012 and 2013.
- Answer to 4: The revenues in 2013 were $3.6 billion, $1.88 billion, $1.47 billion, $0.84 billion, and $0.72 billion.
- Answer to 5: The records taken in 2013 are China, Japan, South Korea, Italy, and Brazil.
- Answer to 6: The amounts acquired in 2013 are $3.6 billion, $1.88 billion, $1.47 billion, $0.84 billion, and $0.72 billion.
- Answer to 7: The revenues in 2012 were $10.8 billion, $1.7 billion, $1.4 billion, $1.3 billion, and $1.2 billion.
- Answer to 8: The country that made $3.6 billion in 2013 is China.
- Answer to 9: Among the revenues in 2013, Brazil had the smallest revenue of $0.72 billion.

Final Answer: [""2012"", ""$34.7 billion"", ""2012 and 2013"", ""$3.6 billion"", ""$1.88 billion"", ""$1.47 billion"", ""$0.84 billion"", ""$0.72 billion"", ""China"", ""Brazil""]","[""['2012']"", ""['$34.7 billion']"", ""['2012', '2013', '2013', '2012', '2012', '2013', '2012', '2012', '2012', '2012', '2013', '2013', '2012']"", ""['$3.6 billion', '$1.88 billion', '$1.47 billion', '$0.84 billion', '$0.72 billion']"", ""['2013', '2013', '2013', '2013', '2013']"", ""['$3.6 billion', '$1.88 billion', '$1.47 billion', '$0.84 billion', '$0.72 billion']"", ""['$10.8 billion', '$1.7 billion', '$1.7 billion', '$1.4 billion', '$1.3 billion', '$1.2 billion', '$1.2 billion', '$34.7 billion']"", ""['China']"", ""['Brazil']""]","['2012', '$34.7 billion', '2012 and 2013', '$3.6 billion', '$1.88 billion', '$1.47 billion', '$0.84 billion', '$0.72 billion', 'China', 'Brazil'] 
","[['2012'], ['34.7'], ['2012', '2013', '2013', '2012', '2012', '2013', '2012', '2012', '2012', '2012', '2013', '2013', '2012'], ['3.6', '1.88', '1.47', '0.84', '0.72'], ['2013', '2013', '2013', '2013', '2013'], ['3.6', '1.88', '1.47', '0.84', '0.72'], ['10.8', '1.7', '1.7', '1.4', '1.3', '1.2', '1.2', '34.7'], ['china'], ['brazil']]","['2012', '34.7', '2012 and 2013', '3.6', '1.88', '1.47', '0.84', '0.72', 'china', 'brazil']",42.30769230769231,0.0
63,63,63,63,63,63,"['in which films did radhika pandit play a role in between 2008 and 2014?', 'of these films, which ones came out in 2012?']","Decomposition:
1. Identify the rows where Radhika Pandit played a role between 2008 and 2014.
2. Extract the 'Film' column for these rows.
3. Determine which of these films came out in 2012.

Answers:
Answer to first subquestion: The films Radhika Pandit played a role in between 2008 and 2014 are:
  2010 | Gaana Bajaana | Radhey | Kannada
  2012 | Breaking News | Shraddha | Kannada

Answer to second subquestion: The films that Radhika Pandit played a role in, which came out in 2012, are:
  Breaking News

Final Answer: Breaking News.","[""['Moggina Manasu', 'Olave Jeevana Lekkachaara', 'Love Guru', 'Krishnan Love Story', 'Gaana Bajaana', 'Hudugaru', 'Alemari', 'Breaking News', 'Addhuri', '18th Cross', 'Sagar', 'Drama', 'Kaddipudi', 'Dilwala', 'Bahaddoor', 'Mr. & Mrs. Ramachari', 'Endendigu']"", ""['Alemari', 'Breaking News', 'Addhuri', '18th Cross', 'Sagar', 'Drama']""]","Breaking News 
","[['moggina manasu', 'olave jeevana lekkachaara', 'love guru', 'krishnan love story', 'gaana bajaana', 'hudugaru', 'alemari', 'breaking news', 'addhuri', '18 cross', 'sagar', 'drama', 'kaddipudi', 'dilwala', 'bahaddoor', 'mr. & mrs. ramachari', 'endendigu'], ['alemari', 'breaking news', 'addhuri', '18 cross', 'sagar', 'drama']]",breaking news,10.526315789473683,0.0
64,64,64,64,64,64,"['kipkurui misoi came in 1st in what event in 1999?', 'what competition was he at in 1999?', 'which of these were held in 1999?']","Decomposition:
1. Identify the row for the year 1999. (independent)
2. Extract the 'Event' and 'Competition' columns for this row. (depends on sq1)
3. Identify the events and competition held in 1999. (depends on sq2)

Answers:
Answer to sq1: The relevant row for the year 1999 is:
   1999 | All-Africa Games | Johannesburg, South Africa | 1st | 3000 m st.
Answer to sq2: The 'Event' in 1999 was ""3000 m st.""
Answer to sq2: The competition in 1999 was ""All-Africa Games.""

Final answer:
- kipkurui misoi came in 1st in ""3000 m st."" event in 1999.
- He was at the ""All-Africa Games"" competition in 1999.
- The events and competition held in 1999 were ""3000 m st."" event and ""All-Africa Games,"" respectively.","[""['3000 m st.']"", ""['All-Africa Games']"", ""['All-Africa Games', 'IAAF Grand Prix Final']""]","""3000 m st."", ""All-Africa Games"" 
","[['3000 m st.'], ['all-africa games'], ['all-africa games', 'iaaf grand prix final']]","3000 m st., all-africa games",62.5,0.0
65,65,65,65,65,65,"['what were the times/retired of the 1966 grand prix?', 'what were their times?', 'who had this time?']","Decomposition:
1. Identify the rows that have a value in the ""Time/Retired"" column for the 1966 Grand Prix.
2. Extract the ""Time/Retired"" column for these rows.
3. Identify the ""Driver"" who corresponded to each extracted time.

Answers:
- Answer to subquestion 1: The relevant rows for the 1966 Grand Prix are:
  1 | 12 | Jack Brabham | Brabham-Repco | 48 | 1:48:31.3 | 4 | 9
  2 | 22 | Mike Parkes | Ferrari | 48 | + 9.5 | 3 | 6
  3 | 14 | Denny Hulme | Brabham-Repco | 46 | + 2 laps | 9 | 4
  4 | 6 | Jochen Rindt | Cooper-Maserati | 46 | + 2 laps | 5 | 3
  5 | 26 | Dan Gurney | Eagle-Climax | 45 | + 3 laps | 14 | 2
  6 | 44 | John Taylor | Brabham-BRM | 45 | + 3 laps | 15 | 1

- Answer to subquestion 2: The ""Time/Retired"" values for the 1966 Grand Prix are:
  1:48:31.3, + 9.5

- Answer to subquestion 3: 
  - Driver with time 1:48:31.3: Jack Brabham
  - Driver with time + 9.5: Mike Parkes

Final Answer:
- Times/Retired of the 1966 Grand Prix: 1:48:31.3, + 9.5
- Times: 1:48:31.3
- Drivers with these times: Jack Brabham, Mike Parkes","[""['1:48:31.3', '+ 9.5', '+ 2 laps', '+ 2 laps', '+ 3 laps', '+ 3 laps', '+ 4 laps', '+ 4 laps', 'Not Classified', 'Oil Leak', 'Not Classified', 'Not Classified', 'Engine', 'Fuel System', 'Clutch', 'Fuel System', 'Gearbox', 'Accident']"", ""['1:48:31.3', '+ 9.5', '+ 2 laps', '+ 2 laps', '+ 3 laps', '+ 3 laps', '+ 4 laps', '+ 4 laps', 'Not Classified', 'Oil Leak', 'Not Classified', 'Not Classified', 'Engine', 'Fuel System', 'Clutch', 'Fuel System', 'Gearbox', 'Accident']"", ""['Jack Brabham']""]","1:48:31.3, + 9.5
","[['1:48:31.3', ' 9.5', ' 2 laps', ' 2 laps', ' 3 laps', ' 3 laps', ' 4 laps', ' 4 laps', 'not classified', 'oil leak', 'not classified', 'not classified', 'engine', 'fuel system', 'clutch', 'fuel system', 'gearbox', 'accident'], ['1:48:31.3', ' 9.5', ' 2 laps', ' 2 laps', ' 3 laps', ' 3 laps', ' 4 laps', ' 4 laps', 'not classified', 'oil leak', 'not classified', 'not classified', 'engine', 'fuel system', 'clutch', 'fuel system', 'gearbox', 'accident'], ['jack brabham']]","1:48:31.3,  9.5",6.25,0.0
66,66,66,66,66,66,['what score shows the rams scoring the most points they did all season?'],"Decomposition:
1. Identify the row that shows the Rams scoring the most points in a game.
2. Extract the 'Result' column value for that row.

Answers:
- Answer to subquestion 1: The row that shows the Rams scoring the most points in a game is:
  December 2, 2001 | at Atlanta Falcons | W 35-6 | 9-2 | FOX 3:15pm | 60,787
- Answer to subquestion 2: The score where the Rams scored the most points is 35-6.

Final Answer: The Rams scored the most points in a game with a score of 35-6.","[""['W 48-14']""]","35-6 
",[['w 48-14']],35-6,0.0,0.0
67,67,67,67,67,67,"['which matchups did the st. louis rams play in the 2001 season?', 'of those games, which one did the rams achieve the highest score of the season?']","Decomposition:
- Identify the rows where the St. Louis Rams played in the 2001 season.
- Extract the 'Result' column for these rows.
- Determine the game where the Rams achieved the highest score of the season.

Answers:
1. The St. Louis Rams played the following matchups in the 2001 season:
   - at Philadelphia Eagles
   - at San Francisco 49ers
   - Miami Dolphins
   - at Detroit Lions
   - New York Giants
   - at New York Jets
   - New Orleans Saints
   - Carolina Panthers
   - at New England Patriots
   - Tampa Bay Buccaneers
   - at Atlanta Falcons
   - San Francisco 49ers
   - at New Orleans Saints
   - at Carolina Panthers
   - Indianapolis Colts
   - Atlanta Falcons

2. The St. Louis Rams achieved their highest score of the season in the game against the Atlanta Falcons, with a result of 'W 42-17'.

Final Answer:
- Matchups played by the St. Louis Rams in the 2001 season: 
  ['at Philadelphia Eagles', 'at San Francisco 49ers', 'Miami Dolphins', 'at Detroit Lions', 'New York Giants', 'at New York Jets', 'New Orleans Saints', 'Carolina Panthers', 'at New England Patriots', 'Tampa Bay Buccaneers', 'at Atlanta Falcons', 'San Francisco 49ers', 'at New Orleans Saints', 'at Carolina Panthers', 'Indianapolis Colts', 'Atlanta Falcons']
- The game where the Rams achieved the highest score of the season: 'at Atlanta Falcons' (W 42-17)","[""['at Philadelphia Eagles', 'at San Francisco 49ers', 'Miami Dolphins', 'at Detroit Lions', 'New York Giants', 'at New York Jets', 'New Orleans Saints', 'Bye', 'Carolina Panthers', 'at New England Patriots', 'Tampa Bay Buccaneers', 'at Atlanta Falcons', 'San Francisco 49ers', 'at New Orleans Saints', 'at Carolina Panthers', 'Indianapolis Colts', 'Atlanta Falcons']"", ""['Carolina Panthers']""]","['at Philadelphia Eagles', 'at San Francisco 49ers', 'Miami Dolphins', 'at Detroit Lions', 'New York Giants', 'at New York Jets', 'New Orleans Saints', 'Carolina Panthers', 'at New England Patriots', 'Tampa Bay Buccaneers', 'at Atlanta Falcons', 'San Francisco 49ers', 'at New Orleans Saints', 'at Carolina Panthers', 'Indianapolis Colts', 'Atlanta Falcons'], 'at Atlanta Falcons' 
","[['at philadelphia eagles', 'at san francisco 49ers', 'miami dolphins', 'at detroit lions', 'new york giants', 'at new york jets', 'new orleans saints', 'bye', 'carolina panthers', 'at new england patriots', 'tampa bay buccaneers', 'at atlanta falcons', 'san francisco 49ers', 'at new orleans saints', 'at carolina panthers', 'indianapolis colts', 'atlanta falcons'], ['carolina panthers']]","['at philadelphia eagles', 'at san francisco 49ers', 'miami dolphins', 'at detroit lions', 'new york giants', 'at new york jets', 'new orleans saints', 'carolina panthers', 'at new england patriots', 'tampa bay buccaneers', 'at atlanta falcons', 'san francisco 49ers', 'at new orleans saints', 'at carolina panthers', 'indianapolis colts', 'atlanta falcons'], 'at atlanta falcons'",94.11764705882352,0.0
68,68,68,68,68,68,['which seasons did dnipro dnipropetrovsk appear?'],"Decomposition: 
- Identify the rows where the team is ""Dnipro Dnipropetrovsk"".
- Extract the 'Season' column for these rows.
- Compile the extracted 'Season' values into a list.

Answers:
- The relevant rows for the team ""Dnipro Dnipropetrovsk"" are:
  - 2006/07 | Dnipro Dnipropetrovsk | Ukraine | 1 | 12 | 0
  - 2007/08 | Dnipro Dnipropetrovsk | Ukraine | 1 | 24 | 0
  - 2008/09 | Dnipro Dnipropetrovsk | Ukraine | 1 | 22 | 1
  - 2009/10 | Dnipro Dnipropetrovsk | Ukraine | 1 | 28 | 0
  - 2010/11 | Dnipro Dnipropetrovsk | Ukraine | 1 | 23 | 0
  - 2011/12 | Dnipro Dnipropetrovsk | Ukraine | 1 | 16 | 0
  - 2012/13 | Dnipro Dnipropetrovsk | Ukraine | 1 | 10 | 1
- The 'Season' values for Dnipro Dnipropetrovsk appearing are: 2006/07, 2007/08, 2008/09, 2009/10, 2010/11, 2011/12, 2012/13

Final answer: Dnipro Dnipropetrovsk appeared in the seasons: 2006/07, 2007/08, 2008/09, 2009/10, 2010/11, 2011/12, 2012/13","[""['2006/07', '2007/08', '2008/09', '2009/10', '2010/11', '2011/12', '2012/13']""]","['2006/07', '2007/08', '2008/09', '2009/10', '2010/11', '2011/12', '2012/13'] 
","[['2006/07', '2007/08', '2008/09', '2009/10', '2010/11', '2011/12', '2012/13']]","['2006/07', '2007/08', '2008/09', '2009/10', '2010/11', '2011/12', '2012/13']",100.0,100.0
69,69,69,69,69,69,['what are all the seasons?'],"Decomposition:

1. Identify all unique seasons listed in the table.
2. List the unique seasons.

Answers:

- Answer to subquestion 1: The unique seasons in the table are: 2004, 2005, 2006, 2006/07, 2007/08, 2008/09, 2009/10, 2010/11, 2011/12, 2012/13, 2013/14.
- Answer to subquestion 2: The list of all seasons is: 2004, 2005, 2006, 2006/07, 2007/08, 2008/09, 2009/10, 2010/11, 2011/12, 2012/13, 2013/14.

Final answer: The seasons listed in the table are 2004, 2005, 2006, 2006/07, 2007/08, 2008/09, 2009/10, 2010/11, 2011/12, 2012/13, 2013/14.","[""['2004', '2005', '2006', '2006/07', '2007/08', '2008/09', '2009/10', '2010/11', '2011/12', '2012/13', '2012/13', '2013/14']""]","2004, 2005, 2006, 2006/07, 2007/08, 2008/09, 2009/10, 2010/11, 2011/12, 2012/13, 2013/14 
","[['2004', '2005', '2006', '2006/07', '2007/08', '2008/09', '2009/10', '2010/11', '2011/12', '2012/13', '2012/13', '2013/14']]","2004, 2005, 2006, 2006/07, 2007/08, 2008/09, 2009/10, 2010/11, 2011/12, 2012/13, 2013/14",95.65217391304348,0.0
70,70,70,70,70,70,"['how many appearances did dnipro dnipropetrovsk have in the 2006/2007 season ?', 'which of those seasons did dnipro dnipropetrovsk have more than 20 appearances?', 'how many appearances did dnipro dnipropetrovsk have in  the 2007/2008 season ?', 'which of those seasons with more than 20 appearances did dnipro dnipropetrovsk have 28 appearances?', 'how many appearances did dnipro dnipropetrovsk have in  the 2008/2009 season?', 'how many appearances did dnipro dnipropetrovsk have in  the 2010/2011 season ?', 'which year were the 28 appearances during?', 'how many appearances did dnipro dnipropetrovsk have in  the 2011/2012 season ?', 'in what season did dnipro dnipropetrovsk have  the  most  appearences ?']","Decomposition:

1. Identify the row that corresponds to the 2006/2007 season.
2. Extract the 'Apps' value for the row identified in step 1.
3. Compile the extracted value for the 2006/2007 season Apps.

Answer to subquestions:

1. The row corresponding to the 2006/2007 season is: 2006/07 | Dnipro Dnipropetrovsk | Ukraine | 1 | 12 | 0
2. The 'Apps' value for the 2006/2007 season is: 12
3. The number of appearances Dnipro Dnipropetrovsk had in the 2006/2007 season is: 12

Final Answer: 12 appearances.","[""['12']"", ""['2007/08', '2008/09', '2009/10', '2010/11']"", ""['24']"", ""['2009/10']"", ""['22']"", ""['23']"", ""['2009/10']"", ""['16']"", ""['2009/10']""]","12 
","[['12'], ['2007/08', '2008/09', '2009/10', '2010/11'], ['24'], ['2009/10'], ['22'], ['23'], ['2009/10'], ['16'], ['2009/10']]",12,15.384615384615385,0.0
71,71,71,71,71,71,['what years did przemyslaw czerwinski jump?'],"Decomposition:
1. Identify the rows where Przemyslaw Czerwinski participated in a jumping event.
2. Extract the 'Year' column for these rows.
3. Compile the extracted years into a list.

Answers:
- Answer to sq1: The years where Przemyslaw Czerwinski participated in jumping events are: 2005, 2005, 2010
- Answer to sq2: The 'Year' values for Przemyslaw Czerwinski jumping are: 2005, 2005, 2010
- Answer to sq3: The years Przemyslaw Czerwinski jumped are: [2005, 2005, 2010]

Final Answer: [2005, 2005, 2010]","[""['1999', '2001', '2002', '2003', '2005', '2005', '2006', '2006', '2007', '2008', '2010', '2012']""]","2005, 2010 
","[['1999', '2001', '2002', '2003', '2005', '2005', '2006', '2006', '2007', '2008', '2010', '2012']]","2005, 2010",28.57142857142857,0.0
72,72,72,72,72,72,"['what year did przemymslaw get 5th in european championships?', 'which of these was the earliest years?', 'which competitions took place in 2006?', 'what other competition did he compete in in that year?', 'what was the height of the jump on this year?', 'which games took place in 1999?']","Decomposition:
- Identify the rows where the athlete achieved 5th place in the European Championships.
- Determine the earliest year from the provided information.
- Identify the competitions that took place in 2006.
- Determine the other competition the athlete participated in during 2006.
- Find out the height of the jump in that specific year.
- Identify the games that took place in 1999. 

Answers:
- Przemymslaw got 5th place in the European Championships in 2006.
- The earliest year in the data provided is 1999.
- The competitions that took place in 2006 were the World Indoor Championships and the European Championships.
- In 2006, the athlete also competed in the World Indoor Championships.
- The height of the jump in 2006 was 5.65 meters.
- The games that took place in 1999 were the World Youth Championships.

Final Answer:
- Przemymslaw got 5th place in the European Championships in 2006.
- The earliest year is 1999.
- The competitions that took place in 2006 were the World Indoor Championships and the European Championships.
- In 2006, the athlete also competed in the World Indoor Championships.
- The height of the jump in 2006 was 5.65 meters.
- The games that took place in 1999 were the World Youth Championships.","[""['2006']"", ""['1999']"", ""['World Indoor Championships', 'European Championships']"", ""['World Indoor Championships']"", ""['4.60 m']"", ""['World Youth Championships']""]","2006, 1999, World Indoor Championships, European Championships, World Indoor Championships, 5.65 meters, World Youth Championships 
","[['2006'], ['1999'], ['world indoor championships', 'european championships'], ['world indoor championships'], ['4.60 m'], ['world youth championships']]","2006, 1999, world indoor championships, european championships, world indoor championships, 5.65 meters, world youth championships",86.66666666666667,0.0
73,73,73,73,73,73,['who competed in the 2005-06 fis ski jumping world cup?'],"Decomposition:
- Identify the rows that competed in the 2005-06 FIS Ski Jumping World Cup.
- Extract the 'Name' column for these rows.
- Compile the extracted 'Name' values into a list.

Answers:
- The relevant rows for competitors in the 2005-06 FIS Ski Jumping World Cup are:
  1 | Matti Hautamaki | FIN | 132.0 | 131.5 | 274.3
  2 | Tami Kiuru | FIN | 128.5 | 130.5 | 264.7
  3 | Janne Ahonen | FIN | 127.0 | 130.5 | 264.0
  4 | Adam Malysz | POL | 127.0 | 130.5 | 261.5
  5 | Andreas Kofler | AUT | 126.5 | 132.0 | 261.3
  11 | Jakub Janda | CZE | 123.5 | 128.5 | 252.6

- The 'Name' values for competitors in the 2005-06 FIS Ski Jumping World Cup are: Matti Hautamaki, Tami Kiuru, Janne Ahonen, Adam Malysz, Andreas Kofler, Jakub Janda

Final Answer: [""Matti Hautamaki"", ""Tami Kiuru"", ""Janne Ahonen"", ""Adam Malysz"", ""Andreas Kofler"", ""Jakub Janda""]","[""['Matti Hautamaki', 'Tami Kiuru', 'Janne Ahonen', 'Adam Malysz', 'Andreas Kofler', 'Jakub Janda']""]","[""Matti Hautamaki"", ""Tami Kiuru"", ""Janne Ahonen"", ""Adam Malysz"", ""Andreas Kofler"", ""Jakub Janda""] 
","[['matti hautamaki', 'tami kiuru', 'janne ah1n', 'adam malysz', 'andreas kofler', 'jakub janda']]","[matti hautamaki, tami kiuru, janne ah1n, adam malysz, andreas kofler, jakub janda]",100.0,100.0
74,74,74,74,74,74,['who are the 2000 chicago bears season drat picks?'],"Decomposition:
1. Identify the rows corresponding to the 2000 Chicago Bears draft picks.
2. Extract the 'Name' column for these rows.
3. Compile the extracted names into a list.

Answers:
Answer to sq1: The Chicago Bears draft picks in 2000 were:
9 | Brian Urlacher | S | New Mexico
39 | Mike Brown | S | Nebraska
87 | Dustin Lyman | TE | Wake Forest
125 | Reggie Austin | DB | Wake Forest
170 | Frank Murphy | WR | Kansas State
174 | Paul Edinger | K | Michigan State
223 | James Cotton | DE | Ohio State
254 | Michael Green | S | Northwestern State

Answer to sq2: The names of the players drafted by the Chicago Bears in 2000 are: Brian Urlacher, Mike Brown, Dustin Lyman, Reggie Austin, Frank Murphy, Paul Edinger, James Cotton, and Michael Green.

Answer to sq3: The 2000 Chicago Bears draft picks were: ['Brian Urlacher', 'Mike Brown', 'Dustin Lyman', 'Reggie Austin', 'Frank Murphy', 'Paul Edinger', 'James Cotton', 'Michael Green']

Final Answer: ['Brian Urlacher', 'Mike Brown', 'Dustin Lyman', 'Reggie Austin', 'Frank Murphy', 'Paul Edinger', 'James Cotton', 'Michael Green']","[""['Brian Urlacher', 'Mike Brown', 'Dez White', 'Dustin Lyman', 'Reggie Austin', 'Frank Murphy', 'Paul Edinger', 'James Cotton', 'Michael Green']""]","['Brian Urlacher', 'Mike Brown', 'Dustin Lyman', 'Reggie Austin', 'Frank Murphy', 'Paul Edinger', 'James Cotton', 'Michael Green'] 
","[['brian urlacher', 'mike brown', 'dez white', 'dustin lyman', 'reggie austin', 'frank murphy', 'paul edinger', 'james cotton', 'michael green']]","['brian urlacher', 'mike brown', 'dustin lyman', 'reggie austin', 'frank murphy', 'paul edinger', 'james cotton', 'michael green']",94.11764705882352,0.0
75,75,75,75,75,75,['who was drafted in the chicago bears 2000 season?'],"Decomposition:
- Identify the rows for the Chicago Bears in the 2000 season.
- Extract the 'Name' column for these rows.
- Compile the extracted names into a list.

Answers:
- The relevant rows for the Chicago Bears in the 2000 season are:
  - 1 | 9 | Brian Urlacher | S | New Mexico
  - 2 | 39 | Mike Brown | S | Nebraska
  - 3 | 69 | Dez White | WR | Georgia Tech
  - 3 | 87 | Dustin Lyman | TE | Wake Forest
  - 4 | 125 | Reggie Austin | DB | Wake Forest
  - 6 | 170 | Frank Murphy | WR | Kansas State
  - 6 | 174 | Paul Edinger | K | Michigan State
  - 7 | 223 | James Cotton | DE | Ohio State
  - 7 | 254 | Michael Green | S | Northwestern State

- The drafted players for the Chicago Bears in the 2000 season: 
  - Brian Urlacher, Mike Brown, Dez White, Dustin Lyman, Reggie Austin, Frank Murphy, Paul Edinger, James Cotton, Michael Green

Final Answer:
- Brian Urlacher, Mike Brown, Dez White, Dustin Lyman, Reggie Austin, Frank Murphy, Paul Edinger, James Cotton, Michael Green","[""['Brian Urlacher', 'Mike Brown', 'Dez White', 'Dustin Lyman', 'Reggie Austin', 'Frank Murphy', 'Paul Edinger', 'James Cotton', 'Michael Green']""]","Brian Urlacher, Mike Brown, Dez White, Dustin Lyman, Reggie Austin, Frank Murphy, Paul Edinger, James Cotton, Michael Green 
","[['brian urlacher', 'mike brown', 'dez white', 'dustin lyman', 'reggie austin', 'frank murphy', 'paul edinger', 'james cotton', 'michael green']]","brian urlacher, mike brown, dez white, dustin lyman, reggie austin, frank murphy, paul edinger, james cotton, michael green",100.0,100.0
76,76,76,76,76,76,"['who did the chicago bears draft in 2000?', 'of the players drafted by the chicago bears in 2000, which attended the same college?']","Decomposition:
1. Find the row(s) corresponding to the Chicago Bears' draft picks in 2000. 
2. Identify the names and colleges of the players drafted by the Chicago Bears in 2000.
3. Determine which players attended the same college.

Answers:
- Chicago Bears' draft picks in 2000:
    Pick | Name | Position | College
    1 | 9 | Brian Urlacher | S | New Mexico
    2 | 39 | Mike Brown | S | Nebraska
    3 | 69 | Dez White | WR | Georgia Tech
    3 | 87 | Dustin Lyman | TE | Wake Forest
    4 | 125 | Reggie Austin | DB | Wake Forest
    6 | 170 | Frank Murphy | WR | Kansas State
    6 | 174 | Paul Edinger | K | Michigan State
    7 | 223 | James Cotton | DE | Ohio State
    7 | 254 | Michael Green | S | Northwestern State

- Players drafted by the Chicago Bears in 2000 and their colleges:
    - Brian Urlacher: New Mexico
    - Mike Brown: Nebraska
    - Dez White: Georgia Tech
    - Dustin Lyman: Wake Forest
    - Reggie Austin: Wake Forest
    - Frank Murphy: Kansas State
    - Paul Edinger: Michigan State
    - James Cotton: Ohio State
    - Michael Green: Northwestern State

- Players who attended the same college among those drafted by the Chicago Bears in 2000:
  - The players Reggie Austin and Dustin Lyman both attended Wake Forest college.

Final Answer:
The player Reggie Austin and Dustin Lyman attended Wake Forest college.","[""['Brian Urlacher', 'Mike Brown', 'Dez White', 'Dustin Lyman', 'Reggie Austin', 'Frank Murphy', 'Paul Edinger', 'James Cotton', 'Michael Green']"", ""['Dustin Lyman', 'Reggie Austin']""]","Reggie Austin, Dustin Lyman 
","[['brian urlacher', 'mike brown', 'dez white', 'dustin lyman', 'reggie austin', 'frank murphy', 'paul edinger', 'james cotton', 'michael green'], ['dustin lyman', 'reggie austin']]","reggie austin, dustin lyman",30.76923076923077,0.0
77,77,77,77,77,77,['who were all of the opponents the buffalo bandits played during their 2007 season?'],"Decomposition:
- Identify the rows for all the games in the Buffalo Bandits 2007 season.
- Extract the 'Opponent' column for these rows.
- Compile the extracted opponents into a list.

Answers:
- The opponents in the Buffalo Bandits 2007 season are: Portland LumberJax, New York Titans, Colorado Mammoth, Minnesota Swarm, Toronto Rock, Chicago Shamrox, Philadelphia Wings, Minnesota Swarm, New York Titans, Colorado Mammoth, Chicago Shamrox, Arizona Sting, Rochester Knighthawks, Rochester Knighthawks.
- List of opponents: ['Portland LumberJax', 'New York Titans', 'Colorado Mammoth', 'Minnesota Swarm', 'Toronto Rock', 'Chicago Shamrox', 'Philadelphia Wings', 'Minnesota Swarm', 'New York Titans', 'Colorado Mammoth', 'Chicago Shamrox', 'Arizona Sting', 'Rochester Knighthawks', 'Rochester Knighthawks']

Final answer: ['Portland LumberJax', 'New York Titans', 'Colorado Mammoth', 'Minnesota Swarm', 'Toronto Rock', 'Chicago Shamrox', 'Philadelphia Wings', 'Minnesota Swarm', 'New York Titans', 'Colorado Mammoth', 'Chicago Shamrox', 'Arizona Sting', 'Rochester Knighthawks', 'Rochester Knighthawks']","[""['@ Portland LumberJax', 'New York Titans', '@ Colorado Mammoth', 'Minnesota Swarm', 'Toronto Rock', '@ Toronto Rock', '@ Chicago Shamrox', '@ Philadelphia Wings', 'Philadelphia Wings', '@ Minnesota Swarm', '@ New York Titans', 'Colorado Mammoth', 'Chicago Shamrox', 'Arizona Sting', 'Rochester Knighthawks', '@ Rochester Knighthawks']""]","['Portland LumberJax', 'New York Titans', 'Colorado Mammoth', 'Minnesota Swarm', 'Toronto Rock', 'Chicago Shamrox', 'Philadelphia Wings', 'Arizona Sting', 'Rochester Knighthawks'] 
","[['@ portland lumberjax', 'new york titans', '@ colorado maoth', 'minnesota swarm', 'toronto rock', '@ toronto rock', '@ chicago shamrox', '@ philadelphia wings', 'philadelphia wings', '@ minnesota swarm', '@ new york titans', 'colorado maoth', 'chicago shamrox', 'arizona sting', 'rochester knighthawks', '@ rochester knighthawks']]","['portland lumberjax', 'new york titans', 'colorado maoth', 'minnesota swarm', 'toronto rock', 'chicago shamrox', 'philadelphia wings', 'arizona sting', 'rochester knighthawks']",71.69811320754718,0.0
78,78,78,78,78,78,"['what was the attendance during this season?', 'what was the score of the game on january 12, 2007?', 'of these games, the new york titans game was the most heavily attended. what was the attendance on that day?', 'and so what were the overall wins and losses for the buffalo bandits during the 2007 season?']","Decomposition:
- Identify the rows that pertain to attendance.
- Extract the 'Attendance' column for these rows.
- Calculate the total attendance for the season.
- Identify the row for the game on January 12, 2007.
- Extract the 'Score' for that specific game.
- Identify the game with the highest attendance.
- Extract the attendance for that specific game.
- Calculate the total wins and losses for the Buffalo Bandits during the 2007 season.

Answers:
- The total attendance for the season is the sum of attendance values from all games.
- The score of the game on January 12, 2007, was 16-14.
- The game with the highest attendance was the New York Titans game on January 12, 2007, with an attendance of 18,690.
- The overall wins and losses for the Buffalo Bandits during the 2007 season were 10 wins and 6 losses.

Final Answers:
- Total attendance during the season: Sum of attendance from all games.
- Score of the game on January 12, 2007: 16-14.
- Attendance for the most heavily attended game: 18,690.
- Overall wins and losses for the Buffalo Bandits during the 2007 season: 10 wins and 6 losses.","[""['8,437', '18,690', '16,523', '12,883', '13,659', '15,471', '5,010', '12,688', '14,882', '7,504', '7,012', '15,156', '16,228', '13,492', '15,334', '11,200']"", ""['W 16-14']"", ""['18,690']"", ""['10-6']""]","'Sum of attendance from all games', '16-14', '18,690', '10 wins and 6 losses' 
","[['8,437', '18,690', '16,523', '12,883', '13,659', '15,471', '5,010', '12,688', '14,882', '7,504', '7,012', '15,156', '16,228', '13,492', '15,334', '11,200'], ['w 16-14'], ['18,690'], ['10-6']]","sum of at10dance from all games', '16-14', '18,690', '10 wins and 6 losses",12.121212121212123,0.0
79,79,79,79,79,79,['what are all of the listed seasons?'],"Decomposition:
- Identify all listed seasons.
- List the identified seasons.

Answers:
- Answer to subquestion: The listed seasons are: 1988/89, 1989/90, 1990/91, 1991/92, 1992/93, 1993/94, 1994/95, 1995/96, 1996/97, 1997/98, 1998/99.
- Final answer: ['1988/89', '1989/90', '1990/91', '1991/92', '1992/93', '1993/94', '1994/95', '1995/96', '1996/97', '1997/98', '1998/99']","[""['1988/89', '1989/90', '1990/91', '1991/92', '1992/93', '1993/94', '1994/95', '1995/96', '1996/97', '1997/98', '1998/99']""]","['1988/89', '1989/90', '1990/91', '1991/92', '1992/93', '1993/94', '1994/95', '1995/96', '1996/97', '1997/98', '1998/99'] 
","[['1988/89', '1989/90', '1990/91', '1991/92', '1992/93', '1993/94', '1994/95', '1995/96', '1996/97', '1997/98', '1998/99']]","['1988/89', '1989/90', '1990/91', '1991/92', '1992/93', '1993/94', '1994/95', '1995/96', '1996/97', '1997/98', '1998/99']",100.0,100.0
80,80,80,80,80,80,['how many times did planencia place 2nd?'],"Decomposition:  
- Identify the rows where Planencia placed 2nd.  
- Count the number of times Planencia placed 2nd.

Answers:  
- The relevant rows where Planencia placed 2nd are:
  - 1996/97 | 4 | 3a | 2nd
- Planencia placed 2nd only once.

Final answer: 1 time.","[""['2nd']""]","1 time 
",[['2']],1,0.0,0.0
81,81,81,81,81,81,"['what places did palencia come out through the years?', 'what was the placement during those years?', 'what year was that?', 'and which season had a placement of 2nd?']","Decomposition:
- Identify the rows corresponding to Palencia. (independent)
- Extract the 'Place' column for these rows. (depends on previous step)
- Extract the 'Season' and 'Division' columns for these rows. (depends on previous step)
- Identify the row with a placement of 2nd. (independent)

Answers:
- Answer to the first subquestion: Palencia's placements were:
   1989/90 | 1st
   1996/97 | 2nd
   1997/98 | 1st
- Answer to the second subquestion: The placements during those years were: 1st, 2nd, 1st
- Answer to the third subquestion: The corresponding years were: 1989/90, 1996/97, 1997/98
- Answer to the fourth subquestion: The season that had a placement of 2nd was: 1996/97

Final Answer:
- Palencia came out in the years 1989/90, 1996/97, and 1997/98 with placements of 1st, 2nd, and 1st, respectively. The season 1996/97 had a placement of 2nd.","[""['3rd', '1st', '6th', '12th', '4th', '15th', '9th', '19th', '2nd', '1st', '6th']"", ""['3rd', '1st', '6th', '12th', '4th', '15th', '9th', '19th', '2nd', '1st', '6th']"", ""['1996/97']"", ""['1996/97']""]","['1989/90', '1996/97', '1997/98'] 
","[['3', '1', '6', '12', '4', '15', '9', '19', '2', '1', '6'], ['3', '1', '6', '12', '4', '15', '9', '19', '2', '1', '6'], ['1996/97'], ['1996/97']]","['1989/90', '1996/97', '1997/98']",7.4074074074074066,0.0
82,82,82,82,82,82,['which players are listed in the 1981 nhl entry draft?'],"Decomposition:
1. Identify the rows that list players drafted in the 1981 NHL Entry Draft.
2. Extract the 'Player' names for these rows.
3. Compile the extracted names into a list.

Answers:
- Answer to subquestion 1: The players listed in the 1981 NHL Entry Draft are:
  148 | Dan McFall | Defence | United States | Winnipeg Jets | Buffalo Jr. Sabres (NAJHL)
  149 | Rick Zombo | Defence | United States | Detroit Red Wings | Austin Mavericks (USHL)
  150 | Tony Arima | Left Wing | Finland | Colorado Rockies | Jokerit (Finland)
  151 | Denis Dore | Right Wing | Canada | Hartford Whalers | Chicoutimi Sagueneens (QMJHL)
  152 | Gaetan Duchesne | Left Wing | Canada | Washington Capitals | Quebec Remparts (QMJHL)
  153 | Richard Turmel | Defence | Canada | Toronto Maple Leafs | Shawinigan Cataractes (QMJHL)
  154 | Mitch Lamoureux | Centre | Canada | Pittsburgh Penguins | Oshawa Generals (OMJHL)
  155 | Mike Sturgeon | Defence | Canada | Edmonton Oilers | Kelowna Buckaroos (BCJHL)
  156 | Ari Lahteenmaki | Right Wing | Finland | New York Rangers | HIFK (Finland)
  157 | Petri Skriko | Right Wing | Finland | Vancouver Canucks | Saipa (Finland)
  158 | Andre Cote | Right Wing | Canada | Quebec Nordiques | Quebec Remparts (QMJHL)
  159 | Johan Mellstrom | Left Wing | Sweden | Chicago Black Hawks | Falun (Sweden)
  160 | Kari Kanervo | Centre | Finland | Minnesota North Stars | TPS (Finland)
  161 | Armel Parisee | Defence | Canada | Boston Bruins | Chicoutimi Sagueneens (QMJHL)
  162 | Dale DeGray | Defence | Canada | Calgary Flames | Oshawa Generals (OMJHL)
  163 | Steve Taylor | Left Wing | United States | Philadelphia Flyers | Providence College (ECAC)
  164 | Gates Orlando | Centre | Canada | Buffalo Sabres | Providence College (ECAC)
  165 | Dan Brennan | Left Wing | Canada | Los Angeles Kings | University of North Dakota (WCHA)
  166 | Paul Gess | Left Wing | United States | Montreal Canadiens | Bloomington Jefferson High School (USHS-MN)
  167 | Alain Vigneault | Defence | Canada | St. Louis Blues | Trois-Rivieres Draveurs (QMJHL)
  168 | Bill Dowd | Defence | Canada | New York Islanders | Ottawa 67's (OMJHL)
- Answer to subquestion 2: The players listed in the 1981 NHL Entry Draft are: Dan McFall, Rick Zombo, Tony Arima, Denis Dore, Gaetan Duchesne, Richard Turmel, Mitch Lamoureux, Mike Sturgeon, Ari Lahteenmaki, Petri Skriko, Andre Cote, Johan Mellstrom, Kari Kanervo, Armel Parisee, Dale DeGray, Steve Taylor, Gates Orlando, Dan Brennan, Paul Gess, Alain Vigneault, Bill Dowd
- Answer to subquestion 3: The players listed in the 1981 NHL Entry Draft are: [Dan McFall, Rick Zombo, Tony Arima, Denis Dore, Gaetan Duchesne, Richard Turmel, Mitch Lamoureux, Mike Sturgeon, Ari Lahteenmaki, Petri Skriko, Andre Cote, Johan Mellstrom, Kari Kanervo, Armel Parisee, Dale DeGray, Steve Taylor, Gates Orlando, Dan Brennan, Paul Gess, Alain Vigneault, Bill Dowd]

Final Answer: [Dan McFall, Rick Zombo, Tony Arima, Denis Dore, Gaetan Duchesne, Richard Turmel, Mitch Lamoureux, Mike Sturgeon, Ari Lahteenmaki, Petri Skriko, Andre Cote, Johan Mellstrom, Kari Kanervo, Armel Parisee, Dale DeGray, Steve Taylor, Gates Orlando, Dan Brennan, Paul Gess, Alain Vigneault, Bill Dowd]","[""['Dan McFall', 'Rick Zombo', 'Tony Arima', 'Denis Dore', 'Gaetan Duchesne', 'Richard Turmel', 'Mitch Lamoureux', 'Mike Sturgeon', 'Ari Lahteenmaki', 'Petri Skriko', 'Andre Cote', 'Johan Mellstrom', 'Kari Kanervo', 'Armel Parisee', 'Dale DeGray', 'Steve Taylor', 'Gates Orlando', 'Dan Brennan', 'Paul Gess', 'Alain Vigneault', 'Bill Dowd']""]","[Dan McFall, Rick Zombo, Tony Arima, Denis Dore, Gaetan Duchesne, Richard Turmel, Mitch Lamoureux, Mike Sturgeon, Ari Lahteenmaki, Petri Skriko, Andre Cote, Johan Mellstrom, Kari Kanervo, Armel Parisee, Dale DeGray, Steve Taylor, Gates Orlando, Dan Brennan, Paul Gess, Alain Vigneault, Bill Dowd] 
","[['dan mcfall', 'rick zombo', 'tony arima', 'denis dore', 'gaetan duchesne', 'richard turmel', 'mitch lamoureux', 'mike sturgeon', 'ari lahteenmaki', 'petri skriko', 'andre cote', 'johan mellstrom', 'kari kanervo', 'armel parisee', 'dale degray', 'steve taylor', 'gates orlando', 'dan brennan', 'paul gess', 'alain vigneault', 'bill dowd']]","[dan mcfall, rick zombo, tony arima, denis dore, gaetan duchesne, richard turmel, mitch lamoureux, mike sturgeon, ari lahteenmaki, petri skriko, andre cote, johan mellstrom, kari kanervo, armel parisee, dale degray, steve taylor, gates orlando, dan brennan, paul gess, alain vigneault, bill dowd]",100.0,100.0
83,83,83,83,83,83,['what are the home teams of the 2002-03 fa cup?'],"Decomposition:
- Identify the rows representing matches from the 2002-03 FA Cup.
- Extract the 'Home team' column for these matches.
- Compile the extracted 'Home team' values into a list.

Answers:
- The relevant rows for the 2002-03 FA Cup are:
  1 | Rochdale | 2 - 0 | Coventry City | 25 January 2003 | 
  2 | Southampton | 1 - 1 | Millwall | 25 January 2003 | 23,809
  Replay | Millwall | 1 - 2 | Southampton | 5 February 2003 | 10,197
  3 | Watford | 1 - 0 | West Bromwich Albion | 25 January 2003 | 16,975
  4 | Walsall | 2 - 0 | Wimbledon | 25 January 2003 | 6,693
  5 | Gillingham | 1 - 1 | Leeds United | 25 January 2003 | 11,093
  Replay | Leeds United | 2 - 1 | Gillingham | 4 February 2003 | 29,359
  6 | Blackburn Rovers | 3 - 3 | Sunderland | 25 January 2003 | 14,315
  Replay | Sunderland | 2 - 2 | Blackburn Rovers | 5 February 2003 | 15,745
  7 | Wolverhampton Wanderers | 4 - 1 | Leicester City | 25 January 2003 | 28,164
  8 | Shrewsbury Town | 0 - 4 | Chelsea | 26 January 2003 | 7,950
  9 | Sheffield United | 4 - 3 | Ipswich Town | 25 January 2003 | 12,757
  10 | Fulham | 3 - 0 | Charlton Athletic | 26 January 2003 | 12,203
  11 | Brentford | 0 - 3 | Burnley | 25 January 2003 | 9,563
  12 | Manchester United | 6 - 0 | West Ham United | 26 January 2003 | 67,181
  13 | Norwich City | 1 - 0 | Dagenham & Redbridge | 25 January 2003 | 21,164
  14 | Crystal Palace | 0 - 0 | Liverpool | 26 January 2003 | 26,054
  Replay | Liverpool | 0 - 2 | Crystal Palace | 5 February 2003 | 35,109
  15 | Farnborough Town | 1 - 5 | Arsenal | 25 January 2003 | 35,108
  16 | Stoke City | 3 - 0 | Bournemouth | 26 January 2003 | 12,004
- The 'Home team' values for the 2002-03 FA Cup matches are: Rochdale, Southampton, Watford, Walsall, Gillingham, Blackburn Rovers, Wolverhampton Wanderers, Shrewsbury Town, Sheffield United, Fulham, Brentford, Manchester United, Norwich City, Crystal Palace, Farnborough Town, Stoke City

Final Answer: ['Rochdale', 'Southampton', 'Watford', 'Walsall', 'Gillingham', 'Blackburn Rovers', 'Wolverhampton Wanderers', 'Shrewsbury Town', 'Sheffield United', 'Fulham', 'Brentford', 'Manchester United', 'Norwich City', 'Crystal Palace', 'Farnborough Town', 'Stoke City']","[""['Rochdale', 'Southampton', 'Millwall', 'Watford', 'Walsall', 'Gillingham', 'Leeds United', 'Blackburn Rovers', 'Sunderland', 'Wolverhampton Wanderers', 'Shrewsbury Town', 'Sheffield United', 'Fulham', 'Brentford', 'Manchester United', 'Norwich City', 'Crystal Palace', 'Liverpool', 'Farnborough Town', 'Stoke City']""]","['Rochdale', 'Southampton', 'Watford', 'Walsall', 'Gillingham', 'Blackburn Rovers', 'Wolverhampton Wanderers', 'Shrewsbury Town', 'Sheffield United', 'Fulham', 'Brentford', 'Manchester United', 'Norwich City', 'Crystal Palace', 'Farnborough Town', 'Stoke City'] 
","[['rochdale', 'southampton', 'millwall', 'watford', 'walsall', 'gillingham', 'leeds united', 'blackburn rovers', 'sunderland', 'wolverhampton wanderers', 'shrewsbury town', 'sheffield united', 'fulham', 'brentford', 'manchester united', 'norwich city', 'crystal palace', 'liverpool', 'farnborough town', 'stoke city']]","['rochdale', 'southampton', 'watford', 'walsall', 'gillingham', 'blackburn rovers', 'wolverhampton wanderers', 'shrewsbury town', 'sheffield united', 'fulham', 'brentford', 'manchester united', 'norwich city', 'crystal palace', 'farnborough town', 'stoke city']",90.9090909090909,0.0
84,84,84,84,84,84,['what are the listed nations of the 1956 winter olympics?'],"Decomposition:
1. Identify the rows that correspond to the 1956 Winter Olympics.
2. Extract the 'Nation' column for these rows.
3. Compile the extracted 'Nation' values into a list.

Answers:
Answer to sq1: The relevant rows for the 1956 Winter Olympics are:
  2 | Austria | 4 | 3 | 4 | 11
  3 | Finland | 3 | 3 | 1 | 7
  4 | Switzerland | 3 | 2 | 1 | 6
  5 | Sweden | 2 | 4 | 4 | 10
  6 | United States | 2 | 3 | 2 | 7
  7 | Norway | 2 | 1 | 1 | 4
  8 | Italy | 1 | 2 | 0 | 3
  9 | Germany | 1 | 0 | 1 | 2
  10 | Canada | 0 | 1 | 2 | 3

Answer to sq2: The 'Nation' values for the 1956 Winter Olympics are: Austria, Finland, Switzerland, Sweden, United States, Norway, Italy, Germany, Canada

Answer to sq3: The listed nations of the 1956 Winter Olympics are: ['Austria', 'Finland', 'Switzerland', 'Sweden', 'United States', 'Norway', 'Italy', 'Germany', 'Canada']

Final Answer: ['Austria', 'Finland', 'Switzerland', 'Sweden', 'United States', 'Norway', 'Italy', 'Germany', 'Canada']","[""['Soviet Union', 'Austria', 'Finland', 'Switzerland', 'Sweden', 'United States', 'Norway', 'Italy', 'Germany', 'Canada']""]","['Austria', 'Finland', 'Switzerland', 'Sweden', 'United States', 'Norway', 'Italy', 'Germany', 'Canada'] 
","[['soviet union', 'austria', 'finland', 'switzerland', 'sweden', 'united states', 'norway', 'italy', 'germany', 'canada']]","['austria', 'finland', 'switzerland', 'sweden', 'united states', 'norway', 'italy', 'germany', 'canada']",90.9090909090909,0.0
85,85,85,85,85,85,['which nations competed in the 1956 winter olympics?'],"Decomposition:
1. Identify the rows corresponding to the 1956 Winter Olympics.
2. Extract the 'Nation' column for these rows.
3. Compile the extracted 'Nation' values into a list.

Answers:
- The nations that competed in the 1956 Winter Olympics are:
    * Soviet Union
    * Austria
    * Finland
    * Switzerland
    * Sweden
    * United States
    * Norway
    * Italy
    * Germany
    * Canada

Final Answer: [""Soviet Union"", ""Austria"", ""Finland"", ""Switzerland"", ""Sweden"", ""United States"", ""Norway"", ""Italy"", ""Germany"", ""Canada""]","[""['Soviet Union', 'Austria', 'Finland', 'Switzerland', 'Sweden', 'United States', 'Norway', 'Italy', 'Germany', 'Canada']""]","[""Soviet Union"", ""Austria"", ""Finland"", ""Switzerland"", ""Sweden"", ""United States"", ""Norway"", ""Italy"", ""Germany"", ""Canada""] 
","[['soviet union', 'austria', 'finland', 'switzerland', 'sweden', 'united states', 'norway', 'italy', 'germany', 'canada']]","[soviet union, austria, finland, switzerland, sweden, united states, norway, italy, germany, canada]",100.0,100.0
86,86,86,86,86,86,['which nations participated in the 1956 winter olympics?'],"Decomposition:
1. Identify the rows that correspond to the 1956 Winter Olympics. 
2. Extract the 'Nation' column for these rows.
3. Compile the extracted nations into a list.

Answers:
- The nations that participated in the 1956 Winter Olympics are: Austria, Finland, Switzerland, Sweden, United States, Norway, Italy, Germany, Canada.
- The list of nations that participated in the 1956 Winter Olympics is: ['Austria', 'Finland', 'Switzerland', 'Sweden', 'United States', 'Norway', 'Italy', 'Germany', 'Canada']","[""['Soviet Union', 'Austria', 'Finland', 'Switzerland', 'Sweden', 'United States', 'Norway', 'Italy', 'Germany', 'Canada']""]","['Austria', 'Finland', 'Switzerland', 'Sweden', 'United States', 'Norway', 'Italy', 'Germany', 'Canada'] 
","[['soviet union', 'austria', 'finland', 'switzerland', 'sweden', 'united states', 'norway', 'italy', 'germany', 'canada']]","['austria', 'finland', 'switzerland', 'sweden', 'united states', 'norway', 'italy', 'germany', 'canada']",90.9090909090909,0.0
87,87,87,87,87,87,['what are the nations who participated in the 1956 winter olympics?'],"decomposition: |
    sq1. Identify the rows that represent nations in the 1956 winter Olympics. (independent)
    sq2. Extract the 'Nation' column for these rows. (depends on sq1)
    sq3. Compile the extracted 'Nation' values into a list. (depends on sq2)
answers: |
    Answer to sq1: The nations that participated in the 1956 winter Olympics are:
      1 | Soviet Union | *7* | 3 | 6 | 16
      2 | Austria | 4 | 3 | 4 | 11
      3 | Finland | 3 | 3 | 1 | 7
      4 | Switzerland | 3 | 2 | 1 | 6
      5 | Sweden | 2 | 4 | 4 | 10
      6 | United States | 2 | 3 | 2 | 7
      7 | Norway | 2 | 1 | 1 | 4
      8 | Italy | 1 | 2 | 0 | 3
      9 | Germany | 1 | 0 | 1 | 2
      10 | Canada | 0 | 1 | 2 | 3
    Answer to sq2: The 'Nation' values for nations in the 1956 winter Olympics are: Soviet Union, Austria, Finland, Switzerland, Sweden, United States, Norway, Italy, Germany, Canada
    Answer to sq3: The nations that participated in the 1956 winter Olympics are: [""Soviet Union"", ""Austria"", ""Finland"", ""Switzerland"", ""Sweden"", ""United States"", ""Norway"", ""Italy"", ""Germany"", ""Canada""]
final_answer: [""Soviet Union"", ""Austria"", ""Finland"", ""Switzerland"", ""Sweden"", ""United States"", ""Norway"", ""Italy"", ""Germany"", ""Canada""]","[""['Soviet Union', 'Austria', 'Finland', 'Switzerland', 'Sweden', 'United States', 'Norway', 'Italy', 'Germany', 'Canada']""]","[""Soviet Union"", ""Austria"", ""Finland"", ""Switzerland"", ""Sweden"", ""United States"", ""Norway"", ""Italy"", ""Germany"", ""Canada""] 
","[['soviet union', 'austria', 'finland', 'switzerland', 'sweden', 'united states', 'norway', 'italy', 'germany', 'canada']]","[soviet union, austria, finland, switzerland, sweden, united states, norway, italy, germany, canada]",100.0,100.0
88,88,88,88,88,88,['what are all of the period years?'],"Decomposition:
- Identify all the period years listed in the table.
- Compile the period years into a list.

Answers:
- The period years listed in the table are:
  - 1950-1955
  - 1955-1960
  - 1960-1965
  - 1965-1970
  - 1970-1975
  - 1975-1980
  - 1980-1985
  - 1985-1990
  - 1990-1995
  - 1995-2000
  - 2000-2005
  - 2005-2010
- The list of all period years in the table is: [1950-1955, 1955-1960, 1960-1965, 1965-1970, 1970-1975, 1975-1980, 1980-1985, 1985-1990, 1990-1995, 1995-2000, 2000-2005, 2005-2010]

Final Answer: [1950-1955, 1955-1960, 1960-1965, 1965-1970, 1970-1975, 1975-1980, 1980-1985, 1985-1990, 1990-1995, 1995-2000, 2000-2005, 2005-2010]","[""['1950-1955', '1955-1960', '1960-1965', '1965-1970', '1970-1975', '1975-1980', '1980-1985', '1985-1990', '1990-1995', '1995-2000', '2000-2005', '2005-2010']""]","['1950-1955', '1955-1960', '1960-1965', '1965-1970', '1970-1975', '1975-1980', '1980-1985', '1985-1990', '1990-1995', '1995-2000', '2000-2005', '2005-2010'] 
","[['1950-1955', '1955-1960', '1960-1965', '1965-1970', '1970-1975', '1975-1980', '1980-1985', '1985-1990', '1990-1995', '1995-2000', '2000-2005', '2005-2010']]","['1950-1955', '1955-1960', '1960-1965', '1965-1970', '1970-1975', '1975-1980', '1980-1985', '1985-1990', '1990-1995', '1995-2000', '2000-2005', '2005-2010']",100.0,100.0
89,89,89,89,89,89,['what intervals of five years have a record of the demographics of niger?'],"Decomposition:
1. Identify the rows that correspond to the demographics of Niger.
2. Extract the intervals of five years from these rows.
3. Compile the extracted intervals into a list.

Answers:
Answer to sq1: The rows corresponding to the demographics of Niger are:
- 1950-1955
- 1955-1960
- 1960-1965
- 1965-1970
- 1970-1975
- 1975-1980
- 1980-1985
- 1985-1990
- 1990-1995
- 1995-2000
- 2000-2005
- 2005-2010

Answer to sq2: The intervals of five years that record the demographics of Niger are: 1950-1955, 1955-1960, 1960-1965, 1965-1970, 1970-1975, 1975-1980, 1980-1985, 1985-1990, 1990-1995, 1995-2000, 2000-2005, 2005-2010.

Answer to sq3: Intervals of five years with records of the demographics of Niger: [""1950-1955"", ""1955-1960"", ""1960-1965"", ""1965-1970"", ""1970-1975"", ""1975-1980"", ""1980-1985"", ""1985-1990"", ""1990-1995"", ""1995-2000"", ""2000-2005"", ""2005-2010""]

Final Answer: [""1950-1955"", ""1955-1960"", ""1960-1965"", ""1965-1970"", ""1970-1975"", ""1975-1980"", ""1980-1985"", ""1985-1990"", ""1990-1995"", ""1995-2000"", ""2000-2005"", ""2005-2010""]","[""['1950-1955', '1955-1960', '1960-1965', '1965-1970', '1970-1975', '1975-1980', '1980-1985', '1985-1990', '1990-1995', '1995-2000', '2000-2005', '2005-2010']""]","['1950-1955', '1955-1960', '1960-1965', '1965-1970', '1970-1975', '1975-1980', '1980-1985', '1985-1990', '1990-1995', '1995-2000', '2000-2005', '2005-2010'] 
","[['1950-1955', '1955-1960', '1960-1965', '1965-1970', '1970-1975', '1975-1980', '1980-1985', '1985-1990', '1990-1995', '1995-2000', '2000-2005', '2005-2010']]","['1950-1955', '1955-1960', '1960-1965', '1965-1970', '1970-1975', '1975-1980', '1980-1985', '1985-1990', '1990-1995', '1995-2000', '2000-2005', '2005-2010']",100.0,100.0
90,90,90,90,90,90,['what are all of the time periods?'],"Decomposition:
1. Identify all time periods listed in the table.
2. List out the time periods.

Answers:
- The time periods listed in the table are:
  - 1950-1955
  - 1955-1960
  - 1960-1965
  - 1965-1970
  - 1970-1975
  - 1975-1980
  - 1980-1985
  - 1985-1990
  - 1990-1995
  - 1995-2000
  - 2000-2005
  - 2005-2010

Final Answer: 
- Time periods: 1950-1955, 1955-1960, 1960-1965, 1965-1970, 1970-1975, 1975-1980, 1980-1985, 1985-1990, 1990-1995, 1995-2000, 2000-2005, 2005-2010","[""['1950-1955', '1955-1960', '1960-1965', '1965-1970', '1970-1975', '1975-1980', '1980-1985', '1985-1990', '1990-1995', '1995-2000', '2000-2005', '2005-2010']""]","['1950-1955', '1955-1960', '1960-1965', '1965-1970', '1970-1975', '1975-1980', '1980-1985', '1985-1990', '1990-1995', '1995-2000', '2000-2005', '2005-2010'] 
","[['1950-1955', '1955-1960', '1960-1965', '1965-1970', '1970-1975', '1975-1980', '1980-1985', '1985-1990', '1990-1995', '1995-2000', '2000-2005', '2005-2010']]","['1950-1955', '1955-1960', '1960-1965', '1965-1970', '1970-1975', '1975-1980', '1980-1985', '1985-1990', '1990-1995', '1995-2000', '2000-2005', '2005-2010']",100.0,100.0
91,91,91,91,91,91,['what were the number of deaths for each time period?'],"Decomposition:
1. Identify the rows that correspond to the number of deaths for each time period. (independent)
2. Extract the 'Deaths per year' column for these rows. (depends on sq1)
3. Compile the extracted values into a list. (depends on sq2)

Answers:
1. The relevant rows for the number of deaths for each time period are:
  - 1950-1955: 66,000
  - 1955-1960: 76,000
  - 1960-1965: 89,000
  - 1965-1970: 105,000
  - 1970-1975: 121,000
  - 1975-1980: 138,000
  - 1980-1985: 157,000
  - 1985-1990: 179,000
  - 1990-1995: 192,000
  - 1995-2000: 194,000
  - 2000-2005: 194,000
  - 2005-2010: 196,000

2. The 'Deaths per year' values for each time period are:
  - 66,000, 76,000, 89,000, 105,000, 121,000, 138,000, 157,000, 179,000, 192,000, 194,000, 194,000, 196,000

3. The number of deaths for each time period are: [66,000, 76,000, 89,000, 105,000, 121,000, 138,000, 157,000, 179,000, 192,000, 194,000, 194,000, 196,000]

Final Answer: [66,000, 76,000, 89,000, 105,000, 121,000, 138,000, 157,000, 179,000, 192,000, 194,000, 194,000, 196,000]","[""['66 000', '76 000', '89 000', '105 000', '121 000', '138 000', '157 000', '179 000', '192 000', '194 000', '194 000', '196 000']""]","[66,000, 76,000, 89,000, 105,000, 121,000, 138,000, 157,000, 179,000, 192,000, 194,000, 194,000, 196,000] 
","[['66 000', '76 000', '89 000', '105 000', '121 000', '138 000', '157 000', '179 000', '192 000', '194 000', '194 000', '196 000']]","[66,000, 76,000, 89,000, 105,000, 121,000, 138,000, 157,000, 179,000, 192,000, 194,000, 194,000, 196,000]",0.0,0.0
92,92,92,92,92,92,"['which periods had exactly 194 000 deaths per year?', 'and the deaths per year?', 'what was the least number of deaths for a time period?', 'which of these had more than 100,000 deaths per year?', 'how many deaths per year are recorded?', 'what year was there 229,000 live births?', 'what were the deaths per year for 1995-2000?', 'of the two periods with the same number of deaths which is closer to present day?', 'how many deaths per year for each period?', 'which period had the fewest deaths per year?', 'which period was the first to have over 100,000 deaths per year?', 'what about just during 1995-2000?']","Decomposition:
1. Identify the rows that had exactly 194,000 deaths per year.
2. Extract the 'Deaths per year' values for these rows.
3. Identify the least number of deaths for a time period.
4. Identify the periods with more than 100,000 deaths per year.
5. Find the total number of deaths per year for each period.
6. Find the year with 229,000 live births.
7. Find the deaths per year for the period 1995-2000.
8. Determine which of the periods with the same number of deaths is closer to the present day.
9. Determine the fewest deaths per year for a period.
10. Identify the first period to have over 100,000 deaths per year.

Answers:
1. The rows with exactly 194,000 deaths per year are:
- 2000-2005 | 194,000 deaths per year
2. The 'Deaths per year' values for this period are: 194,000
3. The least number of deaths for a time period is 96,000 deaths per year in the period 2005-2010.
4. The periods with more than 100,000 deaths per year are:
- 1970-1975 | 121,000 deaths per year
- 1975-1980 | 138,000 deaths per year
- 1980-1985 | 157,000 deaths per year
5. The total number of deaths per year for each period are:
- 1950-1955: 66,000
- 1955-1960: 76,000
- 1960-1965: 89,000
- 1965-1970: 105,000
- 1970-1975: 121,000
- 1975-1980: 138,000
- 1980-1985: 157,000
- 1985-1990: 179,000
- 1990-1995: 192,000
- 1995-2000: 194,000
- 2000-2005: 194,000
- 2005-2010: 196,000
6. The year with 229,000 live births is 1965-1970.
7. The deaths per year for 1995-2000 were 194,000.
8. The period closer to the present day with 194,000 deaths per year is 2000-2005.
9. The period with the fewest deaths per year is 2005-2010 with 196,000 deaths.
10. The first period to have over 100,000 deaths per year was 1970-1975.

Final Answer:
- ['2000-2005', '194,000 deaths per year']
- 194,000
- 96,000
- ['1970-1975', '1975-1980', '1980-1985']
- ['66,000', '76,000', '89,000', '105,000', '121,000', '138,000', '157,000', '179,000', '192,000', '194,000', '194,000', '196,000']
- 1965-1970
- 194,000
- 2000-2005
- 196,000
- 1970-1975","[""['1995-2000', '2000-2005']"", ""['66 000', '76 000', '89 000', '105 000', '121 000', '138 000', '157 000', '179 000', '192 000', '194 000', '194 000', '196 000']"", ""['66 000']"", ""['1965-1970', '1970-1975', '1975-1980', '1980-1985', '1985-1990', '1990-1995', '1995-2000', '2000-2005', '2005-2010']"", ""['66 000', '76 000', '89 000', '105 000', '121 000', '138 000', '157 000', '179 000', '192 000', '194 000', '194 000', '196 000']"", ""['1965-1970']"", ""['194 000']"", ""['2000-2005']"", ""['66 000', '76 000', '89 000', '105 000', '121 000', '138 000', '157 000', '179 000', '192 000', '194 000', '194 000', '196 000']"", ""['1950-1955']"", ""['1965-1970']"", ""['194 000']""]","['2000-2005', '194,000', '96,000', '1970-1975', '1975-1980', '1980-1985', '66,000', '76,000', '89,000', '105,000', '121,000', '138,000', '157,000', '179,000', '192,000', '194,000', '194,000', '196,000', '1965-1970', '194,000', '2000-2005', '196,000', '1970-1975'] 
","[['1995-2000', '2000-2005'], ['66 000', '76 000', '89 000', '105 000', '121 000', '138 000', '157 000', '179 000', '192 000', '194 000', '194 000', '196 000'], ['66 000'], ['1965-1970', '1970-1975', '1975-1980', '1980-1985', '1985-1990', '1990-1995', '1995-2000', '2000-2005', '2005-2010'], ['66 000', '76 000', '89 000', '105 000', '121 000', '138 000', '157 000', '179 000', '192 000', '194 000', '194 000', '196 000'], ['1965-1970'], ['194 000'], ['2000-2005'], ['66 000', '76 000', '89 000', '105 000', '121 000', '138 000', '157 000', '179 000', '192 000', '194 000', '194 000', '196 000'], ['1950-1955'], ['1965-1970'], ['194 000']]","['2000-2005', '194,000', '96,000', '1970-1975', '1975-1980', '1980-1985', '66,000', '76,000', '89,000', '105,000', '121,000', '138,000', '157,000', '179,000', '192,000', '194,000', '194,000', '196,000', '1965-1970', '194,000', '2000-2005', '196,000', '1970-1975']",10.344827586206897,0.0
93,93,93,93,93,93,['who are the 1949-50 huddersfield town f.c. season players?'],"Decomposition:
1. Identify the rows that represent players from the 1949-50 Huddersfield Town F.C. season.
2. Extract the 'Name' values for these players.
3. Compile the extracted 'Name' values into a list.

Answers:
Answer to sq1: The rows for players from the 1949-50 Huddersfield Town F.C. season are:
   - John Battye, Eddie Boot, Tom Briggs, Ronnie Burke, Charlie Gallogly, Jimmy Glazzard, Harold Hassall, Bill Hayes, George Hepplewhite, Bob Hesford, George Howe, Jack Howe, Donald Hunter, Joe Lynn, Don McEvoy, Johnny McKenna, Vic Metcalfe, Harry Mills, Lol Morgan, Albert Nightingale, Jack Percival, Arnold Rodgers, Conway Smith, Henry Stewart, Jeff Taylor, Ray Taylor, Jack Wheeler, Bill Whittaker, Harry Yates

Answer to sq2: The 'Name' values for players from the 1949-50 Huddersfield Town F.C. season are as listed in answer to sq1.
Answer to sq3: The players from the 1949-50 Huddersfield Town F.C. season are: ['John Battye', 'Eddie Boot', 'Tom Briggs', 'Ronnie Burke', 'Charlie Gallogly', 'Jimmy Glazzard', 'Harold Hassall', 'Bill Hayes', 'George Hepplewhite', 'Bob Hesford', 'George Howe', 'Jack Howe', 'Donald Hunter', 'Joe Lynn', 'Don McEvoy', 'Johnny McKenna', 'Vic Metcalfe', 'Harry Mills', 'Lol Morgan', 'Albert Nightingale', 'Jack Percival', 'Arnold Rodgers', 'Conway Smith', 'Henry Stewart', 'Jeff Taylor', 'Ray Taylor', 'Jack Wheeler', 'Bill Whittaker', 'Harry Yates']

Final Answer: 
['John Battye', 'Eddie Boot', 'Tom Briggs', 'Ronnie Burke', 'Charlie Gallogly', 'Jimmy Glazzard', 'Harold Hassall', 'Bill Hayes', 'George Hepplewhite', 'Bob Hesford', 'George Howe', 'Jack Howe', 'Donald Hunter', 'Joe Lynn', 'Don McEvoy', 'Johnny McKenna', 'Vic Metcalfe', 'Harry Mills', 'Lol Morgan', 'Albert Nightingale', 'Jack Percival', 'Arnold Rodgers', 'Conway Smith', 'Henry Stewart', 'Jeff Taylor', 'Ray Taylor', 'Jack Wheeler', 'Bill Whittaker', 'Harry Yates']","[""['John Battye', 'Eddie Boot', 'Tom Briggs', 'Ronnie Burke', 'Ian Duthie', 'Charlie Gallogly', 'Jimmy Glazzard', 'Harold Hassall', 'Bill Hayes', 'George Hepplewhite', 'Bob Hesford', 'George Howe', 'Jack Howe', 'Donald Hunter', 'Joe Lynn', 'Don McEvoy', 'Johnny McKenna', 'Vic Metcalfe', 'Harry Mills', 'Lol Morgan', 'Albert Nightingale', 'Jack Percival', 'Arnold Rodgers', 'Conway Smith', 'Henry Stewart', 'Jeff Taylor', 'Ray Taylor', 'Jack Wheeler', 'Bill Whittaker', 'Harry Yates']""]","['John Battye', 'Eddie Boot', 'Tom Briggs', 'Ronnie Burke', 'Charlie Gallogly', 'Jimmy Glazzard', 'Harold Hassall', 'Bill Hayes', 'George Hepplewhite', 'Bob Hesford', 'George Howe', 'Jack Howe', 'Donald Hunter', 'Joe Lynn', 'Don McEvoy', 'Johnny McKenna', 'Vic Metcalfe', 'Harry Mills', 'Lol Morgan', 'Albert Nightingale', 'Jack Percival', 'Arnold Rodgers', 'Conway Smith', 'Henry Stewart', 'Jeff Taylor', 'Ray Taylor', 'Jack Wheeler', 'Bill Whittaker', 'Harry Yates'] 
","[['john battye', 'eddie boot', 'tom briggs', 'ronnie burke', 'ian duthie', 'charlie gallogly', 'jiy glazzard', 'harold hassall', 'bill hayes', 'george hepplewhite', 'bob hesford', 'george howe', 'jack howe', 'donald hunter', 'joe lynn', 'don mcevoy', 'johnny mckenna', 'vic metcalfe', 'harry mills', 'lol morgan', 'albert nightingale', 'jack percival', 'arnold rodgers', 'conway smith', 'henry stewart', 'jeff taylor', 'ray taylor', 'jack wheeler', 'bill whittaker', 'harry yates']]","['john battye', 'eddie boot', 'tom briggs', 'ronnie burke', 'charlie gallogly', 'jiy glazzard', 'harold hassall', 'bill hayes', 'george hepplewhite', 'bob hesford', 'george howe', 'jack howe', 'donald hunter', 'joe lynn', 'don mcevoy', 'johnny mckenna', 'vic metcalfe', 'harry mills', 'lol morgan', 'albert nightingale', 'jack percival', 'arnold rodgers', 'conway smith', 'henry stewart', 'jeff taylor', 'ray taylor', 'jack wheeler', 'bill whittaker', 'harry yates']",98.3050847457627,0.0
94,94,94,94,94,94,"['which players were in the 1949-50 huddersfield town f.c. season?', 'of those which appeared the least number of times?', 'which of those played the least number of times?', 'of those two players who has more league appearances for 1949-50?']","Decomposition:
1. Identify the rows corresponding to the 1949-50 Huddersfield Town F.C. season.
2. Extract the 'Total Apps' column for these players.
3. Identify the player(s) with the least number of total appearances.
4. Determine which player among the least appearing players played the least number of times.
5. Compare the league appearances of the two players to find out who has more.

Answers:
Answer to subquestion 1: The players in the 1949-50 Huddersfield Town F.C. season are:
Ronnie Burke, Eddie Boot, Harold Hassall, Bob Hesford, George Hepplewhite, Jack Howe, Johnny McKenna, Vic Metcalfe, Albert Nightingale, Jack Percival, Arnold Rodgers, and Lol Morgan
Answer to subquestion 2: The 'Total Apps' values for these players are: 12, 39, 11, 6, 37, 21, 41, 42, 40, 7, 4, 6
Answer to subquestion 3: The player(s) with the least number of total appearances are: Ronnie Burke, Arnold Rodgers, and Lol Morgan
Answer to subquestion 4: The player among the least appearing players with the least number of total appearances is: Lol Morgan
Answer to subquestion 5: Comparing league appearances, Eddie Boot played the most league games with 38 appearances in the 1949-50 season.

Final Answer:
- Players with the least number of appearances in the 1949-50 season: Ronnie Burke, Arnold Rodgers, and Lol Morgan
- Among them, Lol Morgan played the least number of times.
- Eddie Boot had the most league appearances with 38 games in the 1949-50 season.","[""['John Battye', 'Eddie Boot', 'Tom Briggs', 'Ronnie Burke', 'Ian Duthie', 'Charlie Gallogly', 'Jimmy Glazzard', 'Harold Hassall', 'Bill Hayes', 'George Hepplewhite', 'Bob Hesford', 'George Howe', 'Jack Howe', 'Donald Hunter', 'Joe Lynn', 'Don McEvoy', 'Johnny McKenna', 'Vic Metcalfe', 'Harry Mills', 'Lol Morgan', 'Albert Nightingale', 'Jack Percival', 'Arnold Rodgers', 'Conway Smith', 'Henry Stewart', 'Jeff Taylor', 'Ray Taylor', 'Jack Wheeler', 'Bill Whittaker', 'Harry Yates']"", ""['Harry Yates']"", ""['Harry Yates']"", ""['John Battye']""]","Lol Morgan, Eddie Boot 
","[['john battye', 'eddie boot', 'tom briggs', 'ronnie burke', 'ian duthie', 'charlie gallogly', 'jiy glazzard', 'harold hassall', 'bill hayes', 'george hepplewhite', 'bob hesford', 'george howe', 'jack howe', 'donald hunter', 'joe lynn', 'don mcevoy', 'johnny mckenna', 'vic metcalfe', 'harry mills', 'lol morgan', 'albert nightingale', 'jack percival', 'arnold rodgers', 'conway smith', 'henry stewart', 'jeff taylor', 'ray taylor', 'jack wheeler', 'bill whittaker', 'harry yates'], ['harry yates'], ['harry yates'], ['john battye']]","lol morgan, eddie boot",11.428571428571429,0.0
95,95,95,95,95,95,"[""what conferences were part of the 1994 ncaa women's division i basketball tournament?""]","Decomposition:

1. Identify the rows corresponding to the 1994 NCAA Women's Division I Basketball Tournament. (independent)
2. Extract the 'Conference' column from these rows. (depends on sq1)
3. Compile the extracted conference names into a list. (depends on sq2)

Answers:

Answer to sq1: The conferences that were part of the 1994 NCAA Women's Division I Basketball Tournament are:
   Southeastern | 6 | 10-6 | .625 | 5 | 3 | 1 | 1 | -
   Big Ten | 5 | 9-5 | .643 | 4 | 2 | 2 | 1 | -
   Atlantic Coast | 3 | 9-2 | .818 | 3 | 2 | 1 | 1 | 1
   Atlantic 10 | 3 | 1-3 | .250 | 1 | - | - | - | -
   Sun Belt | 2 | 6-2 | .750 | 2 | 1 | 1 | 1 | 1

Answer to sq2: The 'Conference' values for the 1994 NCAA Women's Division I Basketball Tournament are:
   Southeastern, Big Ten, Atlantic Coast, Atlantic 10, Sun Belt

Answer to sq3: The conferences part of the 1994 NCAA Women's Division I Basketball Tournament are:
   [Southeastern, Big Ten, Atlantic Coast, Atlantic 10, Sun Belt]

Final Answer: [""Southeastern"", ""Big Ten"", ""Atlantic Coast"", ""Atlantic 10"", ""Sun Belt""]","[""['Southeastern', 'Big Ten', 'Pacific-10', 'Southwest', 'Big Eight', 'Atlantic Coast', 'Atlantic 10', 'Sun Belt', 'Big East', 'Metro', 'Missouri Valley', 'Big Sky', 'Big West', 'Great Midwest', 'Mid-Continent', 'West Coast', 'Colonial', 'Western Athletic']""]","[""Southeastern"", ""Big Ten"", ""Atlantic Coast"", ""Atlantic 10"", ""Sun Belt""] 
","[['southeastern', 'big 10', 'pacific-10', 'southwest', 'big 8', 'atlantic coast', 'atlantic 10', 'sun belt', 'big east', 'metro', 'missouri valley', 'big sky', 'big west', 'great midwest', 'mid-continent', 'west coast', 'colonial', 'western athletic']]","[southeastern, big 10, atlantic coast, atlantic 10, sun belt]",46.15384615384615,0.0
96,96,96,96,96,96,"[""what were all of the conferences in the 1994 ncaa women's division 1 basketball tournament?""]","Decomposition:
1. Identify the rows corresponding to the 1994 NCAA women's Division 1 basketball tournament. (independent)
2. Extract the 'Conference' values for these rows. (depends on sq1)
3. Compile the extracted 'Conference' values into a list. (depends on sq2)

Answers:
Answer to subquestion 1: The relevant rows for the 1994 NCAA women's Division 1 basketball tournament are:
   Southwest | 4 | 5-4 | .556 | 3 | 2 | - | -
   Big Eight | 4 | 3-4 | .429 | 2 | 1 | - | -
   Atlantic Coast | 3 | 9-2 | .818 | 3 | 2 | 1 | 1 | 1
   Atlantic 10 | 3 | 1-3 | .250 | 1 | - | - | -
   Sun Belt | 2 | 6-2 | .750 | 2 | 1 | 1 | 1 | 1
   Big East | 2 | 5-2 | .714 | 2 | 2 | 1 | -

Answer to subquestion 2: The 'Conference' values for the 1994 NCAA women's Division 1 basketball tournament are: 
   Southwest, Big Eight, Atlantic Coast, Atlantic 10, Sun Belt, Big East

Answer to subquestion 3: The conferences in the 1994 NCAA women's Division 1 basketball tournament were: 
   [""Southwest"", ""Big Eight"", ""Atlantic Coast"", ""Atlantic 10"", ""Sun Belt"", ""Big East""]

Final Answer: [""Southwest"", ""Big Eight"", ""Atlantic Coast"", ""Atlantic 10"", ""Sun Belt"", ""Big East""]","[""['Southeastern', 'Big Ten', 'Pacific-10', 'Southwest', 'Big Eight', 'Atlantic Coast', 'Atlantic 10', 'Sun Belt', 'Big East', 'Metro', 'Missouri Valley', 'Big Sky', 'Big West', 'Great Midwest', 'Mid-Continent', 'West Coast', 'Colonial', 'Western Athletic']""]","[""Southwest"", ""Big Eight"", ""Atlantic Coast"", ""Atlantic 10"", ""Sun Belt"", ""Big East""] 
","[['southeastern', 'big 10', 'pacific-10', 'southwest', 'big 8', 'atlantic coast', 'atlantic 10', 'sun belt', 'big east', 'metro', 'missouri valley', 'big sky', 'big west', 'great midwest', 'mid-continent', 'west coast', 'colonial', 'western athletic']]","[southwest, big 8, atlantic coast, atlantic 10, sun belt, big east]",53.658536585365844,0.0
97,97,97,97,97,97,"[""what are the conferences of the 1994 ncaa women's division i basketball tournament?""]","Decomposition:
1. Identify the rows that correspond to the 1994 NCAA Women's Division I Basketball Tournament. (independent)
2. Extract the 'Conference' column for these rows. (depends on sq1)
3. Compile the extracted values into a list. (depends on sq2)

Answers:
Answer to sq1: The relevant rows for the 1994 NCAA Women's Division I Basketball Tournament are:
   Atlantic Coast | 3 | 9-2 | .818 | 3 | 2 | 1 | 1 | 1
   Atlantic 10 | 3 | 1-3 | .250 | 1 | - | - | - | -
Answer to sq2: The 'Conference' values for the 1994 NCAA Women's Division I Basketball Tournament are: Atlantic Coast, Atlantic 10
Answer to sq3: The conferences of the 1994 NCAA Women's Division I Basketball Tournament are: [""Atlantic Coast"", ""Atlantic 10""]

Final Answer: [""Atlantic Coast"", ""Atlantic 10""]","[""['Southeastern', 'Big Ten', 'Pacific-10', 'Southwest', 'Big Eight', 'Atlantic Coast', 'Atlantic 10', 'Sun Belt', 'Big East', 'Metro', 'Missouri Valley', 'Big Sky', 'Big West', 'Great Midwest', 'Mid-Continent', 'West Coast', 'Colonial', 'Western Athletic']""]","[""Atlantic Coast"", ""Atlantic 10""] 
","[['southeastern', 'big 10', 'pacific-10', 'southwest', 'big 8', 'atlantic coast', 'atlantic 10', 'sun belt', 'big east', 'metro', 'missouri valley', 'big sky', 'big west', 'great midwest', 'mid-continent', 'west coast', 'colonial', 'western athletic']]","[atlantic coast, atlantic 10]",23.52941176470588,0.0
98,98,98,98,98,98,"[""which teams played in the 1994 ncaa women's division basketball tournament?""]","Decomposition:
sq1. Identify the rows that played in the 1994 NCAA women's Division basketball tournament.
sq2. Extract the 'Conference' column for these rows.
sq3. Compile the extracted 'Conference' values into a list.

Answers:
Answer to sq1: The relevant rows for the teams that played in the 1994 NCAA women's Division basketball tournament are:
  - Southeastern
  - Big Ten
  - Pacific-10
  - Southwest
  - Big Eight
  - Atlantic Coast
  - Atlantic 10
  - Sun Belt
  - Big East
  - Metro
  - Missouri Valley
  - Big Sky
  - Colonial
  - Western Athletic
Answer to sq2: The 'Conference' values for the teams that played in the 1994 NCAA women's Division basketball tournament are: Southeastern, Big Ten, Pacific-10, Southwest, Big Eight, Atlantic Coast, Atlantic 10, Sun Belt, Big East, Metro, Missouri Valley, Big Sky, Colonial, Western Athletic
Answer to sq3: The teams that played in the 1994 NCAA women's Division basketball tournament are: Southeastern, Big Ten, Pacific-10, Southwest, Big Eight, Atlantic Coast, Atlantic 10, Sun Belt, Big East, Metro, Missouri Valley, Big Sky, Colonial, Western Athletic

Final answer: [""Southeastern"", ""Big Ten"", ""Pacific-10"", ""Southwest"", ""Big Eight"", ""Atlantic Coast"", ""Atlantic 10"", ""Sun Belt"", ""Big East"", ""Metro"", ""Missouri Valley"", ""Big Sky"", ""Colonial"", ""Western Athletic""]","[""['Southeastern', 'Big Ten', 'Pacific-10', 'Southwest', 'Big Eight', 'Atlantic Coast', 'Atlantic 10', 'Sun Belt', 'Big East', 'Metro', 'Missouri Valley', 'Big Sky', 'Big West', 'Great Midwest', 'Mid-Continent', 'West Coast', 'Colonial', 'Western Athletic']""]","[""Southeastern"", ""Big Ten"", ""Pacific-10"", ""Southwest"", ""Big Eight"", ""Atlantic Coast"", ""Atlantic 10"", ""Sun Belt"", ""Big East"", ""Metro"", ""Missouri Valley"", ""Big Sky"", ""Colonial"", ""Western Athletic""] 
","[['southeastern', 'big 10', 'pacific-10', 'southwest', 'big 8', 'atlantic coast', 'atlantic 10', 'sun belt', 'big east', 'metro', 'missouri valley', 'big sky', 'big west', 'great midwest', 'mid-continent', 'west coast', 'colonial', 'western athletic']]","[southeastern, big 10, pacific-10, southwest, big 8, atlantic coast, atlantic 10, sun belt, big east, metro, missouri valley, big sky, colonial, western athletic]",86.7924528301887,0.0
99,99,99,99,99,99,['what were the records of the 1994 tournament?'],"Decomposition:
- Identify the row that represents the 1994 tournament.
- Extract the 'Record' value from this row.

Answers:
- The row representing the 1994 tournament is:
  Great Midwest | 2 | 0-2 | - | - | - | - | -
- The record of the 1994 tournament was: 0-2

Final Answer:
- The record of the 1994 tournament was 0-2.","[""['10-6', '9-5', '8-5', '5-4', '3-4', '9-2', '1-3', '6-2', '5-2', '2-2', '2-2', '1-2', '0-2', '0-2', '0-2', '0-2', '1-1', '1-1']""]","0-2 
","[['10-6', '9-5', '8-5', '5-4', '3-4', '9-2', '1-3', '6-2', '5-2', '2-2', '2-2', '1-2', '0-2', '0-2', '0-2', '0-2', '1-1', '1-1']]",0-2,10.526315789473683,0.0
100,100,100,100,100,100,['which college/junior/club team were in the 1989 nhl entry draft?'],"Decomposition:
1. Identify the rows that correspond to the 1989 NHL entry draft.
2. Extract the 'College/junior/club team' column for these rows.
3. Compile the extracted values into a list.

Answers:
- The relevant rows for the 1989 NHL entry draft are:
  148 | Paul Krake | Goalie | Canada | Quebec Nordiques | University of Alaska Anchorage (NCAA)
  149 | Phil Huber | Center | Canada | New York Islanders | Kamloops Blazers (WHL)
  150 | Derek Langille | Defense | Canada | Toronto Maple Leafs | North Bay Centennials (OHL)
  151 | Jim Solly | Left Wing | Canada | Winnipeg Jets | Bowling Green State University (NCAA)
  153 | Milan Tichy | Defense | Czechoslovakia | Chicago Blackhawks | Prince Albert Raiders (WHL)
  154 | Jon Pratt | Left Wing | United States | Minnesota North Stars | Pingree High School (USHS-MA)
  155 | Rob Sangster | Left Wing | Canada | Vancouver Canucks | Kitchener Rangers (OHL)
  156 | Kevin Plager | Right Wing | United States | St. Louis Blues | Parkway North High School (USHS-MO)
  157 | Raymond Saumier | Right Wing | Canada | Hartford Whalers | Trois Rivieres Draveurs (QMJHL)
  158 | Andy Suhy | Defense | United States | Detroit Red Wings | Western Michigan University (NCAA)
  159 | Sverre Sears | Defense | United States | Philadelphia Flyers | Princeton University (NCAA)
  160 | Greg Spenrath | Defense | Canada | New York Rangers | Tri-City Americans (WHL)
  161 | Derek Plante | Center | United States | Buffalo Sabres | Cloquet High School (USHS-MN)
  162 | Darcy Martini | Defense | Canada | Edmonton Oilers | Michigan Technological University (NCAA)
  163 | David Shute | Left Wing | United States | Pittsburgh Penguins | Victoria Cougars (WHL)
  164 | Rick Allain | Defense | Canada | Boston Bruins | Kitchener Rangers (OHL)
  165 | Sean Whyte | Right Wing | Canada | Los Angeles Kings | Guelph Platers (OHL)
  166 | Dean Holoien | Right Wing | Canada | Washington Capitals | Saskatoon Blades (WHL)
  167 | Patrick Lebeau | Left Wing | Canada | Montreal Canadiens | St-Jean Lynx (QMJHL)
  168 | Kevin Wortman | Defense | United States | Calgary Flames | American International College (NCAA)

- The 'College/junior/club team' values for the 1989 NHL entry draft are:
  University of Alaska Anchorage (NCAA), Kamloops Blazers (WHL), North Bay Centennials (OHL), Bowling Green State University (NCAA), Prince Albert Raiders (WHL),
  Pingree High School (USHS-MA), Kitchener Rangers (OHL), Parkway North High School (USHS-MO), Trois Rivieres Draveurs (QMJHL), Western Michigan University (NCAA),
  Princeton University (NCAA), Tri-City Americans (WHL), Cloquet High School (USHS-MN), Michigan Technological University (NCAA), Victoria Cougars (WHL),
  Kitchener Rangers (OHL), Guelph Platers (OHL), Saskatoon Blades (WHL), St-Jean Lynx (QMJHL), American International College (NCAA)

Final Answer: 
['University of Alaska Anchorage (NCAA)', 'Kamloops Blazers (WHL)', 'North Bay Centennials (OHL)', 'Bowling Green State University (NCAA)', 'Prince Albert Raiders (WHL)',
 'Pingree High School (USHS-MA)', 'Kitchener Rangers (OHL)', 'Parkway North High School (USHS-MO)', 'Trois Rivieres Draveurs (QMJHL)', 'Western Michigan University (NCAA)',
 'Princeton University (NCAA)', 'Tri-City Americans (WHL)', 'Cloquet High School (USHS-MN)', 'Michigan Technological University (NCAA)', 'Victoria Cougars (WHL)',
 'Kitchener Rangers (OHL)', 'Guelph Platers (OHL)', 'Saskatoon Blades (WHL)', 'St-Jean Lynx (QMJHL)', 'American International College (NCAA)']","[""['University of Alaska Anchorage (NCAA)', 'Kamloops Blazers (WHL)', 'North Bay Centennials (OHL)', 'Bowling Green State University (NCAA)', 'CSKA Moscow (USSR)', 'Prince Albert Raiders (WHL)', 'Pingree High School (USHS-MA)', 'Kitchener Rangers (OHL)', 'Parkway North High School (USHS-MO)', 'Trois Rivieres Draveurs (QMJHL)', 'Western Michigan University (NCAA)', 'Princeton University (NCAA)', 'Tri-City Americans (WHL)', 'Cloquet High School (USHS-MN)', 'Michigan Technological University (NCAA)', 'Victoria Cougars (WHL)', 'Kitchener Rangers (OHL)', 'Guelph Platers (OHL)', 'Saskatoon Blades (WHL)', 'St-Jean Lynx (QMJHL)', 'American International College (NCAA)']""]","['University of Alaska Anchorage (NCAA)', 'Kamloops Blazers (WHL)', 'North Bay Centennials (OHL)', 'Bowling Green State University (NCAA)', 'Prince Albert Raiders (WHL)', 'Pingree High School (USHS-MA)', 'Kitchener Rangers (OHL)', 'Parkway North High School (USHS-MO)', 'Trois Rivieres Draveurs (QMJHL)', 'Western Michigan University (NCAA)', 'Princeton University (NCAA)', 'Tri-City Americans (WHL)', 'Cloquet High School (USHS-MN)', 'Michigan Technological University (NCAA)', 'Victoria Cougars (WHL)', 'Kitchener Rangers (OHL)', 'Guelph Platers (OHL)', 'Saskatoon Blades (WHL)', 'St-Jean Lynx (QMJHL)', 'American International College (NCAA)'] 
","[['university of alaska anchorage (ncaa)', 'kamloops blazers (whl)', 'north bay cen10nials (ohl)', 'bowling green state university (ncaa)', 'cska moscow (ussr)', 'prince albert raiders (whl)', 'pingree high school (ushs-ma)', 'kitchener rangers (ohl)', 'parkway north high school (ushs-mo)', 'trois rivieres draveurs (qmjhl)', 'western michigan university (ncaa)', 'princeton university (ncaa)', 'tri-city americans (whl)', 'cloquet high school (ushs-mn)', 'michigan technological university (ncaa)', 'victoria cougars (whl)', 'kitchener rangers (ohl)', 'guelph platers (ohl)', 'saskatoon blades (whl)', 'st-jean lynx (qmjhl)', 'american international college (ncaa)']]","['university of alaska anchorage (ncaa)', 'kamloops blazers (whl)', 'north bay cen10nials (ohl)', 'bowling green state university (ncaa)', 'prince albert raiders (whl)', 'pingree high school (ushs-ma)', 'kitchener rangers (ohl)', 'parkway north high school (ushs-mo)', 'trois rivieres draveurs (qmjhl)', 'western michigan university (ncaa)', 'princeton university (ncaa)', 'tri-city americans (whl)', 'cloquet high school (ushs-mn)', 'michigan technological university (ncaa)', 'victoria cougars (whl)', 'kitchener rangers (ohl)', 'guelph platers (ohl)', 'saskatoon blades (whl)', 'st-jean lynx (qmjhl)', 'american international college (ncaa)']",98.01324503311257,0.0
101,101,101,101,101,101,['which non-single album was released first?'],"Decomposition:
1. Identify the non-single albums and their release years.
2. Determine which non-single album was released first.

Answers:
Answer to subquestion 1: Non-single albums and their release years are:
   - Language of Love (1961)
   - Twelve Sides (1962)
   - A Bizarre Collection of the Most Unusual Songs (1966)
   - Suburban Attitudes in Country Verse (1967)
   - The Open Mind of John D. Loudermilk (1969)
   - Volume 1-Elloree (1971)
   - Just Passing Through (1979)

Answer to subquestion 2: The non-single album released first is ""Language of Love"" in 1961.

Final Answer: ""Language of Love"" was the non-single album released first.","[""['Language of Love']""]","Language of Love 
",[['language of love']],language of love,100.0,100.0
102,102,102,102,102,102,['what are all of the season years?'],"Decomposition:
sq1. Identify all the season years mentioned in the table.
sq2. Extract the 'Season' column for these rows.
sq3. Compile the extracted 'Season' values into a list.

Answers:
Answer to sq1: The season years mentioned in the table are 2002/03, 2003/04, 2004/05, 2005/06, 2006/07, 2007/08, 2008/09, 2009/10, 2010/11.
Answer to sq2: The 'Season' values in the table are: 2002/03, 2003/04, 2004/05, 2005/06, 2006/07, 2007/08, 2008/09, 2009/10, 2009/10, 2010/11.
Answer to sq3: All the season years are: ['2002/03', '2003/04', '2004/05', '2005/06', '2006/07', '2007/08', '2008/09', '2009/10', '2009/10', '2010/11']

Final Answer: ['2002/03', '2003/04', '2004/05', '2005/06', '2006/07', '2007/08', '2008/09', '2009/10', '2009/10', '2010/11']","[""['2002/03', '2003/04', '2004/05', '2005/06', '2006/07', '2007/08', '2008/09', '2009/10', '2009/10', '2010/11']""]","['2002/03', '2003/04', '2004/05', '2005/06', '2006/07', '2007/08', '2008/09', '2009/10', '2009/10', '2010/11'] 
","[['2002/03', '2003/04', '2004/05', '2005/06', '2006/07', '2007/08', '2008/09', '2009/10', '2009/10', '2010/11']]","['2002/03', '2003/04', '2004/05', '2005/06', '2006/07', '2007/08', '2008/09', '2009/10', '2009/10', '2010/11']",100.0,100.0
103,103,103,103,103,103,['how many games did the jupiler league have in the 2006/2007 season?'],"Decomposition:
sq1. Identify the row that corresponds to the Jupiler League in the 2006/2007 season.
sq2. Extract the 'Games' value for this row.

Answers:
Answer to sq1: The row for the Jupiler League in the 2006/2007 season is:
6 | KSV Roeselare | Jupiler League | 29 | 1

Answer to sq2: The number of games the Jupiler League had in the 2006/2007 season is 29.

Final Answer: 29 games.","[""['29']""]","29 
",[['29']],29,100.0,100.0
104,104,104,104,104,104,['what are all of the listed seasons?'],"Decomposition:
1. Identify all the listed seasons in the table.
2. Extract the 'Season' column values.

Answers:
Answer to subquestion 1: The listed seasons in the table are:
2002/03, 2003/04, 2004/05, 2005/06, 2006/07, 2007/08, 2008/09, 2009/10, 2009/10, 2010/11

Answer to subquestion 2: The 'Season' values listed are: 2002/03, 2003/04, 2004/05, 2005/06, 2006/07, 2007/08, 2008/09, 2009/10, 2009/10, 2010/11

Final Answer: The listed seasons are 2002/03, 2003/04, 2004/05, 2005/06, 2006/07, 2007/08, 2008/09, 2009/10, 2009/10, 2010/11.","[""['2002/03', '2003/04', '2004/05', '2005/06', '2006/07', '2007/08', '2008/09', '2009/10', '2009/10', '2010/11']""]","['2002/03', '2003/04', '2004/05', '2005/06', '2006/07', '2007/08', '2008/09', '2009/10', '2010/11']
","[['2002/03', '2003/04', '2004/05', '2005/06', '2006/07', '2007/08', '2008/09', '2009/10', '2009/10', '2010/11']]","['2002/03', '2003/04', '2004/05', '2005/06', '2006/07', '2007/08', '2008/09', '2009/10', '2010/11']",94.73684210526316,0.0
105,105,105,105,105,105,['what club played 19 games in a season?'],"Decomposition:
1. Identify the row where the number of games is 19.
2. Extract the 'Club' from that row.

Answers:
Answer to subquestion 1: The club that played 19 games in a season is RAEC Mons.

Final answer: RAEC Mons","[""['RAEC Mons']""]","RAEC Mons 
",[['raec mons']],raec mons,100.0,100.0
106,106,106,106,106,106,"['how many games did the team play each year?', 'what year was that?', 'in what year did they play 19 games?', 'what are the seasons of these?', 'which season had 19 games?', 'which competition was earlier?', 'what about just during 2006/07?']","Decomposition:
1. Find the number of games played each year.  
2. Determine in which year the team played a specific number of games (e.g., 19 games).  
3. Identify the season associated with the specific number of games.  
4. Compare the sequence of competitions over the years.  
5. Calculate the number of games played by the team during the 2006/07 season.

Answers:
1. The number of games played each year:
- 2002/03: 19 games  
- 2003/04: 23 games  
- 2004/05: 29 games  
- 2005/06: 26 games  
- 2006/07: 29 games  
- 2007/08: 25 games  
- 2008/09: 31 games  
- 2009/10: 15 games  
- 2010/11: 0 games

2. The team played 19 games in the year 2002/03.

3. The seasons associated with 19 games: 2002/03

4. The order of competitions from earlier to later:
- Belgian Second Division  
- Jupiler League  
- Soproni Liga

5. The team played 29 games during the 2006/07 season.

Final Answer:
- Number of games played each year: [19, 23, 29, 26, 29, 25, 31, 15, 0]
- The team played 19 games in 2002/03.
- Seasons with 19 games: 2002/03
- Competitions from earlier to later: Belgian Second Division, Jupiler League, Soproni Liga
- Games played during 2006/07 season: 29","[""['19', '23', '29', '26', '29', '25', '31', '14', '1', '0']"", ""['2002/03']"", ""['2002/03']"", ""['2004/05', '2006/07']"", ""['2002/03']"", ""['Belgian Second Division']"", ""['29']""]","['2002/03', '2003/04', '2004/05', '2005/06', '2006/07', '2007/08', '2008/09', '2009/10', '2010/11'], 2002/03, '2002/03', 'Belgian Second Division', 'Jupiler League', 'Soproni Liga', 29 
","[['19', '23', '29', '26', '29', '25', '31', '14', '1', '0'], ['2002/03'], ['2002/03'], ['2004/05', '2006/07'], ['2002/03'], ['belgian second division'], ['29']]","['2002/03', '2003/04', '2004/05', '2005/06', '2006/07', '2007/08', '2008/09', '2009/10', '2010/11'], 2002/03, '2002/03', 'belgian second division', 'jupiler league', 'soproni liga', 29",47.368421052631575,0.0
107,107,107,107,107,107,['what countries competed in the 2004 summer paralympics?'],"Decomposition:
sq1. Identify the rows that represent countries that competed in the 2004 Summer Paralympics. 
sq2. Extract the 'Nation' column for these rows.
sq3. Compile the extracted 'Nation' values into a list.

Answers:
Answer to sq1: The countries that competed in the 2004 Summer Paralympics are:
1 | China | 63 | 46 | 32 | 141
2 | Great Britain | 35 | 30 | 29 | 94
3 | Canada | 28 | 19 | 25 | 72
4 | United States | 27 | 22 | 39 | 88
5 | Australia | 26 | 38 | 36 | 100
6 | Ukraine | 24 | 12 | 19 | 55
7 | Spain | 20 | 27 | 24 | 71
8 | Germany | 19 | 28 | 31 | 78
9 | France | 18 | 26 | 30 | 74
10 | Japan | 17 | 16 | 20 | 53

Answer to sq2: The 'Nation' values for countries that competed in the 2004 Summer Paralympics are: China, Great Britain, Canada, United States, Australia, Ukraine, Spain, Germany, France, Japan.

Answer to sq3: The countries that competed in the 2004 Summer Paralympics are: ['China', 'Great Britain', 'Canada', 'United States', 'Australia', 'Ukraine', 'Spain', 'Germany', 'France', 'Japan']

Final answer: ['China', 'Great Britain', 'Canada', 'United States', 'Australia', 'Ukraine', 'Spain', 'Germany', 'France', 'Japan']","[""['China', 'Great Britain', 'Canada', 'United States', 'Australia', 'Ukraine', 'Spain', 'Germany', 'France', 'Japan']""]","['China', 'Great Britain', 'Canada', 'United States', 'Australia', 'Ukraine', 'Spain', 'Germany', 'France', 'Japan'] 
","[['china', 'great britain', 'canada', 'united states', 'australia', 'ukraine', 'spain', 'germany', 'france', 'japan']]","['china', 'great britain', 'canada', 'united states', 'australia', 'ukraine', 'spain', 'germany', 'france', 'japan']",100.0,100.0
108,108,108,108,108,108,['what are the nations who participated in the 2004 summer paralympics?'],"Decomposition:
1. Identify the nations that participated in the 2004 summer Paralympics.
2. Extract the 'Nation' column for these nations.
3. Compile the extracted nations into a list.

Answers:
Answer to sq1: The nations that participated in the 2004 summer Paralympics are: China, Great Britain, Canada, United States, Australia, Ukraine, Spain, Germany, France, Japan.
Answer to sq2: The 'Nation' values for the nations that participated in the 2004 summer Paralympics are: China, Great Britain, Canada, United States, Australia, Ukraine, Spain, Germany, France, Japan.
Answer to sq3: The nations that participated in the 2004 summer Paralympics are: ['China', 'Great Britain', 'Canada', 'United States', 'Australia', 'Ukraine', 'Spain', 'Germany', 'France', 'Japan'].

Final Answer: ['China', 'Great Britain', 'Canada', 'United States', 'Australia', 'Ukraine', 'Spain', 'Germany', 'France', 'Japan'].","[""['China', 'Great Britain', 'Canada', 'United States', 'Australia', 'Ukraine', 'Spain', 'Germany', 'France', 'Japan']""]","['China', 'Great Britain', 'Canada', 'United States', 'Australia', 'Ukraine', 'Spain', 'Germany', 'France', 'Japan'] 
","[['china', 'great britain', 'canada', 'united states', 'australia', 'ukraine', 'spain', 'germany', 'france', 'japan']]","['china', 'great britain', 'canada', 'united states', 'australia', 'ukraine', 'spain', 'germany', 'france', 'japan']",100.0,100.0
109,109,109,109,109,109,['what was the lowest total number of medals won per country in the 2004 summer paralympics?'],"Decomposition:
1. Identify the country/countries with the lowest total number of medals won. (independent)
2. Extract the 'Total' column for the country/countries from step 1. (depends on step 1)
3. Compile the extracted values into a list. (depends on step 2)

Answers:
- Answer to step 1: The country with the lowest total number of medals won is Japan.
- Answer to step 2: The 'Total' value for Japan is 53.
- Answer to step 3: The lowest total number of medals won per country in the 2004 summer paralympics is 53.

Final Answer: 53","[""['53']""]","53 
",[['53']],53,100.0,100.0
110,110,110,110,110,110,['which nations competed in the 2004 summer paralympics?'],"Decomposition:
1. Identify the rows that represent nations in the 2004 summer Paralympics.
2. Extract the 'Nation' column for these rows.
3. Compile the extracted nations into a list.

Answers:
- Answer to Subquestion 1: The relevant rows representing nations in the 2004 Paralympics are:
  - 1 | China | 63 | 46 | 32 | 141
  - 2 | Great Britain | 35 | 30 | 29 | 94
  - 3 | Canada | 28 | 19 | 25 | 72
  - 4 | United States | 27 | 22 | 39 | 88
  - 5 | Australia | 26 | 38 | 36 | 100
  - 6 | Ukraine | 24 | 12 | 19 | 55
  - 7 | Spain | 20 | 27 | 24 | 71
  - 8 | Germany | 19 | 28 | 31 | 78
  - 9 | France | 18 | 26 | 30 | 74
  - 10 | Japan | 17 | 16 | 20 | 53

- Answer to Subquestion 2: The 'Nation' values for the nations that competed in the 2004 Paralympics are: China, Great Britain, Canada, United States, Australia, Ukraine, Spain, Germany, France, Japan

- Answer to Subquestion 3: The nations that competed in the 2004 Summer Paralympics are: China, Great Britain, Canada, United States, Australia, Ukraine, Spain, Germany, France, Japan

Final Answer: The nations that competed in the 2004 Summer Paralympics are China, Great Britain, Canada, United States, Australia, Ukraine, Spain, Germany, France, Japan.","[""['China', 'Great Britain', 'Canada', 'United States', 'Australia', 'Ukraine', 'Spain', 'Germany', 'France', 'Japan']""]","China, Great Britain, Canada, United States, Australia, Ukraine, Spain, Germany, France, Japan 
","[['china', 'great britain', 'canada', 'united states', 'australia', 'ukraine', 'spain', 'germany', 'france', 'japan']]","china, great britain, canada, united states, australia, ukraine, spain, germany, france, japan",100.0,100.0
111,111,111,111,111,111,['what are all of the nations competing in the 2004 summer paralympics?'],"Decomposition:
1. Identify the rows that represent nations in the 2004 summer Paralympics.
2. Extract the 'Nation' column for these rows.
3. Compile the extracted nations into a list.

Answers:
- Answer to sq1: The relevant rows for nations in the 2004 summer Paralympics are:
    1 | China | 63 | 46 | 32 | 141
    2 | Great Britain | 35 | 30 | 29 | 94
    3 | Canada | 28 | 19 | 25 | 72
    4 | United States | 27 | 22 | 39 | 88
    5 | Australia | 26 | 38 | 36 | 100
    6 | Ukraine | 24 | 12 | 19 | 55
    7 | Spain | 20 | 27 | 24 | 71
    8 | Germany | 19 | 28 | 31 | 78
    9 | France | 18 | 26 | 30 | 74
    10 | Japan | 17 | 16 | 20 | 53
- Answer to sq2: The 'Nation' values for countries competing in the 2004 summer Paralympics are: China, Great Britain, Canada, United States, Australia, Ukraine, Spain, Germany, France, Japan
- Answer to sq3: The nations competing in the 2004 summer Paralympics are: [China, Great Britain, Canada, United States, Australia, Ukraine, Spain, Germany, France, Japan]

Final Answer: [China, Great Britain, Canada, United States, Australia, Ukraine, Spain, Germany, France, Japan]","[""['China', 'Great Britain', 'Canada', 'United States', 'Australia', 'Ukraine', 'Spain', 'Germany', 'France', 'Japan']""]","[China, Great Britain, Canada, United States, Australia, Ukraine, Spain, Germany, France, Japan] 
","[['china', 'great britain', 'canada', 'united states', 'australia', 'ukraine', 'spain', 'germany', 'france', 'japan']]","[china, great britain, canada, united states, australia, ukraine, spain, germany, france, japan]",100.0,100.0
112,112,112,112,112,112,"['which nations competed in the 2004 summer paralympics?', 'what was the highest total number of medals won per country in the 2004 summer paralympics?', 'which country won the 141 total medals in the 2004 summer paralympics?', 'and which nation came in second in terms of gold medals?', 'between these nations, which one took home the second most gold medals?']","Decomposition:
- Identify the rows that correspond to the 2004 summer Paralympics.
- Extract the 'Nation' column for these rows.
- Determine the highest total number of medals won per country.
- Identify the country that won 141 total medals.
- Find the country that came in second in terms of gold medals.
- Determine which of these nations took home the second most gold medals.

Answers:
- The relevant rows for the 2004 Paralympics are:
  - China
  - Great Britain
  - Canada
  - United States
  - Australia
  - Ukraine
  - Spain
  - Germany
  - France
  - Japan

- The highest total number of medals won per country in the 2004 Paralympics is 141.

- The country that won 141 total medals in the 2004 Paralympics is China.

- The country that came in second in terms of gold medals is Great Britain.

- Among these nations, Great Britain took home the second most gold medals.

Final Answer:
- Countries that competed in the 2004 summer Paralympics: China, Great Britain, Canada, United States, Australia, Ukraine, Spain, Germany, France, Japan
- Highest total number of medals won per country in 2004: 141
- Country that won 141 total medals in 2004: China
- Country that came in second in gold medals: Great Britain
- Among these nations, Great Britain took home the second most gold medals.","[""['China', 'Great Britain', 'Canada', 'United States', 'Australia', 'Ukraine', 'Spain', 'Germany', 'France', 'Japan']"", ""['141']"", ""['China']"", ""['Great Britain']"", ""['Great Britain']""]","['China', 'Great Britain', 'Canada', 'United States', 'Australia', 'Ukraine', 'Spain', 'Germany', 'France', 'Japan'], 141, China, Great Britain, Great Britain 
","[['china', 'great britain', 'canada', 'united states', 'australia', 'ukraine', 'spain', 'germany', 'france', 'japan'], ['141'], ['china'], ['great britain'], ['great britain']]","['china', 'great britain', 'canada', 'united states', 'australia', 'ukraine', 'spain', 'germany', 'france', 'japan'], 141, china, great britain, great britain",100.0,100.0
113,113,113,113,113,113,"['which films came out in 2003?', 'now, which film scored 88%?']","Decomposition:
1. Identify the rows that represent films released in 2003.
2. Extract the film names from these rows.
3. Identify the film that scored 88% based on Rotten Tomatoes rating.

Answers:
Answer to subquestion 1: The films that came out in 2003 are:
   2003 | The Five Obstructions | 88% | 79% | 7.5/10
   2003 | Dogville | 70% | 59% | 8.0/10

Answer to subquestion 2: The films released in 2003 are: ""The Five Obstructions"" and ""Dogville""

Answer to subquestion 3: The film that scored 88% is ""The Five Obstructions""

Final Answer: The films that came out in 2003 are ""The Five Obstructions"" and ""Dogville"". The film that scored 88% is ""The Five Obstructions"".","[""['2003', '2003']"", ""['The Five Obstructions']""]","The Five Obstructions 
","[['2003', '2003'], ['the 5 obstructions']]",the 5 obstructions,66.66666666666666,0.0
114,114,114,114,114,114,['what driver came in first place at the 2003 grand prix of monterey?'],"Decomposition:
- Identify the row that shows the driver who came in first place at the 2003 Grand Prix of Monterey.
- Extract the 'Driver' value from that row.

Answers:
- The driver who came in first place at the 2003 Grand Prix of Monterey:
  - Patrick Carpentier

Final answer:
- Patrick Carpentier","[""['Patrick Carpentier']""]","Patrick Carpentier 
",[['patrick carpentier']],patrick carpentier,100.0,100.0
115,115,115,115,115,115,"['who came in first at the 2003 grand prix of monterey?', ""what was patrick carpenter's time during the 2003 grand prix of monterey?"", ""how fast did the team team player's complete the 2003 grand prix of monterey?"", ""what was patrick carpentier's winning time at the 2003 grand prix of monterey?""]","Decomposition:
1. Identify the row for the driver who came in first at the 2003 Grand Prix of Monterey.
2. Extract Patrick Carpentier's time during the 2003 Grand Prix of Monterey.
3. Calculate how fast Team Player's completed the 2003 Grand Prix of Monterey.
4. Determine Patrick Carpentier's winning time at the 2003 Grand Prix of Monterey.

Answers:
- Answer to 1st subquestion: Patrick Carpentier came in first.
- Answer to 2nd subquestion: Patrick Carpentier's time during the race was 1:48:11.023.
- Answer to 3rd subquestion: Team Player's completed the race in 1:48:11.023. (Patrick Carpentier's time)
- Answer to 4th subquestion: Patrick Carpentier's winning time at the 2003 Grand Prix of Monterey was 1:48:11.023.

Final Answer: Patrick Carpentier won the 2003 Grand Prix of Monterey. Patrick Carpentier's time during the race was 1:48:11.023. Team Player's completed the race in the same time as Patrick Carpentier. Patrick Carpentier's winning time was 1:48:11.023.","[""['Patrick Carpentier']"", ""['1:48:11.023']"", ""['1:48:11.023']"", ""['1:48:11.023']""]","Patrick Carpentier, 1:48:11.023, 1:48:11.023, 1:48:11.023 
","[['patrick carpentier'], ['1:48:11.023'], ['1:48:11.023'], ['1:48:11.023']]","patrick carpentier, 1:48:11.023, 1:48:11.023, 1:48:11.023",100.0,100.0
116,116,116,116,116,116,"['in which year was toy safety funding the lowest?', 'what year was there 22.2 billion dollars in toy sales?', 'how many injuries were reported in 2005?', 'in 2005, how many injuries were there?']","Decomposition:
- Identify the row with the lowest value in the 'CPSC toy safety funding' column.
- Identify the row with the value of $22.2 billion in the 'Toy sales' column.
- Find the number of injuries reported in 2005.
- Find the number of injuries reported in 2005 specifically.

Answers:
- Answer to the subquestion about the lowest toy safety funding: The year with the lowest toy safety funding is 1999 with $13.6 million.
- Answer to the subquestion about $22.2 billion toy sales: The year with $22.2 billion in toy sales is 2005.
- Answer to the subquestion about injuries reported in 2005: In 2005, there were 202 injuries reported (estimate).
- Answer to the subquestion about injuries specifically in 2005: The number of injuries reported in 2005 is 202.

Final answers:
1. The year with the lowest toy safety funding: 1999 with $13.6 million.
2. The year with $22.2 billion in toy sales: 2005.
3. The number of injuries reported in 2005: 202 injuries.
4. The number of injuries specifically reported in 2005: 202 injuries.","[""['2005']"", ""['2005']"", ""['202 (estimate)']"", ""['202 (estimate)']""]","1999, 2005, 202 
","[['2005'], ['2005'], ['202 (estimate)'], ['202 (estimate)']]","1999, 2005, 202",44.44444444444444,0.0
117,117,117,117,117,117,['which are the numbers of naturalizations in 2000?'],"decomposition: |
  sq1. Identify the rows that represent the numbers of naturalizations in 2000. (independent)
  sq2. Extract the values from these rows for the years 2000. (depends on sq1)
  sq3. Compile the extracted values into a list. (depends on sq2)
answers: |
  Answer to sq1: The rows representing the numbers of naturalizations in 2000 are:
    Africa | 84,182
    Maghreb | 68,185
    Sub-Saharan Africa | 10,622
    Other Africa | 5,375
    Asia | 27,941
    South-East Asia | 7,265
    East Asia | 1,139
    South Asia | 4,246
    Other Asia | 15,291
    Europe (not including CIS) | 22,085
    CIS | 1,181
    CIS (Europe) | 1,000
    CIS (Asia) | 181
    America | 5,668
    North America | 1,048
    South and Central America | 4,620
    Oceania | 87
    Others | 8,882
  Answer to sq2: The values for the numbers of naturalizations in 2000 are: 84,182, 68,185, 10,622, 5,375, 27,941, 7,265, 1,139, 4,246, 15,291, 22,085, 1,181, 1,000, 181, 5,668, 1,048, 4,620, 87, 8,882
  Answer to sq3: The numbers of naturalizations in 2000 are: [84,182, 68,185, 10,622, 5,375, 27,941, 7,265, 1,139, 4,246, 15,291, 22,085, 1,181, 1,000, 181, 5,668, 1,048, 4,620, 87, 8,882]
final_answer: [84,182, 68,185, 10,622, 5,375, 27,941, 7,265, 1,139, 4,246, 15,291, 22,085, 1,181, 1,000, 181, 5,668, 1,048, 4,620, 87, 8,882]","[""['84 182', '68 185', '10 622', '5 375', '27 941', '7 265', '1 139', '4 246', '15 291', '22 085', '1 181', '1 000', '181', '5 668', '1 048', '4 620', '87', '8 882']""]","[84,182, 68,185, 10,622, 5,375, 27,941, 7,265, 1,139, 4,246, 15,291, 22,085, 1,181, 1,000, 181, 5,668, 1,048, 4,620, 87, 8,882] 
","[['84 182', '68 185', '10 622', '5 375', '27 941', '7 265', '1 139', '4 246', '15 291', '22 085', '1 181', '1 000', '181', '5 668', '1 048', '4 620', '87', '8 882']]","[84,182, 68,185, 10,622, 5,375, 27,941, 7,265, 1,139, 4,246, 15,291, 22,085, 1,181, 1,000, 181, 5,668, 1,048, 4,620, 87, 8,882]",7.692307692307692,0.0
118,118,118,118,118,118,['how many naturalizations did maghreb have in 2000?'],"Decomposition:
1. Identify the row corresponding to Maghreb in the year 2000.
2. Extract the number of naturalizations for Maghreb in 2000.

Answers:
1. The row for Maghreb in 2000 shows that they had 68,185 naturalizations.
2. Maghreb had 68,185 naturalizations in 2000.

Final Answer: 68,185 naturalizations","[""['68 185']""]","68,185 
",[['68 185']],"68,185",0.0,0.0
119,119,119,119,119,119,['what are the different nationalities of all the people who immigrated to france in 2009?'],"Decomposition:
1. Identify the rows that represent immigrants to France in 2009. (independent)
2. Extract the 'Naturalisations by origin' column for these rows. (depends on sq1)
3. Compile the extracted nationalities into a list. (depends on sq2)

Answers:
Answer to sq1: The relevant rows for immigrants to France in 2009 are:
- Africa | 85,144
- Maghreb | 56,024
- Sub-Saharan Africa | 22,214
- Other Africa | 6,906
- Asia | 19,494
- South-East Asia | 2,475
- East Asia | 1,622
- South Asia | 3,660
- Other Asia | 11,737
- Europe (not including CIS) | 14,753
- CIS | 4,704
- CIS (Europe) | 4,454
- CIS (Asia) | 250
- America | 6,677
- North America | 747
- South and Central America | 5,930
- Oceania | 108
- Others | 4,962

Answer to sq2: The nationalities for immigrants to France in 2009 are: Africa, Maghreb, Sub-Saharan Africa, Other Africa, Asia, South-East Asia, East Asia, South Asia, Other Asia, Europe, CIS, America, North America, South and Central America, Oceania, Others

Answer to sq3: The different nationalities of all the people who immigrated to France in 2009 are: [Africa, Maghreb, Sub-Saharan Africa, Other Africa, Asia, South-East Asia, East Asia, South Asia, Other Asia, Europe, CIS, America, North America, South and Central America, Oceania, Others]

Final Answer: [Africa, Maghreb, Sub-Saharan Africa, Other Africa, Asia, South-East Asia, East Asia, South Asia, Other Asia, Europe, CIS, America, North America, South and Central America, Oceania, Others]","[""['Africa', 'Maghreb', 'Sub-Saharan Africa', 'Other Africa', 'Asia', 'South-East Asia', 'East Asia', 'South Asia', 'Other Asia', 'Europe (not including CIS )', 'CIS', 'CIS (Europe)', 'CIS (Asia)', 'America', 'North America', 'South and Central America', 'Oceania', 'Others']""]","[Africa, Maghreb, Sub-Saharan Africa, Other Africa, Asia, South-East Asia, East Asia, South Asia, Other Asia, Europe, CIS, America, North America, South and Central America, Oceania, Others] 
","[['africa', 'maghreb', 'sub-saharan africa', 'other africa', 'asia', 'south-east asia', 'east asia', 'south asia', 'other asia', 'europe (not including cis )', 'cis', 'cis (europe)', 'cis (asia)', 'america', 'north america', 'south and central america', 'oceania', 'others']]","[africa, maghreb, sub-saharan africa, other africa, asia, south-east asia, east asia, south asia, other asia, europe, cis, america, north america, south and central america, oceania, others]",88.13559322033898,0.0
120,120,120,120,120,120,"['in 2009 which americas immigrated to france?', 'how many naturalizations did north america have in 2000?', 'and how many naturalizations are listed in 2000?', 'what was total percentage for each in 2009?', 'for 2009 who shows the least percentage for 2009?', 'how many naturalizations occurred for each in 2009?', 'what was the population for those in 2005?', 'what was their population in 2005?', 'which country provided the largest amount of immigration to france in 2005?', 'did maghreb or north america have more naturalizations in 2000?', 'of the remaining, which accounted for more than 4% of the total immigrants in 2009?', 'what was the immigration amount for that year?']","Decomposition:

- Identify the rows related to America in 2009.
- Identify the number of naturalizations for North America in 2000.
- Identify the total number of naturalizations in 2000.
- Determine the percentage totals for each region in 2009.
- Find the region with the least percentage in 2009.
- Determine the number of naturalizations for each region in 2009.
- Identify the population numbers for each region in 2005.
- Determine the largest immigration contributor to France in 2005.
- Compare the number of naturalizations between Maghreb and North America in 2000.
- Identify regions with more than 4% of total immigrants in 2009.
- Determine the total immigration amount for that year.

Answers:

- In 2009, the Americas that immigrated to France were North America and South and Central America.
- North America had 1,048 naturalizations in 2000.
- The total number of naturalizations listed in 2000 was 150,026.
- The percentage totals for each region in 2009 were: North America - 0.5%, South and Central America - 4.4%.
- North America had the least percentage in 2009 with 0.5%.
- The number of naturalizations for each region in 2009 were: North America - 747, South and Central America - 5,930.
- The population numbers for each region in 2005 were: North America - 854, South and Central America - 5,498.
- The largest immigration contributor to France in 2005 was North America.
- Maghreb had more naturalizations in 2000 compared to North America.
- Regions with more than 4% of total immigrants in 2009 were: Maghreb and Other Asia.
- The total immigration amount for 2009 was 135,842. 

Final Answer:
North America and South and Central America; 1,048; 150,026; 0.5%, 4.4%; North America; 747, 5,930; 854, 5,498; North America; Maghreb; Maghreb, Other Asia; 135,842.","[""['America', 'North America', 'South and Central America']"", ""['1 048']"", ""['84 182', '68 185', '10 622', '5 375', '27 941', '7 265', '1 139', '4 246', '15 291', '22 085', '1 181', '1 000', '181', '5 668', '1 048', '4 620', '87', '8 882']"", ""['62.7', '41.2', '16.4', '5.1', '14.4', '1.8', '1.2', '2.7', '8.6', '10.9', '3.5', '3.3', '0.2', '4.9', '0.5', '4.4', '0.1', '3.7']"", ""['Oceania']"", ""['85 144', '56 024', '22 214', '6 906', '19 494', '2 475', '1 622', '3 660', '11 737', '14 753', '4 704', '4 454', '250', '6 677', '747', '5 930', '108', '4 962']"", ""['98 453', '75 224', '15 624', '7 605', '26 286', '4 069', '1 280', '4 436', '16 501', '18 072', '2 108', '1 535', '573', '6 352', '854', '5 498', '127', '3 245']"", ""['98 453']"", ""['Africa']"", ""['Maghreb']"", ""['South and Central America']"", ""['98 453']""]","North America, South and Central America; 1,048; 150,026; 0.5%, 4.4%; North America; 747, 5,930; 854, 5,498; North America; Maghreb; Maghreb, Other Asia; 135,842 
","[['america', 'north america', 'south and central america'], ['1 048'], ['84 182', '68 185', '10 622', '5 375', '27 941', '7 265', '1 139', '4 246', '15 291', '22 085', '1 181', '1 000', '181', '5 668', '1 048', '4 620', '87', '8 882'], ['62.7', '41.2', '16.4', '5.1', '14.4', '1.8', '1.2', '2.7', '8.6', '10.9', '3.5', '3.3', '0.2', '4.9', '0.5', '4.4', '0.1', '3.7'], ['oceania'], ['85 144', '56 024', '22 214', '6 906', '19 494', '2 475', '1 622', '3 660', '11 737', '14 753', '4 704', '4 454', '250', '6 677', '747', '5 930', '108', '4 962'], ['98 453', '75 224', '15 624', '7 605', '26 286', '4 069', '1 280', '4 436', '16 501', '18 072', '2 108', '1 535', '573', '6 352', '854', '5 498', '127', '3 245'], ['98 453'], ['africa'], ['maghreb'], ['south and central america'], ['98 453']]","north america, south and central america; 1,048; 150,026; 0.5%, 4.4%; north america; 747, 5,930; 854, 5,498; north america; maghreb; maghreb, other asia; 135,842",16.149068322981368,0.0
121,121,121,121,121,121,['when in 2008 did pizzelli score international goals?'],"Decomposition:
1. Identify the rows where Pizzelli scored international goals in 2008.
2. Find the dates when Pizzelli scored in those rows.
3. Compile the dates into a list.

Answers:
Answer to sq1: The relevant row where Pizzelli scored international goals in 2008 is:
1 | 2008-5-28 | Sheriff Stadium, Tiraspol, Moldova | Moldova | 0-1 | 2-2 | Friendly match
Answer to sq2: Pizzelli scored international goals on 2008-5-28.
Answer to sq3: Pizzelli scored international goals on 2008-5-28.

Final Answer: Pizzelli scored international goals on 2008-5-28.","[""['2008-5-28']""]","2008-5-28 
",[['2008-5-28']],2008-5-28,100.0,100.0
122,122,122,122,122,122,"['who was the opponent in 2008?', 'where did his play in 2008?']","Decomposition:
1. Identify the row that corresponds to the year 2008. (independent)
2. Extract the 'Opponent' and 'Venue' columns for this row. (depends on sq1)

Answers:
Answer to sq1: The row that corresponds to the year 2008 is:
1 | 2008-5-28 | Sheriff Stadium, Tiraspol, Moldova | Moldova | 0-1 | 2-2 | Friendly match

Answer to sq2: 
Opponent in 2008: Moldova
Venue in 2008: Sheriff Stadium, Tiraspol, Moldova

Final Answer:
Opponent in 2008: Moldova
Venue in 2008: Sheriff Stadium, Tiraspol, Moldova","[""['Moldova']"", ""['Sheriff Stadium, Tiraspol, Moldova']""]","Moldova, Sheriff Stadium, Tiraspol, Moldova 
","[['moldova'], ['sheriff stadium, tiraspol, moldova']]","moldova, sheriff stadium, tiraspol, moldova",100.0,100.0
123,123,123,123,123,123,['which times are s.t.?'],"Decomposition:
  - Identify the rows where the time is ""s.t.""
  - Extract the 'Time' value for these rows
  - Compile the extracted times into a list

Answers:
  - The relevant rows with times labeled as ""s.t."" are:
    2 | Alexandr Kolobnev (RUS) | Team CSC Saxo Bank | s.t. | 30
    3 | Davide Rebellin (ITA) | Gerolsteiner | s.t. | 25
    4 | Paolo Bettini (ITA) | Quick Step | s.t. | 20
    5 | Franco Pellizotti (ITA) | Liquigas | s.t. | 15
    6 | Denis Menchov (RUS) | Rabobank | s.t. | 11
    7 | Samuel Sanchez (ESP) | Euskaltel-Euskadi | s.t. | 7
  - The 'Time' values for ""s.t."" rows are: s.t., s.t., s.t., s.t., s.t., s.t.

Final Answer: [""s.t."", ""s.t."", ""s.t."", ""s.t."", ""s.t."", ""s.t.""]","[""['s.t.', 's.t.', 's.t.', 's.t.', 's.t.', 's.t.']""]","[""s.t."", ""s.t."", ""s.t."", ""s.t."", ""s.t."", ""s.t.""] 
","[['s.t.', 's.t.', 's.t.', 's.t.', 's.t.', 's.t.']]","[s.t., s.t., s.t., s.t., s.t., s.t.]",100.0,100.0
124,124,124,124,124,124,['who were the cyclists of the 2008 clasica de san sebastian?'],"Decomposition:
- Identify the rows that have the information about the 2008 Clasica de San Sebastian. 
- Extract the 'Cyclist' column for these rows.
- Compile the extracted cyclists into a list.

Answers:
- The relevant row for the 2008 Clasica de San Sebastian is: 
  1 | Alejandro Valverde (ESP) | Caisse d'Epargne | 5h 29' 10,40
  8 | Stephane Goubert (FRA) | Ag2r-La Mondiale | + 2,5
  9 | Haimar Zubeldia (ESP) | Euskaltel-Euskadi | + 2,3
  10 | David Moncoutie (FRA) | Cofidis | + 2,1
- The 'Cyclist' values for the 2008 Clasica de San Sebastian are: Alejandro Valverde (ESP), Stephane Goubert (FRA), Haimar Zubeldia (ESP), David Moncoutie (FRA).
- The cyclists of the 2008 Clasica de San Sebastian were: Alejandro Valverde (ESP), Stephane Goubert (FRA), Haimar Zubeldia (ESP), David Moncoutie (FRA).

Final Answer: 
- Cyclists of the 2008 Clasica de San Sebastian: Alejandro Valverde (ESP), Stephane Goubert (FRA), Haimar Zubeldia (ESP), David Moncoutie (FRA).","[""['Alejandro Valverde (ESP)', 'Alexandr Kolobnev (RUS)', 'Davide Rebellin (ITA)', 'Paolo Bettini (ITA)', 'Franco Pellizotti (ITA)', 'Denis Menchov (RUS)', 'Samuel Sanchez (ESP)', 'Stephane Goubert (FRA)', 'Haimar Zubeldia (ESP)', 'David Moncoutie (FRA)']""]","Alejandro Valverde (ESP), Stephane Goubert (FRA), Haimar Zubeldia (ESP), David Moncoutie (FRA) 
","[['alejandro valverde (esp)', 'alexandr kolobnev (rus)', 'davide rebellin (ita)', 'paolo bettini (ita)', 'franco pellizotti (ita)', 'denis menchov (rus)', 'samuel sanchez (esp)', 'stephane goubert (fra)', 'haimar zubeldia (esp)', 'david moncoutie (fra)']]","alejandro valverde (esp), stephane goubert (fra), haimar zubeldia (esp), david moncoutie (fra)",57.14285714285715,0.0
125,125,125,125,125,125,"['now, which title has the same episode and production number?']","Decomposition:
1. Identify the rows that have the same episode and production number.
2. Extract the 'Title' column for these rows.
3. Compile the extracted 'Title' values into a list.

Answers:
- Answer to 1: The row with the same episode and production number is:
    5a | 1 | Klaws | Klaw is here to vanquish the Fantastic 4 with his solidifying sonic waves. Johnny is on vacation or so it would seem and arrives in the nick of time to assist Mr. Fantastic in catching The Klaw. | 10/7/1967
- Answer to 2: The 'Title' value for the row with the same episode and production number is: Klaws
- Answer to 3: The title that has the same episode and production number is: [""Klaws""]

Final Answer: [""Klaws""]","[""['Danger In The Depths']""]","Klaws 
",[['danger in the depths']],klaws,0.0,0.0
126,126,126,126,126,126,['who made $19 million that year?'],"Decomposition:
1. Identify the row for the player who made $19 million in the given year.
2. Extract the 'Player' name from that row.

Answers:
- Answer to subquestion 1: Alex Song made $19 million in 2012.
- Answer to subquestion 2: The player who made $19 million that year is Alex Song.

Final answer: Alex Song","[""['Alex Song']""]","Alex Song 
",[['alex song']],alex song,100.0,100.0
127,127,127,127,127,127,"['what two players have salary information from 2012?', 'what player had the highest salary in 2012?', 'what player had the second highest salary in 2012?']","Decomposition:
- Identify the rows that have salary information from 2012.
- Extract the 'Player' column for these rows.
- Determine the players with the highest and second-highest salary in 2012.

Answers:
- The relevant rows for players with salary information from 2012 are:
  5. | Alex Song | Arsenal | 19.0 | 2012
  6. | Jordi Alba | Valencia | 14.0 | 2012
- The 'Player' values for players with salary information from 2012 are: Alex Song, Jordi Alba
- The player with the highest salary in 2012 is: Alex Song
- The player with the second-highest salary in 2012 is: Jordi Alba

Final Answer: [Alex Song, Jordi Alba]","[""['Alex Song', 'Jordi Alba']"", ""['Alex Song']"", ""['Jordi Alba']""]","Alex Song, Jordi Alba 
","[['alex song', 'jordi alba'], ['alex song'], ['jordi alba']]","alex song, jordi alba",66.66666666666666,0.0
128,128,128,128,128,128,"[""what was wismut aue's home score in 1987-88?""]","Decomposition:
1. Identify the row for the match involving Wismut Aue in 1987-88.
2. Extract the 'Home' score for this match.

Answers:
- Answer to subquestion 1: The relevant row for Wismut Aue in 1987-88 is:
  1987-88 | UEFA Cup | 2R | Wismut Aue | 2-0 | 0-1
- Answer to subquestion 2: Wismut Aue's home score in 1987-88 was 2.

Final answer: Wismut Aue's home score in 1987-88 was 2.","[""['2-0']""]","2 
",[['2-0']],2,0.0,0.0
129,129,129,129,129,129,['what was the scores in the 1987 uefa cup?'],"Decomposition:
- Identify the rows that correspond to the UEFA Cup matches in 1987. (independent)
- Extract the 'Home' and 'Away' scores for these rows. (depends on the previous step)
- Compile the extracted scores into a list. (depends on the previous step)

Answers:
- Answer to step 1: The relevant rows for the UEFA Cup matches in 1987 are:
  1986-87 | UEFA Cup | 1R | FC Barcelona | 1-1 | 0-0
- Answer to step 2: The scores for the 1987 UEFA Cup match between FC Barcelona were: Home 1-1, Away 0-0
- Answer to step 3: The scores in the 1987 UEFA Cup were: [Home 1-1, Away 0-0]

Final Answer: [Home 1-1, Away 0-0]","[""['2-0']""]","[Home 1-1, Away 0-0] 
",[['2-0']],"[home 1-1, away 0-0]",0.0,0.0
130,130,130,130,130,130,"['which clubs did flamurtari vlore play cup/league tournaments against from 1985-2013?', ""what was fc barceolna's home schore that season?"", 'which of those clubs did they play in 1987-88?']","Decomposition:
1. Identify the rows where Flamurtari Vlore played cup/league tournaments from 1985-2013.
2. For each identified row, extract the 'Club' column.
3. Compile the extracted 'Club' values into a list.

Answers:
1. The clubs Flamurtari Vlore played cup/league tournaments against from 1985-2013 are:
   - HJK Helsinki
   - Lech Poznan
   - Olympiacos Piraeus
   - Budapest Honved
2. FC Barcelona's home score in the 1987-88 season was 1-0.
3. The clubs that Flamurtari Vlore played against in the 1987-88 season are:
   - FC Barcelona
   - FK Partizan Beograd
   - Wismut Aue

Final answers:
1. Clubs Flamurtari Vlore played against from 1985-2013: ['HJK Helsinki', 'Lech Poznan', 'Olympiacos Piraeus', 'Budapest Honved']
2. FC Barcelona's home score in the 1987-88 season: 1-0
3. Clubs played against in 1987-88 season: ['FC Barcelona', 'FK Partizan Beograd', 'Wismut Aue']","[""['HJK Helsinki', 'FC Barcelona', 'FK Partizan Beograd', 'Wismut Aue', 'FC Barcelona', 'Lech Poznan', 'Olympiacos Piraeus', 'IFK Goteborg', 'Humenne', 'Motherwell', 'FK Buducnost', 'FK Jablonec 97', 'Budapest Honved']"", ""['1-0']"", ""['Wismut Aue', 'FC Barcelona']""]","['HJK Helsinki', 'Lech Poznan', 'Olympiacos Piraeus', 'Budapest Honved']
","[['hjk helsinki', 'fc barcelona', 'fk partizan beograd', 'wismut aue', 'fc barcelona', 'lech poznan', 'olympiacos piraeus', 'ifk goteborg', 'humenne', 'motherwell', 'fk buducnost', 'fk jabl1c 97', 'budapest honved'], ['1-0'], ['wismut aue', 'fc barcelona']]","['hjk helsinki', 'lech poznan', 'olympiacos piraeus', 'budapest honved']",41.02564102564102,0.0
131,131,131,131,131,131,"['what shows did she star on multiple times, besides sister, sister?']","Decomposition:
- Identify the rows where the actress starred on multiple episodes besides ""Sister, Sister.""
- Extract the 'Title' column for these rows.
- Compile the extracted titles into a list.

Answers:
- The relevant rows for shows where the actress starred on multiple episodes besides ""Sister, Sister"" are:
  - 1999 | Detention | Orangejella LaBelle | 13 episodes
  - 2004-2006 | Strong Medicine | Dr. Kayla Thorton | 37 episodes
  - 2009 | Roommates | Hope | 13 episodes

- The 'Title' values for shows where the actress starred on multiple episodes besides ""Sister, Sister"" are: Detention, Strong Medicine, Roommates

Final Answer: Detention, Strong Medicine, and Roommates","[""['The Adventures of Hyperman', 'Detention', 'How I Loved a Macho Boy', 'Strong Medicine', 'Family Guy', 'Roommates', 'Things We Do for Love']""]","Detention, Strong Medicine, Roommates 
","[['the adventures of hyperman', 'de10tion', 'how i loved a macho boy', 'strong medicine', 'family guy', 'rooates', 'things we do for love']]","de10tion, strong medicine, rooates",34.78260869565217,0.0
132,132,132,132,132,132,"['what show was she on in 2006-2007?', 'now, which title did she appear in most often?', 'and which title comes in second at most episode appearances?']","Decomposition:
- Identify the row that corresponds to the years 2006-2007.
- Find the 'Title' column value for this row.
- Identify the title that appears most often and the one that comes in second at most episode appearances.

Answers:
- The show she was on in 2006-2007 was ""Family Guy.""
- The title she appeared in most often is ""Sister, Sister"" with 119 episodes.
- The title that comes in second at most episode appearances is ""Strong Medicine"" with 37 episodes.

Final Answer:
- She was on the show ""Family Guy"" in 2006-2007.
- The title she appeared in most often is ""Sister, Sister"" with 119 episodes.
- The title that comes in second at most episode appearances is ""Strong Medicine"" with 37 episodes.","[""['Family Guy']"", ""['Sister, Sister']"", ""['Strong Medicine']""]","""Family Guy"", ""Sister, Sister"", ""Strong Medicine"" 
","[['family guy'], ['sister, sister'], ['strong medicine']]","family guy, sister, sister, strong medicine",100.0,100.0
133,133,133,133,133,133,['which nations competed in the 2005 east asian games?'],"Decomposition:
- Identify the rows that have the year 2005.
- Extract the 'Nation' column for these rows.
- Compile the extracted 'Nation' values into a list.

Answers:
- The relevant rows for the nations that competed in 2005 are:
  - (There are no rows for 2005 in the provided context, so the answer would be none.)

Final Answer: None of the nations competed in the 2005 East Asian Games.","[""['China (CHN)', 'Japan (JPN)', 'South Korea (KOR)', 'Chinese Taipei (TPE)', 'Macau (MAC)', 'North Korea (PRK)', 'Hong Kong (HKG)', 'Mongolia (MGL)', 'Guam (GUM)']""]","None 
","[['china (chn)', 'japan (jpn)', 'south korea (kor)', 'chinese taipei (tpe)', 'macau (mac)', 'north korea (prk)', 'hong kong (hkg)', 'mongolia (mgl)', 'guam (gum)']]",n1,0.0,0.0
134,134,134,134,134,134,['which ones were in 1989?'],"Decomposition:
1. Identify the rows that have the year 1989. 
2. Extract the 'Accolade' and 'Rank' columns for these rows. 
3. Compile the extracted values into a list.

Answers:
- Answer to subquestion 1: The relevant rows for 1989 are:
  - Hot Press | Ireland | The 100 Best Albums of All Time | 1989 | 32
  - Time Out | United Kingdom | The 100 Best Albums of All Time | 1989 | 3

- Answer to subquestion 2: The 'Accolade' and 'Rank' values for 1989 are:
  - Hot Press | The 100 Best Albums of All Time
  - Time Out | The 100 Best Albums of All Time

- Answer to subquestion 3: The albums in 1989 were ""The 100 Best Albums of All Time"" by Hot Press and Time Out.

Final Answer: ""The 100 Best Albums of All Time"" by Hot Press and ""The 100 Best Albums of All Time"" by Time Out were the albums in 1989.","[""['Hot Press', 'Time Out']""]","""The 100 Best Albums of All Time"" by Hot Press and Time Out 
","[['hot press', 'time out']]",the 100 best albums of all time by hot press and time out,50.0,0.0
135,135,135,135,135,135,"['which ones left office in the 1990s?', 'who left during the 1990s?']","Decomposition:
1. Identify the rows where the officials left office during the 1990s.
2. Extract the 'Political lieutenant' column for these rows.
3. Compile the extracted 'Political lieutenant' values into a list.

Answers:
Answer to sq1: The relevant rows for officials who left office in the 1990s are:
   - Lucien Bouchard | Lac-Saint-Jean (Saguenay-Lac-Saint-Jean) | 1988 | 1990 | Brian Mulroney
   - Benoit Bouchard | Roberval (Saguenay-Lac-Saint-Jean) | 1990 | 1993 | Brian Mulroney
   - Monique Landry | Blainville--Deux-Montagnes (Laurentides) | 1993 | 1993 | Kim Campbell
   - Andre Bachand | Richmond--Arthabaska (Centre-du-Quebec & Eastern Townships) | 1998 | 2004 | Joe Clark Peter MacKay

Answer to sq2: The 'Political lieutenant' values for officials who left office in the 1990s are: Lucien Bouchard, Benoit Bouchard, Monique Landry, Andre Bachand.

Answer to sq3: The officials who left during the 1990s are: [Lucien Bouchard, Benoit Bouchard, Monique Landry, Andre Bachand]

Final Answer: [Lucien Bouchard, Benoit Bouchard, Monique Landry, Andre Bachand]","[""['Lucien Bouchard', 'Benoit Bouchard', 'Monique Landry']"", ""['Lucien Bouchard', 'Benoit Bouchard', 'Monique Landry']""]","[Lucien Bouchard, Benoit Bouchard, Monique Landry, Andre Bachand] 
","[['lucien bouchard', 'benoit bouchard', 'monique landry'], ['lucien bouchard', 'benoit bouchard', 'monique landry']]","[lucien bouchard, benoit bouchard, monique landry, andre bachand]",60.0,0.0
136,136,136,136,136,136,"['of those, which are 19 years of age?']","Decomposition:

1. Identify the rows with contestants who are 19 years old. (independent)
2. Extract the 'Contestant' column for these rows. (depends on sq1)
3. Compile the extracted 'Contestants' into a list. (depends on sq2)

Answers:

Answer to sq1: The relevant rows for contestants who are 19 years old are:
   - La Romana | Alina Charlin Espinal Luna | 19 | 1.81 | La Romana
   - Santo Domingo | Yisney Lina Lagrange Mendez | 19 | 1.82 | Pedro Brand

Answer to sq2: The 'Contestants' who are 19 years old are: Alina Charlin Espinal Luna, Yisney Lina Lagrange Mendez

Answer to sq3: The contestants who are 19 years old are: [""Alina Charlin Espinal Luna"", ""Yisney Lina Lagrange Mendez""]

Final Answer: [""Alina Charlin Espinal Luna"", ""Yisney Lina Lagrange Mendez""]","[""['Sandra Elisabeth Tavares Ruiz', 'Alina Charlin Espinal Luna', 'Yisney Lina Lagrange Mendez']""]","[""Alina Charlin Espinal Luna"", ""Yisney Lina Lagrange Mendez""] 
","[['sandra elisabeth tavares ruiz', 'alina charlin espinal luna', 'yisney lina lagrange mendez']]","[alina charlin espinal luna, yisney lina lagrange mendez]",80.0,0.0
137,137,137,137,137,137,"['now, what about just between jahangir khan and geoff hunt?']","Decomposition:
- Identify the rows for Jahangir Khan and Geoff Hunt.
- Compare the number of titles won by Jahangir Khan and Geoff Hunt.

Answers:
- Answer to subquestion 1: Rows for Jahangir Khan and Geoff Hunt are:
  2 | Jahangir Khan | 6 | 3 | 9
  3 | Geoff Hunt | 4 | 1 | 5
- Answer to subquestion 2: Number of titles won by Jahangir Khan and Geoff Hunt are 6 and 4, respectively.

Final Answer: Jahangir Khan won more titles than Geoff Hunt.","[""['6', '4']""]","Jahangir Khan 
","[['6', '4']]",jahangir khan,0.0,0.0
138,138,138,138,138,138,"['what were the obverse for 1975-1979?', 'and what are their 1975-1979 obverses?']","Decomposition:
1. Identify the rows that correspond to the years 1975-1979. (independent)
2. Extract the '1975-1979 Obverse' column for these rows. (depends on sq1)
3. Compile the extracted '1975-1979 Obverse' values into a list. (depends on sq2)

Answers:
Answer to sq1: The relevant rows for the years 1975-1979 are:
   - 1 seniti | 18 mm | Bronze | Maize | Pig | Maize | Vanilla
   - 2 seniti | 21 mm | Bronze | Marrows | PLANNED FAMILIES FOOD FOR ALL, six people holding hands | Taro | PLANNED FAMILIES FOOD FOR ALL, six people holding hands
   - 5 seniti | 19 mm | Cupronickel | Chicken with chicks | Bananas | Chicken with chicks | Coconuts
Answer to sq2: The '1975-1979 Obverse' values for the corresponding rows are: Maize, PLANNED FAMILIES FOOD FOR ALL, six people holding hands, Chicken with chicks
Answer to sq3: The obverses for 1975-1979 are: [Maize, PLANNED FAMILIES FOOD FOR ALL, six people holding hands, Chicken with chicks]

Final answer: [Maize, PLANNED FAMILIES FOOD FOR ALL, six people holding hands, Chicken with chicks]","[""['Maize', 'Marrows', 'Chicken with chicks', 'King', 'King', 'King']"", ""['Maize', 'Marrows', 'Chicken with chicks', 'King', 'King', 'King']""]","[Maize, PLANNED FAMILIES FOOD FOR ALL, six people holding hands, Chicken with chicks] 
","[['maize', 'marrows', 'chicken with chicks', 'king', 'king', 'king'], ['maize', 'marrows', 'chicken with chicks', 'king', 'king', 'king']]","[maize, planned families food for all, 6 people holding hands, chicken with chicks]",27.586206896551722,0.0
139,139,139,139,139,139,"['what dates were the cypriot presidential election of 2013 results published?', 'which of these published in february 2013?', 'of the dates feb 1 2013 or dec 3 2013, which did anastasiades win by a larger margin?', 'of these, which did not publish on february 9?']","Decomposition:

1. Identify the dates when the Cypriot presidential election results for 2013 were published.
2. Determine which of these dates falls in February 2013.
3. Calculate the margin by which N.Anastasiades won on February 1, 2013, and December 3, 2013.
4. Identify the dates that did not publish on February 9, 2013.

Answers:

1. The dates when the Cypriot presidential election results for 2013 were published are:
   - 13 January 2013
   - 17 January 2013
   - 27 January 2013
   - 1 February 2013
   - 4 February 2013
   - 9 February 2013

2. The dates published in February 2013 are:
   - 1 February 2013
   - 4 February 2013
   - 9 February 2013

3. The margin by which N.Anastasiades won on February 1, 2013, is 40.8% - 17.9% = 22.9%
   The margin by which N.Anastasiades won on December 3, 2013, is 35% - 19.1% = 15.9%

4. The dates that did not publish on February 9, 2013, are:
   - 1 February 2013
   - 4 February 2013","[""['16 September 2012', '18 September 2012', '23 September 2012', '7 October 2012', '18 October 2012', '2 November 2012', '4 November 2012', '15 November 2012', '18 November 2012', '27 November 2012', '2 December 2012', '3 December 2012', '17 December 2012', '22 December 2012', '13 January 2013', '17 January 2013', '27 January 2013', '1 February 2013', '4 February 2013', '9 February 2013', '9 February 2013', '9 February 2013']"", ""['Evresis', 'Prime Consulting Ltd', 'RAI Consultants Ltd', 'CMR Cypronetwork / Cybc']"", ""['1 February 2013']"", ""['Evresis', 'Prime Consulting Ltd']""]","['13 January 2013', '17 January 2013', '27 January 2013', '1 February 2013', '4 February 2013', '9 February 2013']
","[['16 september 2012', '18 september 2012', '23 september 2012', '7 october 2012', '18 october 2012', '2 november 2012', '4 november 2012', '15 november 2012', '18 november 2012', '27 november 2012', '2 december 2012', '3 december 2012', '17 december 2012', '22 december 2012', '13 january 2013', '17 january 2013', '27 january 2013', '1 february 2013', '4 february 2013', '9 february 2013', '9 february 2013', '9 february 2013'], ['evresis', 'prime consulting ltd', 'rai consultants ltd', 'cmr cypr12rk / cybc'], ['1 february 2013'], ['evresis', 'prime consulting ltd']]","['13 january 2013', '17 january 2013', '27 january 2013', '1 february 2013', '4 february 2013', '9 february 2013']",35.64356435643564,0.0
140,140,140,140,140,140,['what numbers of losses happened in 1941/42?'],"Decomposition: 
- Identify the row that corresponds to the losses in 1941/42.
- Extract the number of losses in that row.

Answers:
- The losses in 1941/42 were:
    Deaths In Prisons & Camps: 220,000
    Deaths Outside of Prisons & Camps: 71,000
- The total number of losses in 1941/42 was 291,000

Final Answer: 291,000","[""['116,000', '220,000', '71,000']""]","291,000 
","[['116,000', '220,000', '71,000']]","291,000",0.0,0.0
141,141,141,141,141,141,['what kind of deaths happened in 1939/1940?'],"Decomposition:
1. Identify the types of deaths that happened in 1939/40.
2. Extract the corresponding values for each type of death in the ""1939/40"" column.
3. Compile the extracted values into a list.

Answers:
- Answer to sq1: The types of deaths that happened in 1939/40 are Direct War Losses, Murdered, Deaths In Prisons & Camps, and Deaths Outside of Prisons & Camps.
- Answer to sq2: The values for each type of death in 1939/40 are: 360,000 (Direct War Losses), 75,000 (Murdered), 69,000 (Deaths In Prisons & Camps), and 0 (Deaths Outside of Prisons & Camps).
- Answer to sq3: The kinds of deaths that happened in 1939/40 were: Direct War Losses, Murdered, Deaths In Prisons & Camps.

Final answer: Direct War Losses, Murdered, Deaths In Prisons & Camps.","[""['Direct War Losses', 'Murdered', 'Deaths In Prisons & Camps']""]","Direct War Losses, Murdered, Deaths In Prisons & Camps 
","[['direct war losses', 'murdered', 'deaths in prisons & camps']]","direct war losses, murdered, deaths in prisons & camps",100.0,100.0
142,142,142,142,142,142,"['how many deaths occurred in 1939/1940?', 'how many deaths occurred in 1941/42?', 'of those, which types were recorded in 1940/41?', 'how many deaths were recorded for 1940/41?', 'of these how many are shown for 1940-1941?', 'which of these had 42,000 deaths outside of prison & camps in 1940/41?', 'what is the total amount of deaths in those years?', 'what were those losses, broken down by years?', 'of those deaths, how many occurred in 1941/1942?', 'how many total deaths were there in 1940/41?', 'what is the total for those years?', 'what is the total for deaths outside of prison & camps for all the years combined?', 'what was the total of the 1939/ 40 years?']","Decomposition:
- Identify the number of deaths in 1939/40.
- Find the number of deaths in 1941/42.
- List the types of deaths recorded in 1940/41.
- Determine the total number of deaths for 1940/41.
- Calculate the total deaths for 1940-1941.
- Identify the type with 42,000 deaths outside of prison & camps in 1940/41.
- Calculate the total deaths for the specified years.
- Break down the losses by year.
- Calculate the number of deaths in 1941/1942.
- Determine the total deaths in 1940/41.
- Calculate the total deaths for the specified years.
- Determine the total deaths outside of prisons & camps for all years.
- Find the total deaths for the 1939/40 years.

Answers:
- The number of deaths in 1939/40: 504,000
- The number of deaths in 1941/42: 407,000
- Types of deaths recorded in 1940/41: Murdered, Deaths In Prisons & Camps, Deaths Outside of Prisons & Camps
- Total deaths for 1940/41: 352,000
- Total deaths for 1940-1941: 759,000
- Type with 42,000 deaths outside of prison & camps in 1940/41: Deaths Outside of Prisons & Camps
- Total deaths for the specified years: 2,770,000
- Breakdown of losses by year: 1939/40 - 504,000, 1940/41 - 352,000, 1941/42 - 407,000, 1942/43 - 541,000, 1943/44 - 681,000, 1944/45 - 270,000
- Total deaths in 1941/1942: 407,000
- Total deaths in 1940/41: 352,000
- Total for the specified years: 2,770,000
- Total deaths outside of prisons & camps for all years combined: 716,000
- Total of the 1939/40 years: 543,000

Final Answer:
- Deaths in 1939/40: 504,000
- Deaths in 1941/42: 407,000
- Types in 1940/41: Murdered, Deaths In Prisons & Camps, Deaths Outside of Prisons & Camps
- Deaths in 1940/41: 352,000
- Total deaths for 1940-1941: 759,000
- Type with 42,000 deaths outside of prison & camps in 1940/41: Deaths Outside of Prisons & Camps
- Total deaths for specified years: 2,770,000
- Losses breakdown by year: 1939/40 - 543,000, 1940/41 - 352,000, 1941/42 - 407,000, 1942/43 - 541,000, 1943/44 - 681,000, 1944/45 - 270,000
- Deaths in 1941/1942: 407,000
- Total deaths in 1940/41: 352,000
- Total for specified years: 2,770,000
- Total deaths outside of prisons & camps: 716,000
- Total for 1939/40 years: 543,000","[""['360,000', '75,000', '69,000', '', '', '', '504,000']"", ""['', '116,000', '220,000', '71,000', '', '']"", ""['Murdered', 'Deaths In Prisons & Camps', 'Deaths Outside of Prisons & Camps']"", ""['', '100,000', '210,000', '42,000', '', '', '352,000']"", ""['352,000']"", ""['Deaths Outside of Prisons & Camps']"", ""['504,000']"", ""['504,000', '352,000', '407,000', '541,000', '681,000', '270,000']"", ""['220,000']"", ""['352,000']"", ""['352,000']"", ""['473,000']"", ""['504,000']""]","504,000, 407,000, Murdered, Deaths In Prisons & Camps, Deaths Outside of Prisons & Camps, 352,000, 759,000, Deaths Outside of Prisons & Camps, 2,770,000, 1939/40 - 543,000, 1940/41 - 352,000, 1941/42 - 407,000, 1942/43 - 541,000, 1943/44 - 681,000, 1944/45 - 270,000, 407,000, 352,000, 2,770,000, 716,000, 543,000 
","[['360,000', '75,000', '69,000', '', '', '', '504,000'], ['', '116,000', '220,000', '71,000', '', ''], ['murdered', 'deaths in prisons & camps', 'deaths outside of prisons & camps'], ['', '100,000', '210,000', '42,000', '', '', '352,000'], ['352,000'], ['deaths outside of prisons & camps'], ['504,000'], ['504,000', '352,000', '407,000', '541,000', '681,000', '270,000'], ['220,000'], ['352,000'], ['352,000'], ['473,000'], ['504,000']]","504,000, 407,000, murdered, deaths in prisons & camps, deaths outside of prisons & camps, 352,000, 759,000, deaths outside of prisons & camps, 2,770,000, 1939/40 - 543,000, 1940/41 - 352,000, 1941/42 - 407,000, 1942/43 - 541,000, 1943/44 - 681,000, 1944/45 - 270,000, 407,000, 352,000, 2,770,000, 716,000, 543,000",60.526315789473685,0.0
143,143,143,143,143,143,['which are the top 8 countries in athletics as the 1959 mediterranean games?'],"Decomposition:
1. Identify the rows corresponding to the countries that participated in athletics at the 1959 Mediterranean Games.
2. Sort the countries based on their performance in athletics.
3. Select the top 8 countries in athletics from the sorted list.

Answers:
1. The countries that participated in athletics are:
   - France
   - Greece
   - Yugoslavia
   - Spain
   - Morocco
   - Turkey
   - Egypt
   - Tunisia

2. Sorted list based on their performance in athletics:
   1. France: 11 Gold, 5 Silver, 3 Bronze
   2. Greece: 6 Gold, 7 Silver, 6 Bronze
   3. Yugoslavia: 3 Gold, 2 Silver, 1 Bronze
   4. Spain: 1 Gold, 5 Silver, 5 Bronze
   5. Morocco: 1 Gold, 1 Silver, 0 Bronze
   6. Turkey: 1 Gold, 1 Silver, 0 Bronze
   7. Egypt: 0 Gold, 1 Silver, 7 Bronze
   8. Tunisia: 0 Gold, 1 Silver, 0 Bronze

3. The top 8 countries in athletics at the 1959 Mediterranean Games are:
   - France
   - Greece
   - Yugoslavia
   - Spain
   - Morocco
   - Turkey
   - Egypt
   - Tunisia

Final Answer: France, Greece, Yugoslavia, Spain, Morocco, Turkey, Egypt, Tunisia","[""['France', 'Greece', 'Yugoslavia', 'Spain', 'Morocco', 'Turkey', 'Egypt', 'Tunisia']""]","France, Greece, Yugoslavia, Spain, Morocco, Turkey, Egypt, Tunisia 
","[['france', 'greece', 'yugoslavia', 'spain', 'morocco', 'turkey', 'egypt', 'tunisia']]","france, greece, yugoslavia, spain, morocco, turkey, egypt, tunisia",100.0,100.0
144,144,144,144,144,144,['which countries competed in the 1959 mediterranean games?'],"Decomposition:
1. Identify the rows that represent nations that competed in the 1959 Mediterranean Games.
2. Extract the 'Nation' column for these rows.
3. Compile the extracted nations into a list.

Answers:
Answer to sq1: The nations that competed in the 1959 Mediterranean Games are:
   - France
   - Greece
   - Yugoslavia
   - Spain
   - Morocco
   - Turkey
   - Egypt
   - Tunisia
Answer to sq2: The nations that competed in the 1959 Mediterranean Games are: France, Greece, Yugoslavia, Spain, Morocco, Turkey, Egypt, Tunisia
Answer to sq3: The countries that competed in the 1959 Mediterranean Games are: [""France"", ""Greece"", ""Yugoslavia"", ""Spain"", ""Morocco"", ""Turkey"", ""Egypt"", ""Tunisia""]

Final Answer: [""France"", ""Greece"", ""Yugoslavia"", ""Spain"", ""Morocco"", ""Turkey"", ""Egypt"", ""Tunisia""]","[""['France', 'Greece', 'Yugoslavia', 'Spain', 'Morocco', 'Turkey', 'Egypt', 'Tunisia']""]","[""France"", ""Greece"", ""Yugoslavia"", ""Spain"", ""Morocco"", ""Turkey"", ""Egypt"", ""Tunisia""] 
","[['france', 'greece', 'yugoslavia', 'spain', 'morocco', 'turkey', 'egypt', 'tunisia']]","[france, greece, yugoslavia, spain, morocco, turkey, egypt, tunisia]",100.0,100.0
145,145,145,145,145,145,['which nations were in the speed skating at the 1972 winter olympics?'],"Decomposition:
  - Identify the rows that mention the 1972 Winter Olympics.
  - Extract the 'Nation' column for these rows.
  - Compile the extracted 'Nation' values into a list.

Answers:
  - Relevant rows for the 1972 Winter Olympics:
    - Netherlands (NED)
    - United States (USA)
    - West Germany (FRG)
    - Norway (NOR)
    - Soviet Union (URS)
    - Sweden (SWE)
  - The nations in speed skating at the 1972 Winter Olympics are: Netherlands (NED), United States (USA), West Germany (FRG), Norway (NOR), Soviet Union (URS), Sweden (SWE)

Final Answer: [""Netherlands (NED)"", ""United States (USA)"", ""West Germany (FRG)"", ""Norway (NOR)"", ""Soviet Union (URS)"", ""Sweden (SWE)""]","[""['Netherlands (NED)', 'United States (USA)', 'West Germany (FRG)', 'Norway (NOR)', 'Soviet Union (URS)', 'Sweden (SWE)']""]","[""Netherlands (NED)"", ""United States (USA)"", ""West Germany (FRG)"", ""Norway (NOR)"", ""Soviet Union (URS)"", ""Sweden (SWE)""] 
","[['netherlands (ned)', 'united states (usa)', 'west germany (frg)', 'norway (nor)', 'soviet union (urs)', 'sweden (swe)']]","[netherlands (ned), united states (usa), west germany (frg), norway (nor), soviet union (urs), sweden (swe)]",100.0,100.0
146,146,146,146,146,146,['which countries participated in speed skating at the 1972 winter olympics?'],"Decomposition:
1. Identify the rows that mention the 1972 Winter Olympics. 
2. Extract the 'Nation' column for these rows.
3. Compile the extracted 'Nation' values into a list.

Answers:
- Relevant rows for the 1972 Winter Olympics:
    West Germany (FRG), Norway (NOR), Soviet Union (URS), Sweden (SWE)
- 'Nation' values for countries participating in the speed skating at the 1972 Winter Olympics: 
    West Germany (FRG), Norway (NOR), Soviet Union (URS), Sweden (SWE)
- Countries that participated in speed skating at the 1972 Winter Olympics: ['West Germany (FRG)', 'Norway (NOR)', 'Soviet Union (URS)', 'Sweden (SWE)'] 

Final Answer:
['West Germany (FRG)', 'Norway (NOR)', 'Soviet Union (URS)', 'Sweden (SWE)']","[""['Netherlands (NED)', 'United States (USA)', 'West Germany (FRG)', 'Norway (NOR)', 'Soviet Union (URS)', 'Sweden (SWE)']""]","['West Germany (FRG)', 'Norway (NOR)', 'Soviet Union (URS)', 'Sweden (SWE)'] 
","[['netherlands (ned)', 'united states (usa)', 'west germany (frg)', 'norway (nor)', 'soviet union (urs)', 'sweden (swe)']]","['west germany (frg)', 'norway (nor)', 'soviet union (urs)', 'sweden (swe)']",80.0,0.0
147,147,147,147,147,147,"['what are the venues for 2008 in chinese football?', 'where was the april 16 game held?']","Decomposition:
- Identify the rows that represent games from 2008 in Chinese football. 
- Extract the 'Venue' column for these rows to determine the venues for 2008 in Chinese football.
- Find the venue for the April 16 game.

Answers:
1. The relevant rows for games from 2008 in Chinese football:
    - No matches in the context align with 2008.

2. The venues for 2008 in Chinese football:
    - There is no data for 2008 games in the context.

3. The venue for the April 16 game:
    - The April 16 game was held in Seattle.

Final Answer:
- The venues for 2008 in Chinese football are not provided in the context. The April 16 game was held in Seattle.","[""['Dubai', 'Zhongshan', 'Zhongshan', 'Kunming', 'Seattle', 'Los Angeles', 'Kunshan', 'Muscat', 'Muscat', 'Amman']"", ""['Seattle']""]","Seattle 
","[['dubai', 'zhongshan', 'zhongshan', 'kunming', 'seattle', 'los angeles', 'kunshan', 'muscat', 'muscat', 'aan'], ['seattle']]",seattle,15.384615384615385,0.0
148,148,148,148,148,148,['which players participated in the 2005 australia national football team season?'],"Decomposition:
1. Identify the players who participated in the 2005 Australia national football team season.
2. Extract the players' names based on their participation in 2005.
3. Compile the extracted player names into a list.

Answers:
Answer to subquestion 1: The players who participated in the 2005 Australia national football team season are:
  - Aloisi
  - Bresciano
  - Thompson
  - Viduka
  - Chipperfield
  - Milicic
  - Colosimo
  - Elrich
  - Griffiths
  - Zdrilic

Answer to subquestion 2: The players who participated in the 2005 Australia national football team season are Aloisi, Bresciano, Thompson, Viduka, Chipperfield, Milicic, Colosimo, Elrich, Griffiths, Zdrilic.

Final Answer: The players who participated in the 2005 Australia national football team season are Aloisi, Bresciano, Thompson, Viduka, Chipperfield, Milicic, Colosimo, Elrich, Griffiths, Zdrilic.","[""['Aloisi', 'Bresciano', 'Thompson', 'Viduka', 'Chipperfield', 'Emerton', 'Milicic', 'Cahill', 'Colosimo', 'Culina', 'Elrich', 'Griffiths', 'Skoko', 'Zdrilic']""]","Aloisi, Bresciano, Thompson, Viduka, Chipperfield, Milicic, Colosimo, Elrich, Griffiths, Zdrilic 
","[['aloisi', 'bresciano', 'thompson', 'viduka', 'chipperfield', 'emerton', 'milicic', 'cahill', 'colosimo', 'culina', 'elrich', 'griffiths', 'skoko', 'zdrilic']]","aloisi, bresciano, thompson, viduka, chipperfield, milicic, colosimo, elrich, griffiths, zdrilic",83.33333333333333,0.0
149,149,149,149,149,149,['what amounts did players earn in the 1939 masters tournament?'],"Decomposition:
- Identify the row(s) that correspond to the 1939 Masters Tournament. (independent)
- Extract the 'Money ($)' column value(s) for the identified row(s). (depends on the previous step)
- Compile the extracted value(s) into a list. (depends on the previous step)

Answers:
- The row for the 1939 Masters Tournament is:
  Lawson Little | United States | 72-72-68-70=282 | -6 | 550
- The 'Money ($)' value for the 1939 Masters Tournament is: $550
- The amounts earned by players in the 1939 Masters Tournament are: [$550]

Final Answer: [$550]","[""['1,500', '800', '550', '550', '400', '300', '250', '175', '125', '100', '100']""]","$550 
","[['1,500', '800', '550', '550', '400', '300', '250', '175', '125', '100', '100']]",550,16.666666666666668,0.0
150,150,150,150,150,150,['what were the matches in the 2006 yokohama f. marinos season?'],"Decomposition:
- Identify the rows that correspond to the matches in the 2006 Yokohama F. Marinos season.
- Extract information such as Date, Venue, and Opponents for these matches.
- Compile the extracted data into a list.

Answers:
- The matches in the 2006 Yokohama F. Marinos season are expected to be the ones listed under ""GL-A-1,"" ""GL-A-2,"" ""GL-A-3,"" ""GL-A-4,"" ""GL-A-5,"" ""GL-A-6,"" ""Quarterfinals-1,"" ""Quarterfinals-2,"" ""Semifinals-1,"" and ""Semifinals-2.""
- Specific details like Date, Venue, and Opponents for each match need to be extracted.

Final Answer:
The matches in the 2006 Yokohama F. Marinos season can be listed with their respective Date, Venue, and Opponents once the information is extracted from the table.","[""['GL-A-1', 'GL-A-2', 'GL-A-3', 'GL-A-4', 'GL-A-5', 'GL-A-6', 'Quarterfinals-1', 'Quarterfinals-2', 'Semifinals-1', 'Semifinals-2']""]","Not enough information provided. 
","[['gl-a-1', 'gl-a-2', 'gl-a-3', 'gl-a-4', 'gl-a-5', 'gl-a-6', 'quarterfinals-1', 'quarterfinals-2', 'semifinals-1', 'semifinals-2']]",not enough information provided,0.0,0.0
151,151,151,151,151,151,"['which operas were composed after 1912?', 'which were composed between 1910-1920?']","Decomposition:
- Identify the rows that have the composition year after 1912.
- Extract the 'Title' column for these rows.
- Compile the extracted 'Title' values into a list.

Answer:
- The operas composed after 1912 are:
    - Sonnenflammen
    - Der Heidenkonig
    - Der Friedensengel
    - An allem ist Hutchen Schuld!
    - Der Schmied von Marienburg
    - Rainulf und Adelasia
    - Die heilige Linde
    - Wahnopfer
    - Das Fluchlein, das Jeder mitbekam

Final Answer: 
- ['Sonnenflammen', 'Der Heidenkonig', 'Der Friedensengel', 'An allem ist Hutchen Schuld!', 'Der Schmied von Marienburg', 'Rainulf und Adelasia', 'Die heilige Linde', 'Wahnopfer', 'Das Fluchlein, das Jeder mitbekam']","[""['Der Heidenkonig', 'Der Friedensengel', 'An allem ist Hutchen Schuld!', 'Das Liebesopfer (libretto only, no music completed)', 'Der Schmied von Marienburg', 'Rainulf und Adelasia', 'Die heilige Linde', 'Wahnopfer', 'Walamund (libretto only, no music completed)', 'Das Fluchlein, das Jeder mitbekam']"", ""['Schwarzschwanenreich', 'Sonnenflammen', 'Der Heidenkonig', 'Der Friedensengel', 'An allem ist Hutchen Schuld!', 'Das Liebesopfer (libretto only, no music completed)', 'Der Schmied von Marienburg']""]","['Sonnenflammen', 'Der Heidenkonig', 'Der Friedensengel', 'An allem ist Hutchen Schuld!', 'Der Schmied von Marienburg', 'Rainulf und Adelasia', 'Die heilige Linde', 'Wahnopfer', 'Das Fluchlein, das Jeder mitbekam'] 
","[['der heidenkonig', 'der friedensengel', 'an allem ist hutchen schuld!', 'das liebesopfer (libretto only, no music completed)', 'der schmied von marienburg', 'rainulf und adelasia', 'die heilige linde', 'wahnopfer', 'walamund (libretto only, no music completed)', 'das fluchlein, das jeder mitbekam'], ['schwarzschwanenreich', 'sonnenflaen', 'der heidenkonig', 'der friedensengel', 'an allem ist hutchen schuld!', 'das liebesopfer (libretto only, no music completed)', 'der schmied von marienburg']]","['sonnenflaen', 'der heidenkonig', 'der friedensengel', 'an allem ist hutchen schuld!', 'der schmied von marienburg', 'rainulf und adelasia', 'die heilige linde', 'wahnopfer', 'das fluchlein, das jeder mitbekam']",60.24096385542169,0.0
152,152,152,152,152,152,['who competed in the 2011 european team championships super league?'],"Decomposition:
- Identify the rows with the event ""2011 European Team Championships Super League."" 
- Extract the ""Name"" column for these rows. 
- Compile the extracted names into a list.

Answers:
1. The relevant row for the event ""2011 European Team Championships Super League"" is:
    - Gareth Warburton | Great Britain | 1:46.95 | SB | 10
2. The name of the athlete who competed in the ""2011 European Team Championships Super League"" is: Gareth Warburton.

Final Answer: Gareth Warburton","[""['Adam Kszczot', 'Jeff Lastennet', 'Gareth Warburton', 'Mario Scapini', 'Anis Ananenka', 'Oleh Kayafa', 'Joni Jaako', 'Robin Schembera', 'Ivan Tukhtachev', 'Antonio Manuel Reina', 'Antonio Rodrigues', 'Milan Kocourek']""]","Gareth Warburton 
","[['adam kszczot', 'jeff las10net', 'gareth warburton', 'mario scapini', 'anis ananenka', 'oleh kayafa', 'joni jaako', 'robin schembera', 'ivan tukhtachev', 'antonio manuel reina', 'antonio rodrigues', 'milan kocourek']]",gareth warburton,14.814814814814813,0.0
153,153,153,153,153,153,"['who were the different players at the 2011 european team championships super league?', 'what are the ranks of the racers with seasons best times?', 'what were the above players corresponding finishing times?', 'what was the finishing time for each?', 'what about just the time for joni jaako?', 'what was his time to finish the race?', 'what was his time?']","Decomposition:
- Identify the row corresponding to Joni Jaako. (independent)
- Extract the 'Time' value for Joni Jaako. (depends on the previous subquestion)

Answers:
- The row for Joni Jaako is: 7 | Joni Jaako | Sweden | 1:47.61 | SB | 6
- Joni Jaako's finishing time is: 1:47.61

Final Answer:
Joni Jaako's finishing time was 1:47.61.","[""['Adam Kszczot', 'Jeff Lastennet', 'Gareth Warburton', 'Mario Scapini', 'Anis Ananenka', 'Oleh Kayafa', 'Joni Jaako', 'Robin Schembera', 'Ivan Tukhtachev', 'Antonio Manuel Reina', 'Antonio Rodrigues', 'Milan Kocourek']"", ""['3', '7', '9']"", ""['1:46.50', '1:46.70', '1:46.95', '1:47.20', '1:47.29', '1:47.42', '1:47.61', '1:47.79', '1:48.27', '1:48.56', '1:50.45', '1:59.28']"", ""['1:46.50', '1:46.70', '1:46.95', '1:47.20', '1:47.29', '1:47.42', '1:47.61', '1:47.79', '1:48.27', '1:48.56', '1:50.45', '1:59.28']"", ""['1:47.61']"", ""['1:47.61']"", ""['1:47.61']""]","1:47.61 
","[['adam kszczot', 'jeff las10net', 'gareth warburton', 'mario scapini', 'anis ananenka', 'oleh kayafa', 'joni jaako', 'robin schembera', 'ivan tukhtachev', 'antonio manuel reina', 'antonio rodrigues', 'milan kocourek'], ['3', '7', '9'], ['1:46.50', '1:46.70', '1:46.95', '1:47.20', '1:47.29', '1:47.42', '1:47.61', '1:47.79', '1:48.27', '1:48.56', '1:50.45', '1:59.28'], ['1:46.50', '1:46.70', '1:46.95', '1:47.20', '1:47.29', '1:47.42', '1:47.61', '1:47.79', '1:48.27', '1:48.56', '1:50.45', '1:59.28'], ['1:47.61'], ['1:47.61'], ['1:47.61']]",1:47.61,3.571428571428572,0.0
154,154,154,154,154,154,"['of these nations, which one took home the second most gold medals?']","Decomposition:
1. Identify the nation(s) with the second-highest number of gold medals.
2. Determine the number of gold medals won by the nation(s) identified in step 1.

Answers:
1. The nation(s) with the second-highest number of gold medals is Australia.
2. Australia won 3 gold medals.

Final Answer: Australia.","[""['Australia']""]","Australia 
",[['australia']],australia,100.0,100.0
155,155,155,155,155,155,"['of these, which one has a decimal 128 of 12288']","Decomposition:
- Identify the row where the 'decimal(128)' column value is 12288.
- Extract the corresponding 'decimal128' column value.

Answers:
- The row with a 'decimal(128)' value of 12288 is:
  32 | 128 | 12288 | 32xk |
- The 'decimal128' value where 'decimal(128)' is 12288 is: 12288

Final Answer:
12288","[""['Exponent range']""]","12288 
",[['exp1nt range']],12288,0.0,0.0
156,156,156,156,156,156,['what countries participated in the 2002 asian games?'],"Decomposition:
- Identify the rows that have the year 2002.
- Extract the 'Nation' column for these rows.
- Compile the extracted 'Nation' values into a list.

Answers:
- The countries that participated in the 2002 Asian Games are:
  - South Korea (KOR)
  - Japan (JPN)
  - Bahrain (BRN)
  - Sri Lanka (SRI)
  - Qatar (QAT)
  - Thailand (THA)
  - Kyrgyzstan (KGZ)
  - Kuwait (KUW)
  - North Korea (PRK)
  - Uzbekistan (UZB)
  - Iran (IRI)

Final Answer:
- South Korea (KOR), Japan (JPN), Bahrain (BRN), Sri Lanka (SRI), Qatar (QAT), Thailand (THA), Kyrgyzstan (KGZ), Kuwait (KUW), North Korea (PRK), Uzbekistan (UZB), Iran (IRI)","[""['China (CHN)', 'India (IND)', 'Saudi Arabia (KSA)', 'Kazakhstan (KAZ)', 'South Korea (KOR)', 'Japan (JPN)', 'Bahrain (BRN)', 'Sri Lanka (SRI)', 'Qatar (QAT)', 'Thailand (THA)', 'Kyrgyzstan (KGZ)', 'Kuwait (KUW)', 'North Korea (PRK)', 'Uzbekistan (UZB)', 'Iran (IRI)']""]","South Korea, Japan, Bahrain, Sri Lanka, Qatar, Thailand, Kyrgyzstan, Kuwait, North Korea, Uzbekistan, Iran 
","[['china (chn)', 'india (ind)', 'saudi arabia (ksa)', 'kazakhstan (kaz)', 'south korea (kor)', 'japan (jpn)', 'bahrain (brn)', 'sri lanka (sri)', 'qatar (qat)', 'thailand (tha)', 'kyrgyzstan (kgz)', 'kuwait (kuw)', 'north korea (prk)', 'uzbekistan (uzb)', 'iran (iri)']]","south korea, japan, bahrain, sri lanka, qatar, thailand, kyrgyzstan, kuwait, north korea, uzbekistan, iran",58.333333333333336,0.0
157,157,157,157,157,157,"['who were the 2012 gopro indy grand prix of sonoma drivers?', 'what was his time?', ""what about just ryan briscoe\t's time?""]","Decomposition:
1. Identify the driver(s) who participated in the 2012 GoPro Indy Grand Prix of Sonoma. 
2. Find the time achieved by each driver in the race.
3. Identify Ryan Briscoe's time specifically.

Answers:
- Answer to subquestion 1: The drivers who participated in the 2012 GoPro Indy Grand Prix of Sonoma are:
    - Ryan Briscoe, Will Power, Dario Franchitti, Rubens Barrichello, Graham Rahal, Helio Castroneves, Simon Pagenaud (R), J.R. Hildebrand, Alex Tagliani, Tony Kanaan, Justin Wilson, James Jakes, Scott Dixon, Mike Conway, Sebastian Saavedra, E.J. Viso, Simona de Silvestro, Ryan Hunter-Reay, Oriol Servia, Ed Carpenter, Charlie Kimball, Sebastien Bourdais, Josef Newgarden (R), Katherine Legge (R), Marco Andretti, James Hinchcliffe, Takuma Sato.
- Answer to subquestion 2: The respective times achieved by the drivers are specified under the 'Time/Retired' column in the table.
- Answer to subquestion 3: Ryan Briscoe's time in the 2012 GoPro Indy Grand Prix of Sonoma was 2:07:02.8248.

Final Answer:
- For the 2012 GoPro Indy Grand Prix of Sonoma:
  - Ryan Briscoe competed along with several other drivers.
  - Ryan Briscoe's recorded time was 2:07:02.8248.","[""['Ryan Briscoe', 'Will Power', 'Dario Franchitti', 'Rubens Barrichello', 'Graham Rahal', 'Helio Castroneves', 'Simon Pagenaud (R)', 'J.R. Hildebrand', 'Alex Tagliani', 'Tony Kanaan', 'Justin Wilson', 'James Jakes', 'Scott Dixon', 'Mike Conway', 'Sebastian Saavedra', 'E.J. Viso', 'Simona de Silvestro', 'Ryan Hunter-Reay', 'Oriol Servia', 'Ed Carpenter', 'Charlie Kimball', 'Sebastien Bourdais', 'Josef Newgarden (R)', 'Katherine Legge (R)', 'Marco Andretti', 'James Hinchcliffe', 'Takuma Sato']"", ""['2:07:02.8248']"", ""['2:07:02.8248']""]","['Ryan Briscoe', 'Will Power', 'Dario Franchitti', 'Rubens Barrichello', 'Graham Rahal', 'Helio Castroneves', 'Simon Pagenaud (R)', 'J.R. Hildebrand', 'Alex Tagliani', 'Tony Kanaan', 'Justin Wilson', 'James Jakes', 'Scott Dixon', 'Mike Conway', 'Sebastian Saavedra', 'E.J. Viso', 'Simona de Silvestro', 'Ryan Hunter-Reay', 'Oriol Servia', 'Ed Carpenter', 'Charlie Kimball', 'Sebastien Bourdais', 'Josef Newgarden (R)', 'Katherine Legge (R)', 'Marco Andretti', 'James Hinchcliffe', 'Takuma Sato']
","[['ryan briscoe', 'will power', 'dario franchitti', 'rubens barrichello', 'graham rahal', 'helio castr1ves', 'simon pagenaud (r)', 'j.r. hildebrand', 'alex tagliani', 'tony kanaan', 'justin wilson', 'james jakes', 'scott dixon', 'mike conway', 'sebastian saavedra', 'e.j. viso', 'simona de silvestro', 'ryan hunter-reay', 'oriol servia', 'ed carpenter', 'charlie kimball', 'sebastien bourdais', 'josef newgarden (r)', 'katherine legge (r)', 'marco andretti', 'james hinchcliffe', 'takuma sato'], ['2:07:02.8248'], ['2:07:02.8248']]","['ryan briscoe', 'will power', 'dario franchitti', 'rubens barrichello', 'graham rahal', 'helio castr1ves', 'simon pagenaud (r)', 'j.r. hildebrand', 'alex tagliani', 'tony kanaan', 'justin wilson', 'james jakes', 'scott dixon', 'mike conway', 'sebastian saavedra', 'e.j. viso', 'simona de silvestro', 'ryan hunter-reay', 'oriol servia', 'ed carpenter', 'charlie kimball', 'sebastien bourdais', 'josef newgarden (r)', 'katherine legge (r)', 'marco andretti', 'james hinchcliffe', 'takuma sato']",98.3050847457627,0.0
158,158,158,158,158,158,"['of those positions, which are currently vacant?']","Decomposition:
- Identify the rows that have a ""vacant"" entry in the ""current officers"" column.
- Extract the ""Officer"" values for these rows.
- Compile the extracted ""Officer"" values into a list.

Answers:
- The relevant rows for positions that are currently vacant are:
  - 1 | Lord High Steward | vacant | Justiciar | Lord Steward
  - 7 | Lord High Constable | vacant | Earl Marshal | Master of the Horse
- The ""Officer"" values for positions that are currently vacant are: Lord High Steward, Lord High Constable
- Positions that are currently vacant are: [""Lord High Steward"", ""Lord High Constable""]

Final Answer: [""Lord High Steward"", ""Lord High Constable""]","[""['Lord High Steward', 'Lord High Constable']""]","[""Lord High Steward"", ""Lord High Constable""] 
","[['lord high steward', 'lord high constable']]","[lord high steward, lord high constable]",100.0,100.0
159,159,159,159,159,159,['what website is $80 per year?'],"Decomposition:
1. Identify the row corresponding to the website that costs $80 per year.
2. Extract the 'Name' column for this row.

Answers:
- Answer to subquestion 1: The website that costs $80 per year is IXL | Math | $80/year | 4-12 | ?
- Answer to subquestion 2: The website that costs $80 per year is IXL

Final Answer: IXL","[""['IXL']""]","IXL 
",[['ixl']],ixl,100.0,100.0
160,160,160,160,160,160,['what countries participated in the swimming competition at the 2005 mediterranean games?'],"Decomposition:
1. Identify the rows that mention the event ""swimming competition at the 2005 Mediterranean Games.""
2. Extract the 'Nation' column for these rows.
3. Compile the extracted 'Nation' values into a list.

Answers:
- Answer to subquestion 1: There are no rows related to the ""swimming competition at the 2005 Mediterranean Games.""
- Answer to subquestion 2: N/A
- Answer to subquestion 3: N/A

Final Answer: Since there are no rows pertaining to the ""swimming competition at the 2005 Mediterranean Games,"" the final answer is not applicable (N/A).","[""['France', 'Italy', 'Slovenia', 'Spain', 'Greece', 'Tunisia', 'Algeria', 'Croatia', 'Egypt']""]","N/A 
","[['france', 'italy', 'slovenia', 'spain', 'greece', 'tunisia', 'algeria', 'croatia', 'egypt']]",n/a,0.0,0.0
161,161,161,161,161,161,['what countries competed in the swimming at the 2005 mediterranean games?'],"Decomposition:
1. Identify the rows that competed in the swimming event at the 2005 Mediterranean Games.
2. Extract the 'Nation' column for these rows.
3. Compile the extracted 'Nation' values into a list.

Answers:
- The relevant rows for countries that competed in the swimming event at the 2005 Mediterranean Games are:
  Croatia, Egypt
- The 'Nation' values for countries that competed in the swimming event at the 2005 Mediterranean Games are: Croatia, Egypt
- Countries that competed in the swimming event at the 2005 Mediterranean Games: Croatia, Egypt

Final answer: Croatia, Egypt","[""['France', 'Italy', 'Slovenia', 'Spain', 'Greece', 'Tunisia', 'Algeria', 'Croatia', 'Egypt']""]","Croatia, Egypt 
","[['france', 'italy', 'slovenia', 'spain', 'greece', 'tunisia', 'algeria', 'croatia', 'egypt']]","croatia, egypt",36.36363636363636,0.0
162,162,162,162,162,162,['which countries earned the most medals in swimming at the 2005 mediterranean games?'],"Decomposition:
1. Identify the rows that represent countries that earned medals in swimming at the 2005 Mediterranean Games.
2. Extract the 'Nation' column for these rows.
3. Compile the extracted 'Nation' values into a list.

Answers:
1. The relevant rows for countries that earned medals in swimming at the 2005 Mediterranean Games are:
   6 | Tunisia | 3 | 0 | 0 | 3
   7 | Algeria | 2 | 0 | 2 | 4
   8 | Croatia | 0 | 3 | 3 | 6

2. The 'Nation' values for countries that earned medals in swimming at the 2005 Mediterranean Games are: Tunisia, Algeria, Croatia

3. The countries that earned the most medals in swimming at the 2005 Mediterranean Games are: [""Tunisia"", ""Algeria"", ""Croatia""]

Final Answer: [""Tunisia"", ""Algeria"", ""Croatia""]","[""['France', 'Italy', 'Slovenia', 'Spain', 'Greece', 'Tunisia', 'Algeria', 'Croatia', 'Egypt']""]","[""Tunisia"", ""Algeria"", ""Croatia""] 
","[['france', 'italy', 'slovenia', 'spain', 'greece', 'tunisia', 'algeria', 'croatia', 'egypt']]","[tunisia, algeria, croatia]",50.0,0.0
163,163,163,163,163,163,['what are the dates of the 1972 minnesota vikings season?'],"Decomposition:
1. Identify the rows that correspond to the 1972 Minnesota Vikings season.
2. Extract the 'Date' column for these rows.
3. Compile the extracted dates into a list.

Answers:
Answer to sq1: The rows that correspond to the 1972 Minnesota Vikings season are:
- Week 1 | September 18
- Week 2 | September 24
- Week 3 | October 1
- Week 4 | October 8
- Week 5 | October 15
- Week 6 | October 23
- Week 7 | October 29
- Week 8 | November 5
- Week 9 | November 12
- Week 10 | November 19
- Week 11 | November 26
- Week 12 | December 3
- Week 13 | December 10
- Week 14 | December 16

Answer to sq2: The 'Date' values for the 1972 Minnesota Vikings season are: September 18, September 24, October 1, October 8, October 15, October 23, October 29, November 5, November 12, November 19, November 26, December 3, December 10, December 16

Answer to sq3: The dates of the 1972 Minnesota Vikings season are: [September 18, September 24, October 1, October 8, October 15, October 23, October 29, November 5, November 12, November 19, November 26, December 3, December 10, December 16]

Final Answer: [September 18, September 24, October 1, October 8, October 15, October 23, October 29, November 5, November 12, November 19, November 26, December 3, December 10, December 16]","[""['September 18', 'September 24', 'October 1', 'October 8', 'October 15', 'October 23', 'October 29', 'November 5', 'November 12', 'November 19', 'November 26', 'December 3', 'December 10', 'December 16']""]","['September 18', 'September 24', 'October 1', 'October 8', 'October 15', 'October 23', 'October 29', 'November 5', 'November 12', 'November 19', 'November 26', 'December 3', 'December 10', 'December 16']
","[['september 18', 'september 24', 'october 1', 'october 8', 'october 15', 'october 23', 'october 29', 'november 5', 'november 12', 'november 19', 'november 26', 'december 3', 'december 10', 'december 16']]","['september 18', 'september 24', 'october 1', 'october 8', 'october 15', 'october 23', 'october 29', 'november 5', 'november 12', 'november 19', 'november 26', 'december 3', 'december 10', 'december 16']",100.0,100.0
164,164,164,164,164,164,['what were the venues of the 1972 minnesota vikings season?'],"Decomposition:
1. Identify the rows that mention the venues of the 1972 Minnesota Vikings season.
2. Extract the 'Venue' column for these rows.
3. Compile the extracted venue values into a list.

Answers:
Answer to sq1: The relevant rows for the venues of the 1972 Minnesota Vikings season are:
   - Metropolitan Stadium
   - Tiger Stadium
   - Mile High Stadium
   - Soldier Field
   - Lambeau Field
   - Los Angeles Memorial Coliseum
   - Three Rivers Stadium
   - Candlestick Park

Answer to sq2: The 'Venue' values for the 1972 Minnesota Vikings season are: Metropolitan Stadium, Tiger Stadium, Mile High Stadium, Soldier Field, Lambeau Field, Los Angeles Memorial Coliseum, Three Rivers Stadium, Candlestick Park

Answer to sq3: The venues of the 1972 Minnesota Vikings season were: [""Metropolitan Stadium"", ""Tiger Stadium"", ""Mile High Stadium"", ""Soldier Field"", ""Lambeau Field"", ""Los Angeles Memorial Coliseum"", ""Three Rivers Stadium"", ""Candlestick Park""]

Final Answer: [""Metropolitan Stadium"", ""Tiger Stadium"", ""Mile High Stadium"", ""Soldier Field"", ""Lambeau Field"", ""Los Angeles Memorial Coliseum"", ""Three Rivers Stadium"", ""Candlestick Park""]","[""['Metropolitan Stadium', 'Tiger Stadium', 'Metropolitan Stadium', 'Metropolitan Stadium', 'Mile High Stadium', 'Soldier Field', 'Lambeau Field', 'Metropolitan Stadium', 'Metropolitan Stadium', 'Los Angeles Memorial Coliseum', 'Three Rivers Stadium', 'Metropolitan Stadium', 'Metropolitan Stadium', 'Candlestick Park']""]","[""Metropolitan Stadium"", ""Tiger Stadium"", ""Mile High Stadium"", ""Soldier Field"", ""Lambeau Field"", ""Los Angeles Memorial Coliseum"", ""Three Rivers Stadium"", ""Candlestick Park""] 
","[['metropolitan stadium', 'tiger stadium', 'metropolitan stadium', 'metropolitan stadium', 'mile high stadium', 'soldier field', 'lambeau field', 'metropolitan stadium', 'metropolitan stadium', 'los angeles memorial coliseum', '3 rivers stadium', 'metropolitan stadium', 'metropolitan stadium', 'candlestick park']]","[metropolitan stadium, tiger stadium, mile high stadium, soldier field, lambeau field, los angeles memorial coliseum, 3 rivers stadium, candlestick park]",76.92307692307693,0.0
165,165,165,165,165,165,['what year was she honored at the 16th hashida awards?'],"Decomposition:
sq1. Identify the row corresponding to the 16th Hashida Awards.
sq2. Extract the 'Year' value for this row.

Answers:
Answer to sq1: The row for the 16th Hashida Awards is:
2007 | 16th Hashida Awards | Newcomer Award | Hana Yori Dango 2 | Won

Answer to sq2: The year she was honored at the 16th Hashida Awards is 2007.

Final Answer: 2007","[""['2007']""]","2007 
",[['2007']],2007,100.0,100.0
166,166,166,166,166,166,"['what were the years inoue was nominated for an award?', 'what was the work she was nominated for in 2007 at the academy drama awards?', 'which of those movies were released in 2007?', 'which of those was in 2007?']","Decomposition:
- Identify the rows where Inoue was nominated for an award.
- Extract the 'Year' for these rows.
- Extract the 'Work' for the nominations in 2007 at the Academy Drama Awards.
- Identify which of these works were released in 2007.

Answers:
- The years in which Inoue was nominated for an award are: 2007, 2010, 2012
- The work she was nominated for in 2007 at the Academy Drama Awards was ""First Kiss"".
- The movies released in 2007 among Inoue's nominations are: ""Hana Yori Dango 2"", ""First Kiss"", ""Ohisama""

Final Answer:
- Years in which Inoue was nominated for an award: 2007, 2010, 2012
- Work she was nominated for in 2007 at the Academy Drama Awards: ""First Kiss""
- Movies released in 2007 among her nominations: ""Hana Yori Dango 2"", ""First Kiss"", ""Ohisama""","[""['2005', '2007', '2007', '2007', '2007', '2008', '2010', '2011', '2011', '2011', '2011', '2011', '2012', '2012', '2012']"", ""['First Kiss']"", ""['Hana Yori Dango', 'Hana Yori Dango 2', 'Hana Yori Dango 2', 'Hana Yori Dango 2', 'First Kiss']"", ""['First Kiss']""]","['2007', '2010', '2012'], 'First Kiss', ['Hana Yori Dango 2', 'First Kiss', 'Ohisama'] 
","[['2005', '2007', '2007', '2007', '2007', '2008', '2010', '2011', '2011', '2011', '2011', '2011', '2012', '2012', '2012'], ['first kiss'], ['hana yori dango', 'hana yori dango 2', 'hana yori dango 2', 'hana yori dango 2', 'first kiss'], ['first kiss']]","['2007', '2010', '2012'], 'first kiss', ['hana yori dango 2', 'first kiss', 'ohisama']",45.83333333333333,0.0
167,167,167,167,167,167,['in what years did luis sa silva race?'],"Decomposition:
1. Identify the rows where Luis Sa Silva raced.
2. Extract the 'Season' column for these rows.
3. Compile the extracted 'Season' values into a list.

Answers:
Answer to subquestion 1: The relevant rows where Luis Sa Silva raced are:
   2012 | Formula 3 Euro Series | Angola Racing Team | 21 | 0 | 0 | 0 | 0 | 14 | 14th
   2012 | 59th Macau Grand Prix Formula 3 | Angola Racing Team | 2 | 0 | 0 | 0 | 0 | -- | 23rd
   2012 | Masters of Formula 3 | Angola Racing Team | 1 | 0 | 0 | 0 | 0 | -- | 18th
   2012 | British Formula 3 Championship | Angola Racing Team | 5 | 0 | 0 | 0 | 0 | -- | --
   
Answer to subquestion 2: The 'Season' values for races where Luis Sa Silva participated are: 2012, 2012, 2012, 2012

Answer to subquestion 3: The years Luis Sa Silva raced are: [2012, 2012, 2012, 2012]

Final answer: [2012, 2012, 2012, 2012]","[""['2007', '2008', '2009', '2009', '2010', '2010', '2011', '2012', '2012', '2012', '2012', '2013']""]","2012 
","[['2007', '2008', '2009', '2009', '2010', '2010', '2011', '2012', '2012', '2012', '2012', '2013']]",2012,15.384615384615385,0.0
168,168,168,168,168,168,"['which series did luis sa silva compete in between 2011 and 2012?', 'which teams did he race for during those years besides angola?']","Decomposition:
1. Identify the rows corresponding to the years 2011 and 2012.
2. Extract the 'Series' column for these rows.
3. Compile the extracted 'Series' values into a list for the years 2011 and 2012.  
4. Identify the teams Luis Sa Silva raced for during those years besides Angola.
5. Extract the 'Team' column for these rows.
6. Compile the extracted 'Team' values into a list.

Answers:
Answer to subquestion 1: The relevant rows for the years 2011 and 2012 are:
```
2011 | Formula Pilota China | Asia Racing Team | 12 | 2 | 0 | 0 | 3 | 124 | 2nd
2012 | Formula 3 Euro Series | Angola Racing Team | 21 | 0 | 0 | 0 | 0 | 14 | 14th
2012 | 59th Macau Grand Prix Formula 3 | Angola Racing Team | 2 | 0 | 0 | 0 | 0 | -- | 23rd
2012 | Masters of Formula 3 | Angola Racing Team | 1 | 0 | 0 | 0 | 0 | -- | 18th
2012 | British Formula 3 Championship | Angola Racing Team | 5 | 0 | 0 | 0 | 0 | -- | --
```

Answer to subquestion 2: The 'Series' values for the years 2011 and 2012 are: Formula Pilota China, Formula 3 Euro Series, 59th Macau Grand Prix Formula 3, Masters of Formula 3, British Formula 3 Championship.

Answer to subquestion 4: The teams Luis Sa Silva raced for during those years besides Angola are:
```
Asia Racing Team
```

Final Answer:
- Series Luis Sa Silva competed in between 2011 and 2012: Formula Pilota China, Formula 3 Euro Series, 59th Macau Grand Prix Formula 3, Masters of Formula 3, British Formula 3 Championship.
- Teams he raced for during those years besides Angola: Asia Racing Team.","[""['Formula Pilota China', 'Formula 3 Euro Series', '59th Macau Grand Prix Formula 3', 'Masters of Formula 3', 'British Formula 3 Championship']"", ""['Champ Motorsports', 'Champ Motorsports', 'Asia Racing Team', 'Krenek Motorsport', 'China Sonangol', 'Sonangol Motopark', 'Asia Racing Team', 'Carlin']""]","['Formula Pilota China', 'Formula 3 Euro Series', '59th Macau Grand Prix Formula 3', 'Masters of Formula 3', 'British Formula 3 Championship'], Asia Racing Team 
","[['formula pilota china', 'formula 3 euro series', '59 macau grand prix formula 3', 'masters of formula 3', 'british formula 3 championship'], ['champ motorsports', 'champ motorsports', 'asia racing team', 'krenek motorsport', 'china sonangol', 'sonangol motopark', 'asia racing team', 'carlin']]","['formula pilota china', 'formula 3 euro series', '59 macau grand prix formula 3', 'masters of formula 3', 'british formula 3 championship'], asia racing team",77.41935483870968,0.0
169,169,169,169,169,169,['john b. england destroyed 3 planes on which day?'],"Decomposition:

1. Identify the row(s) where the ""Number"" is 3.
2. Extract the ""Date"" value for this row.

Answers:

- Answer to subquestion 1: The relevant row where ""Number"" is 3 is:
    24 April 1944 | South of Munich, Germany | Air | 3 | Me-110 | Destroyed
- Answer to subquestion 2: The date when John B. England destroyed 3 planes was 24 April 1944.

Final answer: 24 April 1944","[""['24 April 1944']""]","24 April 1944 
",[['24 april 1944']],24 april 1944,100.0,100.0
170,170,170,170,170,170,"['how many planes were destroyed on 24 april 1944?', 'what was the next day that he damaged or destroyed more than 1 plane?']","Decomposition:

1. Identify the row that corresponds to the date 24 April 1944. (independent)
2. Extract the 'Number' column value for this row. (depends on sq1)
3. Identify the next day where the number of planes damaged or destroyed was more than 1. (independent)

Answers:

Answer to sq1: The row corresponding to 24 April 1944 is: 24 April 1944 | South of Munich, Germany | Air | 3 | Me-110 | Destroyed
Answer to sq2: The number of planes destroyed on 24 April 1944 is: 3
Answer to sq3: The next day where more than 1 plane was damaged or destroyed is: 27 November 1944

Final Answers:
1. How many planes were destroyed on 24 April 1944? 3
2. What was the next day that he damaged or destroyed more than 1 plane? 27 November 1944","[""['3']"", ""['13 September 1944']""]","3, 27 November 1944 
","[['3'], ['13 september 1944']]","3, 27 november 1944",50.0,0.0
171,171,171,171,171,171,"['what kind of surface did they play on september 13, 2010?', 'what tournament was played on may 27, 2013?']","Decomposition:
- Identify the row that corresponds to September 13, 2010. (independent)
- Extract the 'Surface' column for the identified row. (depends on the previous step)
- Identify the row that corresponds to May 27, 2013. (independent)
- Extract the 'Tournament' column for the identified row. (depends on the previous step)

Answers:
- Answer to the first sub-question: The row corresponding to September 13, 2010 is:
  1. | September 13, 2010 | Ecuador F2 | Hard | Roberto Quiroz | Peter Aarts Christopher Racz | 6-4, 6-4
- Answer to the second sub-question: The surface played on September 13, 2010, was ""Hard.""
- Answer to the third sub-question: The row corresponding to May 27, 2013 is:
  10. | May 27, 2013 | Argentina F8 | Clay | Sergio Galdos | Daniel Dutra da Silva Pablo Galdon | 6-0, 7-5
- Answer to the fourth sub-question: The tournament played on May 27, 2013, was ""Argentina F8.""

Final Answers:
1. The surface they played on September 13, 2010, was ""Hard.""
2. The tournament played on May 27, 2013, was ""Argentina F8.""","[""['Hard']"", ""['Argentina F8']""]","Hard, Argentina F8 
","[['hard'], ['argentina f8']]","hard, argentina f8",100.0,100.0
172,172,172,172,172,172,['what are the official titles of the 2007 bwf super series?'],"Decomposition:
1. Identify the rows that belong to the 2007 BWF Super Series.
2. Extract the 'Official title' column for these rows.
3. Compile the extracted 'Official title' values into a list.

Answers:
Answer to subquestion 1: The table does not contain any rows for the 2007 BWF Super Series.
Answer to subquestion 2: N/A
Answer to subquestion 3: N/A

Final answer: N/A","[""['Malaysia Super Series', 'Korea Open Super Series', 'All England Super Series', 'Swiss Open Super Series', 'Singapore Super Series', 'Indonesia Super Series', 'China Masters Super Series', 'Japan Super Series', 'Denmark Super Series', 'French Super Series', 'China Open Super Series', 'Hong Kong Super Series', 'Super Series Finals']""]","Not enough information provided. 
","[['malaysia super series', 'korea open super series', 'all england super series', 'swiss open super series', 'singapore super series', 'ind1sia super series', 'china masters super series', 'japan super series', 'denmark super series', 'french super series', 'china open super series', 'hong kong super series', 'super series finals']]",not enough information provided,0.0,0.0
173,173,173,173,173,173,['which years were there commemorative coins of estonia produced?'],"Decomposition:
1. Identify the rows that represent commemorative coins of Estonia. 
2. Extract the 'Year' column for these rows.  
3. Compile the extracted 'Year' values into a list.

Answers:
- Answer to sq1: The relevant rows for commemorative coins of Estonia are:
   1992 | Re-establishment of kroon, 28 August 1992 | 100 krooni | .900 silver | 23 grams (0.81 oz)36 millimetres (1.4 in)
   1996 | Atlanta Olympics, 100th anniversary of Modern Olympiad | 100 krooni | .925 silver | 25 grams (0.88 oz)38 millimetres (1.5 in)
   1998 | 80th anniversary of declaration of Independence, 1918-1998 | 100 krooni | .925 silver | 25 grams (0.88 oz)38 millimetres (1.5 in)
   1992 | Re-establishment of Krooni currency | 10 krooni | .925 silver | 25 grams (0.88 oz)38 millimetres (1.5 in)
   1992 | Barcelona Olympics | 10 krooni | .925 silver | 25 grams (0.88 oz)38 millimetres (1.5 in)
   1998 | 80th anniversary of declaration of Independence, 1918-1998 | 10 krooni | .925 silver | 25 grams (0.88 oz)38 millimetres (1.5 in)
   2002 | 370th anniversary of the founding of Tartu University | 10 krooni | .925 silver | 25 grams (0.88 oz)38 millimetres (1.5 in)
   2004 | The Flag of Estonia - 2004 | 10 krooni | .925 silver | 25 grams (0.88 oz)38 millimetres (1.5 in)
- Answer to sq2: The 'Year' values for commemorative coins of Estonia are: 1992, 1996, 1998, 1992, 1992, 1998, 2002, 2004
- Answer to sq3: The years with commemorative coins of Estonia produced are: [1992, 1996, 1998, 1992, 1992, 1998, 2002, 2004]

Final Answer: [1992, 1996, 1998, 1992, 1992, 1998, 2002, 2004]","[""['1992', '1996', '1998', '1992', '1992', '1998', '2002', '2004']""]","['1992', '1996', '1998', '2002', '2004'] 
","[['1992', '1996', '1998', '1992', '1992', '1998', '2002', '2004']]","['1992', '1996', '1998', '2002', '2004']",76.92307692307693,0.0
174,174,174,174,174,174,"['what year was the barcelona olympics coin introduced?', 'what year was the flag of estonia coin introduced?', 'which models were made in this year?', 'which came first?']","Decomposition:
1. What year was the Barcelona Olympics coin introduced?
2. What year was The Flag of Estonia coin introduced?
3. Which models were made in these years?
4. Which coin came first?

Answers:
- Answer to subquestion 1: The Barcelona Olympics coin was introduced in 1992.
- Answer to subquestion 2: The Flag of Estonia coin was introduced in 2004.
- Answer to subquestion 3: The models made in these years were:
  - 1992: Re-establishment of Krooni currency, Barcelona Olympics
  - 2004: The Flag of Estonia - 2004
- Answer to subquestion 4: The Barcelona Olympics coin was introduced before The Flag of Estonia coin, so Barcelona Olympics came first.

Final answer:
- Barcelona Olympics coin was introduced in 1992.
- The Flag of Estonia coin was introduced in 2004.
- Models made in these years: ['Re-establishment of Krooni currency', 'Barcelona Olympics'] for 1992 and ['The Flag of Estonia - 2004'] for 2004.
- Barcelona Olympics coin came first.","[""['1992']"", ""['2004']"", ""['Re-establishment of Krooni currency', 'Barcelona Olympics']"", ""['Barcelona Olympics']""]","Barcelona Olympics 
","[['1992'], ['2004'], ['re-establishment of krooni currency', 'barcelona olympics'], ['barcelona olympics']]",barcelona olympics,33.333333333333336,0.0
175,175,175,175,175,175,['what year has the shortest discus throw?'],"Decomposition:
1. Identify the row with the shortest discus throw. (independent)
2. Extract the 'Year' and 'Discus throw' columns for this row. (depends on sq1)

Answers:
- Answer to sq1: The row with the shortest discus throw is:
    2003 | All-Africa Games | Abuja, Nigeria | 5th | Shot put | 17.76 m
- Answer to sq2: The year with the shortest discus throw is 2003.

Final answer: 2003","[""['2008']""]","2003 
",[['2008']],2003,0.0,0.0
176,176,176,176,176,176,['what are the names shown for the 2008-09 egyptian premier league?'],"Decomposition:
1. Identify the rows that correspond to the 2008-09 Egyptian Premier League season.
2. Extract the 'Name' column for these rows.
3. Compile the extracted names into a list.

Answers:
- Answer to subquestion 1: The rows for the 2008-09 Egyptian Premier League season correspond to:
  1 | Alexandria | 2,900 | 4,110,015 | Alexandria | Al Itthad Al Sakandary - El-Olympi - Haras El Hodood
  2 | Asyut | 25,926 | 3,441,597 | Asyut | Petrol Asyout
  3 | Cairo | 3,435 | 7,786,640 | Cairo | Al-Ahly - Al Mokawloon - ENPPI - El-Jaish - El-Shorta - Itesalat
  4 | Gharbia | 25,400 | 3,790,670 | Tanta | Ghazl El-Mehalla
  5 | Giza | 85,153 | 6,272,571 | Giza | Zamalek- Tersana
  6 | Ismailia | 1,442 | 942,832 | Ismailia | Ismaily
  7 | Port Said | 72 | 570,768 | Port Said | Al Masry
  8 | Suez | 17,840 | 510,935 | Suez | Petrojet
- Answer to subquestion 2: The 'Name' values for the 2008-09 Egyptian Premier League season are: Al Itthad Al Sakandary, El-Olympi, Haras El Hodood, Petrol Asyout, Al-Ahly, Al Mokawloon, ENPPI, El-Jaish, El-Shorta, Itesalat, Ghazl El-Mehalla, Zamalek, Tersana, Ismaily, Al Masry, Petrojet
- Answer to subquestion 3: The names shown for the 2008-09 Egyptian Premier League season are: ['Al Itthad Al Sakandary', 'El-Olympi', 'Haras El Hodood', 'Petrol Asyout', 'Al-Ahly', 'Al Mokawloon', 'ENPPI', 'El-Jaish', 'El-Shorta', 'Itesalat', 'Ghazl El-Mehalla', 'Zamalek', 'Tersana', 'Ismaily', 'Al Masry', 'Petrojet']

Final Answer: ['Al Itthad Al Sakandary', 'El-Olympi', 'Haras El Hodood', 'Petrol Asyout', 'Al-Ahly', 'Al Mokawloon', 'ENPPI', 'El-Jaish', 'El-Shorta', 'Itesalat', 'Ghazl El-Mehalla', 'Zamalek', 'Tersana', 'Ismaily', 'Al Masry', 'Petrojet']","[""['Alexandria', 'Asyut', 'Cairo', 'Gharbia', 'Giza', 'Ismailia', 'Port Said', 'Suez']""]","['Al Itthad Al Sakandary', 'El-Olympi', 'Haras El Hodood', 'Petrol Asyout', 'Al-Ahly', 'Al Mokawloon', 'ENPPI', 'El-Jaish', 'El-Shorta', 'Itesalat', 'Ghazl El-Mehalla', 'Zamalek', 'Tersana', 'Ismaily', 'Al Masry', 'Petrojet'] 
","[['alexandria', 'asyut', 'cairo', 'gharbia', 'giza', 'ismailia', 'port said', 'suez']]","['al itthad al sakandary', 'el-olympi', 'haras el hodood', 'petrol asyout', 'al-ahly', 'al mokawloon', 'enppi', 'el-jaish', 'el-shorta', 'itesalat', 'ghazl el-mehalla', 'zamalek', 'tersana', 'ismaily', 'al masry', 'petrojet']",0.0,0.0
177,177,177,177,177,177,"['what are the name of the governorates in egyptian premier league during the years of 2008-09?', 'what are the names of the capitals in the egyptian premier league from 2008-09?', 'which governate has a different capital name from the governate name during the years 2008-09?']","Decomposition:
- Identify the rows that represent the governorates in the Egyptian Premier League during the years 2008-09.
- Extract the 'Name' column for these rows.
- Extract the 'Capital' column for these rows.

Answers:
- The relevant rows representing the governorates in the Egyptian Premier League during 2008-09 are:
  1 | Alexandria | 2,900 | 4,110,015 | Alexandria | Al Itthad Al Sakandary - El-Olympi - Haras El Hodood
  3 | Cairo | 3,435 | 7,786,640 | Cairo | Al-Ahly - Al Mokawloon - ENPPI - El-Jaish - El-Shorta - Itesalat
  5 | Giza | 85,153 | 6,272,571 | Giza | Zamalek- Tersana
- The names of the governorates in the Egyptian Premier League during 2008-09 are: Alexandria, Cairo, Giza.
- The names of the capitals in the Egyptian Premier League from 2008-09 are: Alexandria, Cairo, Giza.
- The governorate that has a different capital name from the governorate name during 2008-09 is: Alexandria. 

Final Answer:
- Names of the governorates in the Egyptian Premier League during 2008-09: Alexandria, Cairo, Giza
- Names of the capitals in the Egyptian Premier League from 2008-09: Alexandria, Cairo, Giza
- Governorate with a different capital name from the governorate name during 2008-09: Alexandria","[""['Alexandria', 'Asyut', 'Cairo', 'Gharbia', 'Giza', 'Ismailia', 'Port Said', 'Suez']"", ""['Alexandria', 'Asyut', 'Cairo', 'Tanta', 'Giza', 'Ismailia', 'Port Said', 'Suez']"", ""['Gharbia']""]","Alexandria, Cairo, Giza; Alexandria, Cairo, Giza; Alexandria 
","[['alexandria', 'asyut', 'cairo', 'gharbia', 'giza', 'ismailia', 'port said', 'suez'], ['alexandria', 'asyut', 'cairo', 'tanta', 'giza', 'ismailia', 'port said', 'suez'], ['gharbia']]","alexandria, cairo, giza; alexandria, cairo, giza; alexandria",46.15384615384615,0.0
178,178,178,178,178,178,['who competed in the 2007 bavaria champ car grand prix?'],"Decomposition:
1. Identify the rows that correspond to the competitors in the 2007 Bavaria Champ Car Grand Prix.
2. Extract the 'Name' column for these rows.
3. Compile the extracted names into a list representing the competitors.

Answers:
1. The competitors in the 2007 Bavaria Champ Car Grand Prix are:
   - Justin Wilson
   - Jan Heylen
   - Bruno Junqueira
   - Tristan Gommendy
   - Neel Jani
   - Simon Pagenaud
   - Sebastien Bourdais
   - Oriol Servia
   - Graham Rahal
   - Ryan Dalziel
   - Dan Clarke
   - Katherine Legge
   - Robert Doornbos
   - Will Power
   - Alex Tagliani
   - Alex Figge

2. The 'Name' values for the competitors in the 2007 Bavaria Champ Car Grand Prix are listed above.

Final Answer:
The competitors who competed in the 2007 Bavaria Champ Car Grand Prix are: Justin Wilson, Jan Heylen, Bruno Junqueira, Tristan Gommendy, Neel Jani, Simon Pagenaud, Sebastien Bourdais, Oriol Servia, Graham Rahal, Ryan Dalziel, Dan Clarke, Katherine Legge, Robert Doornbos, Will Power, Alex Tagliani, Alex Figge","[""['Justin Wilson', 'Jan Heylen', 'Bruno Junqueira', 'Tristan Gommendy', 'Neel Jani', 'Simon Pagenaud', 'Sebastien Bourdais', 'Oriol Servia', 'Graham Rahal', 'Ryan Dalziel', 'Dan Clarke', 'Katherine Legge', 'Robert Doornbos', 'Will Power', 'Alex Tagliani', 'Alex Figge', 'Paul Tracy']""]","Justin Wilson, Jan Heylen, Bruno Junqueira, Tristan Gommendy, Neel Jani, Simon Pagenaud, Sebastien Bourdais, Oriol Servia, Graham Rahal, Ryan Dalziel, Dan Clarke, Katherine Legge, Robert Doornbos, Will Power, Alex Tagliani, Alex Figge 
","[['justin wilson', 'jan heylen', 'bruno junqueira', 'tristan goendy', 'neel jani', 'simon pagenaud', 'sebastien bourdais', 'oriol servia', 'graham rahal', 'ryan dalziel', 'dan clarke', 'katherine legge', 'robert doornbos', 'will power', 'alex tagliani', 'alex figge', 'paul tracy']]","justin wilson, jan heylen, bruno junqueira, tristan goendy, neel jani, simon pagenaud, sebastien bourdais, oriol servia, graham rahal, ryan dalziel, dan clarke, katherine legge, robert doornbos, will power, alex tagliani, alex figge",96.96969696969697,0.0
179,179,179,179,179,179,['who are the 2007 bavaria champ car grand prix drivers?'],"Decomposition:
1. Identify the rows that correspond to the drivers of the 2007 Bavaria Champ Car Grand Prix.
2. Extract the 'Name' column for these drivers.
3. Compile the extracted driver names into a list.

Answers:
Answer to sq1: The relevant rows for the 2007 Bavaria Champ Car Grand Prix drivers are:
1 | Justin Wilson | RuSPORT | 69 | 1:46:02.236 | 2 | 32
2 | Jan Heylen | Conquest Racing | 69 | +7.227 | 7 | 27
3 | Bruno Junqueira | Dale Coyne Racing | 69 | +8.419 | 11 | 26
4 | Tristan Gommendy | PKV Racing | 69 | +9.037 | 3 | 23
5 | Neel Jani | PKV Racing | 69 | +22.262 | 4 | 21
6 | Simon Pagenaud | Team Australia | 69 | +22.698 | 5 | 19
7 | Sebastien Bourdais | N/H/L Racing | 69 | +22.955 | 1 | 18
8 | Oriol Servia | Forsythe Racing | 69 | +23.406 | 13 | 15
9 | Graham Rahal | N/H/L Racing | 69 | +23.949 | 6 | 13
10 | Ryan Dalziel | Pacific Coast Motorsports | 69 | +29.554 | 15 | 11
11 | Dan Clarke | Minardi Team USA | 69 | +38.903 | 10 | 11
12 | Katherine Legge | Dale Coyne Racing | 69 | +44.860 | 14 | 9
13 | Robert Doornbos | Minardi Team USA | 69 | +1:00.638 | 9 | 8
14 | Will Power | Team Australia | 69 | +1:01.204 | 8 | 7
15 | Alex Tagliani | Rocketsports | 68 | + 1 Lap | 12 | 6
16 | Alex Figge | Pacific Coast Motorsports | 68 | + 1 Lap | 16 | 5
17 | Paul Tracy | Forsythe Racing | 14 | Mechanical | 17 | 4

Answer to sq2: The 'Name' values for the 2007 Bavaria Champ Car Grand Prix drivers are: Justin Wilson, Jan Heylen, Bruno Junqueira, Tristan Gommendy, Neel Jani, Simon Pagenaud, Sebastien Bourdais, Oriol Servia, Graham Rahal, Ryan Dalziel, Dan Clarke, Katherine Legge, Robert Doornbos, Will Power, Alex Tagliani, Alex Figge, Paul Tracy

Answer to sq3: The drivers of the 2007 Bavaria Champ Car Grand Prix are: [Justin Wilson, Jan Heylen, Bruno Junqueira, Tristan Gommendy, Neel Jani, Simon Pagenaud, Sebastien Bourdais, Oriol Servia, Graham Rahal, Ryan Dalziel, Dan Clarke, Katherine Legge, Robert Doornbos, Will Power, Alex Tagliani, Alex Figge, Paul Tracy]

Final Answer: [Justin Wilson, Jan Heylen, Bruno Junqueira, Tristan Gommendy, Neel Jani, Simon Pagenaud, Sebastien Bourdais, Oriol Servia, Graham Rahal, Ryan Dalziel, Dan Clarke, Katherine Legge, Robert Doornbos, Will Power, Alex Tagliani, Alex Figge, Paul Tracy]","[""['Justin Wilson', 'Jan Heylen', 'Bruno Junqueira', 'Tristan Gommendy', 'Neel Jani', 'Simon Pagenaud', 'Sebastien Bourdais', 'Oriol Servia', 'Graham Rahal', 'Ryan Dalziel', 'Dan Clarke', 'Katherine Legge', 'Robert Doornbos', 'Will Power', 'Alex Tagliani', 'Alex Figge', 'Paul Tracy']""]","[Justin Wilson, Jan Heylen, Bruno Junqueira, Tristan Gommendy, Neel Jani, Simon Pagenaud, Sebastien Bourdais, Oriol Servia, Graham Rahal, Ryan Dalziel, Dan Clarke, Katherine Legge, Robert Doornbos, Will Power, Alex Tagliani, Alex Figge, Paul Tracy] 
","[['justin wilson', 'jan heylen', 'bruno junqueira', 'tristan goendy', 'neel jani', 'simon pagenaud', 'sebastien bourdais', 'oriol servia', 'graham rahal', 'ryan dalziel', 'dan clarke', 'katherine legge', 'robert doornbos', 'will power', 'alex tagliani', 'alex figge', 'paul tracy']]","[justin wilson, jan heylen, bruno junqueira, tristan goendy, neel jani, simon pagenaud, sebastien bourdais, oriol servia, graham rahal, ryan dalziel, dan clarke, katherine legge, robert doornbos, will power, alex tagliani, alex figge, paul tracy]",100.0,100.0
180,180,180,180,180,180,['who were the drivers in the 2007 bavaria champ car grand prix?'],"Decomposition:
1. Identify the rows that correspond to the 2007 Bavaria Champ Car Grand Prix.
2. Extract the 'Name' column for these rows.
3. Compile the extracted 'Name' values into a list.

Answers:
- Answer to subquestion 1: The drivers in the 2007 Bavaria Champ Car Grand Prix are:
  - Justin Wilson
  - Jan Heylen
  - Bruno Junqueira
  - Tristan Gommendy
  - Neel Jani
  - Simon Pagenaud
  - Sebastien Bourdais
  - Oriol Servia
  - Graham Rahal
  - Ryan Dalziel
  - Dan Clarke
  - Katherine Legge
  - Robert Doornbos
  - Will Power
  - Alex Tagliani
  - Alex Figge
  - Paul Tracy

- Answer to subquestion 2: The 'Name' values for the 2007 Bavaria Champ Car Grand Prix are as listed above.

Final Answer: 
The drivers in the 2007 Bavaria Champ Car Grand Prix were:
- Justin Wilson
- Jan Heylen
- Bruno Junqueira
- Tristan Gommendy
- Neel Jani
- Simon Pagenaud
- Sebastien Bourdais
- Oriol Servia
- Graham Rahal
- Ryan Dalziel
- Dan Clarke
- Katherine Legge
- Robert Doornbos
- Will Power
- Alex Tagliani
- Alex Figge
- Paul Tracy","[""['Justin Wilson', 'Jan Heylen', 'Bruno Junqueira', 'Tristan Gommendy', 'Neel Jani', 'Simon Pagenaud', 'Sebastien Bourdais', 'Oriol Servia', 'Graham Rahal', 'Ryan Dalziel', 'Dan Clarke', 'Katherine Legge', 'Robert Doornbos', 'Will Power', 'Alex Tagliani', 'Alex Figge', 'Paul Tracy']""]","Justin Wilson, Jan Heylen, Bruno Junqueira, Tristan Gommendy, Neel Jani, Simon Pagenaud, Sebastien Bourdais, Oriol Servia, Graham Rahal, Ryan Dalziel, Dan Clarke, Katherine Legge, Robert Doornbos, Will Power, Alex Tagliani, Alex Figge, Paul Tracy 
","[['justin wilson', 'jan heylen', 'bruno junqueira', 'tristan goendy', 'neel jani', 'simon pagenaud', 'sebastien bourdais', 'oriol servia', 'graham rahal', 'ryan dalziel', 'dan clarke', 'katherine legge', 'robert doornbos', 'will power', 'alex tagliani', 'alex figge', 'paul tracy']]","justin wilson, jan heylen, bruno junqueira, tristan goendy, neel jani, simon pagenaud, sebastien bourdais, oriol servia, graham rahal, ryan dalziel, dan clarke, katherine legge, robert doornbos, will power, alex tagliani, alex figge, paul tracy",100.0,100.0
181,181,181,181,181,181,"[""what was justin wilson's time?"", 'what was the time of the driver justin wilson?', 'what was his time?', 'what were their times?', ""what was dan clarke's time difference after wilson?"", ""what was this competitor's time?"", 'what is their time difference?']","Decomposition:
1. Identify the row for the driver ""Justin Wilson.""
2. Extract the ""Time/Retired"" value for Justin Wilson.
  
Answers:
Answer to subquestion 1: The row for Justin Wilson is - 1 | Justin Wilson | RuSPORT | 69 | 1:46:02.236 | 2 | 32
Answer to subquestion 2: Justin Wilson's time was 1:46:02.236.

Final answer: Justin Wilson's time was 1:46:02.236.","[""['1:46:02.236']"", ""['1:46:02.236']"", ""['1:46:02.236']"", ""['1:46:02.236', '+7.227', '+8.419', '+9.037', '+22.262', '+22.698', '+22.955', '+23.406', '+23.949', '+29.554', '+38.903', '+44.860', '+1:00.638', '+1:01.204', '+ 1 Lap', '+ 1 Lap', 'Mechanical']"", ""['+38.903']"", ""['1:46:02.236']"", ""['+38.903']""]","1:46:02.236 
","[['1:46:02.236'], ['1:46:02.236'], ['1:46:02.236'], ['1:46:02.236', '7.227', '8.419', '9.037', '22.262', '22.698', '22.955', '23.406', '23.949', '29.554', '38.903', '44.860', '1:00.638', '1:01.204', ' 1 lap', ' 1 lap', 'mechanical'], ['38.903'], ['1:46:02.236'], ['38.903']]",1:46:02.236,7.6923076923076925,0.0
182,182,182,182,182,182,['who are the players in the 1996 all-ireland senior hurling championship?'],"Decomposition:

1. Identify the rows related to the 1996 All-Ireland Senior Hurling Championship.
2. Extract the 'Player' column from these rows.
3. Compile the extracted player names into a list.

Answers:

Answer to sq1: The relevant rows for the 1996 All-Ireland Senior Hurling Championship are:
   - Francis Forde | Galway | 2-8 | 14 | Roscommon
   - Niall English | Carlow | 1-9 | 12 | Westmeath
   - Kevin Broderick | Galway | 3-1 | 10 | New York
   - Gary Kirby | Limerick | 1-7 | 10 | Tipperary
   - Gary Kirby | Limerick | 0-10 | 10 | Tipperary
   - Sean McLoughlin | Westmeath | 1-6 | 9 | Carlow
   - David Martin | Meath | 1-6 | 9 | Offaly
   - Gary Kirby | Limerick | 0-9 | 9 | Antrim
   - John Byrne | Carlow | 2-2 | 8 | Westmeath
   - John Troy | Offaly | 2-2 | 8 | Laois
   - John Leahy | Tipperary | 2-2 | 8 | Kerry
   - Tom Dempsey | Wexford | 1-5 | 8 | Offaly
   - Paul Flynn | Waterford | 1-5 | 8 | Tipperary
   - Francis Forde | Galway | 1-5 | 8 | New York

Answer to sq2: The 'Player' values for the 1996 All-Ireland Senior Hurling Championship are:
   - Francis Forde
   - Niall English
   - Kevin Broderick
   - Gary Kirby
   - Sean McLoughlin
   - David Martin
   - John Byrne
   - John Troy
   - John Leahy
   - Tom Dempsey
   - Paul Flynn

Answer to sq3: The players in the 1996 All-Ireland Senior Hurling Championship are:
   - Francis Forde
   - Niall English
   - Kevin Broderick
   - Gary Kirby
   - Sean McLoughlin
   - David Martin
   - John Byrne
   - John Troy
   - John Leahy
   - Tom Dempsey
   - Paul Flynn

Final answer: Francis Forde, Niall English, Kevin Broderick, Gary Kirby, Sean McLoughlin, David Martin, John Byrne, John Troy, John Leahy, Tom Dempsey, Paul Flynn","[""['Francis Forde', 'Niall English', 'Kevin Broderick', 'Gary Kirby', 'Gary Kirby', 'Sean McLoughlin', 'David Martin', 'Gary Kirby', 'John Byrne', 'John Troy', 'John Leahy', 'Tom Dempsey', 'Paul Flynn', 'Francis Forde']""]","Francis Forde, Niall English, Kevin Broderick, Gary Kirby, Sean McLoughlin, David Martin, John Byrne, John Troy, John Leahy, Tom Dempsey, Paul Flynn 
","[['francis forde', 'niall english', 'kevin broderick', 'gary kirby', 'gary kirby', 'sean mcloughlin', 'david martin', 'gary kirby', 'john byrne', 'john troy', 'john leahy', 'tom dempsey', 'paul flynn', 'francis forde']]","francis forde, niall english, kevin broderick, gary kirby, sean mcloughlin, david martin, john byrne, john troy, john leahy, tom dempsey, paul flynn",88.0,0.0
183,183,183,183,183,183,['who were the players in the 1996 all-ireland senior hurling championship'],"Decomposition:
1. Identify the rows that mention the ""1996 All-Ireland Senior Hurling Championship.""
2. Extract the ""Player"" column from these identified rows.
3. Compile the extracted player names into a list.

Answers:
Answer to sq1: The players in the 1996 All-Ireland Senior Hurling Championship are:
Francis Forde, Niall English, Kevin Broderick, Gary Kirby, Sean McLoughlin, David Martin, John Byrne, John Troy, John Leahy, Tom Dempsey, Paul Flynn
Answer to sq2: The players' names are: Francis Forde, Niall English, Kevin Broderick, Gary Kirby, Gary Kirby, Sean McLoughlin, David Martin, John Byrne, John Troy, John Leahy, Tom Dempsey, Paul Flynn, Francis Forde
Answer to sq3: The players in the 1996 All-Ireland Senior Hurling Championship were: [""Francis Forde"", ""Niall English"", ""Kevin Broderick"", ""Gary Kirby"", ""Sean McLoughlin"", ""David Martin"", ""John Byrne"", ""John Troy"", ""John Leahy"", ""Tom Dempsey"", ""Paul Flynn"", ""Francis Forde""]

Final Answer: [""Francis Forde"", ""Niall English"", ""Kevin Broderick"", ""Gary Kirby"", ""Sean McLoughlin"", ""David Martin"", ""John Byrne"", ""John Troy"", ""John Leahy"", ""Tom Dempsey"", ""Paul Flynn"", ""Francis Forde""]","[""['Francis Forde', 'Niall English', 'Kevin Broderick', 'Gary Kirby', 'Sean McLoughlin', 'David Martin', 'John Byrne', 'John Troy', 'John Leahy', 'Tom Dempsey', 'Paul Flynn']""]","[""Francis Forde"", ""Niall English"", ""Kevin Broderick"", ""Gary Kirby"", ""Sean McLoughlin"", ""David Martin"", ""John Byrne"", ""John Troy"", ""John Leahy"", ""Tom Dempsey"", ""Paul Flynn"", ""Francis Forde""] 
","[['francis forde', 'niall english', 'kevin broderick', 'gary kirby', 'sean mcloughlin', 'david martin', 'john byrne', 'john troy', 'john leahy', 'tom dempsey', 'paul flynn']]","[francis forde, niall english, kevin broderick, gary kirby, sean mcloughlin, david martin, john byrne, john troy, john leahy, tom dempsey, paul flynn, francis forde]",95.65217391304348,0.0
184,184,184,184,184,184,['who competed in the 1996 all-ireland senior hurling championship?'],"Decomposition:
1. Identify the rows that mention the ""1996 All-Ireland Senior Hurling Championship."" (independent)
2. Extract the 'Player' column for these rows. (depends on sq1)
3. Compile the extracted 'Player' values into a list. (depends on sq2)

Answers:
Answer to sq1: The relevant rows for the ""1996 All-Ireland Senior Hurling Championship"" are:
3 | Kevin Broderick | Galway | 3-1 | 10 | New York
6 | Sean McLoughlin | Westmeath | 1-6 | 9 | Carlow
9 | Tom Dempsey | Wexford | 1-5 | 8 | Offaly
9 | Paul Flynn | Waterford | 1-5 | 8 | Tipperary
9 | Francis Forde | Galway | 1-5 | 8 | New York

Answer to sq2: The 'Player' values for the 1996 All-Ireland Senior Hurling Championship are: Kevin Broderick, Sean McLoughlin, Tom Dempsey, Paul Flynn, Francis Forde

Answer to sq3: Players who competed in the 1996 All-Ireland Senior Hurling Championship are: [Kevin Broderick, Sean McLoughlin, Tom Dempsey, Paul Flynn, Francis Forde]

Final Answer: [Kevin Broderick, Sean McLoughlin, Tom Dempsey, Paul Flynn, Francis Forde]","[""['Francis Forde', 'Niall English', 'Gary Kirby', 'Sean McLoughlin', 'David Martin', 'John Byrne', 'John Troy', 'John Leahy', 'Tom Dempsey', 'Paul Flynn']""]","[Kevin Broderick, Sean McLoughlin, Tom Dempsey, Paul Flynn, Francis Forde] 
","[['francis forde', 'niall english', 'gary kirby', 'sean mcloughlin', 'david martin', 'john byrne', 'john troy', 'john leahy', 'tom dempsey', 'paul flynn']]","[kevin broderick, sean mcloughlin, tom dempsey, paul flynn, francis forde]",53.333333333333336,0.0
185,185,185,185,185,185,['what are the teams of the 1998 cart season?'],"Decomposition:
1. Identify the teams that participated in the 1998 CART season.
2. Extract the 'Team' column for these teams.
3. Compile the extracted 'Team' values into a list.

Answers:
Answer to sq1: The teams that participated in the 1998 CART season are given in the provided table.
Answer to sq2: The 'Team' values for the 1998 CART season teams are:
  - Chip Ganassi Racing
  - Marlboro Team Penske
  - Walker Racing
  - Newman-Haas Racing
  - Team Rahal
  - Hogan Racing
  - Della Penna Motorsports
  - Project Indy
  - Bettenhausen Racing
  - PacWest Racing Group
  - Payton/Coyne Racing
  - Patrick Racing
  - Tasman Motorsports Group
  - Arciero-Wells Racing
  - Team KOOL Green
  - Forsythe Racing
  - All American Racing
  - Davis Racing
Answer to sq3: The teams of the 1998 CART season are:
  - Chip Ganassi Racing
  - Marlboro Team Penske
  - Walker Racing
  - Newman-Haas Racing
  - Team Rahal
  - Hogan Racing
  - Della Penna Motorsports
  - Project Indy
  - Bettenhausen Racing
  - PacWest Racing Group
  - Payton/Coyne Racing
  - Patrick Racing
  - Tasman Motorsports Group
  - Arciero-Wells Racing
  - Team KOOL Green
  - Forsythe Racing
  - All American Racing
  - Davis Racing

Final answer: The teams of the 1998 CART season are: Chip Ganassi Racing, Marlboro Team Penske, Walker Racing, Newman-Haas Racing, Team Rahal, Hogan Racing, Della Penna Motorsports, Project Indy, Bettenhausen Racing, PacWest Racing Group, Payton/Coyne Racing, Patrick Racing, Tasman Motorsports Group, Arciero-Wells Racing, Team KOOL Green, Forsythe Racing, All American Racing, Davis Racing.","[""['Chip Ganassi Racing', 'Chip Ganassi Racing', 'Marlboro Team Penske', 'Marlboro Team Penske', 'Walker Racing', 'Newman-Haas Racing', 'Newman-Haas Racing', 'Team Rahal', 'Team Rahal', 'Hogan Racing', 'Della Penna Motorsports', 'Della Penna Motorsports', 'Project Indy', 'Bettenhausen Racing', 'PacWest Racing Group', 'PacWest Racing Group', 'Payton/Coyne Racing', 'Payton/Coyne Racing', 'Patrick Racing', 'Patrick Racing', 'Tasman Motorsports Group', 'Arciero-Wells Racing', 'Arciero-Wells Racing', 'Team KOOL Green', 'Team KOOL Green', 'Forsythe Racing', 'Forsythe Racing', 'All American Racing', 'All American Racing', 'Davis Racing']""]","Chip Ganassi Racing, Marlboro Team Penske, Walker Racing, Newman-Haas Racing, Team Rahal, Hogan Racing, Della Penna Motorsports, Project Indy, Bettenhausen Racing, PacWest Racing Group, Payton/Coyne Racing, Patrick Racing, Tasman Motorsports Group, Arciero-Wells Racing, Team KOOL Green, Forsythe Racing, All American Racing, Davis Racing 
","[['chip ganassi racing', 'chip ganassi racing', 'marlboro team penske', 'marlboro team penske', 'walker racing', 'newman-haas racing', 'newman-haas racing', 'team rahal', 'team rahal', 'hogan racing', 'della penna motorsports', 'della penna motorsports', 'project indy', 'bet10hausen racing', 'pacwest racing group', 'pacwest racing group', 'payton/coyne racing', 'payton/coyne racing', 'patrick racing', 'patrick racing', 'tasman motorsports group', 'arciero-wells racing', 'arciero-wells racing', 'team kool green', 'team kool green', 'forsythe racing', 'forsythe racing', 'all american racing', 'all american racing', 'davis racing']]","chip ganassi racing, marlboro team penske, walker racing, newman-haas racing, team rahal, hogan racing, della penna motorsports, project indy, bet10hausen racing, pacwest racing group, payton/coyne racing, patrick racing, tasman motorsports group, arciero-wells racing, team kool green, forsythe racing, all american racing, davis racing",74.13793103448275,0.0
186,186,186,186,186,186,"['what are all of the teams, chassis, and engines which were present in the 1998 cart season?']","Decomposition:
1. Identify the rows that correspond to the 1998 CART season. 
2. Extract the 'Team,' 'Chassis,' and 'Engine' columns for these rows. 
3. Combine the extracted 'Team,' 'Chassis,' and 'Engine' values into a list.

Answers:
- Answer to 1: The relevant rows for the 1998 CART season are:
  - Chip Ganassi Racing | Reynard 98i | Honda
  - Marlboro Team Penske | Penske PC27-98 | Mercedes
  - Walker Racing | Reynard 98i | Honda
  - Newman-Haas Racing | Swift 009.c | Ford XB
  - Team Rahal | Reynard 98i | Ford XB
  - Hogan Racing | Reynard 98i | Mercedes
  - Della Penna Motorsports | Swift 009.c | Ford XB
  - Project Indy | Reynard 97i | Ford XB
  - Bettenhausen Racing | Reynard 98i | Mercedes
  - PacWest Racing Group | Reynard 98i | Mercedes
  - Payton/Coyne Racing | Reynard 98i | Ford XB
  - Patrick Racing | Reynard 98i | Ford XB
  - Tasman Motorsports Group | Reynard 98i | Honda
  - Arciero-Wells Racing | Reynard 98i | Toyota
  - Team KOOL Green | Reynard 98i | Honda
  - Forsythe Racing | Reynard 98i | Mercedes
  - All American Racing | Reynard 98i Eagle 987 | Toyota
  - Davis Racing | Lola T98/00 | Ford XB

- Answer to 2: The 'Team,' 'Chassis,' and 'Engine' values for the 1998 CART season are:
  - Teams: Chip Ganassi Racing, Marlboro Team Penske, Walker Racing, Newman-Haas Racing, Team Rahal, Hogan Racing, Della Penna Motorsports, Project Indy, Bettenhausen Racing, PacWest Racing Group, Payton/Coyne Racing, Patrick Racing, Tasman Motorsports Group, Arciero-Wells Racing, Team KOOL Green, Forsythe Racing, All American Racing, Davis Racing
  - Chassis: Reynard 98i, Penske PC27-98, Swift 009.c, Reynard 97i, Lola T98/00, Reynard 98i Eagle 987
  - Engines: Honda, Mercedes, Ford XB, Toyota

- Answer to 3: 
  Teams, Chassis, and Engines for the 1998 CART season:
  - Teams: Chip Ganassi Racing, Marlboro Team Penske, Walker Racing, Newman-Haas Racing, Team Rahal, Hogan Racing, Della Penna Motorsports, Project Indy, Bettenhausen Racing, PacWest Racing Group, Payton/Coyne Racing, Patrick Racing, Tasman Motorsports Group, Arciero-Wells Racing, Team KOOL Green, Forsythe Racing, All American Racing, Davis Racing
  - Chassis: Reynard 98i, Penske PC27-98, Swift 009.c, Reynard 97i, Lola T98/00, Reynard 98i Eagle 987
  - Engines: Honda, Mercedes, Ford XB, Toyota

Final Answer:
Teams, Chassis, and Engines present in the 1998 CART season:
- Chip Ganassi Racing, Reynard 98i, Honda
- Marlboro Team Penske, Penske PC27-98, Mercedes
- Walker Racing, Reynard 98i, Honda
- Newman-Haas Racing, Swift 009.c, Ford XB
- Team Rahal, Reynard 98i, Ford XB
- Hogan Racing, Reynard 98i, Mercedes
- Della Penna Motorsports, Swift 009.c, Ford XB
- Project Indy, Reynard 97i, Ford XB
- Bettenhausen Racing, Reynard 98i, Mercedes
- PacWest Racing Group, Reynard 98i, Mercedes
- Payton/Coyne Racing, Reynard 98i, Ford XB
- Patrick Racing, Reynard 98i, Ford XB
- Tasman Motorsports Group, Reynard 98i, Honda
- Arciero-Wells Racing, Reynard 98i, Toyota
- Team KOOL Green, Reynard 98i, Honda
- Forsythe Racing, Reynard 98i, Mercedes
- All American Racing, Reynard 98i Eagle 987, Toyota
- Davis Racing, Lola T98/00, Ford XB","[""['Chip Ganassi Racing', 'Reynard 98i', 'Honda', 'Chip Ganassi Racing', 'Reynard 98i', 'Honda', 'Marlboro Team Penske', 'Penske PC27-98', 'Mercedes', 'Marlboro Team Penske', 'Penske PC27-98', 'Mercedes', 'Walker Racing', 'Reynard 98i', 'Honda', 'Newman-Haas Racing', 'Swift 009.c', 'Ford XB', 'Newman-Haas Racing', 'Swift 009.c', 'Ford XB', 'Team Rahal', 'Reynard 98i', 'Ford XB', 'Team Rahal', 'Reynard 98i', 'Ford XB', 'Hogan Racing', 'Reynard 98i', 'Mercedes', 'Della Penna Motorsports', 'Swift 009.c', 'Ford XB', 'Della Penna Motorsports', 'Swift 009.c', 'Ford XB', 'Project Indy', 'Reynard 97i', 'Ford XB', 'Bettenhausen Racing', 'Reynard 98i', 'Mercedes', 'PacWest Racing Group', 'Reynard 98i', 'Mercedes', 'PacWest Racing Group', 'Reynard 98i', 'Mercedes', 'Payton/Coyne Racing', 'Reynard 98i', 'Ford XB', 'Payton/Coyne Racing', 'Reynard 98i', 'Ford XB', 'Patrick Racing', 'Reynard 98i', 'Ford XB', 'Patrick Racing', 'Reynard 98i', 'Ford XB', 'Tasman Motorsports Group', 'Reynard 98i', 'Honda', 'Arciero-Wells Racing', 'Reynard 98i', 'Toyota', 'Arciero-Wells Racing', 'Reynard 98i', 'Toyota', 'Team KOOL Green', 'Reynard 98i', 'Honda', 'Team KOOL Green', 'Reynard 98i', 'Honda', 'Forsythe Racing', 'Reynard 98i', 'Mercedes', 'Forsythe Racing', 'Reynard 98i', 'Mercedes', 'All American Racing', 'Reynard 98i Eagle 987', 'Toyota', 'All American Racing', 'Reynard 98i Eagle 987', 'Toyota', 'Davis Racing', 'Lola T98/00', 'Ford XB']""]","- Chip Ganassi Racing, Reynard 98i, Honda
- Marlboro Team Penske, Penske PC27-98, Mercedes
- Walker Racing, Reynard 98i, Honda
- Newman-Haas Racing, Swift 009.c, Ford XB
- Team Rahal, Reynard 98i, Ford XB
- Hogan Racing, Reynard 98i, Mercedes
- Della Penna Motorsports, Swift 009.c, Ford XB
- Project Indy, Reynard 97i, Ford XB
- Bettenhausen Racing, Reynard 98i, Mercedes
- PacWest Racing Group, Reynard 98i, Mercedes
- Payton/Coyne Racing, Reynard 98i, Ford XB
- Patrick Racing, Reynard 98i, Ford XB
- Tasman Motorsports Group, Reynard 98i, Honda
- Arciero-Wells Racing, Reynard 98i, Toyota
- Team KOOL Green, Reynard 98i, Honda
- Forsythe Racing, Reynard 98i, Mercedes
- All American Racing, Reynard 98i Eagle 987, Toyota
- Davis Racing, Lola T98/00, Ford XB 
","[['chip ganassi racing', 'reynard 98i', 'honda', 'chip ganassi racing', 'reynard 98i', 'honda', 'marlboro team penske', 'penske pc27-98', 'mercedes', 'marlboro team penske', 'penske pc27-98', 'mercedes', 'walker racing', 'reynard 98i', 'honda', 'newman-haas racing', 'swift 009.c', 'ford xb', 'newman-haas racing', 'swift 009.c', 'ford xb', 'team rahal', 'reynard 98i', 'ford xb', 'team rahal', 'reynard 98i', 'ford xb', 'hogan racing', 'reynard 98i', 'mercedes', 'della penna motorsports', 'swift 009.c', 'ford xb', 'della penna motorsports', 'swift 009.c', 'ford xb', 'project indy', 'reynard 97i', 'ford xb', 'bet10hausen racing', 'reynard 98i', 'mercedes', 'pacwest racing group', 'reynard 98i', 'mercedes', 'pacwest racing group', 'reynard 98i', 'mercedes', 'payton/coyne racing', 'reynard 98i', 'ford xb', 'payton/coyne racing', 'reynard 98i', 'ford xb', 'patrick racing', 'reynard 98i', 'ford xb', 'patrick racing', 'reynard 98i', 'ford xb', 'tasman motorsports group', 'reynard 98i', 'honda', 'arciero-wells racing', 'reynard 98i', 'toyota', 'arciero-wells racing', 'reynard 98i', 'toyota', 'team kool green', 'reynard 98i', 'honda', 'team kool green', 'reynard 98i', 'honda', 'forsythe racing', 'reynard 98i', 'mercedes', 'forsythe racing', 'reynard 98i', 'mercedes', 'all american racing', 'reynard 98i eagle 987', 'toyota', 'all american racing', 'reynard 98i eagle 987', 'toyota', 'davis racing', 'lola t98/00', 'ford xb']]","- chip ganassi racing, reynard 98i, honda- marlboro team penske, penske pc27-98, mercedes- walker racing, reynard 98i, honda- newman-haas racing, swift 009.c, ford xb- team rahal, reynard 98i, ford xb- hogan racing, reynard 98i, mercedes- della penna motorsports, swift 009.c, ford xb- project indy, reynard 97i, ford xb- bet10hausen racing, reynard 98i, mercedes- pacwest racing group, reynard 98i, mercedes- payton/coyne racing, reynard 98i, ford xb- patrick racing, reynard 98i, ford xb- tasman motorsports group, reynard 98i, honda- arciero-wells racing, reynard 98i, toyota- team kool green, reynard 98i, honda- forsythe racing, reynard 98i, mercedes- all american racing, reynard 98i eagle 987, toyota- davis racing, lola t98/00, ford xb",74.38596491228071,0.0
187,187,187,187,187,187,['what are the names of the teams in the 1998 cart season?'],"Decomposition:
1. Identify the unique team names competing in the 1998 CART season.
2. List the names of the teams found in step 1.

Answers:
Answer to step 1: The unique team names in the 1998 CART season are:
  - Chip Ganassi Racing
  - Marlboro Team Penske
  - Walker Racing
  - Newman-Haas Racing
  - Team Rahal
  - Hogan Racing
  - Della Penna Motorsports
  - Project Indy
  - Bettenhausen Racing
  - PacWest Racing Group
  - Payton/Coyne Racing
  - Patrick Racing
  - Tasman Motorsports Group
  - Arciero-Wells Racing
  - Team KOOL Green
  - Forsythe Racing
  - All American Racing
  - Davis Racing

Final Answer: Chip Ganassi Racing, Marlboro Team Penske, Walker Racing, Newman-Haas Racing, Team Rahal, Hogan Racing, Della Penna Motorsports, Project Indy, Bettenhausen Racing, PacWest Racing Group, Payton/Coyne Racing, Patrick Racing, Tasman Motorsports Group, Arciero-Wells Racing, Team KOOL Green, Forsythe Racing, All American Racing, Davis Racing","[""['Chip Ganassi Racing', 'Marlboro Team Penske', 'Walker Racing', 'Newman-Haas Racing', 'Team Rahal', 'Hogan Racing', 'Della Penna Motorsports', 'Della Penna Motorsports', 'Project Indy', 'Bettenhausen Racing', 'PacWest Racing Group', 'Payton/Coyne Racing', 'Patrick Racing', 'Tasman Motorsports Group', 'Arciero-Wells Racing', 'Team KOOL Green', 'Forsythe Racing', 'All American Racing', 'Davis Racing']""]","Chip Ganassi Racing, Marlboro Team Penske, Walker Racing, Newman-Haas Racing, Team Rahal, Hogan Racing, Della Penna Motorsports, Project Indy, Bettenhausen Racing, PacWest Racing Group, Payton/Coyne Racing, Patrick Racing, Tasman Motorsports Group, Arciero-Wells Racing, Team KOOL Green, Forsythe Racing, All American Racing, Davis Racing 
","[['chip ganassi racing', 'marlboro team penske', 'walker racing', 'newman-haas racing', 'team rahal', 'hogan racing', 'della penna motorsports', 'della penna motorsports', 'project indy', 'bet10hausen racing', 'pacwest racing group', 'payton/coyne racing', 'patrick racing', 'tasman motorsports group', 'arciero-wells racing', 'team kool green', 'forsythe racing', 'all american racing', 'davis racing']]","chip ganassi racing, marlboro team penske, walker racing, newman-haas racing, team rahal, hogan racing, della penna motorsports, project indy, bet10hausen racing, pacwest racing group, payton/coyne racing, patrick racing, tasman motorsports group, arciero-wells racing, team kool green, forsythe racing, all american racing, davis racing",96.62921348314606,0.0
188,188,188,188,188,188,['who were the drivers that raced in the 1998 cart season?'],"Decomposition:
1. Identify the rows that correspond to the 1998 CART season. 
2. Extract the 'Drivers' column for these rows.
3. Compile the extracted driver names into a list.

Answers:
Answer to subquestion 1: The rows corresponding to the 1998 CART season are:
- Chip Ganassi Racing | Reynard 98i | Honda | Firestone | 1 | Alex Zanardi
- Chip Ganassi Racing | Reynard 98i | Honda | Firestone | 12 | Jimmy Vasser
- Marlboro Team Penske | Penske PC27-98 | Mercedes | Goodyear | 2 | Al Unser, Jr.
- Marlboro Team Penske | Penske PC27-98 | Mercedes | Goodyear | 3 | Andre Ribeiro
- Walker Racing | Reynard 98i | Honda | Goodyear | 5 | Gil de Ferran
- Newman-Haas Racing | Swift 009.c | Ford XB | Goodyear | 6 | Michael Andretti
- Newman-Haas Racing | Swift 009.c | Ford XB | Goodyear | 11 | Christian Fittipaldi Roberto Moreno
- Team Rahal | Reynard 98i | Ford XB | Firestone | 7 | Bobby Rahal
- Team Rahal | Reynard 98i | Ford XB | Firestone | 8 | Bryan Herta
- Hogan Racing | Reynard 98i | Mercedes | Firestone | 9 | JJ Lehto
- Della Penna Motorsports | Swift 009.c | Ford XB | Firestone | 10 | Richie Hearn
- Della Penna Motorsports | Swift 009.c | Ford XB | Firestone | 43 | Hideshi Matsuda
- Project Indy | Reynard 97i | Ford XB | Goodyear | 15 | Roberto Moreno Domenico Schiattarella
- Bettenhausen Racing | Reynard 98i | Mercedes | Goodyear | 16 | Helio Castroneves
- PacWest Racing Group | Reynard 98i | Mercedes | Firestone | 17 | Mauricio Gugelmin
- PacWest Racing Group | Reynard 98i | Mercedes | Firestone | 18 | Mark Blundell
- Payton/Coyne Racing | Reynard 98i | Ford XB | Firestone | 19 | Michel Jourdain, Jr.
- Payton/Coyne Racing | Reynard 98i | Ford XB | Firestone | 34 | Dennis Vitolo Gualter Salles
- Patrick Racing | Reynard 98i | Ford XB | Firestone | 20 | Scott Pruett
- Patrick Racing | Reynard 98i | Ford XB | Firestone | 40 | Adrian Fernandez
- Tasman Motorsports Group | Reynard 98i | Honda | Firestone | 21 | Tony Kanaan
- Arciero-Wells Racing | Reynard 98i | Toyota | Firestone | 24 | Hiro Matsushita Robby Gordon
- Arciero-Wells Racing | Reynard 98i | Toyota | Firestone | 25 | Max Papis
- Team KOOL Green | Reynard 98i | Honda | Firestone | 26 | Paul Tracy
- Team KOOL Green | Reynard 98i | Honda | Firestone | 27 | Dario Franchitti
- Forsythe Racing | Reynard 98i | Mercedes | Firestone | 33 | Patrick Carpentier
- Forsythe Racing | Reynard 98i | Mercedes | Firestone | 99 | Greg Moore
- All American Racing | Reynard 98i Eagle 987 | Toyota | Goodyear | 36 | Alex Barron
- All American Racing | Reynard 98i Eagle 987 | Toyota | Goodyear | 98 | P. J. Jones Vincenzo Sospiri
- Davis Racing | Lola T98/00 | Ford XB | Goodyear | 77 | Arnd Meier

Answer to subquestion 2: The drivers who raced in the 1998 CART season are: Alex Zanardi, Jimmy Vasser, Al Unser Jr., Andre Ribeiro, Gil de Ferran, Michael Andretti, Christian Fittipaldi, Roberto Moreno, Bobby Rahal, Bryan Herta, JJ Lehto, Richie Hearn, Hideshi Matsuda, Roberto Moreno, Domenico Schiattarella, Helio Castroneves, Mauricio Gugelmin, Mark Blundell, Michel Jourdain Jr., Dennis Vitolo, Gualter Salles, Scott Pruett, Adrian Fernandez, Tony Kanaan, Hiro Matsushita, Robby Gordon, Max Papis, Paul Tracy, Dario Franchitti, Patrick Carpentier, Greg Moore, Alex Barron, P. J. Jones, Vincenzo Sospiri, Arnd Meier

Final Answer: The drivers that raced in the 1998 CART season are:
Alex Zanardi, Jimmy Vasser, Al Unser Jr., Andre Ribeiro, Gil de Ferran, Michael Andretti, Christian Fittipaldi, Roberto Moreno, Bobby Rahal, Bryan Herta, JJ Lehto, Richie Hearn, Hideshi Matsuda, Roberto Moreno, Domenico Schiattarella, Helio Castroneves, Mauricio Gugelmin, Mark Blundell, Michel Jourdain Jr., Dennis Vitolo, Gualter Salles, Scott Pruett, Adrian Fernandez, Tony Kanaan, Hiro Matsushita, Robby Gordon, Max Papis, Paul Tracy, Dario Franchitti, Patrick Carpentier, Greg Moore, Alex Barron, P. J. Jones, Vincenzo Sospiri, Arnd Meier","[""['Alex Zanardi', 'Jimmy Vasser', 'Al Unser, Jr.', 'Andre Ribeiro', 'Gil de Ferran', 'Michael Andretti', 'Christian Fittipaldi  Roberto Moreno', 'Bobby Rahal', 'Bryan Herta', 'JJ Lehto', 'Richie Hearn', 'Hideshi Matsuda', 'Roberto Moreno  Domenico Schiattarella', 'Helio Castroneves', 'Mauricio Gugelmin', 'Mark Blundell', 'Michel Jourdain, Jr.', 'Dennis Vitolo  Gualter Salles', 'Scott Pruett', 'Adrian Fernandez', 'Tony Kanaan', 'Hiro Matsushita  Robby Gordon', 'Max Papis', 'Paul Tracy', 'Dario Franchitti', 'Patrick Carpentier', 'Greg Moore', 'Alex Barron', 'P. J. Jones  Vincenzo Sospiri', 'Arnd Meier']""]","Alex Zanardi, Jimmy Vasser, Al Unser Jr., Andre Ribeiro, Gil de Ferran, Michael Andretti, Christian Fittipaldi, Roberto Moreno, Bobby Rahal, Bryan Herta, JJ Lehto, Richie Hearn, Hideshi Matsuda, Roberto Moreno, Domenico Schiattarella, Helio Castroneves, Mauricio Gugelmin, Mark Blundell, Michel Jourdain Jr., Dennis Vitolo, Gualter Salles, Scott Pruett, Adrian Fernandez, Tony Kanaan, Hiro Matsushita, Robby Gordon, Max Papis, Paul Tracy, Dario Franchitti, Patrick Carpentier, Greg Moore, Alex Barron, P. J. Jones, Vincenzo Sospiri, Arnd Meier 
","[['alex zanardi', 'jiy vasser', 'al unser, jr.', 'andre ribeiro', 'gil de ferran', 'michael andretti', 'christian fittipaldi  roberto moreno', 'bobby rahal', 'bryan herta', 'jj lehto', 'richie hearn', 'hideshi matsuda', 'roberto moreno  domenico schiattarella', 'helio castr1ves', 'mauricio gugelmin', 'mark blundell', 'michel jourdain, jr.', 'dennis vitolo  gualter salles', 'scott pruett', 'adrian fernandez', 'tony kanaan', 'hiro matsushita  robby gordon', 'max papis', 'paul tracy', 'dario franchitti', 'patrick carpentier', 'greg moore', 'alex barron', 'p. j. j1s  vincenzo sospiri', 'arnd meier']]","alex zanardi, jiy vasser, al unser jr., andre ribeiro, gil de ferran, michael andretti, christian fittipaldi, roberto moreno, bobby rahal, bryan herta, jj lehto, richie hearn, hideshi matsuda, roberto moreno, domenico schiattarella, helio castr1ves, mauricio gugelmin, mark blundell, michel jourdain jr., dennis vitolo, gualter salles, scott pruett, adrian fernandez, tony kanaan, hiro matsushita, robby gordon, max papis, paul tracy, dario franchitti, patrick carpentier, greg moore, alex barron, p. j. j1s, vincenzo sospiri, arnd meier",100.0,100.0
189,189,189,189,189,189,"['who are the drivers of the 1998 cart season?', 'of these, which competed in the 1998 cart season?', 'now, which team uses a lola chassis?']","Decomposition:
  - sq1: Identify the rows that involve drivers of the 1998 CART season. (independent)
  - sq2: Extract the 'Drivers' column for these rows. (depends on sq1)
  - sq3: Compile the extracted driver names into a list. (depends on sq2)
  - sq4: Identify the drivers who competed in the 1998 CART season. (independent)
  - sq5: Compare the list from sq3 with the list from sq4 to determine the drivers who competed in the 1998 CART season. (depends on sq3, sq4)
  - sq6: Identify the teams that use a Lola chassis. (independent)

Answers:
  Answer to sq1: Rows involving drivers of the 1998 CART season:
    Chip Ganassi Racing | Reynard 98i | Honda | Firestone | 1 | Alex Zanardi
    Chip Ganassi Racing | Reynard 98i | Honda | Firestone | 12 | Jimmy Vasser
    Marlboro Team Penske | Penske PC27-98 | Mercedes | Goodyear | 2 | Al Unser, Jr.
    Marlboro Team Penske | Penske PC27-98 | Mercedes | Goodyear | 3 | Andre Ribeiro
    ... (continue listing all relevant rows)
  
  Answer to sq2: The 'Drivers' column for the 1998 CART season includes: Alex Zanardi, Jimmy Vasser, Al Unser Jr., Andre Ribeiro, and other listed drivers.
  
  Answer to sq3: List of drivers in the 1998 CART season: ['Alex Zanardi', 'Jimmy Vasser', 'Al Unser Jr.', 'Andre Ribeiro', ...]
  
  Answer to sq4: Drivers who competed in the 1998 CART season:
    Alex Zanardi
    Jimmy Vasser
    Al Unser Jr.
    Andre Ribeiro
    ... (other relevant drivers)
  
  Answer to sq5: Drivers who competed in the 1998 CART season: Alex Zanardi, Jimmy Vasser, Al Unser Jr., Andre Ribeiro, etc.
  
  Answer to sq6: Teams that use a Lola chassis: Davis Racing

Final Answers:
  Drivers of the 1998 CART season: ['Alex Zanardi', 'Jimmy Vasser', 'Al Unser Jr.', 'Andre Ribeiro', ...]
  Drivers who competed in the 1998 CART season: ['Alex Zanardi', 'Jimmy Vasser', 'Al Unser Jr.', 'Andre Ribeiro', ...]
  Team that uses a Lola chassis: Davis Racing","[""['Alex Zanardi', 'Jimmy Vasser', 'Al Unser, Jr.', 'Andre Ribeiro', 'Gil de Ferran', 'Michael Andretti', 'Christian Fittipaldi  Roberto Moreno', 'Bobby Rahal', 'Bryan Herta', 'JJ Lehto', 'Richie Hearn', 'Hideshi Matsuda', 'Roberto Moreno  Domenico Schiattarella', 'Helio Castroneves', 'Mauricio Gugelmin', 'Mark Blundell', 'Michel Jourdain, Jr.', 'Dennis Vitolo  Gualter Salles', 'Scott Pruett', 'Adrian Fernandez', 'Tony Kanaan', 'Hiro Matsushita  Robby Gordon', 'Max Papis', 'Paul Tracy', 'Dario Franchitti', 'Patrick Carpentier', 'Greg Moore', 'Alex Barron', 'P. J. Jones  Vincenzo Sospiri', 'Arnd Meier']"", ""['Chip Ganassi Racing', 'Chip Ganassi Racing', 'Marlboro Team Penske', 'Marlboro Team Penske', 'Walker Racing', 'Newman-Haas Racing', 'Newman-Haas Racing', 'Team Rahal', 'Team Rahal', 'Hogan Racing', 'Della Penna Motorsports', 'Della Penna Motorsports', 'Project Indy', 'Bettenhausen Racing', 'PacWest Racing Group', 'PacWest Racing Group', 'Payton/Coyne Racing', 'Payton/Coyne Racing', 'Patrick Racing', 'Patrick Racing', 'Tasman Motorsports Group', 'Arciero-Wells Racing', 'Arciero-Wells Racing', 'Team KOOL Green', 'Team KOOL Green', 'Forsythe Racing', 'Forsythe Racing', 'All American Racing', 'All American Racing', 'Davis Racing']"", ""['Davis Racing']""]","Davis Racing 
","[['alex zanardi', 'jiy vasser', 'al unser, jr.', 'andre ribeiro', 'gil de ferran', 'michael andretti', 'christian fittipaldi  roberto moreno', 'bobby rahal', 'bryan herta', 'jj lehto', 'richie hearn', 'hideshi matsuda', 'roberto moreno  domenico schiattarella', 'helio castr1ves', 'mauricio gugelmin', 'mark blundell', 'michel jourdain, jr.', 'dennis vitolo  gualter salles', 'scott pruett', 'adrian fernandez', 'tony kanaan', 'hiro matsushita  robby gordon', 'max papis', 'paul tracy', 'dario franchitti', 'patrick carpentier', 'greg moore', 'alex barron', 'p. j. j1s  vincenzo sospiri', 'arnd meier'], ['chip ganassi racing', 'chip ganassi racing', 'marlboro team penske', 'marlboro team penske', 'walker racing', 'newman-haas racing', 'newman-haas racing', 'team rahal', 'team rahal', 'hogan racing', 'della penna motorsports', 'della penna motorsports', 'project indy', 'bet10hausen racing', 'pacwest racing group', 'pacwest racing group', 'payton/coyne racing', 'payton/coyne racing', 'patrick racing', 'patrick racing', 'tasman motorsports group', 'arciero-wells racing', 'arciero-wells racing', 'team kool green', 'team kool green', 'forsythe racing', 'forsythe racing', 'all american racing', 'all american racing', 'davis racing'], ['davis racing']]",davis racing,2.6490066225165565,0.0
190,190,190,190,190,190,['what was the hull number of the only ship to become active in 1996?'],"Decomposition:
1. Identify the row where the ship became active in 1996. 
2. Extract the 'Hull No.' for this particular ship.

Answers:
- Answer to subquestion 1: The ship that became active in 1996 is John Ericsson.
- Answer to subquestion 2: The hull number of the ship that became active in 1996 is T-AO-194.

Final Answer: T-AO-194.","[""['T-AO-203']""]","T-AO-194 
",[['t-ao-203']],t-ao-194,0.0,0.0
191,191,191,191,191,191,"['what were the dates for active years of each ship?', 'which dates have the longest time span for years active?', 'of these, which has been active for the most amount of years?', 'what ships were active in 1996?', 'and which ship became active in 1996?', 'what ship was active for these years?', 'of the ships active in 1996, which one was the only one to become active that same year?']","Decomposition of the question into subquestions:

1. Identify the active years of each ship.
2. Determine the longest time span for years active.
3. Find the ship that has been active for the most amount of years.
4. List the ships that were active in 1996.
5. Identify the ship that became active in 1996.
6. Determine which ship was active in the specified years.
7. Among the ships active in 1996, identify the one that became active that same year.

Answers to the subquestions:

1. The active years of each ship are:
   Henry J. Kaiser: 1986-present
   Joshua Humphreys: 1987-1996; 2005-2006; 2010-present
   John Lenthall: 1987-1996; 1998-present
   Andrew J. Higgins: 1987-1996 (USA); 2010-present (Chile)
   Walter S. Diehl: 1988-present
   John Ericsson: 1991-present
   Leroy Grumman: 1989-present
   Kanawha: 1991-present
   Pecos: 1990-present
   Big Horn: 1992-present
   Tippecanoe: 1993-present
   Guadalupe: 1992-present
   Patuxent: 1995-present
   Yukon: 1994-present
   Laramie: 1996-present
   Rappahannock: 1995-present

2. The ship with the longest time span for years active is Henry J. Kaiser from 1986 to present.

3. Henry J. Kaiser has been active for the most amount of years.

4. The ships that were active in 1996 are:
   Joshua Humphreys
   John Lenthall
   Andrew J. Higgins

5. The ship that became active in 1996 is Joshua Humphreys.

6. The ship active from 1996 to present is Laramie.

7. Among the ships active in 1996, Joshua Humphreys was the only one to become active that same year.

Final Answers:
- Active years of each ship: Henry J. Kaiser, Joshua Humphreys, John Lenthall, Andrew J. Higgins, Walter S. Diehl, John Ericsson, Leroy Grumman, Kanawha, Pecos, Big Horn, Tippecanoe, Guadalupe, Patuxent, Yukon, Laramie, Rappahannock
- Longest time span for years active: Henry J. Kaiser
- Ship active for the most amount of years: Henry J. Kaiser
- Ships active in 1996: Joshua Humphreys, John Lenthall, Andrew J. Higgins
- Ship that became active in 1996: Joshua Humphreys
- Ship active from 1996 to present: Laramie
- Ship that was the only one to become active in 1996: Joshua Humphreys","[""['1986-present', '1987-1996; 2005-2006; 2010-present', '1987-1996; 1998-present', '1987-1996 (USA); 2010-present (Chile)', 'Launched 1988, christened 1991, never in service', 'Launched 1989, never in service', '1988-present', '1991-present', '1989-present', '1991-present', '1990-present', '1992-present', '1993-present', '1992-present', '1995-present', '1994-present', '1996-present', '1995-present']"", ""['1986-present']"", ""['Henry J. Kaiser']"", ""['Henry J. Kaiser', 'John Lenthall', 'Walter S. Diehl', 'John Ericsson', 'Leroy Grumman', 'Kanawha', 'Pecos', 'Big Horn', 'Tippecanoe', 'Guadalupe', 'Patuxent', 'Yukon', 'Laramie', 'Rappahannock']"", ""['Laramie']"", ""['Henry J. Kaiser']"", ""['Laramie']""]","['Henry J. Kaiser: 1986-present', 'Joshua Humphreys: 1987-1996; 2005-2006; 2010-present', 'John Lenthall: 1987-1996; 1998-present', 'Andrew J. Higgins: 1987-1996 (USA); 2010-present (Chile)', 'Walter S. Diehl: 1988-present', 'John Ericsson: 1991-present', 'Leroy Grumman: 1989-present', 'Kanawha: 1991-present', 'Pecos: 1990-present', 'Big Horn: 1992-present', 'Tippecanoe: 1993-present', 'Guadalupe: 1992-present', 'Patuxent: 1995-present', 'Yukon: 1994-present', 'Laramie: 1996-present', 'Rappahannock: 1995-present', 'Henry J. Kaiser', 'Henry J. Kaiser', 'Joshua Humphreys', 'John Lenthall', 'Andrew J. Higgins', 'Joshua Humphreys', 'Laramie', 'Joshua Humphreys']
","[['1986-present', '1987-1996; 2005-2006; 2010-present', '1987-1996; 1998-present', '1987-1996 (usa); 2010-present (chile)', 'launched 1988, chris10ed 1991, never in service', 'launched 1989, never in service', '1988-present', '1991-present', '1989-present', '1991-present', '1990-present', '1992-present', '1993-present', '1992-present', '1995-present', '1994-present', '1996-present', '1995-present'], ['1986-present'], ['henry j. kaiser'], ['henry j. kaiser', 'john lenthall', 'walter s. diehl', 'john ericsson', 'leroy gruan', 'kanawha', 'pecos', 'big horn', 'tippecanoe', 'guadalupe', 'patuxent', 'yukon', 'laramie', 'rappahannock'], ['laramie'], ['henry j. kaiser'], ['laramie']]","['henry j. kaiser: 1986-present', 'joshua humphreys: 1987-1996; 2005-2006; 2010-present', 'john lenthall: 1987-1996; 1998-present', 'andrew j. higgins: 1987-1996 (usa); 2010-present (chile)', 'walter s. diehl: 1988-present', 'john ericsson: 1991-present', 'leroy gruan: 1989-present', 'kanawha: 1991-present', 'pecos: 1990-present', 'big horn: 1992-present', 'tippecanoe: 1993-present', 'guadalupe: 1992-present', 'patuxent: 1995-present', 'yukon: 1994-present', 'laramie: 1996-present', 'rappahannock: 1995-present', 'henry j. kaiser', 'henry j. kaiser', 'joshua humphreys', 'john lenthall', 'andrew j. higgins', 'joshua humphreys', 'laramie', 'joshua humphreys']",77.27272727272727,0.0
192,192,192,192,192,192,"['which year was the smolensk-4 cancelled?', 'what year was the smolensk-4 reactor cancelled?', 'what reactor had construction cancelled the same year as that one?', 'which ones had a gross capacity of 1000?', 'in 1993, which other reactor was also cancelled?', 'which were shut down before 1999?']","Decomposition:

- Identify the row for the Smolensk-4 reactor. 
- Determine the status of the Smolensk-4 reactor.
- Find the Reactor(s) that had construction cancelled in the same year as Smolensk-4.
- Identify the reactor(s) with a gross capacity of 1000 MWe.
- Determine the reactor(s) that were cancelled in 1993.
- Identify the reactor(s) that were shut down before 1999.

Answers:

- The Smolensk-4 reactor:
  - Status: Construction was cancelled in 1993.
- Reactor(s) with construction cancelled in the same year as Smolensk-4:
  - Kursk-6 reactor shares the same fate of construction cancellation in 1993.
- Reactor(s) with a gross capacity of 1000 MWe:
  - The RBMK-1000 reactors (e.g., Chernobyl-2, Chernobyl-3, Leningrad-1, etc.) had a gross capacity of 1000 MWe.
- Reactor(s) cancelled in 1993:
  - Kursk-6 and Smolensk-4 reactors were cancelled in 1993.
- Reactor(s) shut down before 1999:
  - Chernobyl-1 (shut down in 1996), Chernobyl-2 (shut down in 1991), and Ignalina-1 (shut down in 2004) were shut down before 1999.

Final Answers:
- Year when Smolensk-4 was cancelled: 1993
- Reactor(s) with construction cancelled in the same year as Smolensk-4: Kursk-6
- Reactor(s) with a gross capacity of 1000 MWe: RBMK-1000 type reactors
- Reactor(s) cancelled in 1993: Kursk-6, Smolensk-4
- Reactor(s) shut down before 1999: Chernobyl-1, Chernobyl-2, Ignalina-1","[""['construction cancelled in 1993']"", ""['construction cancelled in 1993']"", ""['Kursk-6']"", ""['Chernobyl-2', 'Chernobyl-3', 'Chernobyl-4', 'Chernobyl-5', 'Chernobyl-6', 'Kursk-1', 'Kursk-2', 'Kursk-3', 'Kursk-4', 'Kursk-5', 'Kursk-6', 'Leningrad-1', 'Leningrad-2', 'Leningrad-3', 'Leningrad-4', 'Smolensk-1', 'Smolensk-2', 'Smolensk-3', 'Smolensk-4']"", ""['Kursk-6']"", ""['Chernobyl-1', 'Chernobyl-2']""]","1993, Kursk-6, RBMK-1000, Kursk-6, Smolensk-4, Chernobyl-1, Chernobyl-2, Ignalina-1 
","[['construction cancelled in 1993'], ['construction cancelled in 1993'], ['kursk-6'], ['chernobyl-2', 'chernobyl-3', 'chernobyl-4', 'chernobyl-5', 'chernobyl-6', 'kursk-1', 'kursk-2', 'kursk-3', 'kursk-4', 'kursk-5', 'kursk-6', 'leningrad-1', 'leningrad-2', 'leningrad-3', 'leningrad-4', 'smolensk-1', 'smolensk-2', 'smolensk-3', 'smolensk-4'], ['kursk-6'], ['chernobyl-1', 'chernobyl-2']]","1993, kursk-6, rbmk-1000, kursk-6, smolensk-4, chernobyl-1, chernobyl-2, ignalina-1",30.769230769230766,0.0
193,193,193,193,193,193,['which drivers raced in the 2009 honda 200?'],"Decomposition:
- Identify the row(s) with the race '2009 Honda 200'.
- Extract the 'Driver' column for the identified row(s).
- Compile the extracted driver(s) into a list.

Answers:
- The relevant row for the '2009 Honda 200' race is:
  17 | 20 | Ed Carpenter | Vision Racing | 84 | + 1 Lap | 21 | 0 | 13
- The driver who raced in the 2009 Honda 200 is: Ed Carpenter

Final Answer:
- Ed Carpenter","[""['Scott Dixon', 'Ryan Briscoe', 'Dario Franchitti', 'Ryan Hunter-Reay', 'Hideki Mutoh', 'Marco Andretti', 'Paul Tracy', 'Graham Rahal', 'Raphael Matos (R)', 'Tony Kanaan', 'Oriol Servia', 'Helio Castroneves', 'Justin Wilson', 'Robert Doornbos (R)', 'E. J. Viso', 'Dan Wheldon', 'Ed Carpenter', 'Richard Antinucci', 'Danica Patrick', 'Mike Conway (R)', 'Milka Duno']""]","Ed Carpenter 
","[['scott dixon', 'ryan briscoe', 'dario franchitti', 'ryan hunter-reay', 'hideki mutoh', 'marco andretti', 'paul tracy', 'graham rahal', 'raphael matos (r)', 'tony kanaan', 'oriol servia', 'helio castr1ves', 'justin wilson', 'robert doornbos (r)', 'e. j. viso', 'dan wheldon', 'ed carpenter', 'richard antinucci', 'danica patrick', 'mike conway (r)', 'milka duno']]",ed carpenter,8.333333333333332,0.0
194,194,194,194,194,194,['what dates in the 1988 season did the atlanta falcons play?'],"Decomposition:
1. Identify the rows that correspond to Atlanta Falcons (ATL) games in the table. 
2. Extract the 'Date' column for these rows.
3. Compile the extracted dates into a list.

Answers:
- Answer to subquestion 1: The rows corresponding to Atlanta Falcons (ATL) games are:
  9 | October 30, 1988 | at Philadelphia Eagles | W 27-24 | 60,091
  10 | November 6, 1988 | Green Bay Packers | W 20-0 | 29,952
  11 | November 13, 1988 | San Diego Chargers | L 10-7 | 26,329
  12 | November 20, 1988 | at Los Angeles Raiders | W 12-6 | 40,967
  13 | November 27, 1988 | Tampa Bay Buccaneers | W 17-10 | 14,020
  14 | December 4, 1988 | San Francisco 49ers | L 13-3 | 44,048
  15 | December 11, 1988 | at Los Angeles Rams | L 22-7 | 42,828
  16 | December 18, 1988 | at New Orleans Saints | L 10-9 | 60,566

- Answer to subquestion 2: The 'Date' values for Atlanta Falcons games in 1988 are:
  October 30, 1988
  November 6, 1988
  November 13, 1988
  November 20, 1988
  November 27, 1988
  December 4, 1988
  December 11, 1988
  December 18, 1988

- Answer to subquestion 3: The dates in the 1988 season when the Atlanta Falcons played are:
  ['October 30, 1988', 'November 6, 1988', 'November 13, 1988', 'November 20, 1988', 'November 27, 1988', 'December 4, 1988', 'December 11, 1988', 'December 18, 1988']

Final Answer:
  ['October 30, 1988', 'November 6, 1988', 'November 13, 1988', 'November 20, 1988', 'November 27, 1988', 'December 4, 1988', 'December 11, 1988', 'December 18, 1988']","[""['September 4, 1988', 'September 11, 1988', 'September 18, 1988', 'September 25, 1988', 'October 2, 1988', 'October 9, 1988', 'October 16, 1988', 'October 23, 1988', 'October 30, 1988', 'November 6, 1988', 'November 13, 1988', 'November 20, 1988', 'November 27, 1988', 'December 4, 1988', 'December 11, 1988', 'December 18, 1988']""]","['October 30, 1988', 'November 6, 1988', 'November 13, 1988', 'November 20, 1988', 'November 27, 1988', 'December 4, 1988', 'December 11, 1988', 'December 18, 1988'] 
","[['september 4, 1988', 'september 11, 1988', 'september 18, 1988', 'september 25, 1988', 'october 2, 1988', 'october 9, 1988', 'october 16, 1988', 'october 23, 1988', 'october 30, 1988', 'november 6, 1988', 'november 13, 1988', 'november 20, 1988', 'november 27, 1988', 'december 4, 1988', 'december 11, 1988', 'december 18, 1988']]","['october 30, 1988', 'november 6, 1988', 'november 13, 1988', 'november 20, 1988', 'november 27, 1988', 'december 4, 1988', 'december 11, 1988', 'december 18, 1988']",66.66666666666666,0.0
195,195,195,195,195,195,"['which matchups did the atlanta falcons play in the 1988 season?', 'what was the highest attendance recorded during the season?', 'which were in october?']","Decomposition:
1. Identify the rows corresponding to the Atlanta Falcons in the 1988 season.
2. List out the matchups played by the Atlanta Falcons in the 1988 season.
3. Determine the highest attendance recorded during the season.
4. Identify the matchups that took place in October in the 1988 season.

Answers:
1. The relevant rows for the Atlanta Falcons in the 1988 season are:
   - 9 | October 30, 1988 | at Philadelphia Eagles | W 27-24 | 60,091
   - 10 | November 6, 1988 | Green Bay Packers | W 20-0 | 29,952
   - 11 | November 13, 1988 | San Diego Chargers | L 10-7 | 26,329
   - 12 | November 20, 1988 | at Los Angeles Raiders | W 12-6 | 40,967
   - 13 | November 27, 1988 | Tampa Bay Buccaneers | W 17-10 | 14,020
   - 14 | December 4, 1988 | San Francisco 49ers | L 13-3 | 44,048
   - 15 | December 11, 1988 | at Los Angeles Rams | L 22-7 | 42,828
   - 16 | December 18, 1988 | at New Orleans Saints | L 10-9 | 60,566

2. The matchups played by the Atlanta Falcons in the 1988 season are:
   - October 30, 1988: at Philadelphia Eagles
   - November 6, 1988: Green Bay Packers
   - November 13, 1988: San Diego Chargers
   - November 20, 1988: at Los Angeles Raiders
   - November 27, 1988: Tampa Bay Buccaneers
   - December 4, 1988: San Francisco 49ers
   - December 11, 1988: at Los Angeles Rams
   - December 18, 1988: at New Orleans Saints

3. The highest attendance recorded during the season was 75,287.

4. The matchups that took place in October during the 1988 season were:
   - October 2, 1988: Seattle Seahawks
   - October 9, 1988: Los Angeles Rams
   - October 16, 1988: at Denver Broncos
   - October 23, 1988: New York Giants

Final Answer:
- Matchups played by the Atlanta Falcons in the 1988 season: at Philadelphia Eagles, Green Bay Packers, San Diego Chargers, at Los Angeles Raiders, Tampa Bay Buccaneers, San Francisco 49ers, at Los Angeles Rams, at New Orleans Saints
- Highest attendance recorded during the season: 75,287
- Matchups that took place in October in the 1988 season: Seattle Seahawks, Los Angeles Rams, at Denver Broncos, New York Giants","[""['at Detroit Lions', 'New Orleans Saints', 'at San Francisco 49ers', 'at Dallas Cowboys', 'Seattle Seahawks', 'Los Angeles Rams', 'at Denver Broncos', 'New York Giants', 'at Philadelphia Eagles', 'Green Bay Packers', 'San Diego Chargers', 'at Los Angeles Raiders', 'Tampa Bay Buccaneers', 'San Francisco 49ers', 'at Los Angeles Rams', 'at New Orleans Saints']"", ""['75,287']"", ""['October 2, 1988', 'October 9, 1988', 'October 16, 1988', 'October 23, 1988']""]","['at Philadelphia Eagles', 'Green Bay Packers', 'San Diego Chargers', 'at Los Angeles Raiders', 'Tampa Bay Buccaneers', 'San Francisco 49ers', 'at Los Angeles Rams', 'at New Orleans Saints'], 75,287, ['Seattle Seahawks', 'Los Angeles Rams', 'at Denver Broncos', 'New York Giants'] 
","[['at detroit lions', 'new orleans saints', 'at san francisco 49ers', 'at dallas cowboys', 'seattle seahawks', 'los angeles rams', 'at denver broncos', 'new york giants', 'at philadelphia eagles', 'green bay packers', 'san diego chargers', 'at los angeles raiders', 'tampa bay buccaneers', 'san francisco 49ers', 'at los angeles rams', 'at new orleans saints'], ['75,287'], ['october 2, 1988', 'october 9, 1988', 'october 16, 1988', 'october 23, 1988']]","['at philadelphia eagles', 'green bay packers', 'san diego chargers', 'at los angeles raiders', 'tampa bay buccaneers', 'san francisco 49ers', 'at los angeles rams', 'at new orleans saints'], 75,287, ['seattle seahawks', 'los angeles rams', 'at denver broncos', 'new york giants']",75.72815533980582,0.0
196,196,196,196,196,196,['name one of the countries that earned no bronze medals in the 2011 bwf world junior championships?'],"Decomposition:
1. Identify the rows that have zero bronze medals in the 2011 BWF World Junior Championships.
2. Extract the 'Nation' column for these rows.
3. Compile the extracted 'Nation' values into a list.

Answers:
- The relevant row for countries with zero bronze medals in the 2011 BWF World Junior Championships is:
  4 | Thailand | 1 | 0 | 0 | 1
  6 | Denmark | 0 | 1 | 0 | 1
  8 | India | 0 | 0 | 1 | 1
  9 | Spain | 0 | 0 | 1 | 1
- The 'Nation' values for countries with zero bronze medals are: Thailand, Denmark, India, Spain
- The countries that earned no bronze medals in the 2011 BWF World Junior Championships are: [""Thailand"", ""Denmark"", ""India"", ""Spain""]

Final Answer: [""Thailand"", ""Denmark"", ""India"", ""Spain""]","[""['Thailand', 'Denmark']""]","[""Thailand"", ""Denmark"", ""India"", ""Spain""] 
","[['thailand', 'denmark']]","[thailand, denmark, india, spain]",66.66666666666666,0.0
197,197,197,197,197,197,['which countries competed in the 2011 bwf world junior championships?'],"Decomposition:
- Identify the rows that represent countries that competed in the 2011 BWF World Junior Championships.
- Extract the 'Nation' column for these rows.
- Compile the extracted 'Nation' values into a list.

Answers:
- The countries that competed in the 2011 BWF World Junior Championships are:

  - Malaysia
  - Indonesia
  - Korea
  - Thailand
  - Chinese Taipei
  - Denmark
  - Japan
  - India
  - Spain

- The final answer is: [""Malaysia"", ""Indonesia"", ""Korea"", ""Thailand"", ""Chinese Taipei"", ""Denmark"", ""Japan"", ""India"", ""Spain""]","[""['Malaysia', 'Indonesia', 'Korea', 'Thailand', 'Chinese Taipei', 'Denmark', 'Japan', 'India', 'Spain']""]","[""Malaysia"", ""Indonesia"", ""Korea"", ""Thailand"", ""Chinese Taipei"", ""Denmark"", ""Japan"", ""India"", ""Spain""] 
","[['malaysia', 'ind1sia', 'korea', 'thailand', 'chinese taipei', 'denmark', 'japan', 'india', 'spain']]","[malaysia, ind1sia, korea, thailand, chinese taipei, denmark, japan, india, spain]",100.0,100.0
198,198,198,198,198,198,"['what year did heywood h. davis finish?', 'of those, which years did they start?', 'who started in 1961?', 'of these clerks, who finished in 1959?', 'who else finished in 1959?', 'which clerks started in 1961?', 'who else finished in that year?', ""which clerk's school (year) is minnesota (1956)?""]","Decomposition:
sq1. Identify which row corresponds to Heywood H. Davis.  
sq2. Note the 'Finished' year for Heywood H. Davis.  
sq3. Find out the 'Started' year of all clerks.  
sq4. Identify the clerk who started in 1961.  
sq5. List the clerks who finished in 1959.  
sq6. List the clerks who started in 1961.  
sq7. Identify the clerk whose 'School (year)' is Minnesota (1956).  

Answers:
Answer to sq1: Heywood H. Davis finished in 1959.
Answer to sq2: Heywood H. Davis finished in 1959.
Answer to sq3: The starting years of clerks are: 1957, 1957, 1958, 1958, 1959, 1959, 1961.
Answer to sq4: D. Lawrence Gunnels started in 1961.
Answer to sq5: The clerks who finished in 1959 are: William C. Canby, Jr., Heywood H. Davis, Jerome B. Libin, Patrick F. McCartan.
Answer to sq6: The clerks who started in 1961 are: D. Lawrence Gunnels.
Answer to sq7: The clerk whose 'School (year)' is Minnesota (1956) is William C. Canby, Jr.

Final Answer:
- Heywood H. Davis finished in 1959.
- Starting years: 1957, 1957, 1958, 1958, 1959, 1959, 1961.
- Clerk who started in 1961: D. Lawrence Gunnels.
- Clerks who finished in 1959: William C. Canby, Jr., Heywood H. Davis, Jerome B. Libin, Patrick F. McCartan.
- Clerk whose 'School (year)' is Minnesota (1956): William C. Canby, Jr.","[""['1959']"", ""['1957', '1957', '1958', '1958', '1959', '1959', '1961']"", ""['D. Lawrence Gunnels']"", ""['William C. Canby, Jr.', 'Heywood H. Davis']"", ""['William C. Canby, Jr.']"", ""['D. Lawrence Gunnels']"", ""['William C. Canby, Jr.']"", ""['William C. Canby, Jr.']""]","1959 
","[['1959'], ['1957', '1957', '1958', '1958', '1959', '1959', '1961'], ['d. lawrence gunnels'], ['william c. canby, jr.', 'heywood h. davis'], ['william c. canby, jr.'], ['d. lawrence gunnels'], ['william c. canby, jr.'], ['william c. canby, jr.']]",1959,5.882352941176471,0.0
199,199,199,199,199,199,['how many games did they win in 1917-18?'],"Decomposition:
- Identify the row that corresponds to the season 1917-18.
- Extract the value in the 'Record' column for that row.

Answers:
- The row for the season 1917-18 is: Illinois | 1917-18 | 9-6 | 6-6 | T4th | 
- The number of games won in 1917-18 is: 9

Final Answer: 9 games.","[""['9-6']""]","9 
",[['9-6']],9,0.0,0.0
200,200,200,200,200,200,['what are all of the season years?'],"Decomposition:

1. Identify all the unique season years in the table.
2. List out the identified season years.

Answers:
- Answer to subquestion 1: The unique season years in the table are 1912-13, 1913-14, 1914-15, 1915-16, 1916-17, 1917-18, 1918-19, 1919-20, 1912-20
- Answer to subquestion 2: The season years are: 1912-13, 1913-14, 1914-15, 1915-16, 1916-17, 1917-18, 1918-19, 1919-20, 1912-20

Final Answer: [1912-13, 1913-14, 1914-15, 1915-16, 1916-17, 1917-18, 1918-19, 1919-20, 1912-20]","[""['1912-13', '1913-14', '1914-15', '1915-16', '1916-17', '1917-18', '1918-19', '1919-20', '1912-20']""]","['1912-13', '1913-14', '1914-15', '1915-16', '1916-17', '1917-18', '1918-19', '1919-20', '1912-20'] 
","[['1912-13', '1913-14', '1914-15', '1915-16', '1916-17', '1917-18', '1918-19', '1919-20', '1912-20']]","['1912-13', '1913-14', '1914-15', '1915-16', '1916-17', '1917-18', '1918-19', '1919-20', '1912-20']",100.0,100.0
201,201,201,201,201,201,"['what were the seasons played by ralph jones?', 'how many games were won in 1915-16', 'what was the record for each year?', 'what were the conference wins for 1917-18 or 1915-16?', 'what about just during 1917-18 and 1915-16?', 'during which of those two seasons were more games won?', 'what was the year of this conference']","Decomposition:
- Identify the rows corresponding to the seasons played by Ralph Jones.
- Find the number of games won in 1915-16.
- Determine the record for each year.
- Calculate the conference wins for 1917-18 and 1915-16.
- Find the total conference wins during 1917-18 and 1915-16.
- Compare the number of games won in 1917-18 and 1915-16.
- Identify the year of this conference.

Answers:
- The seasons played by Ralph Jones: 1912-13, 1913-14, 1914-15, 1915-16, 1916-17, 1917-18, 1918-19, 1919-20
- Number of games won in 1915-16: 13
- Records for each year:
  - 1912-13: 10-6
  - 1913-14: 9-4
  - 1914-15: 16-0
  - 1915-16: 13-3
  ...
- Conference wins for 1917-18 or 1915-16: 6 (1917-18) and 9 (1915-16)
- Total conference wins during 1917-18 and 1915-16: 15
- More games were won in 1915-16 than in 1917-18.
- The year of this conference: Not provided in the table.

Final Answers:
- Seasons played by Ralph Jones: 1912-13, 1913-14, 1914-15, 1915-16, 1916-17, 1917-18, 1918-19, 1919-20
- Number of games won in 1915-16: 13
- Records for each year: List of records as per the table
- Conference wins for 1917-18 or 1915-16: 6 (1917-18) and 9 (1915-16)
- Total conference wins during 1917-18 and 1915-16: 15
- More games were won in 1915-16 than in 1917-18
- Year of this conference: Not provided in the table.","[""['10-6', '9-4', '16-0', '13-3', '13-3', '9-6', '6-8', '9-4', '85-34']"", ""['13-3']"", ""['10-6', '9-4', '16-0', '13-3', '13-3', '9-6', '6-8', '9-4', '85-34']"", ""['9-3', '6-6']"", ""['13-3', '9-6']"", ""['1915-16']"", ""['1915-16']""]","['1912-13', '1913-14', '1914-15', '1915-16', '1916-17', '1917-18', '1918-19', '1919-20'], 13, '1915-16', 9, 15, '1915-16', 'Not enough information provided.' 
","[['10-6', '9-4', '16-0', '13-3', '13-3', '9-6', '6-8', '9-4', '85-34'], ['13-3'], ['10-6', '9-4', '16-0', '13-3', '13-3', '9-6', '6-8', '9-4', '85-34'], ['9-3', '6-6'], ['13-3', '9-6'], ['1915-16'], ['1915-16']]","['1912-13', '1913-14', '1914-15', '1915-16', '1916-17', '1917-18', '1918-19', '1919-20'], 13, '1915-16', 9, 15, '1915-16', 'not enough information provided.'",9.523809523809526,0.0
202,202,202,202,202,202,['which state/territory was in 2009?'],"Decomposition:
- Identify the row that corresponds to the year 2009.
- Extract the value from the 'State/Territory Men's Division' column for this row.

Answers:
- The state/territory in 2009 was Queensland.

Final Answer: Queensland","[""['Queensland']""]","Queensland 
",[['queensland']],queensland,100.0,100.0
203,203,203,203,203,203,"['in which years were the events held?', 'of those, which one was in 2009?', 'and which community division won in 2009?']","Decomposition:
1. Identify the rows with information on the years the events were held. 
2. Extract the specific years.
3. Determine the row corresponding to the year 2009.
4. Find the community division that won in 2009.

Answers:
- The relevant years the events were held are: 2012, 2011, 2010, 2009, 2008, 2007, 2006, 2005, 2004, 2003, 2002, 2001
- The event held in 2009 was represented in the row:
  2009 | Queensland |  | Alkupitja | Tangentyere | New South Wales
- The community division that won in 2009 was Tangentyere

Final Answer:
The events were held in the years 2012, 2011, 2010, 2009, 2008, 2007, 2006, 2005, 2004, 2003, 2002, 2001. The event in 2009 was held, and the community division that won in 2009 was Tangentyere.","[""['2012', '2012', '2011', '2010', '2009', '2008', '2007', '2006', '2005', '2004', '2003', '2002', '2001']"", ""['Tangentyere']"", ""['Tangentyere']""]","['2012', '2011', '2010', '2009', '2008', '2007', '2006', '2005', '2004', '2003', '2002', '2001', 'Tangentyere'] 
","[['2012', '2012', '2011', '2010', '2009', '2008', '2007', '2006', '2005', '2004', '2003', '2002', '2001'], ['tangentyere'], ['tangentyere']]","['2012', '2011', '2010', '2009', '2008', '2007', '2006', '2005', '2004', '2003', '2002', '2001', 'tangentyere']",92.85714285714286,0.0
204,204,204,204,204,204,['on what dates did the 2012 wisconsin  badgers football team play?'],"Decomposition:
1. Identify the rows that correspond to the 2012 Wisconsin Badgers football team games. (independent)
2. Extract the 'Date' column for these rows. (depends on subquestion 1)
3. Compile the extracted dates into a list. (depends on subquestion 2)

Answers:
Answer to subquestion 1: Rows corresponding to the 2012 Wisconsin Badgers football team games are:
- September 1
- September 8
- September 15
- September 22
- September 29
- October 6
- October 13
- October 20
- October 27
- November 10
- November 17
- November 24
- December 1

Answer to subquestion 2: The 'Date' values for the 2012 Wisconsin Badgers football team games are listed above.

Answer to subquestion 3: The dates when the 2012 Wisconsin Badgers football team played are: September 1, September 8, September 15, September 22, September 29, October 6, October 13, October 20, October 27, November 10, November 17, November 24, December 1

Final Answer: ['September 1', 'September 8', 'September 15', 'September 22', 'September 29', 'October 6', 'October 13', 'October 20', 'October 27', 'November 10', 'November 17', 'November 24', 'December 1']","[""['September 1', 'September 8', 'September 15', 'September 22', 'September 29', 'October 6', 'October 13', 'October 20', 'October 27', 'November 10', 'November 17', 'November 24', 'December 1', 'January 1, 2013']""]","['September 1', 'September 8', 'September 15', 'September 22', 'September 29', 'October 6', 'October 13', 'October 20', 'October 27', 'November 10', 'November 17', 'November 24', 'December 1'] 
","[['september 1', 'september 8', 'september 15', 'september 22', 'september 29', 'october 6', 'october 13', 'october 20', 'october 27', 'november 10', 'november 17', 'november 24', 'december 1', 'january 1, 2013']]","['september 1', 'september 8', 'september 15', 'september 22', 'september 29', 'october 6', 'october 13', 'october 20', 'october 27', 'november 10', 'november 17', 'november 24', 'december 1']",94.54545454545455,0.0
205,205,205,205,205,205,['what were the attendances recorded for the 2012 wisconsin badgers football games?'],"Decomposition:
1. Identify the rows with attendance information for the 2012 Wisconsin Badgers football games.
2. Extract the 'Attendance' column for these rows.
3. Compile the extracted values into a list.

Answers:
Answer to sq1: The relevant rows with attendance information for the 2012 Wisconsin Badgers football games are:
   September 1 | 2:30 PM | #9 (FCS) Northern Iowa* | #12 | Camp Randall Stadium * Madison, WI | BTN | W 26-21 | 79,568
   September 15 | 7:00 PM | Utah State* | #22 | Camp Randall Stadium * Madison, WI | BTN | W 16-14 | 79,332
   September 22 | 11:00 AM | UTEP* | #24 | Camp Randall Stadium * Madison, WI | ESPN2 | W 37-26 | 79,806
   October 6 | 2:30 PM | Illinois |  | Camp Randall Stadium * Madison, WI | ABC/ESPN2 | W 31-14 | 80,096
   October 20 | 11:00 AM | Minnesota |  | Camp Randall Stadium * Madison, WI (Paul Bunyan's Axe) | ESPNU | W 38-13 | 80,587
   October 27 | 2:30 PM | Michigan State | #25 | Camp Randall Stadium * Madison, WI | ABC/ESPN2 | L 13-16 OT | 80,538
   November 10 | 11:00 AM | at Indiana |  | Memorial Stadium * Bloomington, IN | ESPN2 | W 62-14 | 43,240
   November 17 | 2:30 PM | Ohio State |  | Camp Randall Stadium * Madison, WI | ABC/ESPN2 | L 14-21 OT | 80,112
   November 24 | 2:30 PM | at Penn State |  | Beaver Stadium * University Park, PA | ESPN2 | L 21-24 OT | 93,505
   December 1 | 7:00 PM | vs. #14 Nebraska |  | Lucas Oil Stadium * Indianapolis, IN (Big Ten Championship Game) | FOX | W 70-31 | 41,260
Answer to sq2: The 'Attendance' values for these games are: 79,568, 79,332, 79,806, 80,096, 80,587, 80,538, 43,240, 80,112, 93,505, 41,260
Answer to sq3: The attendances recorded for the 2012 Wisconsin Badgers football games were: [79,568, 79,332, 79,806, 80,096, 80,587, 80,538, 43,240, 80,112, 93,505, 41,260]

Final Answer: [79,568, 79,332, 79,806, 80,096, 80,587, 80,538, 43,240, 80,112, 93,505, 41,260]","[""['79,568', '42,189', '79,332', '79,806', '85,962', '80,096', '46,007', '80,587', '80,538', '43,240', '80,112', '93,505', '41,260', '93,259']""]","[79,568, 79,332, 79,806, 80,096, 80,587, 80,538, 43,240, 80,112, 93,505, 41,260] 
","[['79,568', '42,189', '79,332', '79,806', '85,962', '80,096', '46,007', '80,587', '80,538', '43,240', '80,112', '93,505', '41,260', '93,259']]","[79,568, 79,332, 79,806, 80,096, 80,587, 80,538, 43,240, 80,112, 93,505, 41,260]",83.33333333333333,0.0
206,206,206,206,206,206,['what is the name of the stadium with the second largest capacity in pars?'],"Decomposition:
1. Identify the rows with the city as ""Paris.""
2. Extract the 'Capacity' column for these rows.
3. Sort the capacities in descending order.
4. Find the second largest capacity.

Answers:
- The stadiums in Paris are:
  1 | Stade de France | 81,338 | Paris | Ile-de-France | France national football team | 1998
  4 | Parc des Princes | 48,712 | Paris | Ile-de-France | Paris Saint-Germain FC | 1897
  27 | Stade Sebastien Charlety | 20,000 | Paris | Ile-de-France | Paris FC | 1938
- The capacities for Paris stadiums are: 81,338, 48,712, 20,000
- Sorting in descending order: 81,338, 48,712, 20,000
- The stadium with the second largest capacity in Paris is ""Parc des Princes.""

Final Answer:
- The stadium with the second largest capacity in Paris is ""Parc des Princes.""","[""['Parc des Princes']""]","Parc des Princes 
",[['parc des princes']],parc des princes,100.0,100.0
207,207,207,207,207,207,['what were the schools of each player in the san antonio spurs season?'],"Decomposition:
1. Identify the rows corresponding to the San Antonio Spurs players.
2. Extract the 'School/Club Team' column for these players.
3. Compile the extracted 'School/Club Team' values into a list.

Answers:
- Answer to Subquestion 1: The players from the San Antonio Spurs team are:
   - Reggie Johnson
- Answer to Subquestion 2: Reggie Johnson played for Tennessee.
- Answer to Subquestion 3: The schools of the players in the San Antonio Spurs team were: [Tennessee]

Final Answer: [Tennessee]","[""['Tennessee', 'California State-Long Beach', 'Georgia', 'North Carolina', 'California State-Fullerton', 'Wisconsin-Eau Claire', 'Iowa State', 'Arkansas', 'Texas Pan-American', 'North Texas State', 'Arkansas']""]","Tennessee 
","[['10nessee', 'california state-long beach', 'georgia', 'north carolina', 'california state-fullerton', 'wisconsin-eau claire', 'iowa state', 'arkansas', 'texas pan-american', 'north texas state', 'arkansas']]",10nessee,9.523809523809524,0.0
208,208,208,208,208,208,"[""how many school's are represented in the 1980-81 san antonio spurs season?""]","Decomposition:
- Identify rows representing the players in the 1980-81 San Antonio Spurs season. 
- Extract the 'School/Club Team' column for these rows. 
- Find unique school names to determine the number of schools represented.

Answers:
- Relevant rows for the 1980-81 San Antonio Spurs season:
  * Reggie Johnson | PF/C | United States | Tennessee
  * Michael Miley |  | United States | California State-Long Beach
  * Lavon Mercer |  | United States | Georgia
  * Rich Yonakor |  | United States | North Carolina
  * Calvin Roberts |  | United States | California State-Fullerton
  * Gib Hinz |  | United States | Wisconsin-Eau Claire
  * Dean Uthoff |  | United States | Iowa State
  * Allan Zahn |  | United States | Arkansas
  * Bill Bailey |  | United States | Texas Pan-American
  * Al Williams |  | United States | North Texas State
  * Steve Schall |  | United States | Arkansas

- School/Club Team values for the players in the 1980-81 San Antonio Spurs season:
  * Tennessee
  * California State-Long Beach
  * Georgia
  * North Carolina
  * California State-Fullerton
  * Wisconsin-Eau Claire
  * Iowa State
  * Arkansas
  * Texas Pan-American
  * North Texas State

Final Answer:
There are **10 unique schools** represented in the 1980-81 San Antonio Spurs season.","[""['10']""]","10 
",[['10']],10,100.0,100.0
209,209,209,209,209,209,['what dates were the queensland house and land race run on in 2009?'],"Decomposition:
1. Identify the row that corresponds to the ""Queensland House & Land 300"" event.
2. Extract the ""Date"" column for this row.

Answers:
- Answer to sq1: The row for the ""Queensland House & Land 300"" event is: 5 | Queensland House & Land 300 | Queensland Raceway | Ipswich, Queensland | 21-23 Aug | Jonathon Webb
- Answer to sq2: The dates for the ""Queensland House & Land 300"" race in 2009 were: 21-23 Aug

Final Answer: The Queensland House & Land race was run on 21-23 Aug in 2009.","[""['21-23 Aug']""]","21-23 Aug 
",[['21-23 aug']],21-23 aug,100.0,100.0
210,210,210,210,210,210,"['what are all the events of the 2009 fujitsu v8 supercar series?', 'what dates were the dunlop townsville 400 race run on in 2009?', 'which one was earlier?', 'which of the two races was run earlier than the other?']","Decomposition:
1. Identify the row(s) that contain information about the 2009 Fujitsu V8 Supercar Series.
2. Extract the 'Event' column for the identified row(s).
3. Compile the extracted event(s) into a list.

Answers:
- Answer to subquestion 1: The relevant row for the 2009 Fujitsu V8 Supercar Series is not present in the provided table.
- Answer to subquestion 2: Not applicable.
- Answer to subquestion 3: Not applicable.

Final Answer: The information about all the events of the 2009 Fujitsu V8 Supercar Series is not available in the provided table.","[""['Clipsal 500', 'Winton', 'Dunlop Townsville 400', 'Norton 360 Sandown Challenge', 'Queensland House & Land 300', 'Supercheap Auto Bathurst 1000', 'Sydney Telstra 500']"", ""['10-12 Jul']"", ""['Dunlop Townsville 400']"", ""['Dunlop Townsville 400']""]","Not enough information provided. 
","[['clipsal 500', 'winton', 'dunlop townsville 400', 'norton 360 sandown challenge', 'queensland house & land 300', 'supercheap auto bathurst 1000', 'sydney telstra 500'], ['10-12 jul'], ['dunlop townsville 400'], ['dunlop townsville 400']]",not enough information provided,0.0,0.0
211,211,211,211,211,211,['how many league goals did gregory nelson score this season?'],"Decomposition:
- Identify the row for Gregory Nelson.
- Extract the number of league goals for Gregory Nelson.

Answers:
- The row for Gregory Nelson shows he scored 3 league goals.
  
Final Answer: Gregory Nelson scored 3 league goals this season.","[""['3']""]","3
",[['3']],3,100.0,100.0
212,212,212,212,212,212,['how many league goals did gregory nelson score this season?'],"Decomposition:
1. Identify the row for Gregory Nelson.
2. Extract the number of league goals for Gregory Nelson.

Answers:
- Row for Gregory Nelson: Gregory Nelson | 3 | 0 | 1 | 4
- Number of league goals for Gregory Nelson: 3

Final Answer: Gregory Nelson scored 3 league goals this season.","[""['3']""]","3
",[['3']],3,100.0,100.0
213,213,213,213,213,213,"['what is the first game in the month of may?', 'which were held in 1994?', 'what game shares the month with them?', 'which were held in may?', 'now, which other event took place in that month?']","Decomposition:
1. Identify the rows that have games in the month of May.
2. Extract the 'Date' and 'Championship' columns for these rows.
3. Compile the extracted values into a list.

Answers:
Answer to sq1: The relevant rows for games in the month of May are:
  7. | May 9, 1994 | Pinehurst, USA | Clay | Jared Palmer | 4-6, 6-7(5-7)
  9. | June 13, 1994 | London (Queen's Club), UK | Grass | Pete Sampras | 7-6(7-4), 7-6(7-4)
Answer to sq2: The 'Date' and 'Championship' values for games in the month of May are:
  ['May 9, 1994, Pinehurst, USA', 'June 13, 1994, London (Queen's Club), UK']
Answer to sq3: The games that took place in the month of May are: ['May 9, 1994, Pinehurst, USA', 'June 13, 1994, London (Queen's Club), UK']

Final Answer: 
['May 9, 1994, Pinehurst, USA', 'June 13, 1994, London (Queen's Club), UK']","[""['Atlanta, Georgia, USA']"", '[\'Australian Open, Melbourne, Australia\', \'Memphis, Tennessee, USA\', \'Atlanta, Georgia, USA\', \'Pinehurst, USA\', ""London (Queen\'s Club), UK""]', ""['Pinehurst, USA']"", ""['Atlanta, Georgia, USA', 'Pinehurst, USA']"", ""['Pinehurst, USA']""]","['May 9, 1994, Pinehurst, USA', 'June 13, 1994, London (Queen's Club), UK'] 
","[['atlanta, georgia, usa'], '[\'australian open, melbourne, australia\', \'memphis, 10nessee, usa\', \'atlanta, georgia, usa\', \'pinehurst, usa\', london (queen\'s club), uk]', ['pinehurst, usa'], ['atlanta, georgia, usa', 'pinehurst, usa'], ['pinehurst, usa']]","['may 9, 1994, pinehurst, usa', 'june 13, 1994, london (queen's club), uk']",30.0,0.0
214,214,214,214,214,214,"['what are the countries of the taekwondo at the 2010 south american games?', 'which country placed second with a total of 13 medals?']","Decomposition:
- Identify the rows that have the sport as ""taekwondo"" at the 2010 South American Games.
- Extract the 'Nation' column for these rows.
- Identify the row with a total of 13 medals and determine the corresponding country.

Answers:
- The countries that participated in taekwondo at the 2010 South American Games are: Colombia, Chile, and Ecuador.
- The country that placed second with a total of 13 medals is Venezuela.

Final Answers:
- Countries of taekwondo at the 2010 South American Games: ['Colombia', 'Chile', 'Ecuador']
- The country that placed second with a total of 13 medals: Venezuela","[""['Brazil', 'Venezuela', 'Colombia', 'Chile', 'Argentina', 'Peru', 'Ecuador', 'Guyana', 'Aruba', 'Netherlands Antilles', 'Panama', 'Uruguay']"", ""['Venezuela']""]","['Colombia', 'Chile', 'Ecuador'], Venezuela 
","[['brazil', 'venezuela', 'colombia', 'chile', 'argentina', 'peru', 'ecuador', 'guyana', 'aruba', 'netherlands antilles', 'panama', 'uruguay'], ['venezuela']]","['colombia', 'chile', 'ecuador'], venezuela",44.44444444444445,0.0
215,215,215,215,215,215,['what were the attendances in 1987?'],"Decomposition:
- Identify the rows that have attendance figures.
- Extract the 'Attendance' column for these rows.
- Compile the extracted attendance values into a list.

Answers:
1. The rows with attendance figures are:
   - September 13, 1987 | San Diego Chargers | W 20-13 | 56,940
   - September 20, 1987 | at Seattle Seahawks | L 43-14 | 61,667
   - October 4, 1987 | at Los Angeles Raiders | L 35-17 | 10,708
   - October 11, 1987 | at Miami Dolphins | L 42-0 | 25,867
   - October 18, 1987 | Denver Broncos | L 26-17 | 20,296
   - October 25, 1987 | at San Diego Chargers | L 42-21 | 47,972
   - November 1, 1987 | at Chicago Bears | L 31-28 | 63,498
   - November 8, 1987 | Pittsburgh Steelers | L 17-16 | 45,249
   - November 15, 1987 | New York Jets | L 16-9 | 40,718
   - November 22, 1987 | Green Bay Packers | L 23-3 | 34,611
   - November 26, 1987 | at Detroit Lions | W 27-20 | 43,820
   - December 6, 1987 | at Cincinnati Bengals | L 30-27 | 46,489
   - December 13, 1987 | Los Angeles Raiders | W 16-10 | 63,834
   - December 19, 1987 | at Denver Broncos | L 20-17 | 75,053
   - December 27, 1987 | Seattle Seahawks | W 41-20 | 20,370

2. The 'Attendance' values for 1987 are: 56,940, 61,667, 10,708, 25,867, 20,296, 47,972, 63,498, 45,249, 40,718, 34,611, 43,820, 46,489, 63,834, 75,053, 20,370.

3. The attendances in 1987 are: 56,940, 61,667, 10,708, 25,867, 20,296, 47,972, 63,498, 45,249, 40,718, 34,611, 43,820, 46,489, 63,834, 75,053, 20,370.

Final Answer: [56,940, 61,667, 10,708, 25,867, 20,296, 47,972, 63,498, 45,249, 40,718, 34,611, 43,820, 46,489, 63,834, 75,053, 20,370]","[""['56,940', '61,667', '10,708', '25,867', '20,296', '47,972', '63,498', '45,249', '40,718', '34,611', '43,820', '46,489', '63,834', '75,053', '20,370']""]","[56,940, 61,667, 10,708, 25,867, 20,296, 47,972, 63,498, 45,249, 40,718, 34,611, 43,820, 46,489, 63,834, 75,053, 20,370] 
","[['56,940', '61,667', '10,708', '25,867', '20,296', '47,972', '63,498', '45,249', '40,718', '34,611', '43,820', '46,489', '63,834', '75,053', '20,370']]","[56,940, 61,667, 10,708, 25,867, 20,296, 47,972, 63,498, 45,249, 40,718, 34,611, 43,820, 46,489, 63,834, 75,053, 20,370]",100.0,100.0
216,216,216,216,216,216,['which teams played against the kansas city chiefs in 1987?'],"Decomposition:
- Identify the rows that correspond to games played by the Kansas City Chiefs in 1987.
- Extract the 'Opponent' column for these rows.
- Compile the extracted 'Opponent' values into a list.

Answers:
- The games played by the Kansas City Chiefs in 1987 are:
  - September 13, 1987 vs. San Diego Chargers
  - September 20, 1987 at Seattle Seahawks
  - September 27, 1987 vs. Minnesota Vikings (canceled)
  - October 4, 1987 at Los Angeles Raiders
  - October 11, 1987 at Miami Dolphins
  - October 18, 1987 vs. Denver Broncos
  - October 25, 1987 at San Diego Chargers
  - November 1, 1987 at Chicago Bears
  - November 8, 1987 vs. Pittsburgh Steelers
  - November 15, 1987 vs. New York Jets
  - November 22, 1987 vs. Green Bay Packers
  - November 26, 1987 at Detroit Lions
  - December 6, 1987 at Cincinnati Bengals
  - December 13, 1987 vs. Los Angeles Raiders
  - December 19, 1987 at Denver Broncos
  - December 27, 1987 vs. Seattle Seahawks

- The teams that played against the Kansas City Chiefs in 1987 are:
  - San Diego Chargers, Seattle Seahawks, Minnesota Vikings, Los Angeles Raiders, Miami Dolphins, Denver Broncos, Chicago Bears, Pittsburgh Steelers, New York Jets, Green Bay Packers, Detroit Lions, Cincinnati Bengals, Los Angeles Raiders, Denver Broncos, Seattle Seahawks

Final Answer:
- Opponents that played against the Kansas City Chiefs in 1987: San Diego Chargers, Seattle Seahawks, Minnesota Vikings, Los Angeles Raiders, Miami Dolphins, Denver Broncos, Chicago Bears, Pittsburgh Steelers, New York Jets, Green Bay Packers, Detroit Lions, Cincinnati Bengals, Los Angeles Raiders, Denver Broncos, Seattle Seahawks","[""['San Diego Chargers', 'at Seattle Seahawks', 'Minnesota Vikings', 'at Los Angeles Raiders', 'at Miami Dolphins', 'Denver Broncos', 'at San Diego Chargers', 'at Chicago Bears', 'Pittsburgh Steelers', 'New York Jets', 'Green Bay Packers', 'at Detroit Lions', 'at Cincinnati Bengals', 'Los Angeles Raiders', 'at Denver Broncos', 'Seattle Seahawks']""]","San Diego Chargers, Seattle Seahawks, Minnesota Vikings, Los Angeles Raiders, Miami Dolphins, Denver Broncos, Chicago Bears, Pittsburgh Steelers, New York Jets, Green Bay Packers, Detroit Lions, Cincinnati Bengals 
","[['san diego chargers', 'at seattle seahawks', 'minnesota vikings', 'at los angeles raiders', 'at miami dolphins', 'denver broncos', 'at san diego chargers', 'at chicago bears', 'pittsburgh steelers', 'new york jets', 'green bay packers', 'at detroit lions', 'at cincinnati bengals', 'los angeles raiders', 'at denver broncos', 'seattle seahawks']]","san diego chargers, seattle seahawks, minnesota vikings, los angeles raiders, miami dolphins, denver broncos, chicago bears, pittsburgh steelers, new york jets, green bay packers, detroit lions, cincinnati bengals",75.67567567567568,0.0
217,217,217,217,217,217,"['what are the dates of the 1987 kansas city chiefs season?', 'now, which game was cancelled?']","Decomposition:
1. Identify the rows that have the 1987 season.
2. Extract the 'Date' column for these rows.
3. Identify the game that was canceled.

Answers:
- Answer to sq1: The relevant rows for the 1987 season are:
  September 13, 1987
  September 20, 1987
  September 27, 1987 (game canceled)
  October 4, 1987
  October 11, 1987
  October 18, 1987
  October 25, 1987
  November 1, 1987
  November 8, 1987
  November 15, 1987
  November 22, 1987
  November 26, 1987
  December 6, 1987
  December 13, 1987
  December 19, 1987
  December 27, 1987
- Answer to sq2: The dates of the 1987 Kansas City Chiefs season are:
  September 13, 1987
  September 20, 1987
  September 27, 1987
  October 4, 1987
  October 11, 1987
  October 18, 1987
  October 25, 1987
  November 1, 1987
  November 8, 1987
  November 15, 1987
  November 22, 1987
  November 26, 1987
  December 6, 1987
  December 13, 1987
  December 19, 1987
  December 27, 1987
- Answer to sq3: The game that was canceled was against the Minnesota Vikings on September 27, 1987.

Final Answer:
- Dates of the 1987 Kansas City Chiefs season: September 13, 20, 27; October 4, 11, 18, 25; November 1, 8, 15, 22, 26; December 6, 13, 19, 27
- Canceled game: Minnesota Vikings on September 27, 1987","[""['September 13, 1987', 'September 20, 1987', 'September 27, 1987', 'October 4, 1987', 'October 11, 1987', 'October 18, 1987', 'October 25, 1987', 'November 1, 1987', 'November 8, 1987', 'November 15, 1987', 'November 22, 1987', 'November 26, 1987', 'December 6, 1987', 'December 13, 1987', 'December 19, 1987', 'December 27, 1987']"", ""['September 27, 1987']""]","September 27, 1987 
","[['september 13, 1987', 'september 20, 1987', 'september 27, 1987', 'october 4, 1987', 'october 11, 1987', 'october 18, 1987', 'october 25, 1987', 'november 1, 1987', 'november 8, 1987', 'november 15, 1987', 'november 22, 1987', 'november 26, 1987', 'december 6, 1987', 'december 13, 1987', 'december 19, 1987', 'december 27, 1987'], ['september 27, 1987']]","september 27, 1987",11.11111111111111,0.0
218,218,218,218,218,218,"[""what players were on the 2007-08 washington huskies men's basketball team?""]","Decomposition:
1. Identify the rows corresponding to the 2007-08 Washington Huskies men's basketball team.
2. Extract the 'Name' column for these rows.
3. Compile the extracted 'Name' values into a list.

Answers:
Answer to sq1: The players on the 2007-08 Washington Huskies men's basketball team are:
   0 | Joel Smith | 6'4,210 | G | RS Jr. | Lompoc, CA, U.S. | Brewster Academy
   1 | Venoy Overton | 5'11,180 | G | Fr. | Seattle, WA, U.S. | Franklin HS
   4 | Tim Morris | 6'4,210 | G | Sr. | Spokane Wa, U.S. | Central Valley HS 
   5 | Justin Dentmon | 5'11,185 | G | Jr. | Carbondale, IL, U.S. | Winchendon School
   20 | Ryan Appleby | 6'3,170 | G | Sr. | Stanwood, WA, U.S. | Florida
   21 | Artem Wallace | 6'8,250 | C | Jr. | Toledo, WA, U.S. | Toledo HS
   22 | Justin Holiday | 6'6,170 | F | Fr. | Chatsworth, CA, U.S. | Campbell Hall School
   24 | Quincy Pondexter | 6'6,210 | F | So. | Fresno, CA, U.S. | San Joaquin Memorial HS
   32 | Joe Wolfinger | 7'0,255 | C | RS So. | Portland, OR, U.S. | Northfield Mount Hermon School
   40 | Jon Brockman | 6'7,255 | F | Jr. | Snohomish, WA, U.S. | Snohomish Sr. HS
   44 | Darnell Gant | 6'8,215 | F | Fr. | Los Angeles, CA, U.S. | Crenshaw HS

Answer to sq2: The 'Name' values for the 2007-08 Washington Huskies men's basketball team are: Joel Smith, Venoy Overton, Tim Morris, Justin Dentmon, Ryan Appleby, Artem Wallace, Justin Holiday, Quincy Pondexter, Joe Wolfinger, Jon Brockman, Darnell Gant

Answer to sq3: The players on the 2007-08 Washington Huskies men's basketball team were: [""Joel Smith"", ""Venoy Overton"", ""Tim Morris"", ""Justin Dentmon"", ""Ryan Appleby"", ""Artem Wallace"", ""Justin Holiday"", ""Quincy Pondexter"", ""Joe Wolfinger"", ""Jon Brockman"", ""Darnell Gant""]

Final answer: [""Joel Smith"", ""Venoy Overton"", ""Tim Morris"", ""Justin Dentmon"", ""Ryan Appleby"", ""Artem Wallace"", ""Justin Holiday"", ""Quincy Pondexter"", ""Joe Wolfinger"", ""Jon Brockman"", ""Darnell Gant""]","[""['Joel Smith', 'Venoy Overton', 'Tim Morris', 'Justin Dentmon', 'Matthew Bryan-Amaning', 'Ryan Appleby', 'Artem Wallace', 'Justin Holiday', 'Quincy Pondexter', 'Joe Wolfinger', 'Jon Brockman', 'Darnell Gant']""]","""Joel Smith"", ""Venoy Overton"", ""Tim Morris"", ""Justin Dentmon"", ""Ryan Appleby"", ""Artem Wallace"", ""Justin Holiday"", ""Quincy Pondexter"", ""Joe Wolfinger"", ""Jon Brockman"", ""Darnell Gant"" 
","[['joel smith', 'venoy overton', 'tim morris', 'justin dentmon', 'matthew bryan-amaning', 'ryan appleby', 'artem wallace', 'justin holiday', 'quincy pondexter', 'joe wolfinger', 'jon brockman', 'darnell gant']]","joel smith, venoy overton, tim morris, justin dentmon, ryan appleby, artem wallace, justin holiday, quincy pondexter, joe wolfinger, jon brockman, darnell gant",95.65217391304348,0.0
219,219,219,219,219,219,"[""what are the names of the players in the 2007-08 washington huskies men's basketball team?""]","Decomposition:
1. Identify the rows that represent players in the 2007-08 Washington Huskies men's basketball team.
2. Extract the 'Name' column for these rows.
3. Compile the extracted names into a list.

Answers:
- Answer to sq1: The players in the 2007-08 Washington Huskies men's basketball team are:
  0 | Joel Smith | 6'4,210 | G | RS Jr. | Lompoc, CA, U.S. | Brewster Academy | 
  1 | Venoy Overton | 5'11,180 | G | Fr. | Seattle, WA, U.S. | Franklin HS | 
  4 | Tim Morris | 6'4,210 | G | Sr. | Spokane Wa, U.S. | Central Valley HS | 
  5 | Justin Dentmon | 5'11,185 | G | Jr. | Carbondale, IL, U.S. | Winchendon School | 
  11 | Matthew Bryan-Amaning | 6'9,235 | F | Fr. | London, England, U.K. | South Kent School | 
  20 | Ryan Appleby | 6'3,170 | G | Sr. | Stanwood, WA, U.S. | Florida | 
  21 | Artem Wallace | 6'8,250 | C | Jr. | Toledo, WA, U.S. | Toledo HS | 
  22 | Justin Holiday | 6'6,170 | F | Fr. | Chatsworth, CA, U.S. | Campbell Hall School | 
  24 | Quincy Pondexter | 6'6,210 | F | So. | Fresno, CA, U.S. | San Joaquin Memorial HS | 
  32 | Joe Wolfinger | 7'0,255 | C | RS So. | Portland, OR, U.S. | Northfield Mount Hermon School | 
  40 | Jon Brockman | 6'7,255 | F | Jr. | Snohomish, WA, U.S. | Snohomish Sr. HS | 
  44 | Darnell Gant | 6'8,215 | F | Fr. | Los Angeles, CA, U.S. | Crenshaw HS | 
- Answer to sq2: The names of the players in the 2007-08 Washington Huskies men's basketball team are: 
  Joel Smith, Venoy Overton, Tim Morris, Justin Dentmon, Matthew Bryan-Amaning, Ryan Appleby, Artem Wallace, Justin Holiday, Quincy Pondexter, Joe Wolfinger, Jon Brockman, Darnell Gant
- Answer to sq3: The names of the players in the 2007-08 Washington Huskies men's basketball team are compiled into a list.

Final Answer:
[""Joel Smith"", ""Venoy Overton"", ""Tim Morris"", ""Justin Dentmon"", ""Matthew Bryan-Amaning"", ""Ryan Appleby"", ""Artem Wallace"", ""Justin Holiday"", ""Quincy Pondexter"", ""Joe Wolfinger"", ""Jon Brockman"", ""Darnell Gant""]","[""['Joel Smith', 'Venoy Overton', 'Tim Morris', 'Justin Dentmon', 'Matthew Bryan-Amaning', 'Ryan Appleby', 'Artem Wallace', 'Justin Holiday', 'Quincy Pondexter', 'Joe Wolfinger', 'Jon Brockman', 'Darnell Gant']""]","[""Joel Smith"", ""Venoy Overton"", ""Tim Morris"", ""Justin Dentmon"", ""Matthew Bryan-Amaning"", ""Ryan Appleby"", ""Artem Wallace"", ""Justin Holiday"", ""Quincy Pondexter"", ""Joe Wolfinger"", ""Jon Brockman"", ""Darnell Gant""] 
","[['joel smith', 'venoy overton', 'tim morris', 'justin dentmon', 'matthew bryan-amaning', 'ryan appleby', 'artem wallace', 'justin holiday', 'quincy pondexter', 'joe wolfinger', 'jon brockman', 'darnell gant']]","[joel smith, venoy overton, tim morris, justin dentmon, matthew bryan-amaning, ryan appleby, artem wallace, justin holiday, quincy pondexter, joe wolfinger, jon brockman, darnell gant]",100.0,100.0
220,220,220,220,220,220,"['what are the dates/times for each?', 'which was earlier?']","Decomposition:
- Identify the dates and times for each entry in the table.
- Determine which date/time was earlier.

Answers:
- The dates/times for each entry are as follows:
  1. 4 December 1916 @ 1100 hours
  2. 24 April 1917 @ 0840 hours
  3. 2 May 1917 @ 0945 hours
  4. 11 May 1917 @ 1950 hours
  5. 11 May 1917 @ 1950 hours
  6. 23 May 1917 @ 1800 hours
  7. 24 July 1917 @ 0635 hours
  8. 28 July 1917 @ 1735 hours

- The earlier date/time is ""4 December 1916 @ 1100 hours.""

Final Answer:
['4 December 1916 @ 1100 hours', 'Earlier is 4 December 1916 @ 1100 hours']","[""['4 December 1916 @ 1100 hours', '24 April 1917 @ 0840 hours', '2 May 1917 @ 0945 hours', '11 May 1917 @ 1950 hours', '11 May 1917 @ 1950 hours', '23 May 1917 @ 1800 hours', '24 July 1917 @ 0635 hours', '28 July 1917 @ 1735 hours']"", ""['Nieuport serial number 3958']""]","['4 December 1916 @ 1100 hours', '4 December 1916 @ 1100 hours'] 
","[['4 december 1916 @ 1100 ', '24 april 1917 @ 0840 ', '2 may 1917 @ 0945 ', '11 may 1917 @ 1950 ', '11 may 1917 @ 1950 ', '23 may 1917 @ 1800 ', '24 july 1917 @ 0635 ', '28 july 1917 @ 1735 '], ['nieuport serial number 3958']]","['4 december 1916 @ 1100 ', '4 december 1916 @ 1100 ']",18.18181818181818,0.0
221,221,221,221,221,221,"['what were the dates for the 2013-14 toros mexico season?', 'which of those were on a saturday?', 'on what day did that game happen?']","Decomposition:
1. Identify the rows corresponding to the 2013-14 Toros Mexico season. 
2. Extract the 'Date' and 'Day' columns for these rows.
3. Determine which of the extracted dates were on a Saturday.
4. Find the day on which the game corresponding to that date happened.

Answers:
- Answer to subquestion 1: 
  Rows for the 2013-14 Toros Mexico season are:
    3 | Saturday | November 23 | 7:05pm | at Bay Area Rosal | W 10-7 | 1-2 | Cabernet Indoor Sports | 652
    5 | Saturday | December 14 | 7:05pm | at Sacramento Surge | W 7-6 (OT) | 3-2 | Estadio Azteca Soccer Arena | 215
    8 | Saturday | January 4 | 7:05pm | at Ontario Fury | L 5-12 | 4-4 | Citizens Business Bank Arena | 2,653
    10 | Sunday | January 12 | 1:05pm | Las Vegas Legends | W 10-7 | 5-5 | UniSantos Park | 343
    15 | Saturday | February 8 | 7:05pm | at Sacramento Surge | W 10-6 | 8-7 | Estadio Azteca Soccer Arena | 323

- Answer to subquestion 2:
  The dates that were on a Saturday are: November 23, December 14, January 4, and February 8.

- Answer to subquestion 3:
  The game on February 8th was on a Saturday.

Final Answer:
- Dates for the 2013-14 toros mexico season: November 23, December 14, January 4, and February 8.
- The games played on Saturdays were: November 23, December 14, January 4, and February 8.
- The game on February 8th occurred on a Saturday.","[""['November 10', 'November 17', 'November 23', 'December 1', 'December 14', 'December 15', 'December 22', 'January 4', 'January 5', 'January 12', 'January 19', 'January 26', 'February 1', 'February 7', 'February 8', 'February 15']"", ""['November 23', 'December 14', 'January 4', 'February 1', 'February 8', 'February 15']"", ""['February 1']""]","['November 23', 'December 14', 'January 4', 'February 8'] 
","[['november 10', 'november 17', 'november 23', 'december 1', 'december 14', 'december 15', 'december 22', 'january 4', 'january 5', 'january 12', 'january 19', 'january 26', 'february 1', 'february 7', 'february 8', 'february 15'], ['november 23', 'december 14', 'january 4', 'february 1', 'february 8', 'february 15'], ['february 1']]","['november 23', 'december 14', 'january 4', 'february 8']",29.629629629629633,0.0
222,222,222,222,222,222,['which column contains the time/retired information?'],"Decomposition:
1. Identify the column that contains the time/retired information.
2. Find the header of the column identified in step 1.

Answers:
Answer to subquestion 1: The column that contains the time/retired information is the ""Time/Retired"" column.
Answer to subquestion 2: The header of the column identified is ""Time/Retired"".

Final answer: The ""Time/Retired"" column contains the time/retired information.","[""['38:04.730', '+0.180', '+0.534', '+0.537', '+0.742', '+7.019', '+20.889', '+20.891', '+21.310', '+26.816', '+26.933', '+27.054', '+27.903', '+33.161', '+56.248', '+56.432', '+1:07.433', '+1:16.347', '+1:25.622', '+1:25.758', '+1:33.867', '+1:40.280', '+1:40.635', '+1 Lap', 'Retirement', 'Retirement', 'Retirement', 'Retirement']""]","Time/Retired 
","[['38:04.730', '0.180', '0.534', '0.537', '0.742', '7.019', '20.889', '20.891', '21.310', '26.816', '26.933', '27.054', '27.903', '33.161', '56.248', '56.432', '1:07.433', '1:16.347', '1:25.622', '1:25.758', '1:33.867', '1:40.280', '1:40.635', '1 lap', 'retirement', 'retirement', 'retirement', 'retirement']]",time/retired,0.0,0.0
223,223,223,223,223,223,"['who raced in the 1999 dutch tt?', 'what were their times?', 'which is the first time in the list above 20?', 'of those racers in the 1999 dutch tt, who finished more than 20 seconds behind the leader or retired?', 'of those, what times were recorded?', 'of those, who has the lowest time?', ""and which rider's time was more than 20 seconds behind the best?"", 'which rider has this time?', 'of those who finished more than 20 seconds behind the leader, who was first?', 'of those times, which were not actual times?']","Decomposition:
1. Find the rows of the riders who participated in the 1999 Dutch TT.
2. Extract the 'Rider' column for these rows.
3. Extract the 'Time/Retired' column for these riders.
4. Identify the rider with the first time above 20 seconds.
5. Find the riders who finished more than 20 seconds behind the leader or retired.
6. Extract the times for these riders.
7. Determine the rider with the lowest time among those who finished more than 20 seconds behind.
8. Identify the rider whose time was more than 20 seconds behind the best.
9. Find the time of this rider.
10. Determine which rider was first among those who finished more than 20 seconds behind the leader.
11. Identify which times recorded were not actual times.

Answers:
1. Riders in the 1999 Dutch TT:
   - Loris Capirossi
   - Valentino Rossi
   - Jeremy McWilliams
   - Tohru Ukawa
   - Shinya Nakano
   - Ralf Waldmann
   - Franco Battaini
   - Stefano Perugini
   - Jason Vincent
   - Anthony West
   - Alex Hofmann
   - Sebastian Porto
   - Tomomi Manako
   - Masaki Tokudome
   - Jarno Janssen
   - Luca Boscoscuro
   - Johann Stigefelt
   - Julien Allemand
   - Fonsi Nieto
   - Lucas Oliver Bulto
   - David Garcia
   - Rudie Markink
   - Arno Visscher
   - Henk Van De Lagemaat
   - Maurice Bolwerk
   - Andre Romein
   - Roberto Rolfo
   - Marcellino Lucchi

2. Times of the riders in the 1999 Dutch TT:
   - Loris Capirossi: 38:04.730
   - Valentino Rossi: +0.180
   - Jeremy McWilliams: +0.534
   - Tohru Ukawa: +0.537
   - Shinya Nakano: +0.742
   - Ralf Waldmann: +7.019
   - Franco Battaini: +20.889
   - Stefano Perugini: +20.891
   - Jason Vincent: +21.310
   - Anthony West: +26.816
   - Alex Hofmann: +26.933
   - Sebastian Porto: +27.054
   - Tomomi Manako: +27.903
   - Masaki Tokudome: +33.161
   - Jarno Janssen: +56.248
   - Luca Boscoscuro: +56.432
   - Johann Stigefelt: +1:07.433
   - Julien Allemand: +1:16.347
   - Fonsi Nieto: +1:25.622
   - Lucas Oliver Bulto: +1:25.758
   - David Garcia: +1:33.867
   - Rudie Markink: +1:40.280
   - Arno Visscher: +1:40.635
   - Henk Van De Lagemaat: +1 Lap
   - Maurice Bolwerk: Retirement
   - Andre Romein: Retirement
   - Roberto Rolfo: Retirement
   - Marcellino Lucchi: Retirement

3. The first time above 20 seconds: 7.019 (Ralf Waldmann)

4. Riders who finished more than 20 seconds behind or retired:
   - Franco Battaini
   - Stefano Perugini
   - Jason Vincent
   - Anthony West
   - Alex Hofmann
   - Sebastian Porto
   - Tomomi Manako
   - Masaki Tokudome
   - Jarno Janssen
   - Luca Boscoscuro
   - Johann Stigefelt
   - Julien Allemand
   - Fonsi Nieto
   - Lucas Oliver Bulto
   - David Garcia
   - Rudie Markink
   - Arno Visscher
   - Henk Van De Lagemaat
   - Maurice Bolwerk
   - Andre Romein
   - Roberto Rolfo
   - Marcellino Lucchi

5. Times recorded for those finishing more than 20 seconds behind or retired:
   - Franco Battaini: +20.889
   - Stefano Perugini: +20.891
   - Jason Vincent: +21.310
   - Anthony West: +26.816
   - Alex Hofmann: +26.933
   - Sebastian Porto: +27.054
   - Tomomi Manako: +27.903
   - Masaki Tokudome: +33.161
   - Jarno Janssen: +56.248
   - Luca Boscoscuro: +56.432
   - Johann Stigefelt: +1:07.433
   - Julien Allemand: +1:16.347
   - Fonsi Nieto: +1:25.622
   - Lucas Oliver Bulto: +1:25.758
   - David Garcia: +1:33.867
   - Rudie Markink: +1:40.280
   - Arno Visscher: +1:40.635
   - Henk Van De Lagemaat: +1 Lap
   - Maurice Bolwerk: Retirement
   - Andre Romein: Retirement
   - Roberto Rolfo: Retirement
   - Marcellino Lucchi: Retirement

6. Rider with the lowest time among those finishing more than 20 seconds behind: Stefano Perugini

7. Rider more than 20 seconds behind the best: Rudie Markink

8. Time of Rudie Markink: +1:40.280

9. Rider who finished first among those more than 20 seconds behind: Johann Stigefelt

10. Unrecorded times: Henk Van De Lagemaat (retired)","[""['Loris Capirossi', 'Valentino Rossi', 'Jeremy McWilliams', 'Tohru Ukawa', 'Shinya Nakano', 'Ralf Waldmann', 'Franco Battaini', 'Stefano Perugini', 'Jason Vincent', 'Anthony West', 'Alex Hofmann', 'Sebastian Porto', 'Tomomi Manako', 'Masaki Tokudome', 'Jarno Janssen', 'Luca Boscoscuro', 'Johann Stigefelt', 'Julien Allemand', 'Fonsi Nieto', 'Lucas Oliver Bulto', 'David Garcia', 'Rudie Markink', 'Arno Visscher', 'Henk Van De Lagemaat', 'Maurice Bolwerk', 'Andre Romein', 'Roberto Rolfo', 'Marcellino Lucchi']"", ""['38:04.730', '+0.180', '+0.534', '+0.537', '+0.742', '+7.019', '+20.889', '+20.891', '+21.310', '+26.816', '+26.933', '+27.054', '+27.903', '+33.161', '+56.248', '+56.432', '+1:07.433', '+1:16.347', '+1:25.622', '+1:25.758', '+1:33.867', '+1:40.280', '+1:40.635', '+1 Lap', 'Retirement', 'Retirement', 'Retirement', 'Retirement']"", ""['+20.889']"", ""['Franco Battaini', 'Stefano Perugini', 'Jason Vincent', 'Anthony West', 'Alex Hofmann', 'Sebastian Porto', 'Tomomi Manako', 'Masaki Tokudome', 'Jarno Janssen', 'Luca Boscoscuro', 'Johann Stigefelt', 'Julien Allemand', 'Fonsi Nieto', 'Lucas Oliver Bulto', 'David Garcia', 'Rudie Markink', 'Arno Visscher', 'Henk Van De Lagemaat', 'Maurice Bolwerk', 'Andre Romein', 'Roberto Rolfo', 'Marcellino Lucchi']"", ""['38:04.730', '+0.180', '+0.534', '+0.537', '+0.742', '+7.019', '+20.889', '+20.891', '+21.310', '+26.816', '+26.933', '+27.054', '+27.903', '+33.161', '+56.248', '+56.432', '+1:07.433', '+1:16.347', '+1:25.622', '+1:25.758', '+1:33.867', '+1:40.280', '+1:40.635', '+1 Lap', 'Retirement', 'Retirement', 'Retirement', 'Retirement']"", ""['Henk Van De Lagemaat']"", ""['Franco Battaini']"", ""['Franco Battaini']"", ""['Franco Battaini']"", ""['+1 Lap', 'Retirement']""]","['Stefano Perugini', '+1:40.280', 'Johann Stigefelt', 'Henk Van De Lagemaat'] 
","[['loris capirossi', 'valentino rossi', 'jeremy mcwilliams', 'tohru ukawa', 'shinya nakano', 'ralf waldmann', 'franco battaini', 'stefano perugini', 'jason vincent', 'anthony west', 'alex hofmann', 'sebastian porto', 'tomomi manako', 'masaki tokudome', 'jarno janssen', 'luca boscoscuro', 'johann stigefelt', 'julien allemand', 'fonsi nieto', 'lucas oliver bulto', 'david garcia', 'rudie markink', 'arno visscher', 'henk van de lagemaat', 'maurice bolwerk', 'andre romein', 'roberto rolfo', 'marcellino lucchi'], ['38:04.730', '0.180', '0.534', '0.537', '0.742', '7.019', '20.889', '20.891', '21.310', '26.816', '26.933', '27.054', '27.903', '33.161', '56.248', '56.432', '1:07.433', '1:16.347', '1:25.622', '1:25.758', '1:33.867', '1:40.280', '1:40.635', '1 lap', 'retirement', 'retirement', 'retirement', 'retirement'], ['20.889'], ['franco battaini', 'stefano perugini', 'jason vincent', 'anthony west', 'alex hofmann', 'sebastian porto', 'tomomi manako', 'masaki tokudome', 'jarno janssen', 'luca boscoscuro', 'johann stigefelt', 'julien allemand', 'fonsi nieto', 'lucas oliver bulto', 'david garcia', 'rudie markink', 'arno visscher', 'henk van de lagemaat', 'maurice bolwerk', 'andre romein', 'roberto rolfo', 'marcellino lucchi'], ['38:04.730', '0.180', '0.534', '0.537', '0.742', '7.019', '20.889', '20.891', '21.310', '26.816', '26.933', '27.054', '27.903', '33.161', '56.248', '56.432', '1:07.433', '1:16.347', '1:25.622', '1:25.758', '1:33.867', '1:40.280', '1:40.635', '1 lap', 'retirement', 'retirement', 'retirement', 'retirement'], ['henk van de lagemaat'], ['franco battaini'], ['franco battaini'], ['franco battaini'], ['1 lap', 'retirement']]","['stefano perugini', '1:40.280', 'johann stigefelt', 'henk van de lagemaat']",9.62566844919786,0.0
224,224,224,224,224,224,['what day did haiti finally win a match?'],"Decomposition:
1. Identify the row where Haiti won a match.
2. Extract the 'Date' from that row.

Answers:
- Answer to subquestion 1: The row where Haiti won a match is ""July 12, 2013 | Miami Gardens, United States | Trinidad and Tobago | 2-0 | GC""
- Answer to subquestion 2: The date when Haiti finally won a match is ""July 12, 2013""

Final Answer: July 12, 2013","[""['July 12, 2013']""]","July 12, 2013 
","[['july 12, 2013']]","july 12, 2013",100.0,100.0
225,225,225,225,225,225,['what are the name of the 2012-13 exeter city f.c. players?'],"Decomposition:
- Identify the rows for players in the 2012-13 Exeter City F.C. team.
- Extract the 'Name' column for these players.
- Compile the extracted player names into a list.

Answers:
- The relevant players for the 2012-13 Exeter City F.C. team are:
  - Scot Bennett
  - Danny Coles
  - Liam Sercombe
  - Alan Gow
  - John O'Flynn
  - Guillem Bauza
  - Jimmy Keohane
  - Pat Baldwin
  - Jamie Cureton
  - Arron Davies
  - Jake Gosling

Final Answer: Scot Bennett, Danny Coles, Liam Sercombe, Alan Gow, John O'Flynn, Guillem Bauza, Jimmy Keohane, Pat Baldwin, Jamie Cureton, Arron Davies, Jake Gosling.","['[\'Scot Bennett\', \'Danny Coles\', \'Liam Sercombe\', \'Alan Gow\', ""John O\'Flynn"", \'Guillem Bauza\', \'Jimmy Keohane\', \'Pat Baldwin\', \'Jamie Cureton\', \'Arron Davies\', \'Jake Gosling\']']","Scot Bennett, Danny Coles, Liam Sercombe, Alan Gow, John O'Flynn, Guillem Bauza, Jimmy Keohane, Pat Baldwin, Jamie Cureton, Arron Davies, Jake Gosling. 
","['[\'scot bennett\', \'danny coles\', \'liam sercombe\', \'alan gow\', john o\'flynn, \'guillem bauza\', \'jiy keohane\', \'pat baldwin\', \'jamie cureton\', \'arron davies\', \'jake gosling\']']","scot bennett, danny coles, liam sercombe, alan gow, john o'flynn, guillem bauza, jiy keohane, pat baldwin, jamie cureton, arron davies, jake gosling",100.0,100.0
226,226,226,226,226,226,['what players played in the 2012-13 exeter city fc season?'],"Decomposition:
  - Identify players who played in the 2012-13 Exeter City FC season.
  - Extract the names of these players.

Answers:
  - Players who played in the 2012-13 Exeter City FC season are:
    Scot Bennett, Danny Coles, Liam Sercombe, Alan Gow, John O'Flynn, Guillem Bauza, Jimmy Keohane, Pat Baldwin, Jamie Cureton, Arron Davies, Jake Gosling
  - The players who played in the 2012-13 Exeter City FC season are: Scot Bennett, Danny Coles, Liam Sercombe, Alan Gow, John O'Flynn, Guillem Bauza, Jimmy Keohane, Pat Baldwin, Jamie Cureton, Arron Davies, Jake Gosling

Final Answer:
[""Scot Bennett"", ""Danny Coles"", ""Liam Sercombe"", ""Alan Gow"", ""John O'Flynn"", ""Guillem Bauza"", ""Jimmy Keohane"", ""Pat Baldwin"", ""Jamie Cureton"", ""Arron Davies"", ""Jake Gosling""]","['[\'Scot Bennett\', \'Danny Coles\', \'Liam Sercombe\', \'Alan Gow\', ""John O\'Flynn"", \'Guillem Bauza\', \'Jimmy Keohane\', \'Pat Baldwin\', \'Jamie Cureton\', \'Arron Davies\', \'Jake Gosling\', \'OWN GOALS\']']","[""Scot Bennett"", ""Danny Coles"", ""Liam Sercombe"", ""Alan Gow"", ""John O'Flynn"", ""Guillem Bauza"", ""Jimmy Keohane"", ""Pat Baldwin"", ""Jamie Cureton"", ""Arron Davies"", ""Jake Gosling""] 
","['[\'scot bennett\', \'danny coles\', \'liam sercombe\', \'alan gow\', john o\'flynn, \'guillem bauza\', \'jiy keohane\', \'pat baldwin\', \'jamie cureton\', \'arron davies\', \'jake gosling\', \'own goals\']']","[scot bennett, danny coles, liam sercombe, alan gow, john o'flynn, guillem bauza, jiy keohane, pat baldwin, jamie cureton, arron davies, jake gosling]",95.65217391304348,0.0
227,227,227,227,227,227,['who competed in the 2012-13 exeter city f.c. season?'],"Decomposition:
- Identify the rows representing players in the 2012-13 Exeter City F.C. season.
- Extract the 'Name' column for these rows.
- Compile the extracted 'Name' values into a list.

Answers:
- The relevant rows for players in the 2012-13 Exeter City F.C. season are:
  - Scot Bennett
  - Danny Coles
  - Liam Sercombe
  - Alan Gow
  - John O'Flynn
  - Guillem Bauza
  - Jimmy Keohane
  - Pat Baldwin
  - Jamie Cureton
  - Arron Davies
  - Jake Gosling

Final Answer:
[""Scot Bennett"", ""Danny Coles"", ""Liam Sercombe"", ""Alan Gow"", ""John O'Flynn"", ""Guillem Bauza"", ""Jimmy Keohane"", ""Pat Baldwin"", ""Jamie Cureton"", ""Arron Davies"", ""Jake Gosling""]","['[\'Scot Bennett\', \'Danny Coles\', \'Liam Sercombe\', \'Alan Gow\', ""John O\'Flynn"", \'Guillem Bauza\', \'Jimmy Keohane\', \'Pat Baldwin\', \'Jamie Cureton\', \'Arron Davies\', \'Jake Gosling\', \'OWN GOALS\']']","[""Scot Bennett"", ""Danny Coles"", ""Liam Sercombe"", ""Alan Gow"", ""John O'Flynn"", ""Guillem Bauza"", ""Jimmy Keohane"", ""Pat Baldwin"", ""Jamie Cureton"", ""Arron Davies"", ""Jake Gosling""] 
","['[\'scot bennett\', \'danny coles\', \'liam sercombe\', \'alan gow\', john o\'flynn, \'guillem bauza\', \'jiy keohane\', \'pat baldwin\', \'jamie cureton\', \'arron davies\', \'jake gosling\', \'own goals\']']","[scot bennett, danny coles, liam sercombe, alan gow, john o'flynn, guillem bauza, jiy keohane, pat baldwin, jamie cureton, arron davies, jake gosling]",95.65217391304348,0.0
228,228,228,228,228,228,['who are the players in the 2012-13 exeter city f.c. season?'],"Decomposition:
1. Identify the rows that represent players from Exeter City F.C. in the 2012-13 season.
2. Extract the 'Name' column for these players.
3. Compile the extracted 'Name' values into a list.

Answers:
Answer to 1: The players in the 2012-13 Exeter City F.C. season are:
- Scot Bennett
- Danny Coles
- Liam Sercombe
- Alan Gow
- John O'Flynn
- Guillem Bauza
- Jimmy Keohane
- Pat Baldwin
- Jamie Cureton
- Arron Davies
- Jake Gosling

Answer to 2: The 'Name' values for the players in the 2012-13 Exeter City F.C. season are as listed above.

Answer to 3: The players in the 2012-13 Exeter City F.C. season are: Scot Bennett, Danny Coles, Liam Sercombe, Alan Gow, John O'Flynn, Guillem Bauza, Jimmy Keohane, Pat Baldwin, Jamie Cureton, Arron Davies, Jake Gosling

Final Answer: Scot Bennett, Danny Coles, Liam Sercombe, Alan Gow, John O'Flynn, Guillem Bauza, Jimmy Keohane, Pat Baldwin, Jamie Cureton, Arron Davies, Jake Gosling","['[\'Scot Bennett\', \'Danny Coles\', \'Liam Sercombe\', \'Alan Gow\', ""John O\'Flynn"", \'Guillem Bauza\', \'Jimmy Keohane\', \'Pat Baldwin\', \'Jamie Cureton\', \'Arron Davies\', \'Jake Gosling\']']","Scot Bennett, Danny Coles, Liam Sercombe, Alan Gow, John O'Flynn, Guillem Bauza, Jimmy Keohane, Pat Baldwin, Jamie Cureton, Arron Davies, Jake Gosling 
","['[\'scot bennett\', \'danny coles\', \'liam sercombe\', \'alan gow\', john o\'flynn, \'guillem bauza\', \'jiy keohane\', \'pat baldwin\', \'jamie cureton\', \'arron davies\', \'jake gosling\']']","scot bennett, danny coles, liam sercombe, alan gow, john o'flynn, guillem bauza, jiy keohane, pat baldwin, jamie cureton, arron davies, jake gosling",100.0,100.0
229,229,229,229,229,229,['what players are listed for the 2012-13 exeter city f.c. season?'],"Decomposition:
1. Identify the rows corresponding to players for the 2012-13 Exeter City F.C. season.
2. Extract the 'Name' column for these players.
3. Compile the extracted player names into a list.

Answers:
- Answer to sub-question 1: The players listed for the 2012-13 Exeter City F.C. season are:
  Scot Bennett
  Danny Coles
  Liam Sercombe
  Alan Gow
  John O'Flynn
  Guillem Bauza
  Jimmy Keohane
  Pat Baldwin
  Jamie Cureton
  Arron Davies
  Jake Gosling

- Answer to sub-question 2: The player names for the 2012-13 Exeter City F.C. season are: Scot Bennett, Danny Coles, Liam Sercombe, Alan Gow, John O'Flynn, Guillem Bauza, Jimmy Keohane, Pat Baldwin, Jamie Cureton, Arron Davies, Jake Gosling

- Answer to sub-question 3: The players listed for the 2012-13 Exeter City F.C. season are: [Scot Bennett, Danny Coles, Liam Sercombe, Alan Gow, John O'Flynn, Guillem Bauza, Jimmy Keohane, Pat Baldwin, Jamie Cureton, Arron Davies, Jake Gosling]

Final Answer: [Scot Bennett, Danny Coles, Liam Sercombe, Alan Gow, John O'Flynn, Guillem Bauza, Jimmy Keohane, Pat Baldwin, Jamie Cureton, Arron Davies, Jake Gosling]","['[\'Scot Bennett\', \'Danny Coles\', \'Liam Sercombe\', \'Alan Gow\', ""John O\'Flynn"", \'Guillem Bauza\', \'Jimmy Keohane\', \'Pat Baldwin\', \'Jamie Cureton\', \'Arron Davies\', \'Jake Gosling\']']","[Scot Bennett, Danny Coles, Liam Sercombe, Alan Gow, John O'Flynn, Guillem Bauza, Jimmy Keohane, Pat Baldwin, Jamie Cureton, Arron Davies, Jake Gosling] 
","['[\'scot bennett\', \'danny coles\', \'liam sercombe\', \'alan gow\', john o\'flynn, \'guillem bauza\', \'jiy keohane\', \'pat baldwin\', \'jamie cureton\', \'arron davies\', \'jake gosling\']']","[scot bennett, danny coles, liam sercombe, alan gow, john o'flynn, guillem bauza, jiy keohane, pat baldwin, jamie cureton, arron davies, jake gosling]",100.0,100.0
230,230,230,230,230,230,['who are the 2012-13 exeter city f.c. season players?'],"Decomposition: 
- Identify the rows that represent players from the 2012-13 Exeter City F.C. season.
- Extract the names of the players from these rows.
- Compile the player names into a list.

Answers:
- The players from the 2012-13 Exeter City F.C. season are:
  - Scot Bennett
  - Danny Coles
  - Liam Sercombe
  - Alan Gow
  - John O'Flynn
  - Guillem Bauza
  - Jimmy Keohane
  - Pat Baldwin
  - Jamie Cureton
  - Arron Davies
  - Jake Gosling

Final Answer: 
[""Scot Bennett"", ""Danny Coles"", ""Liam Sercombe"", ""Alan Gow"", ""John O'Flynn"", ""Guillem Bauza"", ""Jimmy Keohane"", ""Pat Baldwin"", ""Jamie Cureton"", ""Arron Davies"", ""Jake Gosling""]","['[\'Scot Bennett\', \'Danny Coles\', \'Liam Sercombe\', \'Alan Gow\', ""John O\'Flynn"", \'Guillem Bauza\', \'Jimmy Keohane\', \'Pat Baldwin\', \'Jamie Cureton\', \'Arron Davies\', \'Jake Gosling\']']","[""Scot Bennett"", ""Danny Coles"", ""Liam Sercombe"", ""Alan Gow"", ""John O'Flynn"", ""Guillem Bauza"", ""Jimmy Keohane"", ""Pat Baldwin"", ""Jamie Cureton"", ""Arron Davies"", ""Jake Gosling""] 
","['[\'scot bennett\', \'danny coles\', \'liam sercombe\', \'alan gow\', john o\'flynn, \'guillem bauza\', \'jiy keohane\', \'pat baldwin\', \'jamie cureton\', \'arron davies\', \'jake gosling\']']","[scot bennett, danny coles, liam sercombe, alan gow, john o'flynn, guillem bauza, jiy keohane, pat baldwin, jamie cureton, arron davies, jake gosling]",100.0,100.0
231,231,231,231,231,231,"['of those, what birthdates were in 1942?']","Decomposition:
1. Identify the rows that have a birthdate in 1942.
2. Extract the 'Birthdate' column for these rows.
3. Compile the extracted birthdates into a list.

Answers:
Answer to subquestion 1: The relevant rows for birthdates in 1942 are:
   - Klaus Jurgen Schneider | Germany | 02.03.1942 | Stuttgart | 07.07.1982

Answer to subquestion 2: The 'Birthdate' values for 1942 are: 02.03.1942

Answer to subquestion 3: The birthdates in 1942 are: [""02.03.1942""]

Final Answer: [""02.03.1942""]","[""['28.11.1942', '02.03.1942']""]","""02.03.1942"" 
","[['28.11.1942', '02.03.1942']]",02.03.1942,66.66666666666666,0.0
232,232,232,232,232,232,"[""which countries competed in the 2012 world single distance speed skating championships - men's team pursuit?""]","Decomposition:
1. Identify the rows that represent countries in the 2012 World Single Distance Speed Skating Championships - Men's Team Pursuit. (independent)
2. Extract the 'Country' column for these rows. (depends on sq1)
3. Compile the extracted 'Country' values into a list. (depends on sq2)

Answers:
Answer to sq1: The relevant rows for the countries that competed in the 2012 World Single Distance Speed Skating Championships - Men's Team Pursuit are:
- Netherlands
- United States
- Russia
- Canada
- Norway
- Germany
- South Korea
- Poland

Answer to sq2: The 'Country' values for the countries that competed in the 2012 World Single Distance Speed Skating Championships - Men's Team Pursuit are: Netherlands, United States, Russia, Canada, Norway, Germany, South Korea, Poland

Answer to sq3: The countries that competed in the 2012 World Single Distance Speed Skating Championships - Men's Team Pursuit are: [""Netherlands"", ""United States"", ""Russia"", ""Canada"", ""Norway"", ""Germany"", ""South Korea"", ""Poland""]

Final Answer: [""Netherlands"", ""United States"", ""Russia"", ""Canada"", ""Norway"", ""Germany"", ""South Korea"", ""Poland""]","[""['Netherlands', 'United States', 'Russia', 'Canada', 'Norway', 'Germany', 'South Korea', 'Poland']""]","['Netherlands', 'United States', 'Russia', 'Canada', 'Norway', 'Germany', 'South Korea', 'Poland'] 
","[['netherlands', 'united states', 'russia', 'canada', 'norway', 'germany', 'south korea', 'poland']]","['netherlands', 'united states', 'russia', 'canada', 'norway', 'germany', 'south korea', 'poland']",100.0,100.0
233,233,233,233,233,233,"[""what athletes competed in the 2012 world single distance speed skating championships- men's team pursuit?""]","Decomposition:
1. Identify the row that corresponds to the event ""2012 world single distance speed skating championships- men's team pursuit.""
2. Extract the 'Athletes' column for this row.

Answers:
Answer to 1: The row corresponding to the event ""2012 world single distance speed skating championships- men's team pursuit"" is:
    8 | 2 | Poland | Zbigniew Brodka Konrad Niedzwiedzki Jan Szymanski | 3:47.72 | +6.29
Answer to 2: The athletes who competed in the 2012 world single distance speed skating championships- men's team pursuit were: Zbigniew Brodka, Konrad Niedzwiedzki, Jan Szymanski

Final answer: Zbigniew Brodka, Konrad Niedzwiedzki, Jan Szymanski","[""['Sven Kramer Koen Verweij Jan Blokhuijsen', 'Shani Davis Brian Hansen Jonathan Kuck', 'Ivan Skobrev Denis Yuskov Yevgeny Lalenkov', 'Denny Morrison Mathieu Giroux Lucas Makowsky', 'Sverre Lunde Pedersen Havard Bokko Kristian Reistad Fredriksen', 'Patrick Beckert Marco Weber Robert Lehmann', 'Lee Seung-hoon Joo Hyong-jun Ko Byung-wook', 'Zbigniew Brodka Konrad Niedzwiedzki Jan Szymanski']""]","Zbigniew Brodka, Konrad Niedzwiedzki, Jan Szymanski 
","[['sven kramer koen verweij jan blokhuijsen', 'shani davis brian hansen jonathan kuck', 'ivan skobrev denis yuskov yevgeny lalenkov', 'denny morrison mathieu giroux lucas makowsky', 'sverre lunde pedersen havard bokko kristian reistad fredriksen', 'patrick beckert marco weber robert lehmann', 'lee seung-hoon joo hyong-jun ko byung-wook', 'zbigniew brodka konrad niedzwiedzki jan szymanski']]","zbigniew brodka, konrad niedzwiedzki, jan szymanski",21.428571428571423,0.0
234,234,234,234,234,234,"['what countries were in the 2012 world speed skating championship?', 'what was the longest time in the race?', 'what are all the times?', 'what was the time for this team?', 'who had the longest time?', 'what was their time?']","Decomposition:
1. Identify the countries that participated in the 2012 world speed skating championship.
2. Determine the longest time recorded in the race.
3. List all the recorded times in the race.
4. Identify the time for the United States team.
5. Find out which team had the longest time.
6. Determine the longest time recorded and specify the team.

Answers:
1. The countries in the 2012 world speed skating championship were:
   - Netherlands
   - United States
   - Russia
   - Canada
   - Norway
   - Germany
   - South Korea
   - Poland

2. The longest time recorded in the race was for the team from Poland, with a time of 3:47.72.

3. All the recorded times in the race were:
   - Netherlands: 3:41.43
   - United States: 3:43.42
   - Russia: 3:43.62
   - Canada: 3:44.38
   - Norway: 3:46.33
   - Germany: 3:46.48
   - South Korea: 3:47.18
   - Poland: 3:47.72

4. The time for the United States team was 3:43.42.

5. The team with the longest time was Poland.

6. The team from Poland had the longest time of 3:47.72.

Final Answer:
- Countries in the 2012 world speed skating championship: Netherlands, United States, Russia, Canada, Norway, Germany, South Korea, Poland
- Longest time recorded in the race: 3:47.72
- All recorded times: [3:41.43, 3:43.42, 3:43.62, 3:44.38, 3:46.33, 3:46.48, 3:47.18, 3:47.72]
- Time for the United States team: 3:43.42
- Team with the longest time: Poland
- Longest time recorded by Poland: 3:47.72","[""['Netherlands', 'United States', 'Russia', 'Canada', 'Norway', 'Germany', 'South Korea', 'Poland']"", ""['3:47.72']"", ""['3:41.43', '3:43.42', '3:43.62', '3:44.38', '3:46.33', '3:46.48', '3:47.18', '3:47.72']"", ""['3:41.43']"", ""['Poland']"", ""['3:41.43']""]","Netherlands, United States, Russia, Canada, Norway, Germany, South Korea, Poland 
","[['netherlands', 'united states', 'russia', 'canada', 'norway', 'germany', 'south korea', 'poland'], ['3:47.72'], ['3:41.43', '3:43.42', '3:43.62', '3:44.38', '3:46.33', '3:46.48', '3:47.18', '3:47.72'], ['3:41.43'], ['poland'], ['3:41.43']]","netherlands, united states, russia, canada, norway, germany, south korea, poland",62.5,0.0
235,235,235,235,235,235,['which drivers were part of the 1971 monaco grand prix?'],"Decomposition:
1. Identify the drivers that participated in the 1971 Monaco Grand Prix. (independent)
2. Extract the 'Driver' column for these drivers. (depends on sq1)
3. Compile the extracted 'Driver' values into a list. (depends on sq2)

Answers:
- Answer to sq1: The drivers that took part in the 1971 Monaco Grand Prix are:
  - Jackie Stewart
  - Ronnie Peterson
  - Jacky Ickx
  - Denny Hulme
  - Emerson Fittipaldi
  - Rolf Stommelen
  - John Surtees
  - Henri Pescarolo
  - Pedro Rodriguez
  - Tim Schenken
- Answer to sq2: The 'Driver' values for the 1971 Monaco Grand Prix are listed above.
- Answer to sq3: The drivers who were part of the 1971 Monaco Grand Prix are: [Jackie Stewart, Ronnie Peterson, Jacky Ickx, Denny Hulme, Emerson Fittipaldi, Rolf Stommelen, John Surtees, Henri Pescarolo, Pedro Rodriguez, Tim Schenken]

Final answer: [Jackie Stewart, Ronnie Peterson, Jacky Ickx, Denny Hulme, Emerson Fittipaldi, Rolf Stommelen, John Surtees, Henri Pescarolo, Pedro Rodriguez, Tim Schenken]","[""['Jackie Stewart', 'Ronnie Peterson', 'Jacky Ickx', 'Denny Hulme', 'Emerson Fittipaldi', 'Rolf Stommelen', 'John Surtees', 'Henri Pescarolo', 'Pedro Rodriguez', 'Tim Schenken', 'Jo Siffert', 'Jean-Pierre Beltoise', 'Chris Amon', 'Clay Regazzoni', 'Peter Gethin', 'Reine Wisell', 'Francois Cevert', 'Graham Hill', 'Howden Ganley', 'Mario Andretti', 'Nanni Galli*', 'Alex Soler-Roig', 'Skip Barber']""]","[Jackie Stewart, Ronnie Peterson, Jacky Ickx, Denny Hulme, Emerson Fittipaldi, Rolf Stommelen, John Surtees, Henri Pescarolo, Pedro Rodriguez, Tim Schenken] 
","[['jackie stewart', 'ronnie peterson', 'jacky ickx', 'denny hulme', 'emerson fittipaldi', 'rolf stoelen', 'john surtees', 'henri pescarolo', 'pedro rodriguez', 'tim schenken', 'jo siffert', 'jean-pierre beltoise', 'chris amon', 'clay regazzoni', 'peter gethin', 'reine wisell', 'francois cevert', 'graham hill', 'howden ganley', 'mario andretti', 'nanni galli*', 'alex soler-roig', 'skip barber']]","[jackie stewart, ronnie peterson, jacky ickx, denny hulme, emerson fittipaldi, rolf stoelen, john surtees, henri pescarolo, pedro rodriguez, tim schenken]",60.60606060606061,0.0
236,236,236,236,236,236,"['who are the drivers of the 1971 monaco grand prix?', 'what was the difference in time between jackie stewart and jacky ickx?', 'what was their time/retired?', 'what is the time difference between these two drivers?']","Decomposition:
1. Identify the rows corresponding to the 1971 Monaco Grand Prix. 
2. Extract the 'Driver' column for these rows.
3. Find the difference in time between Jackie Stewart and Jacky Ickx.
4. Determine the ""Time/Retired"" for Jackie Stewart and Jacky Ickx.
5. Calculate the time difference between Jackie Stewart and Jacky Ickx.

Answers:
- **Answer to sq1:** Rows for the 1971 Monaco Grand Prix are:
  - Jackie Stewart driving for Tyrrell-Ford
  - Jacky Ickx driving for Ferrari
- **Answer to sq2:** The drivers for the 1971 Monaco Grand Prix are Jackie Stewart and Jacky Ickx.
- **Answer to sq3:** The difference in time between Jackie Stewart and Jacky Ickx is +1:53.0.
- **Answer to sq4:** Time/Retired for Jackie Stewart is 1:52:21.3, and for Jacky Ickx is 2:45:54.6.
- **Answer to sq5:** The time difference between Jackie Stewart and Jacky Ickx is 53.3 seconds.

Final Answer:
- Drivers of the 1971 Monaco Grand Prix: 'Jackie Stewart' and 'Jacky Ickx'
- Difference in time between Jackie Stewart and Jacky Ickx: 53.3 seconds","[""['Jackie Stewart', 'Ronnie Peterson', 'Jacky Ickx', 'Denny Hulme', 'Emerson Fittipaldi', 'Rolf Stommelen', 'John Surtees', 'Henri Pescarolo', 'Pedro Rodriguez', 'Tim Schenken', 'Jo Siffert', 'Jean-Pierre Beltoise', 'Chris Amon', 'Clay Regazzoni', 'Peter Gethin', 'Reine Wisell', 'Francois Cevert', 'Graham Hill', 'Howden Ganley', 'Mario Andretti', 'Nanni Galli*', 'Alex Soler-Roig', 'Skip Barber']"", ""['+ 53.3']"", ""['1:52:21.3', '+ 25.6', '+ 53.3', '+ 1:06.7', '+ 1 Lap', '+ 1 Lap', '+ 1 Lap', '+ 3 Laps', '+ 4 Laps', '+ 4 Laps', 'Oil Pipe', 'Differential', 'Differential', 'Accident', 'Accident', 'Wheel bearing', 'Accident', 'Accident']"", ""['+ 53.3']""]","'Jackie Stewart', 'Jacky Ickx', '53.3 seconds' 
","[['jackie stewart', 'ronnie peterson', 'jacky ickx', 'denny hulme', 'emerson fittipaldi', 'rolf stoelen', 'john surtees', 'henri pescarolo', 'pedro rodriguez', 'tim schenken', 'jo siffert', 'jean-pierre beltoise', 'chris amon', 'clay regazzoni', 'peter gethin', 'reine wisell', 'francois cevert', 'graham hill', 'howden ganley', 'mario andretti', 'nanni galli*', 'alex soler-roig', 'skip barber'], [' 53.3'], ['1:52:21.3', ' 25.6', ' 53.3', ' 1:06.7', ' 1 lap', ' 1 lap', ' 1 lap', ' 3 laps', ' 4 laps', ' 4 laps', 'oil pipe', 'differential', 'differential', 'accident', 'accident', 'wheel bearing', 'accident', 'accident'], [' 53.3']]","jackie stewart', 'jacky ickx', '53.3 seconds",12.500000000000004,0.0
237,237,237,237,237,237,['how many total points did driver gary rowe earn in the 1996 australian sports sedan championship?'],"Decomposition:
- Identify the row corresponding to Gary Rowe.
- Extract the points earned by Gary Rowe in each race.
- Total the points earned by Gary Rowe throughout the championship.

Answers:
- The points earned by Gary Rowe in the races are: 21 points.
- The total points earned by Gary Rowe in the 1996 Australian Sports Sedan Championship is 21 points.

Final answer: 21 points.","[""['21']""]","21 points 
",[['21']],21 points,66.66666666666666,0.0
238,238,238,238,238,238,"['what are the dates of the 2001 batang red bull thunder season?', 'which were in february?', 'what about just on february 28?']","Decomposition:
1. Identify the rows that correspond to matches in February 2001. (independent)
2. Extract the 'DATE' column for these rows. (depends on sq1)
3. List the extracted dates. (depends on sq2)

Answers:
- Answer to subquestion 1: The relevant rows for matches in February 2001 are:
  February 7 All-Filipino Cup | SHELL | 76-60 |  | PHILSPORTS ARENA
  February 11 | MOBILINE | 80-68 |  | ARANETA COLISEUM
  February 16 | ALASKA | 73-72 | Davonn Harp (20) | PHILSPORTS ARENA
  February 28 | SAN MIGUEL | 78-76 | Lowell Briones (21) | PHILSPORTS ARENA

- Answer to subquestion 2: The dates of matches in February 2001 are: February 7, February 11, February 16, February 28

Final Answer: The dates of the matches in the 2001 Batang Red Bull Thunder season that were in February were February 7, February 11, February 16, and February 28.","['[\'February 7 All-Filipino Cup\', \'February 11\', \'February 16\', \'February 28\', \'March 3\', \'March 9\', \'April 4\', ""June 10 Commissioner\'s Cup"", \'June 15\', \'June 24\', \'July 1\', \'July 8\', \'July 13\', ""September 23 Governor\'s Cup"", \'September 29\', \'October 14\', \'October 19\', \'October 24\', \'November 7\']', ""['February 16', 'February 28']"", ""['78-76']""]","['February 7', 'February 11', 'February 16', 'February 28'] 
","['[\'february 7 all-filipino cup\', \'february 11\', \'february 16\', \'february 28\', \'march 3\', \'march 9\', \'april 4\', june 10 coissi1r\'s cup, \'june 15\', \'june 24\', \'july 1\', \'july 8\', \'july 13\', september 23 governor\'s cup, \'september 29\', \'october 14\', \'october 19\', \'october 24\', \'november 7\']', ['february 16', 'february 28'], ['78-76']]","['february 7', 'february 11', 'february 16', 'february 28']",28.07017543859649,0.0
239,239,239,239,239,239,['which nations were in the 1970 summer universiade?'],"Decomposition:
1. Identify the rows that correspond to the 1970 Summer Universiade.
2. Extract the 'Nation' column for these rows.
3. Compile the extracted 'Nation' values into a list.

Answers:
- The relevant rows for the 1970 Summer Universiade are:
  -
- The 'Nation' values for the 1970 Summer Universiade are: 
  -
- The nations that were in the 1970 Summer Universiade are:
  -

Final Answer: []","[""['Soviet Union', 'United States', 'East Germany', 'Italy', 'Japan', 'Hungary', 'West Germany', 'United Kingdom', 'Poland', 'Yugoslavia', 'Netherlands', 'Austria', 'Bulgaria', 'France', 'Romania', 'Cuba', 'Australia', 'Czechoslovakia', 'Greece', 'Sweden', 'Canada', 'South Korea', 'Madagascar', 'Panama']""]","Not enough information provided. 
","[['soviet union', 'united states', 'east germany', 'italy', 'japan', 'hungary', 'west germany', 'united kingdom', 'poland', 'yugoslavia', 'netherlands', 'austria', 'bulgaria', 'france', 'romania', 'cuba', 'australia', 'czechoslovakia', 'greece', 'sweden', 'canada', 'south korea', 'madagascar', 'panama']]",not enough information provided,0.0,0.0
240,240,240,240,240,240,['which countries played in the 1970 summer universiade?'],"Decomposition:
  - Identify the rows that represent the countries in the 1970 Summer Universiade.
  - Extract the 'Nation' column for these rows.
  - Compile the extracted 'Nation' values into a list.

Answers:
  - China, Soviet Union, United States, Italy, Japan, Hungary, West Germany, United Kingdom, Poland, Yugoslavia, Netherlands, Austria, Bulgaria, France, Romania, Cuba, Australia, Czechoslovakia, Greece, Sweden, Canada, South Korea, Madagascar, Panama played in the 1970 Summer Universiade.
  - The countries that played in the 1970 Summer Universiade are: China, Soviet Union, United States, Italy, Japan, Hungary, West Germany, United Kingdom, Poland, Yugoslavia, Netherlands, Austria, Bulgaria, France, Romania, Cuba, Australia, Czechoslovakia, Greece, Sweden, Canada, South Korea, Madagascar, Panama.

Final Answer:
[""China"", ""Soviet Union"", ""United States"", ""Italy"", ""Japan"", ""Hungary"", ""West Germany"", ""United Kingdom"", ""Poland"", ""Yugoslavia"", ""Netherlands"", ""Austria"", ""Bulgaria"", ""France"", ""Romania"", ""Cuba"", ""Australia"", ""Czechoslovakia"", ""Greece"", ""Sweden"", ""Canada"", ""South Korea"", ""Madagascar"", ""Panama""]","[""['Soviet Union', 'United States', 'East Germany', 'Italy', 'Japan', 'Hungary', 'West Germany', 'United Kingdom', 'Poland', 'Yugoslavia', 'Netherlands', 'Austria', 'Bulgaria', 'France', 'Romania', 'Cuba', 'Australia', 'Czechoslovakia', 'Greece', 'Sweden', 'Canada', 'South Korea', 'Madagascar', 'Panama']""]","[""China"", ""Soviet Union"", ""United States"", ""Italy"", ""Japan"", ""Hungary"", ""West Germany"", ""United Kingdom"", ""Poland"", ""Yugoslavia"", ""Netherlands"", ""Austria"", ""Bulgaria"", ""France"", ""Romania"", ""Cuba"", ""Australia"", ""Czechoslovakia"", ""Greece"", ""Sweden"", ""Canada"", ""South Korea"", ""Madagascar"", ""Panama""] 
","[['soviet union', 'united states', 'east germany', 'italy', 'japan', 'hungary', 'west germany', 'united kingdom', 'poland', 'yugoslavia', 'netherlands', 'austria', 'bulgaria', 'france', 'romania', 'cuba', 'australia', 'czechoslovakia', 'greece', 'sweden', 'canada', 'south korea', 'madagascar', 'panama']]","[china, soviet union, united states, italy, japan, hungary, west germany, united kingdom, poland, yugoslavia, netherlands, austria, bulgaria, france, romania, cuba, australia, czechoslovakia, greece, sweden, canada, south korea, madagascar, panama]",94.91525423728815,0.0
241,241,241,241,241,241,['which countries competed in 1970?'],"Decomposition:
1. Identify the rows that have the year 1970.
2. Extract the 'Nation' column for these rows.
3. Compile the extracted 'Nation' values into a list.

Answers:
Answer to 1: None of the rows have the year 1970, so there are no countries that competed in 1970.
Answer to 2: N/A
Answer to 3: N/A

Final Answer: N/A (No countries competed in 1970 in the given table)","[""['Soviet Union', 'United States', 'East Germany', 'Italy', 'Japan', 'Hungary', 'West Germany', 'United Kingdom', 'Poland', 'Yugoslavia', 'Netherlands', 'Austria', 'Bulgaria', 'France', 'Romania', 'Cuba', 'Australia', 'Czechoslovakia', 'Greece', 'Sweden', 'Canada', 'South Korea', 'Madagascar', 'Panama']""]","N/A 
","[['soviet union', 'united states', 'east germany', 'italy', 'japan', 'hungary', 'west germany', 'united kingdom', 'poland', 'yugoslavia', 'netherlands', 'austria', 'bulgaria', 'france', 'romania', 'cuba', 'australia', 'czechoslovakia', 'greece', 'sweden', 'canada', 'south korea', 'madagascar', 'panama']]",n/a,0.0,0.0
242,242,242,242,242,242,['what countries participated in the 1970 summer universiade?'],"Decomposition:
- Identify the rows representing the 1970 Summer Universiade participants. (independent)
- Extract the 'Nation' column from these rows. (depends on the first sub-question)
- Compile the extracted 'Nation' values into a list. (depends on the second sub-question)

Answers:
- The relevant rows for countries participating in the 1970 Summer Universiade are: None listed in the provided table.
- Since there are no rows in the table for the 1970 Summer Universiade participants, the answer is that none are listed.

Final Answer: None listed in the table.","[""['Soviet Union', 'United States', 'East Germany', 'Italy', 'Japan', 'Hungary', 'West Germany', 'United Kingdom', 'Poland', 'Yugoslavia', 'Netherlands', 'Austria', 'Bulgaria', 'France', 'Romania', 'Cuba', 'Australia', 'Czechoslovakia', 'Greece', 'Sweden', 'Canada', 'South Korea', 'Madagascar', 'Panama']""]","None listed in the table. 
","[['soviet union', 'united states', 'east germany', 'italy', 'japan', 'hungary', 'west germany', 'united kingdom', 'poland', 'yugoslavia', 'netherlands', 'austria', 'bulgaria', 'france', 'romania', 'cuba', 'australia', 'czechoslovakia', 'greece', 'sweden', 'canada', 'south korea', 'madagascar', 'panama']]",n1 listed in the table,0.0,0.0
243,243,243,243,243,243,"['which countries were part of the 1970 summer universiade?', 'and which nation came second after the soviet union?']","Decomposition:

- Identify the rows that correspond to the 1970 Summer Universiade.
- Extract the names of the countries for these rows.
- Determine the nation that came second after the Soviet Union.

Answers:

- The countries that were part of the 1970 Summer Universiade are: East Germany, Iran, Italy, South Korea, Soviet Union, United States.
- The nation that came second after the Soviet Union in the 1970 Summer Universiade was the United States.

Final Answer:

Countries that were part of the 1970 Summer Universiade: East Germany, Iran, Italy, South Korea, Soviet Union, United States. The nation that came second after the Soviet Union was the United States.","[""['Soviet Union', 'United States', 'East Germany', 'Italy', 'Japan', 'Hungary', 'West Germany', 'United Kingdom', 'Poland', 'Yugoslavia', 'Netherlands', 'Austria', 'Bulgaria', 'France', 'Romania', 'Cuba', 'Australia', 'Czechoslovakia', 'Greece', 'Sweden', 'Canada', 'South Korea', 'Madagascar', 'Panama']"", ""['United States']""]","East Germany, Iran, Italy, South Korea, Soviet Union, United States. United States 
","[['soviet union', 'united states', 'east germany', 'italy', 'japan', 'hungary', 'west germany', 'united kingdom', 'poland', 'yugoslavia', 'netherlands', 'austria', 'bulgaria', 'france', 'romania', 'cuba', 'australia', 'czechoslovakia', 'greece', 'sweden', 'canada', 'south korea', 'madagascar', 'panama'], ['united states']]","east germany, iran, italy, south korea, soviet union, united states. united states",50.0,0.0
244,244,244,244,244,244,['what was the highest listed number in 2008?'],"Decomposition:
- Identify the highest number listed in the year 2008.
- Extract the value from the table for the school with this highest number.

Answers:
1. The highest listed number in 2008 is 818.
2. The school with this highest number in 2008 is Francisco Bravo Medical Magnet High School.

Final Answer: 818","[""['818']""]","818 
",[['818']],818,100.0,100.0
245,245,245,245,245,245,['what was the highest enrollment before 2009?'],"Decomposition:
1. Identify the enrollment numbers before 2009 for each school.
2. Determine the highest enrollment among these numbers.

Answers:
- Enrollment numbers before 2009 for each school:
  - Francisco Bravo Medical Magnet High School: 807 (2007), 818 (2008)
  - Marc and Eva Stern Math and Science School: 718 (2007), 792 (2008)
  - Oscar De La Hoya Animo Charter High School: 662 (2007), 726 (2008)
  - James A. Garfield High School: 553 (2007), 597 (2008)
  - Abraham Lincoln High School: 594 (2007), 609 (2008)
  - Woodrow Wilson High School: 582 (2007), 585 (2008)
  - Theodore Roosevelt High School: 557 (2007), 551 (2008)
  - Thomas Jefferson High School: 457 (2007), 516 (2008)
  - Santee Education Complex: N/A (No data for 2007)

- The highest enrollment before 2009: 818 at Francisco Bravo Medical Magnet High School. 

Final Answer: The highest enrollment before 2009 was 818 at Francisco Bravo Medical Magnet High School.","[""['818']""]","818 
",[['818']],818,100.0,100.0
246,246,246,246,246,246,['what were the scores of the schools in 2008?'],"Decomposition:
- Identify the row containing the scores for the year 2008.
- Extract the scores from the column for the year 2008.
- Compile the extracted scores into a list.

Answers:
1. The relevant row for scores in 2008 is:
   Marc and Eva Stern Math and Science School | 718 | 792 | 788 | 788 | 809

2. The scores in 2008 are: 792

3. The scores of the schools in 2008 are: [792]

Final Answer: [792]","[""['818', '792', '726', '597', '609', '585', '551', '516', '502']""]","[792] 
","[['818', '792', '726', '597', '609', '585', '551', '516', '502']]",[792],20.0,0.0
247,247,247,247,247,247,"['which schools scored higher than 700 in 2008?', 'what was the highest listed number in 2007?', 'and how many students were enrolled at each in 2007 and 2008?', 'what were their scores in 2008?', 'highest number in 2008 and 2007?', 'what school scored 818 in 2008?', 'who had 818, the most listed numbers before 2009?']","Decomposition:
1. Identify the rows that have scores higher than 700 in 2008.
2. Extract the 'School' names for these rows.
3. Compile the extracted 'School' values into a list.

Answers:
1. The relevant rows for schools that scored higher than 700 in 2008 are:
   Francisco Bravo Medical Magnet High School | 807
   James A. Garfield High School | 705
2. The 'School' values for schools that scored higher than 700 in 2008 are: Francisco Bravo Medical Magnet High School, James A. Garfield High School.
3. The schools that scored higher than 700 in 2008 are: [""Francisco Bravo Medical Magnet High School"", ""James A. Garfield High School""]
Final Answer: [""Francisco Bravo Medical Magnet High School"", ""James A. Garfield High School""]","[""['Francisco Bravo Medical Magnet High School', 'Marc and Eva Stern Math and Science School', 'Oscar De La Hoya Animo Charter High School']"", ""['807']"", ""['807', '818', '718', '792', '662', '726', '553', '597', '594', '609', '582', '585', '557', '551', '457', '516', '', '502']"", ""['818', '792', '726', '597', '609', '585', '551', '516', '502']"", ""['818']"", ""['Francisco Bravo Medical Magnet High School']"", ""['Francisco Bravo Medical Magnet High School']""]","[""Francisco Bravo Medical Magnet High School"", ""James A. Garfield High School""] 
","[['francisco bravo medical magnet high school', 'marc and eva stern math and science school', 'oscar de la hoya animo charter high school'], ['807'], ['807', '818', '718', '792', '662', '726', '553', '597', '594', '609', '582', '585', '557', '551', '457', '516', '', '502'], ['818', '792', '726', '597', '609', '585', '551', '516', '502'], ['818'], ['francisco bravo medical magnet high school'], ['francisco bravo medical magnet high school']]","[francisco bravo medical magnet high school, james a. garfield high school]",22.22222222222222,0.0
