index,question,answer,response
0,what was the smallest number of votes before 2003 ?,"551,009","```python
# Extracting the relevant data from the table
years = [1963, 1967, 1971, 1975, 1977, 1981, 1985, 1987, 1990, 1995, 1999, 2003, 2007, 2011]
votes = [None, None, None, None, None, None, 865507, 970813, 1509506, 854163, 551009, 660730, 741043, 980204]

# Finding the smallest number of votes before 2003
smallest_votes_before_2003 = min(vote for year, vote in zip(years, votes) if year < 2003)

# Print the result
print(f""Final Answer: {smallest_votes_before_2003}"")
# Done
```"
1,"which country won more total medals than tue french , but less than the germans in the 1994 winter olympic biathlon ?",Russia,"```python
# Extracting the relevant data from the table
countries = [""russia (rus)"", ""canada (can)"", ""germany (ger)"", ""france (fra)"", ""belarus (blr)"", ""ukraine (ukr)"", ""total""]
gold = [1, 0, 3, 1, 1, 0, 6]
silver = [1, 0, 2, 2, 0, 1, 6]
bronze = [5, 2, 6, 3, 1, 1, 18]

# Finding the total medals for each country
total_medals = [g + s + b for g, s, b in zip(gold, silver, bronze)]

# Finding the total medals by the French and Germans in 1994
french_medals = total_medals[countries.index(""france (fra)"")]
german_medals = total_medals[countries.index(""germany (ger)"")]

# Finding the countries that won more total medals than the French and less than the Germans in 1994
filtered_countries = [country for country, medals in zip(countries, total_medals) if medals > french_medals and medals < german_medals]

# Print the result
print(f""Final Answer: {filtered_countries}"")
# Done
```"
2,"in 2013 , how many films did domingo appear in ?",4,"```python
# Extracting the relevant data from the table
years = [1995, 1997, 1998, 1999, 1999, 1999, 2000, 2000, 2003, 2004, 2006, 2006, 2006, 2008, 2008, 2008, 2009, 2010, 2010, 2012, 2012, 2013, 2013, 2013, 2013]
titles = [""timepiece"", ""nash bridges"", ""around the fire"", ""king of the bingo game"", ""nash bridges"", ""True crime"", ""nash bridges"", ""desi's looking for a new girl"", ""kung phooey!"", ""law & order"", ""freedomland"", ""law & order: criminal intent"", ""law & order: trial by jury"", ""the big gay sketch show"", ""law & order"", ""miracle at st. anna"", ""great performances"", ""the big gay sketch show"", ""law & order: criminal intent"", ""lincoln"", ""red hook summer"", ""42"", ""hairbrained"", ""the butler"", ""400 boys""]
role = [""khris"", ""reggie harell"", ""trace"", ""sonny"", ""hassam\ndesmond kenner"", ""wally cartwright"", ""trumpet player"", ""mother"", ""roy lee"", ""ronald gumer"", ""male patient"", ""sergeant ev sides"", ""gus"", None, ""donnie"", ""west indian postal customer"", ""mr. franklin/mr. venus/joop"", None, ""andre lanier"", ""private harold green"", ""blessing rowe"", ""lawson bowman"", ""finals moderator"", ""freddie fallows"", ""talon""]
row_function = [None, ""\""dirty tricks\"""", None, None, ""\""power play\""\n\""girl trouble\"""", None, ""\""skin trade\"""", None, None, ""\""hands free\"""", None, ""\""to the bone\"""", ""\""eros in the upper eighties\"""", None, ""\""sweetie\"""", None, ""\""passing strange\"""", None, ""\""love sick\"""", None, None, None, None, None, None]
episodes = [None, ""4 episodes total"", None, None, ""4 episodes total"", None, ""4 episodes total"", None, None, ""2 episodes total"", None, ""2 episodes total"", None, ""8 episodes; 16 episodes total"", ""2 episodes total"", None, ""musical telecast"", ""8 episodes; 16 episodes total"", ""2 episodes total"", None, None, None, None, None, None]

# Extract information corresponding to 2013
indices_2013 = [i for i, year in enumerate(years) if year == 2013]
titles_2013 = [titles[i] for i in indices_2013]
row_function_2013 = [row_function[i] for i in indices_2013]

# Count the number of films that Domingo appeared in during 2013
number_of_films_domingo_in_2013 = sum(""domingo"" in title.lower() and row_func is None for title, row_func in zip(titles_2013, row_function_2013))

# Print the result
print(f""Final Answer: Domingo appeared in {number_of_films_domingo_in_2013} films in 2013."")
# Done
```    "
3,how many more points did jan hendrickx have than marco happich during the 2007 season ?,106,"```python
# Extracting the relevant data from the table
drivers = [""daniel willemsen / reto grutter"", ""jan hendrickx / tim smeuninx"", ""kristers sergis / kaspars stupelis"", ""andy burgler / martin betschart"", ""vaclav rozehnal / marek rozehnal"", ""maris rupeiks / haralds kurpnieks"", ""marco happich / meinrad schelbert"", ""joris hendrickx / eli piccart"", ""tomas cermak / ondrej cermak"", ""janis daiders / lauris daiders""]
points = [375.0, 286.0, 242.0, 196.0, 191.0, 184.0, 180.0, 177.0, 153.0, 148.0]

# Finding the indices of Jan Hendrickx and Marco Happich
jan_index = drivers.index(""jan hendrickx / tim smeuninx"")
marco_index = drivers.index(""marco happich / meinrad schelbert"")

# Calculating the difference in points between Jan Hendrickx and Marco Happich
points_difference = points[jan_index] - points[marco_index]

# Printing the result
print(f""Final Answer: {int(points_difference)}"")
# Done
```"
4,what is the number of times the eindhoven marathon has been held since 1959,30,"```python
# Extracting the relevant data from the table
years_held = [""1961"", ""1960-07-23"", ""1959-07-04""]

# Find the number of times the Eindhoven Marathon has been held since 1959
num_times_held = len([year for year in years_held if int(year.split(""-"")[0]) >= 1959])

# Print the result
print(f""Final Answer: {num_times_held}"")
# Done
```"
5,who won before walsall wood in 1952 ?,Bloxwich Strollers,"```python
# Extracting the relevant data from the table
years = [1946, 1947, 1948, 1949, 1950, 1951, 1952, 1953, 1954, 1955, 1956, 1957, 1958, 1959, 1960, 1961, 1962, 1963, 1964, 1965, 1966, 1967, 1968, 1969, 1970, 1971, 1972, 1973, 1974, 1975, 1976, 1977, 1978, 1979, 1980, 1981, 1982, 1983, 1984, 1985, 1986, 1987, 1988, 1989, 1990, 1991, 1992, 1993, 1994, 1995, 1996, 1997, 1998, 1999, 2000, 2001, 2002, 2003, 2004, 2005, 2006, 2007]
winners = [""walsall wood"", ""wellington town reserves"", ""bilston town"", ""bilston town"", ""brereton social drew 2-2 with ogley hay after extra time - winner of replay unknown"", ""bloxwich strollers"", ""walsall wood"", ""walsall wood"", ""shelfield athletic"", ""shelfield athletic"", ""shelfield athletic"", ""walsall trinity"", ""walsall wood"", ""shelfield athletic"", ""shelfield athletic"", ""walsall wood"", ""walsall wood"", ""armitage"", ""blakenall"", ""rushall olympic"", ""lower gornal athletic"", ""wrockwardine wood"", ""wrockwardine wood"", ""bilston town"", ""atherstone town"", ""baddesley colliery"", ""bilston town"", ""bilston town"", ""brereton social"", ""blakenall"", ""blakenall"", ""blakenall"", ""sutton coldfield town"", ""sutton coldfield town"", ""sutton coldfield town"", ""blakenall"", ""oldbury united"", ""coleshill town"", ""atherstone town"", ""harrisons"", ""paget rangers"", ""boldmere st. michaels"", ""redgate united"", ""blakenall"", ""meir ka"", ""chasetown"", ""armitage 90"", ""chasetown"", ""newcastle town"", ""newcastle town"", ""blakenall"", ""bloxwich town"", ""blakenall"", ""blakenall"", ""rushall olympic"", ""wolverhampton casuals"", ""bolehall swifts"", ""tividale"", ""sutton coldfield town"", ""chasetown"", ""boldmere st michaels"", ""boldmere st michaels""]
scores = [""7-2"", ""4-1"", ""2-0"", ""1-0"", None, ""1-0"", ""1-0"", ""1-0"", ""1-0"", ""5-1"", ""2-0"", ""3-1"", ""3-0"", ""4-0"", ""3-0"", ""7-0"", ""5-1"", ""2-1"", ""3-0"", ""2-1"", ""4-2"", ""2-1"", ""2-1"", ""2-1"", ""4-3"", ""4-3"", ""4-1"", ""1-0"", ""3-2"", ""2-1"", ""1-0"", ""1-0"", ""2-0"", ""1-0"", ""1-0"", ""2-1"", ""5-0"", ""4-3"", ""4-0"", ""2-0"", ""3-1"", ""2-0"", ""1-0"", ""1-0"", ""2-1"", ""1-0"", ""3-2"", ""3-1"", ""1-0"", ""1-1"", ""0-0"", ""1-1"", ""2-1"", ""3-2"", ""2-2"", ""2-0"", ""4-4"", ""1-0"", ""3-1"", ""2-1"", ""1-0"", ""3-1""]

# Finding the winner before Walsall Wood in 1952
year_index = years.index(1952)
previous_winner = None
for i in range(year_index - 1, -1, -1):
"
6,what was the charge against the defendant who was arrested after 1955 ?,Lewd conduct with a minor,"```python
# Extracting the relevant data from the table
arrested_years = [1955, 1955, 1955, 1955, 1956, 1955, 1955, 1955, 1955, 1955, 1955, 1955]
charges = [""infamous crimes against nature"", ""lewd conduct with a minor"", ""infamous crimes against nature"", ""lewd conduct with a minor"", ""lewd conduct with a minor"", ""lewd and lascivious conduct"", ""infamous crimes against nature"", ""infamous crimes against nature"", ""infamous crimes against nature"", ""infamous crimes against nature"", ""infamous crimes against nature"", ""infamous crimes against nature""]

# Finding the charge against the defendant arrested after 1955
for i in range(len(arrested_years)):
    if arrested_years[i] > 1955:
        charge_after_1955 = charges[i]
        break

# Print the result
print(f""Final Answer: {charge_after_1955}"")
# Done
```"
7,how many players retired after playing 12 years ?,2,"```python
# Extracting the relevant data from the table
years_in_nba = [18.0, 15.0, 12.0, 9.0, 12.0, 11.0, 14.0]
players = [""dikembe mutombo"", ""sam cassell"", ""bruce bowen"", ""mark madsen"", ""bobby jackson"", ""tyronn lue"", ""darrick martin""]

# Finding the players who retired after playing 12 years
retirement_count = sum(year == 12.0 for year in years_in_nba)

# Print the result
print(f""Final Answer: {retirement_count} players retired after playing 12 years."")
#Done
```"
8,"who won more races in 2013 , oscar sevilla or oscar sanchez ?",Óscar Sevilla,"```python
# Extracting the relevant data from the table
race_dates = [""6 january"", ""11-20 january"", ""21-27 january"", ""21-28 april"", ""1-5 may"", ""2 may"", 
              ""5 may"", ""12-19 may"", ""2 june"", ""7-9 june"", ""9-23 june"", ""11-16 june"", ""7 july"", 
              ""19-28 july"", ""2-4 august"", ""6-11 august"", ""6-11 august"", ""14-18 august"", ""19-25 august"", 
              ""28 aug-1 sep"", ""3-8 september"", ""7 september""]
winner_names = [""francisco chamorro"", ""yeison delgado"", ""daniel diaz"", ""oscar sanchez"", ""philip deignan"", 
                ""carlos oyarzun"", ""jonathan paredes"", ""tejay van garderen"", ""kiel reijnen"", ""sondre enger"", 
                ""oscar sevilla"", ""nathan brown"", ""steve fisher"", ""carlos jose ochoa"", ""elia viviani"", 
                ""tom danielson"", ""victor garcia"", ""oscar soliz"", ""tejay van garderen"", ""oscar sevilla"", 
                ""rohan dennis"", ""kiel reijnen""]
winner_second_names = [""arg"", ""ven"", ""arg"", ""col"", ""irl"", ""chi"", ""col"", ""usa"", ""usa"", ""nor"", 
                       ""esp"", ""usa"", ""usa"", ""ven"", ""ita"", ""usa"", ""esp"", ""bol"", ""usa"", ""esp"", 
                       ""aus"", ""usa""]

# Finding the count of race wins for each player in 2013
oscar_sevilla_wins = winner_names.count(""oscar sevilla"")
oscar_sanchez_wins = winner_names.count(""oscar sanchez"")

# Comparing the number of race wins
if oscar_sevilla_wins > oscar_sanchez_wins:
    print(""Final Answer: Oscar Sevilla won more races in 2013."")
elif oscar_sanchez_wins > oscar_sevilla_wins:
    print(""Final Answer: Oscar Sanchez won more races in 2013."")
else:
    print(""Final Answer: Both Oscar Sevilla and Oscar Sanchez won the same number of races in 2013."")

# Done
```"
9,"zwicker faced tom hubert on october 15th , 2005 , who did he face before him ?",Denis Hall,"```python
# Extracting the relevant data from the table
opponents = [""mike hayes"", ""nick moghadden"", ""guto inocente"", ""brett albee"",
             ""lavar johnson"", ""eddie sapp"", ""cody goodale"", ""ovince st. preux"",
             ""william richey"", ""buckley acosta"", ""dave diaz"", ""abraham ramirez"",
             ""ty montgomery"", ""tom hubert"", ""denis hall""]
dates = [""december 7, 2013"", ""september 13, 2013"", ""may 19, 2012"", ""april 9, 2011"",
         ""october 22, 2010"", ""august 14, 2010"", ""april 25, 2010"", ""september 26, 2009"",
         ""august 15, 2009"", ""april 23, 2009"", ""october 25, 2008"", ""august 7, 2008"",
         ""august 24, 2007"", ""october 15, 2005"", ""april 16, 2003""]

# Find the index of Tom Hubert
hubert_index = opponents.index(""tom hubert"")

# Find the opponent before Tom Hubert
previous_opponent = opponents[hubert_index - 1]

# Print the result
print(f""Final Answer: {previous_opponent}"")
# Done
```"
10,what was the game next after birmingham city on november 6th ?,Tottenham Hotspur,"```python
# Extracting the relevant data from the table
dates = [""28 aug"", ""30 aug"", ""4 sep"", ""6 sep"", ""11 sep"", ""18 sep"", ""20 sep"", ""25 sep"", ""2 oct"", ""9 oct"", ""16 oct"", ""23 oct"", ""30 oct"", ""6 nov"", ""13 nov"", ""20 nov"", ""29 nov"", ""4 dec"", ""11 dec"", ""18 dec"", ""25 dec"", ""27 dec"", ""1 jan"", ""15 jan"", ""31 jan"", ""5 feb"", ""12 feb"", ""21 feb"", ""26 feb"", ""12 mar"", ""16 mar"", ""19 mar"", ""21 mar"", ""2 apr"", ""7 apr"", ""9 apr"", ""15 apr"", ""16 apr"", ""18 apr"", ""27 apr"", ""30 apr"", ""7 may""]
opponents = [""burnley"", ""leeds united"", ""west bromwich albion"", ""leeds united"", ""aston villa"", ""bolton wanderers"", ""newcastle united"", ""manchester united"", ""derby county"", ""sheffield united"", ""huddersfield town"", ""sunderland"", ""bury"", ""birmingham city"", ""tottenham hotspur"", ""west ham united"", ""sheffield wednesday"", ""leicester city"", ""everton"", ""blackburn rovers"", ""newcastle united"", ""arsenal"", ""arsenal"", ""burnley"", ""aston villa"", ""bolton wanderers"", ""manchester united"", ""west bromwich albion"", ""sheffield united"", ""sunderland"", ""derby county"", ""bury"", ""huddersfield town"", ""tottenham hotspur"", ""leicester city"", ""west ham united"", ""liverpool"", ""sheffield wednesday"", ""liverpool"", ""birmingham city"", ""everton"", ""blackburn rovers""]
next_date = ""6 nov""

# Finding the index of the game next after Birmingham City on November 6th
birmingham_index = opponents.index(""birmingham city"")
nov_6_index = dates.index(""6 nov"")
next_game_index = 0
for idx in range(nov_6_index + 1, len(dates)):
    if opponents[idx] == opponents[birmingham_index]:
        continue
    next_game_index = idx
    break

# Retrieving the opponent for the next game after Birmingham City on November 6th
next_opponent = opponents[next_game_index]

# Print the result
print(f""Final Answer: {next_opponent}"")
# Done
```"
11,how long did karin enke took to finish the race ?,1:26.66,"```python
# Extracting the relevant data from the table
athletes = [""nataliya petrusyova"", ""leah poulos"", ""sylvia albrecht"", ""karin enke"", ""beth heiden"", ""annie borckink"", ""sylvia burka"", ""ann-sofie jarnstrom"", ""sylvia filipsson"", ""annette carlen-karlsson"", ""valentina lalenkova"", ""bjørg eva jensen"", ""sijtje van der lende"", ""sarah docter"", ""haitske valentijn-pijlman"", ""erwina rys-ferens"", ""miyoshi kato"", ""christa rothenburger"", ""brenda webster"", ""irina kuleshova-kovrova"", ""monika pflug"", ""makiko nagaya"", ""sigrid smuda"", ""kathy vogt"", ""yuko yaegashi-ota"", ""lee nam-sun"", ""cao guifeng"", ""anneli repola"", ""silvia brunner"", ""lee seong-ae"", ""zhang li"", ""shen zhenshu"", ""brigitte flierl"", ""kim yeong-hui"", ""kim ferran"", ""marzia peretti"", ""mandy horsepool""]
race_times = [None, ""1:25.41"", ""1:26.46"", ""1:26.66"", ""1:27.01"", ""1:27.24"", ""1:27.50"", ""1:28.10"", ""1:28.18"", ""1:28.25"", ""1:28.27"", ""1:28.55"", ""1:28.72"", ""1:28.80"", ""1:28.80"", ""1:28.82"", ""1:28.97"", ""1:29.69"", ""1:29.84"", ""1:29.94"", ""1:30.13"", ""1:30.27"", ""1:30.29"", ""1:30.33"", ""1:30.72"", ""1:31.30"", ""1:31.74"", ""1:31.76"", ""1:31.79"", ""1:32.04"", ""1:32.20"", ""1:32.49"", ""1:33.61"", ""1:34.17"", ""1:34.19"", ""1:35.66"", ""1:36.31""]

# Find the index of Karin Enke
athlete_index = athletes.index(""karin enke"")

# Retrieve the time taken by Karin Enke to finish the race
karin_enke_time = race_times[athlete_index]

# Print the result
print(f""Final Answer: {karin_enke_time}"")
# Done
```"
12,what song was in the first week ?,Just the Way You Are,"```python
# Extracting the relevant data from the table
weeks = [""week 1 (top 9)"", ""week 2 (top 8)"", ""week 3 (top 7)"", ""week 4 (top 6)"", ""week 5 (top 5)"", ""week 6 (top 4)"", ""week 6 (top 4)"", ""week 7 (final 3)"", ""week 7 (final 3)"", ""week 7 (final 3)""]
song_choices = [""\""just the way you are\"""", ""\""can't buy me love\"""", ""\""de f\xf8rste k\xe6rester pa manen\"""", ""\""numb\"""", ""\""hurt\"""", ""\""dj got us fallin' in love\"""", ""\""baby\"""", ""\""the flood\"""", ""\""all the right moves\"""", ""\""back to the 80s\""""]

# Find the index of the first week
first_week_index = weeks.index(""week 1 (top 9)"")

# Retrieve the song in the first week
song_first_week = song_choices[first_week_index]

# Print the result
print(f""Final Answer: {song_first_week}"")
# Done
```"
13,which single was release earlier : `` it was n't god who made honky tong angels '' or `` hey joe '' ?,It Wasn't God Who Made Honky Tonk Angels,"```python
# Extracting the relevant data from the table
titles = [""it wasn't god who made honky tonk angels"", ""hey joe""]

# Finding the release years for the given singles
release_years = [1952, 1953]  # Assuming the release years for the singles

# Finding the single released earlier
earlier_single = titles[release_years.index(min(release_years))]

# Print the result
print(f""Final Answer: {earlier_single}"")
# Done
```"
14,what year built is at the top ?,-2005,"```python
# Extracting the relevant data from the table
years_built = [""-2005"", ""2009"", ""2012"", None, None, None, ""2013-"", ""2013-"", ""2013""]
years_built_numeric = [int(year.split(""-"")[0]) if year and ""-"" in year else int(year) if year else None for year in years_built]

# Find the index of the top year built
top_year_index = years_built_numeric.index(max(filter(None, years_built_numeric)))

# Retrieve the corresponding year
top_year_built = years_built[top_year_index]

# Print the result
print(f""Final Answer: {top_year_built}"")
# Done
```"
15,what is the fewest number of games coy played for buffalo in one year ?,7,"```python
# Extracting the relevant data from the table
years = [2002, 2003, 2004, 2005, 2006, 2007, 2008, 2009, 2010]
games = [16, 16, 12, 13, 16, 7, 16, 16, 15]  # Number of games played

# Finding the fewest number of games played for Buffalo in one year
min_games = min(games)

# Print the result
print(f""Final Answer: {min_games}"")
# Done
```"
16,what are the number of times e swift appears under producers ?,8,"```python
# Extracting the relevant data from the table
producers = [""e-swift, tha alkaholiks"", ""e-swift, tha alkaholiks"", ""e-swift, king tee"", ""derick \""d. pimp\"" williams, e-swift"", ""lootpack, tha alkaholiks"", ""king tee, e-swift, tha alkaholiks"", ""e-swift, king tee"", ""e-swift, tha alkaholiks"", ""lootpack, tha alkaholiks"", ""e-swift, tha alkaholiks""]

# Count the number of times 'e-swift' appears under producers
e_swift_count = sum('e-swift' in producer for producer in producers)

# Print the result
print(f""Final Answer: {e_swift_count}"")
# Done
```"
17,was there a result of 1st place after the year 2006 ?,No,"```python
# Extracting relevant data from the table
years = [2002, 2003, 2004, 2004, 2004, 2006, 2006, 2006, 2006, 2007, 2008, 2011]
tournaments = [""european indoor championships"", ""universiade"", ""world indoor championships"", ""summer olympics"", ""world athletics final"", ""world indoor championships"", ""european championships"", ""world athletics final"", ""world cup"", ""world championships"", ""summer olympics"", ""world championships""]
results = [""5th"", ""3rd"", ""1st"", ""1st"", ""1st"", ""1st"", ""5th"", ""4th"", ""1st"", ""4th"", ""4th"", ""4th""]

# Determine if there was a result of 1st place after the year 2006
results_after_2006 = [result for year, result in zip(years, results) if year > 2006 and result == ""1st""]
result_1st_after_2006 = len(results_after_2006) > 0

# Print the result
print(f""Final Answer: {result_1st_after_2006}"")
# Done
```"
18,in what season were a number of 6 goals scored ?,03/04,"```python
# Extracting the relevant data from the table
seasons = [""01/02"", ""02/03"", ""03/04"", ""04/05"", ""05/06"", ""06/07"", ""07/08"", ""10/11""]
goals = [3.0, 2.0, 6.0, 3.0, 0.0, 1.0, 2.0, 0.0]

# Finding the season with 6 goals scored
goal_index = goals.index(6)
season_with_six_goals = seasons[goal_index]

# Print the result
print(f""Final Answer: {season_with_six_goals}"")
#Done
```"
19,how many films grossed over five million in their first week ?,6,"```python
# Extracting the relevant data from the table
weekend_gross = [1.65, 1.48, 2.26, 1.71, 0.94, 1.55, 2.06, 1.55, 1.30, 2.49, 2.89, 1.99, 2.17, 1.63, 1.25, 1.77, 2.34, 7.49, 3.93, 4.11, 7.00, 4.88, 3.53, 3.07, 2.42, 3.10, 3.67, 2.50, 10.53, 5.84, 3.65, 2.39, 2.11, 1.45, 1.48, 0.80, 1.75, 1.15, 2.20, 1.16, 1.18, 1.50, 3.74, 1.53, 5.01, 7.64, 5.30, 2.52, 1.52, 1.81, 1.22, 2.22]
films_over_five_million = sum([gross > 5 for gross in weekend_gross])

# Print the result
print(f""Final Answer: {films_over_five_million}"")
# Done
```"
20,who were the top 3 finishers in the 2005 belgian grand prix ?,Kimi Räikkönen|Fernando Alonso|Jenson Button,"```python
# Extracting the relevant data from the table
drivers = [""kimi raikkonen"", ""fernando alonso"", ""jenson button"", ""mark webber"", ""rubens barrichello"", ""jacques villeneuve"", ""ralf schumacher"", ""tiago monteiro"", ""christian klien"", ""felipe massa"", ""narain karthikeyan"", ""christijan albers"", ""robert doornbos"", ""juan pablo montoya"", ""antonio pizzonia"", ""jarno trulli"", ""david coulthard"", ""michael schumacher"", ""takuma sato"", ""giancarlo fisichella""]
constructors = [""mclaren-mercedes"", ""renault"", ""bar-honda"", ""williams-bmw"", ""ferrari"", ""sauber-petronas"", ""toyota"", ""jordan-toyota"", ""red bull-cosworth"", ""sauber-petronas"", ""jordan-toyota"", ""minardi-cosworth"", ""minardi-cosworth"", ""mclaren-mercedes"", ""williams-bmw"", ""toyota"", ""red bull-cosworth"", ""ferrari"", ""bar-honda"", ""renault""]
points = [44, 44, 44, 44, 44, 44, 44, 43, 43, 43, 43, 42, 41, 40, 39, 34, 18, 13, 13, 10]
positions = [""1"", ""2"", ""3"", ""4"", ""5"", ""6"", ""7"", ""8"", ""9"", ""10"", ""11"", ""12"", ""13"", ""14"", ""15"", ""ret"", ""ret"", ""ret"", ""ret"", ""ret""]

# Filtering the top 3 finishers of the 2005 Belgian Grand Prix
top_3_drivers = []
top_3_constructors = []
for i in range(len(positions)):
    if positions[i] in [""1"", ""2"", ""3""]:
        top_3_drivers.append(drivers[i])
        top_3_constructors.append(constructors[i])

# Printing the top 3 finishers
print(f""Top 3 finishers in the 2005 Belgian Grand Prix:"")
for i in range(len(top_3_drivers)):
    print(f""Driver: {top_3_drivers[i]}, Constructor: {top_3_constructors[i]}"")
# Done
```"
21,"what was the next number to be retired after february 6 , 2000 ?",35,"```python
# Extracting the relevant data from the table
dates = [""1989-03-15"", ""2008-01-24"", ""2009-02-22"", ""1979-10-14"", ""2009-02-22"", ""2009-02-03"", ""2006-01-12"", ""2004-02-04"", ""2000-02-06""]
numbers = [1, 2, 3, 7, 9, 9, 11, 35, 99]

# Finding the date next to ""february 6, 2000""
target_date = ""2000-02-06""
next_retired_numbers = []
for idx, date in enumerate(dates):
    if date > target_date:
        next_retired_numbers.append(numbers[idx])

# Print the result
print(f""Final Answer: {next_retired_numbers[0]}"")
# Done
```"
22,which week had the least amount of people in attendance ?,16,"```python
# Extracting the relevant data from the table
weeks = [1, 2, 3, 4, 5, 6, 7, 8, 9, 10, 11, 12, 13, 14, 15, 16, 17]
attendances = [75710.0, 67685.0, 75359.0, 69538.0, 75065.0, 75941.0, 78446.0, 68436.0, None, 76643.0, 65495.0, 75075.0, 66357.0, 78521.0, 75947.0, 62592.0, 75164.0]

# Find the index of the minimum attendance value
min_attendance_index = attendances.index(min(filter(None, attendances)))

# Retrieve the corresponding week
least_attendance_week = weeks[min_attendance_index]

# Print the result
print(f""Final Answer: Week {least_attendance_week} had the least amount of people in attendance."")
# Done
```"
23,who was the opponent during the last week of the season ?,at Los Angeles Rams,"```python
# Extracting the relevant data from the table
weeks = [3, 10, 17, 24, 1, 8, 15, 22, 29, 5, 12, 19, 26, 3, 10, 17]
opponents = [""detroit lions"", ""new orleans saints"", ""oakland raiders"", ""san diego chargers"", ""detroit lions"", ""chicago bears"", ""seattle seahawks"", ""minnesota vikings"", ""tampa bay buccaneers"", ""philadelphia eagles"", ""dallas cowboys"", ""denver broncos"", ""minnesota vikings"", ""tampa bay buccaneers"", ""chicago bears"", ""los angeles rams""]

# Finding the opponent during the last week of the season
last_week_index = weeks.index(17)
last_week_opponent = opponents[last_week_index]

# Print the result
print(f""Final Answer: {last_week_opponent}"")
# Done
```"
24,what is the first entered date ?,3 October 1993,res
25,which month were the least amount of games held in ?,April,"```python
# Extracting the relevant data from the table
months = [None, 4, 4, 4, 4, 4, 4, 4, 5, 5, 5, 5, 5, 5, 5, 5, 5, 5]

# Counting the frequency of each month
month_counts = {}
for month in months:
    if month is not None:
        if month in month_counts:
            month_counts[month] += 1
        else:
            month_counts[month] = 1

# Finding the month with the least number of games
least_games_month = min(month_counts, key=month_counts.get)

# Print the result
print(f""Final Answer: {least_games_month}"")
# Done
```"
26,what is the total number of times the competition was held at the semple stadium venue ?,7,"```python
# Extracting the relevant data from the table
venues = [""cusack park"", ""croke park"", ""semple stadium"", ""croke park"", ""gaelic grounds"", ""semple stadium"", ""semple stadium"", ""semple stadium"", ""gaelic grounds"", ""semple stadium"", ""semple stadium"", ""cusack park"", ""gaelic grounds"", ""semple stadium""]

# Counting the number of times the competition was held at semple stadium
total_semple_stadium = venues.count(""semple stadium"")

# Print the result
print(f""Final Answer: {total_semple_stadium}"")
# Done
```"
27,who was the most recent winner ?,Aaradhna,"```python
# Extracting the relevant data from the table
years = [2002, 2003, 2004, 2005, 2006, 2007, 2008, 2009, 2010, 2011, 2012, 2013]
winners = [""che fu"", ""nesian mystik"", ""scribe"", ""p-money"", ""frontline"", ""pnc"", ""scribe"", ""ladi6"", ""david dallas"", ""ladi6"", ""home brew"", ""aaradhna""]

# Finding the most recent winner
most_recent_winner = winners[-1]

# Print the result
print(f""Final Answer: {most_recent_winner}"")
# Done
```"
28,which game did the opponent score only 7 points ?,November 21,"```python
# Extracting the relevant data from the table
opponents = [""utah state"", ""at san jose state"", ""at oregon"", ""louisville"", ""at colorado state"", ""at unlv"", ""air force"", ""wyoming"", ""new mexico"", ""at #4 tcu"", ""san diego state"", ""at #18 byu"", ""vs. california""]
scores = [""w 35-17"", ""w 24-14"", ""l 24-31"", ""w 30-14"", ""w 24-17"", ""w 35-15"", ""w 23-16 ot"", ""w 22-10"", ""w 45-14"", ""l 28-55"", ""w 38-7"", ""l 23-26 ot"", ""w 37-27""]
opponent_7_points = None

# Finding the opponent who scored only 7 points
for i, score in enumerate(scores):
    if ""w 7-"" in score or ""l 7-"" in score:
        opponent_7_points = opponents[i]
        break

# Print the result
print(f""Final Answer: {opponent_7_points}"")
# Done
```"
29,what year is next to the title cheat on you ?,2008,"```python
# Extracting the relevant data from the table
titles = [""\""cheat on you\"""", ""\""dance bailalo\"""", ""\""dancing tonight\"""", ""\""lucky day (song)\"""", ""\""positive\"""",
          ""\""lovelife (kate ryan song)\"""", ""\""broken (kate ryan song)\"""", ""\""give me more\"""",
          ""\""drop it low (kat deluna song)\"""", ""\""8 days a week\"""", ""\""can u feel it\"""", ""\""be there\"""",
          ""\""be there (ballad version)\"""", ""\""one foot out of the door\"""", ""\""muevete muevete (ola ola)\"""", ""\""hollywood\"""",
          ""\""riot\"""", ""\""papaoutai (nicolaz official remix)\"""", ""\""move (deekly & eightysix official remix)\"""",
          ""\""move (over xpsr official remix)\""""]
years = [2008, 2009, 2011, 2011, 2011, 2010, 2010, 2012, 2011, 2012, 2012, 2011, 2011, 2011, 2011, 2013, 2013, 2013, 2013, 2013]

# Finding the index of the specified title
title_index = titles.index(""\""cheat on you\"""")

# Retrieving the year next to the title ""cheat on you""
next_year = years[title_index + 1]

# Print the result
print(f""Final Answer: {next_year}"")
#Done
```"
30,what was the title of terence cuneo 's first work ?,"Assassination of Heydrich (c. 1942; originally may have been untitled), oil on canvas on board","```python
# Extracting the relevant data from the table
titles = [
    ""assassination of heydrich (c. 1942; originally may have been untitled), oil on canvas on board"",
    ""production of tanks (original may have been untitled), oil on canvas"",
    ""express engines at tyseley, oil on canvas"",
    ""field marshall viscount montgomery of alamein, oil on canvas"",
    ""sir edward heath"",
    ""self portrait"",
    ""her majesty the queen with her dogs at frogmore"",
    ""bentley vs the blue train""
]

complete_titles = [title.split("","")[0].strip() if title is not None else None for title in titles]

# Find the title of Terence Cuneo's first work
terence_cuneo_first_work = complete_titles[0]

# Print the result
print(f""Final Answer : {terence_cuneo_first_work}"")
# Done
```"
31,in what year did the team achieve the same place as 2010/11 ?,2011/12,"```python
# Extracting the relevant data from the table
seasons = [""2002/03"", ""2003/04"", ""2004/05"", ""2005/06"", ""2006/07"", ""2007/08"", ""2008/09"", ""2009/10"", ""2010/11"", ""2011/12"", ""2012/13""]
places = [""1st"", ""1st"", ""13th"", ""4th"", ""8th"", ""8th"", ""3rd"", ""2nd"", ""6th"", ""6th"", ""11th""]

# Get the place for the season 2010/11
place_2010_11 = places[seasons.index(""2010/11"")]

# Find the year where the team achieved the same place as 2010/11
year_same_place = seasons[places.index(place_2010_11)]

# Print the result
print(f""Final Answer: {year_same_place}"")
# Done
```  "
32,how many games did the barrage play in july and august ?,8,"```python
# Extracting the relevant data from the table
months = [""june"", ""july"", ""july"", ""july"", ""july"", ""july"", ""july"", ""july"", ""july"", ""july"", ""july"", ""july"", ""august"", ""august""]
dates = [2, 7, 15, 21, 22, 28, 6, 12, 18, 25, 27, 31, 9, 17]
opponents = [""lizards"", ""pride"", ""cannons"", ""bayhawks"", ""bayhawks"", ""lizards"", ""pride"", ""rattlers"", ""cannons"", ""rattlers"", ""cannons"", ""lizards"", ""cannons"", ""lizards""]
homeaway = [""away"", ""away"", ""home"", ""home"", ""away"", ""home"", ""home"", ""away"", ""away"", ""home"", ""away"", ""home"", ""home"", ""away""]

# Finding the number of games played by Barrage in July and August
barrage_games_count = 0

for i in range(len(months)):
    if (months[i] == ""july"" or months[i] == ""august"") and opponents[i] == ""barrage"":
        barrage_games_count += 1

# Print the result
print(f""Final Answer: {barrage_games_count}"")
# Done
```"
33,how many times has nigel mansell been the winning driver ?,2,"```python
# Extracting the relevant data from the table
winning_drivers = [""ayrton senna"", ""ayrton senna"", ""ayrton senna"", ""ayrton senna"", ""ayrton senna"", ""alain prost"", ""alain prost"", ""ayrton senna"", ""ayrton senna"", ""riccardo patrese"", ""ayrton senna"", ""ayrton senna"", ""ayrton senna"", ""ayrton senna"", ""ayrton senna"", ""ayrton senna""]
nigel_mansell_count = winning_drivers.count(""nigel mansell"")

# Print the result
print(f""Final Answer: {nigel_mansell_count}"")
# Done
```"
34,how many songs did ishaan dev provide for movies made between 2007 and 2009 ?,3,"```python
# Extracting the relevant data from the table
years = [2005, 2006, 2006, 2007, 2008, 2009, 2010, 2010, 2011, 2012, 2012, 2012, 2012, 2012]
songs = [""kaliya visha dhara"", ""asathoma"", ""theme song"", ""theme song"", ""yamuna sangitaam"", ""lalitham hiranmyam"", ""5 songs"",
         ""bgm"", ""5 songs"", ""shyloo"", ""3 songs"", ""yaro ob sundari"", ""belakkilla balali"", ""5 songs""]

# Finding the number of songs Ishaan Dev provided for movies made between 2007 and 2009
total_songs = sum([int(songs[i].split()[0]) for i in range(len(years)) if 2007 <= years[i] <= 2009])

# Print the result
print(f""Final Answer: {total_songs} songs"")
# Done
```"
35,how many players in the 2009 world matchplay won at least 30 legs ?,6,"```python
# Extracting the relevant data from the table
players = [""phil taylor"", ""raymond van barneveld"", ""gary anderson"", ""kevin painter"", ""mervyn king"", ""co stompe"", ""james wade"", ""andy smith"", ""terry jenkins"", ""adrian lewis"", ""ronnie baxter"", ""alan tabern"", ""steve beaton"", ""vincent van der voort"", ""jelle klaasen"", ""mark walsh"", ""wes newton"", ""michael van gerwen"", ""andy hamilton"", ""denis ovens"", ""wayne jones"", ""peter wright"", ""colin osborne"", ""dennis priestley"", ""robert thornton"", ""mark dudbridge"", ""wayne mardle"", ""jamie caven"", ""john part"", ""tony eccles"", ""colin lloyd"", ""andy jenkins""]
legs_won = [74, 35, 17, 13, 45, 7, 33, 5, 61, 26, 54, 24, 18, 29, 8, 21, 3, 3, 6, 22, 7, 4, 7, 5, 4, 7, 16, 3, 6, 1, 15, 5]

# Finding the number of players who won at least 30 legs in the 2009 world matchplay
count = len([player for player, leg in zip(players, legs_won) if leg >= 30])

# Print the result
print(f""Final Answer: {count}"")
#Done
```"
36,how long was the strike in 1971,1 week,"```python
# Extracting the relevant data from the table
years = [1955, 1968, 1971, 1983, 1986, 1989, 1989, 1998, 2000, 2011, 2012]
durations = [""72 days"", ""18 days"", ""1 week"", ""22 days"", ""25 days"", None, ""17 weeks"", ""15 days"", ""3 weeks"", ""13 days"", ""2 days""]

# Finding the duration of the strike in 1971
year_index = years.index(1971)
strike_duration = durations[year_index]

# Print the result
print(f""Final Answer: {strike_duration}"")
# Done
```"
37,how many consecutive players were released on july 9 ?,6,"```python
# Extracting the relevant data from the table
transferred_dates = [""5 june 2012"", ""12 june 2012"", ""9 july 2012"", ""9 july 2012"", ""9 july 2012"", ""9 july 2012"", ""9 july 2012"", ""9 july 2012"", ""10 july 2012"", ""16 july 2012"", ""9 january 2013"", ""1 february 2013""]
players_released = [""biu chun rangers"", ""guangdong sunray cave"", ""unattached"", ""sun pegasus"", ""tuen mun"", ""biu chun rangers"", ""sunray cave jc sun hei"", ""sun pegasus"", ""guangdong sunray cave"", ""sunray cave jc sun hei"", ""biu chun rangers"", ""unattached""]
release_types = [null, null, ""released"", null, null, null, null, null, null, null, null, ""released""]

# Find the number of consecutive players released on July 9
consecutive_released = 0
max_consecutive = 0

for idx, date in enumerate(transferred_dates):
    if date == ""9 july 2012"" and release_types[idx] == ""released"":
        consecutive_released += 1
        max_consecutive = max(max_consecutive, consecutive_released)
    else:
        consecutive_released = 0

# Print the result
print(f""Final Answer: {max_consecutive}"")
# Done
```"
38,how many apps were obtained in season 04/05 ?,27,"```python
# Extracting the relevant data from the table
seasons = [""01/02"", ""02/03"", ""03/04"", ""04/05"", ""05/06"", ""06/07"", ""07/08"", ""10/11""]
apps = [None, None, None, 27.0, 21.0, 14.0, None, 0.0]

# Finding the apps obtained in season 04/05
season_index = seasons.index(""04/05"")
apps_0405 = apps[season_index]

# Print the result
print(f""Final Answer: {apps_0405}"")
# Done
```"
39,on what date was the first episode broadcast ?,8 April 2012,"```python
# Extracting the relevant data from the table
broadcast_dates = [""8 april 2012"", ""15 april 2012"", ""22 april 2012"", ""29 april 2012"", ""6 may 2012"", ""13 may 2012"", ""20 may 2012"", ""27 may 2012"", ""3 june 2012"", ""10 june 2012"", ""17 june 2012"", ""24 june 2012"", ""1 july 2012"", ""average""]

# Finding the original broadcast date for the first episode
first_episode_date = broadcast_dates[0]

# Print the result
print(f""Final Answer : {first_episode_date}"")
# Done
```"
40,which song did he make after 2012 ?,"My Nigga (Remix)[28] (YG featuring Lil Wayne, Rich Homie Quan, Meek Mill and Nicki Minaj)","```python
# Extracting the relevant data from the table
songs = [""\""believe me\"" (featuring dave patten)"", ""\""ima boss\"" (remix) (featuring dj khaled, t.i., rick ross, lil wayne, birdman and swizz beatz)"", ""\""house party\"" (featuring young chris)"", ""\""wild boy\"" (remix) (mgk featuring steve-o, 2 chainz, meek mill, mystikal, french montana and yo gotti)"", ""\""my nigga\"" (remix) (yg featuring lil wayne, rich homie quan, meek mill and nicki minaj)""]
years = [2011, 2011, 2011, 2012, 2014]

# Finding the song made after 2012
index = years.index(2012)
latest_song = songs[index]

# Print the result
print(f""Final Answer: {latest_song}"")
# Done
```"
41,how many points did the tigers score in november ?,41,"```python
# Extracting the relevant data from the table
months = [""xxxx-09-05"", ""xxxx-09-12"", ""xxxx-09-26"", ""xxxx-10-03"", ""xxxx-10-10"", ""xxxx-10-17"", ""xxxx-10-24"", ""xxxx-10-31"", ""xxxx-11-07"", ""xxxx-11-14"", ""xxxx-11-28""]
scores = [24, 21, 21, 28, 51, 45, 17, 30, 7, 13, 21]

# Finding the total points scored in November
november_scores = [score for score, month in zip(scores, months) if '11' in month]
total_points_november = sum(november_scores)

# Print the result
print(f""Final Answer: {total_points_november}"")
# Done
```"
42,what was al espinosa 's total stroke count at the final of the 1929 us open ?,294,"```python
# Extracting the relevant data from the table
players = [""bobby jones (a)"", ""al espinosa"", ""gene sarazen"", ""denny shute"", ""tommy armour"", ""george von elm (a)"", ""henry ciuci"", ""leo diegel"", ""peter o'hara"", ""horton smith""]
scores = [""69-75-71-79=294"", ""70-72-77-75=294"", ""71-71-76-78=296"", ""73-71-76-76=296"", ""74-71-76-76=297"", ""79-70-74-74=297"", ""78-74-72-75=299"", ""74-74-76-77=301"", ""74-76-73-78=301"", ""76-77-74-75=302""]

# Find the index of al espinosa
espinosa_index = players.index(""al espinosa"")

# Retrieve the stroke count for al espinosa at the final of the 1929 US Open
espinosa_score = scores[espinosa_index]

# Extract the total stroke count from the score string
espinosa_total_stroke = int(espinosa_score.split(""="")[1])

# Print the result
print(f""Final Answer: Al Espinosa's total stroke count at the final of the 1929 US Open was {espinosa_total_stroke}"")
# Done
```"
43,"in the 1996 forum , which candidate had the least votes ?",Peter McGowan Thomas Mullins,"```python
# Extracting the relevant data from the table
candidates = [""peter weir\nalan mcfarland\nroy bradford\njohn shields\nirene cree"", ""robert mccartney\nvalerie kinghan\npatricia watson"", ""st clair mcalister\nruby cooling\ncecil noble"", ""oliver napier\nbrian wilson\neileen bell\nlarry thompson\njane copeland"", ""owen adams\njohn burke"", ""victor ash\nsamuel curry\nneil mehaffy\nkenneth sterrit"", ""james mccullough\nthomas lindsay"", ""emma mcguigan\nann marie foster\njane morrice"", ""ann thompson\nbruce mulligan"", ""alan chambers\njames arbuthnot\nrobert irvine"", ""paddy mcevoy\nmary ringland"", ""mairtin o mulleoir\njohn smith"", ""john magennis\nsean mcgouran"", ""thomas o'brien\nwilliam baxter"", ""daryl armitage\ntim davis"", ""dessie o'hagan\ncolum mullan"", ""geoffrey watson\nglenn pollock"", ""christopher carter\nfidelma carter"", ""peter mcgowan\nthomas mullins""]
votes = [9270.0, 7579.0, 6699.0, 6186.0, 1798, 1694, 651.0, 496.0, 444.0, 334.0, 283.0, 275.0, 171.0, 97.0, 95.0, 60.0, 49.0, 49.0, 15.0]

# Finding the index of the candidate with the least votes in 1996
min_votes_index = votes.index(min(votes))

# Retrieving the candidate with the least votes in 1996
least_votes_candidate = candidates[min_votes_index]

# Print the result
print(f""Final Answer: {least_votes_candidate}"")
# Done
```"
44,"only 402,026 kilometres were traveled in what service date ?",22 Feb 1954,"```python
# Extracting the relevant data from the table
distances = [463514.0, 492650.0, 462871.0, 440810.0, None, 406288.0, 446167.0, 402026.0, 426074.0, 476489.0]
service_dates = [""1 dec 1953"", ""30 oct 1953"", ""18 jan 1954"", ""13 jan 1954"", ""8 feb 1954"", ""21 jan 1954"", ""25 jan 1954"", ""22 feb 1954"", ""11 mar 1954"", ""10 feb 1955""]

# Finding the service date for 402,026 kilometres
distance_index = distances.index(402026.0)
service_date = service_dates[distance_index]

# Print the result
print(f""Final Answer: {service_date}"")
# Done
```"
45,who is the first producer with the least amount of time ?,Large Professor,"```python
# Extracting the relevant data from the table
producers = [""grand puba, lord jamar, rell"", ""grand puba"", ""grand puba, tiffani davis"", ""grand puba"", ""grand puba, q-tip"", ""grand puba, large professor"", ""grand puba"", ""grand puba, kid capri"", ""grand puba, talee"", ""grand puba, sarah martinez"", ""grand puba, khadija mohamed"", ""grand puba, big phill"", ""grand puba, kid capri, lord jamar, sadat x""]
times_list = [4.26, 4.04, 5.03, 3.22, 3.53, 1.29, 3.29, 3.17, 3.35, 3.09, 3.31, 1.55, 3.23]

# Finding the producer with the least amount of time
min_time_index = times_list.index(min(times_list))
least_time_producer = producers[min_time_index]

# Print the result
print(f""Final Answer: {least_time_producer}"")
# Done
```"
46,how many times did eastwood score ?,2,"```python
# Extracting the relevant data from the table
names = [""ryan hall"", ""bilel mohsni"", ""liam dickinson"", ""neil harris"", ""mark phillips"", ""kane ferdinand"", ""michael timlin"", ""dave martin"", ""peter gilbert"", ""elliot benyon"", ""freddy eastwood"", ""ryan leonard"", ""blair sturrock"", ""jean-paul kalala"", ""luke prosser"", ""anthony grant"", ""chris barker"", ""own goals"", ""totals""]
totals = [10, 13, 10, 9, 7, 7, 4, 3, 3, 2, 2, 1, 0, 1, 1, 1, 1, 4, 79]

# Find the index corresponding to the name ""freddy eastwood""
eastwood_index = names.index(""freddy eastwood"")

# Retrieve the total number of goals scored by Freddy Eastwood
eastwood_goals = totals[eastwood_index]

# Print the result
print(f""Final Answer: Freddy Eastwood scored {eastwood_goals} times."")
# Done
```"
47,"how many people attended the new york giants game on october 25 , 1981 ?","48,410","```python
# Extracting the relevant data from the table
games = [""new orleans saints"", ""at green bay packers"", ""san francisco 49ers"", ""at cleveland browns"", ""at philadelphia eagles"", ""los angeles rams"", ""st. louis cardinals"", ""new york giants"", ""at new orleans saints"", ""at san francisco 49ers"", ""pittsburgh steelers"", ""minnesota vikings"", ""at houston oilers"", ""at tampa bay buccaneers"", ""at los angeles rams"", ""cincinnati bengals""]
game_dates = [""1981-10-25""]
attendance = [""51,428""]

# Find the index of the New York Giants game on October 25, 1981
game_index = games.index(""new york giants"")
date_index = game_dates.index(""1981-10-25"")

# Retrieve the attendance for the specified game
attendance_count = attendance[date_index]

# Print the result
print(f""Final Answer: {attendance_count}"")
# Done
```"
48,name a year that had deaths higher than 400 but a crude birth rate lower than 12 .,2003,"```python
# Extracting the relevant data from the table
years = [1970, 1975, 1980, 1985, 1990, 1991, 1992, 1993, 1994, 1995, 1996, 1997, 1998, 1999, 2000, 2001, 2002, 2003, 2004, 2005, 2006, 2007, 2008, 2009, 2010]
deaths = [356.0, 374.0, 351.0, 289.0, 342.0, 350.0, 369.0, 433.0, 460.0, 481.0, 436.0, 400.0, 355.0, 397.0, 391.0, 390.0, 376.0, 462.0, 463.0, 466.0, 366.0, 351.0, 368.0, 365.0, 397.0]
crude_birth_rates = [22.0, 21.4, 20.0, 21.4, 16.9, 16.6, 16.7, 13.3, 13.5, 12.5, 12.7, 13.0, 14.2, 11.8, 11.0, 11.6, 12.3, 11.0, 14.4, 12.9, 12.3, 13.2, 13.0, 13.6, 12.3]

# Find the years with deaths higher than 400 and crude birth rate lower than 12
matching_years = [year for year, deaths_num, birth_rate in zip(years, deaths, crude_birth_rates) if deaths_num > 400 and birth_rate < 12]

# Print the result
print(f""Final Answer: {matching_years}"")
# Done
```"
49,how many total seasons are given in the chart ?,4,"```python
# Extracting the relevant data from the table
seasons = [""2003"", None, None, None, None, ""2004/05"", ""2005/06"", ""2006/07""]

# Filtering out null values
filtered_seasons = list(filter(lambda x: x is not None, seasons))

# Finding the total number of seasons
total_seasons = len(filtered_seasons)

# Print the result
print(f""Final Answer: Total seasons given in the chart are {total_seasons}"")
# Done
```"
50,"who has the most recent title win , campbell college or regent house grammar school ?",Campbell College,"```python
# Extracting the relevant data from the table
schools = [""methodist college belfast"", ""royal belfast academical institution"", ""campbell college"", ""coleraine academical institution"", ""the royal school, armagh"", ""portora royal school"", ""bangor grammar school"", ""ballymena academy"", ""rainey endowed school"", ""foyle college"", ""belfast royal academy"", ""regent house grammar school"", ""royal school dungannon"", ""annadale grammar school (now wellington college)"", ""ballyclare high school"", ""belfast boys' model school"", ""grosvenor high school"", ""wallace high school"", ""derry academy"", ""dalriada school"", ""galway grammar school"", ""lurgan college"", ""omagh academy"", ""sullivan upper school""]
titles = [""2014"", ""2007"", ""2011"", ""1992"", ""2004"", ""1942"", ""1988"", ""2010"", ""1982"", ""1915"", ""1997"", ""1996"", ""1907"", ""1958"", ""1973"", ""1971"", ""1983"", None, None, None, None, None, None, None]

# Find the index of the most recent title win
most_recent_index = titles.index(max(filter(None, titles)))

# Determine the school with the most recent title win
most_recent_school = schools[most_recent_index]

# Print the result
print(f""Final Answer: {most_recent_school}"")
# Done
```"
51,"the 2009 asian championships were located in guangzhou , china . what city and country were the asian championships held in before guangzhou , china ?","Manila, Philippines","```python
# Extracting the relevant data from the table
years = [2002, 2002, 2003, 2003, 2004, 2005, 2005, 2005, 2006, 2009]
competitions = [""world junior championships"", ""asian games"", ""universiade"", ""asian championships"", ""olympic games"", ""world championships"", ""universiade"", ""east asian games"", ""asian games"", ""asian championships""]
venues = [""kingston, jamaica"", ""busan, south korea"", ""daegu, south korea"", ""manila, philippines"", ""athens, greece"", ""helsinki, finland"", ""izmir, turkey"", ""macau"", ""doha, qatar"", ""guangzhou, china""]

# Finding the index of the 2009 asian championships
index_2009_asian_championships = years.index(2009)

# Getting the venue for the previous asian championships
venue_previous_asian_championships = venues[index_2009_asian_championships - 1]

# Splitting the venue into city and country
city_country = venue_previous_asian_championships.split("", "")
city = city_country[0]
country = city_country[1]

# Print the result
print(f""Final Answer: The Asian championships before the 2009 event were held in {city}, {country}"")
# Done
```"
52,which country came in last ?,Finland,"```python
# Extracting the relevant data from the table
countries = [""Czech Republic"", ""Ireland"", ""Spain"", ""Norway"", ""Iceland"", ""Cyprus"", ""Bosnia and Herzegovina"", ""Finland""]
places = [""4"", ""5"", ""6"", ""1"", ""3"", ""8"", ""2"", ""7""]

# Convert the places to a format that can be compared numerically
places_numeric = [int(place) for place in places]

# Find the index of the maximum place value (country that came last)
max_place_index = places_numeric.index(max(places_numeric))

# Retrieve the corresponding country
last_country = countries[max_place_index]

# Print the result
print(f""Final Answer: {last_country}"")
# Done
```"
53,"what year was itoh 's only victory at the 10,000 m distance .",1981,"```python
# Extracting the relevant data from the table
years = [1975, 1979, 1981, 1981, 1982, 1983]
competitions = [""asian championships"", ""asian championships"", ""asian championships"", ""fukuoka marathon"", ""fukuoka marathon"", ""world championships""]
distances = [""5,000m"", ""10,000m"", ""10,000m"", ""marathon"", ""marathon"", ""10,000m""]
positions = [1.0, 2.0, 1.0, 2.0, 4.0, 28.0]

# Finding the year of Itoh's only victory at the 10,000 m distance
victory_index = None
for i in range(len(positions)):
    if distances[i] == ""10,000m"" and positions[i] == 1.0:
        victory_index = i
        break

if victory_index is not None:
    victory_year = years[victory_index]
    print(f""Final Answer: {victory_year}"")
else:
    print(""Itoh did not have a victory at the 10,000 m distance."")

# Done
```"
54,which month had the most performers ?,February,"```python
# Extracting the relevant data from the table
performers = [""tom segura"", ""michael kosta"", ""sheng wang"", ""chelsea peretti"", ""chris d'elia"", ""nate bargatze"", ""hari kondabolu"", ""jack whitehall"", ""al jackson"", ""kyle kinane"", ""matt fulchiron"", ""mike vecchione"", ""jessi klein"", ""louis katz"", ""jay larson"", ""natasha leggero""]
months = [1, 1, 1, 1, 2, 2, 2, 2, 2, 2, 2, 3, 3, 3, 3, 3]

# Counting the number of performers in each month
month_count = {}
for month in months:
    if month in month_count:
        month_count[month] += 1
    else:
        month_count[month] = 1

# Finding the month with the most performers
most_performers_month = max(month_count, key=month_count.get)

# Printing the result
print(f""Final Answer: Month {most_performers_month} had the most performers"")
# Done
```"
55,"how many years was 0.01 valied at 6,000 ?",4,"```python
# Extracting the relevant data from the table
years = [2002, 2003, 2004, 2005, 2005, 2006, 2007, 2008, 2009, 2010, 2011, 2012]
validity_6000 = [6000, None, None, None, None, None, None, 6400, 6400, 6000, 6000, 6000]

# Counting the number of years 0.01 was valid at 6,000
total_years_6000 = validity_6000.count(6000)

# Print the result
print(f""Final Answer: {total_years_6000}"")
# Done
```"
56,how many losses did the team have in 1981 ?,47,"```python
# Extracting the relevant data from the table
years = [1969, 1970, 1971, 1972, 1973, 1974, 1975, 1976, 1977, 1978, 1979, 1980, 1981, 1981, 1982, 1983, 1984, 1985, 1986, 1987, 1988, 1989, 1990, 1991, 1992, 1993, 1994, 1995, 1996, 1997, 1998, 1999, 2000, 2001, 2002, 2003, 2004, 2005, 2006, 2007, 2008, 2009, 2010, 2011, 2012, 2013, 2014]
losses = [33, 33, 32, 21, 23, 15, 28, 32, 33, 61/2, 8, 17, 3, None, None, 11, 361/2, 28, 18, 7, 2, 8, 14, 8, 4, 26, 15, 35, 191/2, 8, 28, 221/2, 22, 25, 41, 20, 371/2, 19, 81/2, 2, 71/2, 11, 14, None, 14, 23, 1]

# Finding the number of losses in 1981
year_index = years.index(1981)
losses_1981 = losses[year_index]

# Print the result
print(f""Final Answer: Number of losses in 1981 - {losses_1981}"")
# Done
```"
57,in how many years were there no liberal councillors ?,8,"```python
# Extracting the relevant data from the table
liberal_councillors = [""1"", ""0"", ""0"", ""0"", ""0"", ""0"", ""0"", ""0"", ""0"", ""1"", ""2"", ""4"", ""4"", ""3"", ""5"", ""2"", ""1""]

# Counting the number of years with no liberal councillors
no_liberal_councillors_count = liberal_councillors.count(""0"")

# Print the result
print(f""Final Answer: {no_liberal_councillors_count} years"")
# Done
```"
58,"what is the number of times the total population was 6,000 or more ?",6,"```python
# Extracting the relevant data from the table
total_populations = [4541.0, 4636.0, 5499.0, 5553.0, 6234.0, 5887.0, 6456.0, 6981.0, 6649.0, 6991.0, 7089.0, 5723.0, 5506.0, 4574.0]

# Calculate the number of times the total population was 6000 or more
count_population_6000_or_more = sum(population >= 6000 for population in total_populations)

# Print the result
print(f""Final Answer: {count_population_6000_or_more}"")
#Done
```"
59,how many teams finished better than spain in cycling at the 1996 summer olympics men 's team pursuit ?,6,"```python
# Extracting the relevant data from the table
teams = [""france"", ""italy"", ""australia"", ""ukraine"", ""russia"", ""united states"", ""spain"", ""new zealand"", ""germany"", ""great britain"", ""lithuania"", ""netherlands"", ""denmark"", ""argentina"", ""south korea"", ""chile"", ""colombia""]
rankings = [4, 4, 4, 4, 4, 4, 4, 4, 4, 4, 4, 4, 4, 4, 4, 4, 4]
finish_times = [4, 4, 4, 4, 4, 4, 4, 4, 4, 4, 4, 4, 4, 4, 4, 4, 4]
countries = [""q"", ""q"", ""q"", ""q"", ""q"", ""q"", ""q"", ""q"", None, None, None, None, None, None, None, None, None]

# Finding the rank of Spain and the number of teams that finished better
spain_index = teams.index(""spain"")
spain_rank = rankings[spain_index]

better_teams = [team for team, rank in zip(teams, rankings) if rank < spain_rank]
num_teams_better_than_spain = len(better_teams)

# Print the result
print(f""Final Answer: {num_teams_better_than_spain}"")
# Done
```"
60,which bbc station had cost the most to run in 2012/13 ?,BBC Local Radio,"```python
# Extracting the relevant data from the table
stations = [""bbc radio 1"", ""bbc radio 1xtra"", ""bbc radio 2"", ""bbc radio 3"", ""bbc radio 4"", ""bbc radio 4 extra"", ""bbc radio 5 live"", ""bbc radio 5 live sports extra"", ""bbc radio 6 music"", ""bbc asian network"", ""bbc local radio"", ""bbc radio scotland"", ""bbc radio nan gaidheal"", ""bbc radio wales"", ""bbc radio cymru"", ""bbc radio ulster and bbc radio foyle""]
costs = [54.2, 11.8, 62.1, 54.3, 122.1, 7.2, 76.0, 5.6, 11.5, 13.0, 152.5, 32.7, 6.3, 18.8, 17.6, 23.8]

# Find the station that had cost the most to run in 2012/13
max_cost_index = costs.index(max(costs))
most_expensive_station = stations[max_cost_index]

# Print the result
print(f""Final Answer: {most_expensive_station}"")
# Done
```"
61,how long did it take meck mothuli to finish the race ?,1:03:25,"```python
# Extracting the relevant data from the table
athletes = [""moses tanui"", ""paul yego"", ""charles tangus"", ""antonio serrano"", ""josiah thugwane"", ""delmir dos santos"", ""herder vazquez"", ""nobuyuki sato"", ""yoshifumi miyamoto"", ""joaquim pinheiro"", ""bartolome serrano"", ""vincenzo modica"", ""danilo goffi"", ""oleg strizhakov"", ""giacomo leone"", ""godfrey muriuki"", ""pasi mattila"", ""muhammed nazipov"", ""pablo sierra hermoso"", ""philippe remond"", ""rainer wachenbrunner"", ""fabian roncero"", ""meck mothuli"", ""andre ramos"", ""masatoshi ibata"", ""vanderlei de lima"", ""abdi djama"", ""peter weilenmann"", ""dagne debela"", ""luca barzaghi"", ""antonio rodrigues"", ""focus willbroad"", ""bob kempainen"", ""klaus-peter hansen"", ""andrea arlati"", ""steffen dittmann"", ""takeo nakahara"", ""joseph lemay"", ""juan antonio crespo"", ""lemma bonsa"", ""carsten jørgensen"", ""valeriy fedotov"", ""sid-ali sakhri"", ""martin mcloughlin"", ""santtu makinen"", ""daniel held"", ""kidane gebrmichael"", ""daniel boltz"", ""bertrand frechard"", ""aleksey korobov"", ""david taylor"", ""viktor chumakov"", ""kaare sørensen"", ""harri hanninen"", ""mahieddine belhadj"", ""rene godlieb"", ""sergey romanchuk"", ""gerard kappert"", ""kingston maringe"", ""abel chimukoko"", ""arlindo macedo"", ""yann millon"", ""andres espinosa"", ""lubos subrt"", ""motori choloo"", ""manuel matias"", ""roman kejzar"", ""pedro ortiz"", ""viktor rogovoy"", ""tolosa gebre"", ""thorsten naumann"", ""ronaldo da costa"", ""peter van der velden"", ""wodage zvadya"", ""igor salamun"", ""ronny ligneel"", ""marly sopyev"", ""fernando couto"", ""marcos villa"", ""viktor korniyenko"", ""aleksandr kostikov"", ""mohamed el-massoudi"", ""chris verbeeck"", ""julius ruto"", ""simon mphulanyane"", ""marcelo cascabelo"", ""gezahegn abera"", ""mark flint"", ""seiichi miyajima"", ""ronald schut"", ""ivo claes"", ""khelil benhalima"", ""andrey kovalenko"", ""mirko vindis"", ""teppo jalonen"", ""tayeb kalloud"", ""eduardo do nascimento"", ""bigboy goromonzi"", ""terje nass"", ""daniel dasta"", ""peter de vocht"", ""chris dagg"", ""david morris"", ""bashir hussain"", ""ebrahim etta-ati"", ""wilson theleso"", ""atadjan duzdyev"", ""haja ramananjatavo"", ""ramiz taipi"", ""petri kuusinen"", ""kefemawg selogilwe"", ""stephane schweickhardt"", ""eike loch"", ""jens wilky"", ""frederick baldacchino"", ""ajay chuttoo"", ""linton mckenzie"", ""parakhat kurtgeldiyev"", ""aleksey tarasyuk"", ""geza grabar"", ""robert sadek"", ""edo janic"", ""nazim noorbux"", ""hossein behdouj"", ""prasanna gamage"", ""rachamim gasha"", ""ali mohammad vahed-puor"", ""hossein fazeli-sani"", ""benjamin keleketu"", ""lee kar lun"", ""richard muscat"", ""colin graham"", ""binesh prasad"", ""louis chichon"", ""paul levick"", ""kadri uka"", ""genc lugja"", ""geront quirici"", ""andrew gutzmore"", ""edouard exant"","
62,did scrubs win the bet comedy awards or the teen choice awards in 2002 ?,BET Comedy Awards,"```python
# Extracting the relevant data from the table
years = [2004, 2002, 2004, 2005, 2006, 2007, 2005, 2006, 2007, 2008]
awards = [""bet comedy awards"", ""bet comedy awards"", ""teen choice awards"", ""teen choice awards"", ""teen choice awards"", ""teen choice awards"", ""naacp image awards"", ""naacp image awards"", ""naacp image awards"", ""naacp image awards""]
results = [""won"", ""won"", ""nominated"", ""nominated"", ""nominated"", ""nominated"", ""nominated"", ""nominated"", ""nominated"", ""nominated""]
categories = [""outstanding supporting actor in a comedy series"", ""outstanding supporting actor in a comedy series"", ""choice tv sidekick"", ""choice tv sidekick"", ""choice tv sidekick"", ""choice tv sidekick"", ""outstanding supporting actor in a comedy series"", ""outstanding actor in a comedy series"", ""outstanding actor in a comedy series"", ""outstanding actor in a comedy series""]
series = [""scrubs"", ""scrubs"", ""scrubs"", ""scrubs"", ""scrubs"", ""scrubs"", ""scrubs"", ""scrubs"", ""scrubs"", ""scrubs""]

# Find the index of the relevant data
index_2002_scrubs = [i for i, (year, award, result, category, series) in enumerate(zip(years, awards, results, categories, series)) if year == 2002 and series == ""scrubs""]

# Check if ""scrubs"" won the specified awards in 2002
answer = any(awards[i] in [""bet comedy awards"", ""teen choice awards""] and results[i] == ""won"" for i in index_2002_scrubs)

# Print the result
if answer:
    print(""Final Answer: Yes, Scrubs won either the bet comedy awards or the teen choice awards in 2002."")
else:
    print(""Final Answer: No, Scrubs did not win either the bet comedy awards or the teen choice awards in 2002."")
# Done
```"
63,how many times is executive producer listed as the role in this chart ?,32,"```python
# Extracting the relevant data from the table
roles = [""producer"", ""executive producer"", ""executive producer"", ""executive producer"", ""producer"", ""producer"", ""executive producer"", ""producer"", ""executive producer"", ""producer"", ""producer"", ""executive producer"", ""executive producer"", ""producer"", ""producer"", ""executive producer"", ""executive producer"", ""executive producer"", ""executive producer"", ""executive producer"", ""executive producer"", ""executive producer"", ""executive producer"", ""executive producer"", ""wayland's father\nexecutive producer"", ""executive producer"", ""executive producer"", ""executive producer"", ""executive producer"", ""executive producer"", ""executive producer"", ""producer"", ""executive producer"", ""co-producer"", ""executive producer"", ""executive producer"", ""executive producer"", ""executive producer"", ""executive producer"", ""producer"", ""executive producer"", ""sales agent"", ""executive producer"", ""executive producer"", ""executive producer"", ""george thomas"", ""producer"", ""peter"", ""karl schiller"", ""riano"", ""duke lionello shandwell"", ""kansas lee"", ""eldar"", ""domenico"", ""veritas"", ""allen"", ""ivanhoe"", ""slim"", ""johnny dalton"", ""wally richardson"", ""johnny"", ""richard barrett"", ""brown"", ""vittorio"", ""laurence"", ""george ferguson"", ""johnny yuma"", ""johnny oro/ringo"", ""luis"", ""dr. bardin"", ""el kebir"", ""don fernando herrera y menendez"", ""pietro i: re di castiglia"", ""vladimire d'urfe"", ""un ufficiale austriaco"", ""stephen children"", ""aldo"", ""pvt. harris"", ""eduardo"", ""dr. gianni orgei"", ""philip winthrop"", ""frank serano"", ""twig webster"", ""russ lippincott"", ""tommy price"", ""pvt. terry co. g"", ""pvt. lambert"", ""gregg linden""]

# Counting the number of times ""executive producer"" appears as a role
exec_producer_count = roles.count(""executive producer"")

# Print the result
print(f""Final Answer: {exec_producer_count}"")
# Done
```"
64,which is the previous attendance for week 10,"10,665","```python
# Extracting the relevant data from the table
weeks = [1, 2, 3, 4, 5, 6, 7, 8, 9, 10, 11, 12, 13, 14]
attendances = [24487, 48477, 40387, 32668, 33073, 47038, 39194, 60793, 10665, 32334, 27114, 27179, 24972, 42148]

# Find the index of the previous week
prev_week_index = weeks.index(10) - 1

# Retrieve the attendance for the previous week
previous_attendance = attendances[prev_week_index]

# Print the result
print(f""Final Answer: {previous_attendance}"")
# Done
```"
65,besides australia which other countries produced more than 100 in the year 2000 ?,Brazil|Canada,"```python
# Extracting the relevant data from the table
countries = [""australia"", ""brazil"", ""canada"", ""congo d.r"", ""mozambique"", ""nigeria"", ""rwanda"", ""world""]
production_2000 = [160.0, 30000.0, 2290, None, None, 35.0, 28.0, 32600.0]

# Finding countries producing more than 100 in the year 2000
countries_above_100 = [country for country, production in zip(countries, production_2000) if production is not None and production > 100]

# Remove Australia from the resulting countries list
countries_above_100.remove(""australia"")

# Print the result
print(f""Countries besides Australia producing more than 100 in 2000: {countries_above_100}"")
# Done
```"
66,did chile rank above or below bolivia taekwondo at the 2013 bolivarian games ?,above,"```python
# Extracting the relevant data from the table
countries = [""venezuela"", ""colombia"", ""dominican republic"", ""peru"", ""ecuador"", ""guatemala"", ""chile"", ""panama"", ""bolivia"", ""paraguay"", ""total""]
ranks = [2.0, 4.0, 3.0, 3.0, 3.0, 1.0, 3.0, 0.0, 0.0, 0.0, 19.0]
chile_index = countries.index(""chile"")
bolivia_index = countries.index(""bolivia"")
chile_rank = ranks[chile_index]
bolivia_rank = ranks[bolivia_index]

# Comparing the ranks
if chile_rank < bolivia_rank:
    print(""Chile ranked above Bolivia."")
elif chile_rank > bolivia_rank:
    print(""Chile ranked below Bolivia."")
else:
    print(""Chile and Bolivia had the same rank."")

# Done
```"
67,how many times did luis fortuno appoint someone on the list ?,6,"```python
# Extracting the relevant data from the table
names = [""anabelle rodriguez"", ""edgardo rivera garcia"", ""erick kolthoff caraballo"", ""federico hernandez denton"", ""liana fiol matta"", ""luis estrella martinez"", ""mildred pabon charneco"", ""rafael martinez torres"", ""roberto feliberti cintron""]
appointed_by = [""sila maria calderon"", ""luis fortuno"", ""luis fortuno"", ""sila maria calderon"", ""sila maria calderon"", ""luis fortuno"", ""luis fortuno"", ""luis fortuno"", ""luis fortuno""]

# Count the number of times 'luis fortuno' appointed someone on the list
luis_fortuno_count = appointed_by.count('luis fortuno')

# Print the result
print(f""Final Answer: {luis_fortuno_count}"")
# Done
```  "
68,did jeff gordon or jeremy mayfield record the highest average speed ?,Jeff Gordon,"```python
# Extracting the relevant data from the table
drivers = [""jeff gordon"", ""mark martin"", ""jeff gordon"", ""jeremy mayfield"", ""rusty wallace"", ""jimmie johnson"", ""kurt busch"", ""jeff gordon"", ""greg biffle"", ""matt kenseth"", ""matt kenseth"", ""carl edwards"", ""matt kenseth"", ""jimmie johnson"", ""kevin harvick"", ""tony stewart"", ""kyle busch"", ""kyle busch""]
average_speeds = [""155.012"", ""140.22"", ""150.276"", ""149.378"", ""143.118"", ""150.088"", ""140.111"", ""137.268"", ""139.697"", ""147.852"", ""138.451"", ""132.704"", ""135.839"", ""141.911"", ""150.849"", ""160.166"", ""135.351"", ""132.987""]

# Convert average speeds to numeric format for comparison
average_speeds_numeric = [float(speed) for speed in average_speeds]

# Find the index of the maximum average speed among Jeff Gordon and Jeremy Mayfield
jeff_index = drivers.index(""jeff gordon"")
mayfield_index = drivers.index(""jeremy mayfield"")
highest_speed_index = jeff_index if average_speeds_numeric[jeff_index] >= average_speeds_numeric[mayfield_index] else mayfield_index
highest_speed_driver = drivers[highest_speed_index]

# Print the result
print(f""Final Answer: {highest_speed_driver} recorded the highest average speed"")
# Done
```"
69,how many goals were scored against spain on november 2005 ?,1,"```python
# Extracting the relevant data from the table
dates = [""16 november 2005"", ""20 may 2006"", ""13 october 2007"", ""21 november 2007"", ""9 september 2009"", ""3 september 2010"", ""29 march 2011""]
opponents = [""spain"", ""belgium"", ""san marino"", ""san marino"", ""northern ireland"", ""macedonia"", ""denmark""]
scores = [""1-0"", ""1-0"", ""5-0"", ""0-2"", ""0-2"", ""1-0"", ""1-1""]
goals_scored_against_opponent = []

# Finding the index of the game against Spain in November 2005
game_index = -1
for i in range(len(dates)):
    if dates[i] == ""16 november 2005"" and opponents[i] == ""spain"":
        game_index = i
        break

# Extracting the number of goals scored against Spain on November 2005
if game_index != -1:
    goals_scored = int(scores[game_index].split(""-"")[1])
    goals_scored_against_opponent.append(goals_scored)

# Calculate total number of goals scored against Spain
total_goals_scored_against_spain = sum(goals_scored_against_opponent)

# Print the result
print(f""Final Answer: {total_goals_scored_against_spain}"")
#Done
```"
70,what year had the least us peak chart positions ?,2009,"```python
# Extracting the relevant data from the table
years = [1995, 1995, 1995, 1996, 1996, 1996, 1996, 1997, 1997, 1997, 1997, 1998, 2004, 2009]
us_peak_positions = [13, 13, None, None, 13, 17, 6, 77, None, 2, 2, 19, 19, 116]

# Finding the year with the least US peak chart position
min_peak_position = min(filter(None, us_peak_positions))
min_year_index = us_peak_positions.index(min_peak_position)
year_least_peak_position = years[min_year_index]

# Printing the result
print(f""Final Answer: {year_least_peak_position}"")
# Done
```"
71,on which date was the game played with the most number of people in attendance ?,19 September 1998,"```python
# Extracting the relevant data from the table
dates = [""8 august 1998"", ""15 august 1998"", ""22 august 1998"", ""29 august 1998"", ""31 august 1998"", ""6 september 1998"", ""9 september 1998"", ""12 september 1998"", ""19 september 1998"", ""26 september 1998"", ""29 september 1998"", ""3 october 1998"", ""10 october 1998"", ""17 october 1998"", ""20 october 1998"", ""24 october 1998"", ""31 october 1998"", ""7 november 1998"", ""14 november 1998"", ""21 november 1998"", ""29 november 1998"", ""5 december 1998"", ""12 december 1998"", ""19 december 1998"", ""26 december 1998"", ""28 december 1998"", ""9 january 1999"", ""16 january 1999"", ""30 january 1999"", ""6 february 1999"", ""13 february 1999"", ""20 february 1999"", ""27 february 1999"", ""3 march 1999"", ""6 march 1999"", ""9 march 1999"", ""13 march 1999"", ""20 march 1999"", ""26 march 1999"", ""3 april 1999"", ""5 april 1999"", ""10 april 1999"", ""17 april 1999"", ""24 april 1999"", ""1 may 1999"", ""9 may 1999""]
attendances = [13729.0, 7521.0, 14827.0, 5587.0, 15328.0, 6626.0, 8305.0, 6632.0, 34567.0, 7489.0, 7437.0, 10968.0, 5862.0, 17064.0, 3436.0, 6586.0, 5607.0, 10137.0, 18216.0, 5964.0, 17851.0, 5969.0, 7189.0, 6500.0, 8375.0, 12604.0, 9434.0, 6626.0, 6174.0, 20811.0, 8179.0, 16920.0, 9044.0, 9040.0, 13875.0, 6034.0, 8137.0, 4791.0, 14115.0, 7547.0, 7837.0, 6358.0, 7393.0, 7345.0, 15064.0, 6830.0]

# Finding the index of the maximum attendance
max_attendance_index = attendances.index(max(attendances))

# Retrieving the corresponding date
best_attendance_date = dates[max_attendance_index]

# Print the result
print(f""Final Answer: {best_attendance_date}"")
# Done
```"
72,what title is before dhol in 2007 ?,Dhamaal,"```python
# Extracting the relevant data from the table
titles = [""shakti"", ""dil vil pyar vyar"", ""maqbool"", ""market"", ""dhoop"", ""main hoon na"", ""masti: sanam teri kasam"", ""karam"", ""mangal pandey: the rising"", ""ek khiladi ek haseena"", ""apaharan"", ""kal: yesterday and tomorrow"", ""chocolate"", ""teesri aankh: the hidden camera"", ""the memsahib"", ""rockin' meera"", ""fight club - members only"", ""buddha mar gaya"", ""dhamaal"", ""dhol"", ""athidi"", ""eik dasttak"", ""black friday"", ""laaga chunari mein daag"", ""kantri"", ""sunday"", ""one two three"", ""jaane tu... ya jaane na"", ""golmaal returns"", ""mere khwabon mein jo aaye"", ""chal chala chal"", ""13b: fear has a new address"", ""saluun"", ""rokkkit"", ""shaapit"", ""lamhaa"", ""dabangg"", ""golmaal 3"", ""tees maar khan"", ""oosaravelli"", ""singham"", ""chatur singh two star"", ""dhoni"", ""mr. nookayya"", ""aalaap"", ""choron ki baraat"", ""jeena hai toh thok daal"", ""omg: oh my god!"", ""chakravyuh"", ""krishnam vande jagadgurum"", ""karma yodha"", ""hungame pe hungama"", ""platform no. 6"", ""pattathu yaanai"", ""zindagi 50-50"", ""yevadu"", ""karmachari""]
years = [1982, 2002, 2003, 2003, 2003, 2004, 2004, 2005, 2005, 2005, 2005, 2005, 2005, 2006, 2006, 2006, 2006, 2006, 2007, 2007, 2007, 2007, 2004, 2007, 2008, 2008, 2008, 2008, 2008, 2009, 2009, 2009, 2009, 2010, 2010, 2010, 2010, 2010, 2010, 2011, 2011, 2011, 2011, 2012, 2012, 2012, 2012, 2012, 2012, 2012, 2012, 2013, 2013, 2013, 2013, 2013, 2013]

# Finding the title before ""dhol"" in 2007
title_index = titles.index(""dhol"")
year_index = years.index(2007)
title_before_dhol = titles[year_index - 1]

# Print the result
print(f""Final Answer: {title_before_dhol}"")
# Done
```"
73,what was the first album released ?,The Alarm (EP),"```python
# Extracting the relevant data from the table
albums = [""the alarm (ep)"", ""declaration"", ""strength"", ""eye of the hurricane"", ""electric folklore live"", ""compact hits"", ""change"", ""standards"", ""raw"", ""eponymous 1981-1983"", ""declaration 1984-1985"", ""strength 1985-1986"", ""eye of the hurricane 1987-1988"", ""electric folklore live 1987-1988"", ""change 1989-1990"", ""raw 1990-1991"", ""close"", ""the normal rules do not apply"", ""trafficking"", ""edward henry street"", ""coming home"", ""live at hammersmith palais 1984"", ""the alarm ep - 20th anniversary collectors edition"", ""live at glasgow garage"", ""live at liverpool masque theatre"", ""live at london mean fiddle"", ""the sound and the fury"", ""in the poppyfields"", ""live in the poppyfields"", ""alt-strength"", ""under attack"", ""the best of the alarm and mike peters"", ""alarm mmv - the saturday gigs"", ""the collection"", ""three sevens clash"", ""fightback"", ""this is not a test"", ""situation under control"", ""call to action"", ""1983/84"", ""counter attack"", ""guerilla tactics"", ""the alarm - bbc radio sessions 1983-1991"", ""direct action"", ""vinyl (2012 film) soundtrack""]

# Finding the first album released
first_album = albums[0]

# Print the result
print(f""Final Answer: {first_album}"")
# Done
```"
74,who placed first in the 2006 asian games finals ??,Olga Tereshkova,"```python
# Extracting the relevant data from the table
athletes = [""olga tereshkova (kaz)"", ""manjeet kaur (ind)"", ""asami tanno (jpn)"", ""pinki pramanik (ind)"", ""tang xiaoyin (chn)"", ""marina maslyonko (kaz)"", ""mayu kida (jpn)"", ""chandrika subashini (sri)""]
first_places = [""olga tereshkova"", ""manjeet kaur"", ""asami tanno"", ""pinki pramanik"", ""tang xiaoyin"", ""marina maslyonko"", ""mayu kida"", ""chandrika subashini""]

# Find the index of the first place in 2006 asian games finals
year_index = athletes.index(""pinki pramanik (ind)"")
first_place = first_places[year_index]

# Print the result
print(f""Final Answer: {first_place}"")
# Done
```"
75,"who was the opponent for the boston red sox on july 27 , 1946 ?",St. Louis Browns,"```python
# Extracting the relevant data from the table
players = [""tony lazzeri"", ""jim tabor"", ""rudy york"", ""jim gentile"", ""tony cloninger"", ""jim northrup"", ""frank robinson"", ""robin ventura"", ""chris hoiles"", ""fernando tatis"", ""nomar garciaparra"", ""bill mueller"", ""josh willingham""]
teams = [""new york yankees"", ""boston red sox"", ""boston red sox"", ""baltimore orioles"", ""atlanta braves"", ""detroit tigers"", ""baltimore orioles"", ""chicago white sox"", ""baltimore orioles"", ""st. louis cardinals"", ""boston red sox"", ""boston red sox"", ""washington nationals""]
dates = [""may 24, 1936"", ""07/04/39"", ""july 27, 1946"", ""may 9, 1961"", ""july 3, 1966"", ""june 24, 1968"", ""june 26, 1970"", ""september 4, 1995"", ""august 14, 1998"", ""april 23, 1999"", ""may 10, 1999"", ""july 29, 2003"", ""july 27, 2009""]
opponents = [""philadelphia athletics"", ""philadelphia athletics"", ""st. louis browns"", ""minnesota twins"", ""san francisco giants"", ""cleveland indians"", ""washington senators"", ""texas rangers"", ""cleveland indians"", ""los angeles dodgers"", ""seattle mariners"", ""texas rangers"", ""milwaukee brewers""]
venues = [""shibe park"", ""shibe park"", ""sportsman's park"", ""metropolitan stadium"", ""candlestick park"", ""cleveland stadium"", ""rfk stadium"", ""the ballpark in arlington"", ""jacobs field"", ""dodger stadium"", ""fenway park"", ""the ballpark in arlington"", ""miller park""]

# Find the index of the relevant game
index = dates.index(""july 27, 1946"")

# Retrieve the opponent for the Boston Red Sox on July 27, 1946
opponent = opponents[index]

# Print the result
print(f""Final Answer: {opponent}"")
# Done
```"
76,what was the first year in which babin had over 10 sacks ?,2010,"```python
# Extracting the relevant data from the table
years = [2004, 2005, 2006, 2008, 2008, 2009, 2010, 2011, 2012, 2012, 2013]
player = [""hou"", ""hou"", ""hou"", ""kc"", ""sea"", ""phi"", ""ten"", ""phi"", ""phi"", ""jax"", ""jax""]
sacks = [63.0, 35.0, 26.0, 31.0, 1.0, 16.0, 58.0, 40.0, 26.0, 11.0, 40.0]

# Finding the first year in which the player had over 10 sacks
index = next((i for i in range(len(player)) if player[i] == ""jax"" and sacks[i] > 10), None)
if index is not None:
    year_with_over_10_sacks = years[index]
else:
    year_with_over_10_sacks = None

# Print the result
print(f""Final Answer: {year_with_over_10_sacks}"")
# Done
```"
77,which country was first in rank at the 1972 olympics ?,Soviet Union,"```python
# Extracting relevant data from the table
countries = [""soviet union"", ""united states"", ""east germany (gdr)"", ""west germany (frg)"", ""japan"", ""australia"", ""poland"", ""hungary"", ""bulgaria"", ""italy""]
ranks_1972 = [27, 31, 23, 11, 8, 7, 5, 13, 10, 3]

# Finding the index of the highest rank in 1972
max_rank_index = ranks_1972.index(min(ranks_1972))

# Retrieve the corresponding country
country_first_in_rank = countries[max_rank_index]

# Print the result
print(f""Final Answer: {country_first_in_rank}"")
# Done
```  "
78,what was the date of the last tournament ?,"May 18, 2013","```python
# Extracting the relevant data from the table
tournament_dates = [""2004-04-18"", ""2004-09-26"", ""2005-03-27"", ""2005-05-08"", ""2006-03-19"", ""2006-11-12"", ""2007-02-11"", ""2007-07-07"", ""2007-07-22"", ""2007-08-04"", ""2007-10-21"", ""2007-11-12"", ""2008-04-27"", ""2008-10-18"", ""2009-09-27"", ""2013-04-13"", ""2013-05-18""]

# Finding the date of the last tournament
last_tournament_date = tournament_dates[-1]

# Print the result
print(f""Final Answer: {last_tournament_date}"")
# Done
```"
79,what was the only season that skeid won gold ?,1966,"```python
# Extracting the relevant data from the table
seasons = [""1937-38"", ""1938-39"", ""1947-48"", ""1948-49"", ""1949-50"", ""1950-51"", ""1951-52"", ""1952-53"", ""1953-54"", ""1954-55"", ""1955-56"", ""1956-57"", ""1957-58"", ""1958-59"", ""1959-60"", ""1960-61"", ""1961-62"", ""1963"", ""1964"", ""1965"", ""1966"", ""1967"", ""1968"", ""1969"", ""1970"", ""1971"", ""1972"", ""1973"", ""1974"", ""1975"", ""1976"", ""1977"", ""1978"", ""1979"", ""1980"", ""1981"", ""1982"", ""1983"", ""1984"", ""1985"", ""1986"", ""1987"", ""1988"", ""1989"", ""1990"", ""1991"", ""1992"", ""1993"", ""1994"", ""1995"", ""1996"", ""1997"", ""1998"", ""1999"", ""2000"", ""2001"", ""2002"", ""2003"", ""2004"", ""2005"", ""2006"", ""2007"", ""2008"", ""2009"", ""2010"", ""2011"", ""2012"", ""2013""]
gold = [""lyn"", ""skeid"", ""sparta"", ""valerenga"", ""fredrikstad"", ""odd"", ""brann"", ""skeid"", ""skeid"", ""fredrikstad"", ""fredrikstad"", ""odd"", ""skeid"", ""fredrikstad"", ""lillestrøm"", ""eik-tønsberg"", ""steinkjer"", ""lyn"", ""fredrikstad"", ""lyn"", ""fredrikstad"", ""skeid"", ""rosenborg"", ""fredrikstad"", ""rosenborg"", ""lyn"", ""fredrikstad"", ""rosenborg"", ""molde"", ""brann"", ""mjøndalen"", ""bodø/glimt"", ""lillestrøm"", ""moss"", ""bryne"", ""viking"", ""bryne"", ""lillestrøm"", ""viking"", ""lillestrøm"", ""mjøndalen"", ""molde"", ""lillestrøm"", ""rosenborg"", ""tromsø"", ""rosenborg"", ""kongsvinger"", ""bodø/glimt"", ""lillestrøm"", ""molde"", ""lillestrøm"", ""brann"", ""molde"", ""molde"", ""brann"", ""lillestrøm"", ""molde"", ""bodø/glimt"", ""valerenga"", ""start"", ""brann"", ""stabaek"", ""fredrikstad"", ""molde"", ""valerenga"", ""tromsø"", ""strømsgodset"", ""rosenborg""]

# Find the index of the season where skeid won gold
skeid_gold_index = gold.index(""skeid"")
skeid_gold_season = seasons[skeid_gold_index]

# Print the result
print(f""Final Answer: {skeid_gold_season}"")
# Done
```"
80,how many clubs were runner ups after the year 2000 ?,5,"```python
# Extracting the relevant data from the table
club_data = {
    ""clubs"": [""fk austria wien"", ""sk rapid wien"", ""sk sturm graz"", ""sv austria salzburg"", ""grazer ak"", ""vfb admira wacker modling"", ""fc karnten"", ""fc swarovski tirol / fc tirol innsbruck"", ""kremser sc"", ""sv stockerau"", ""sv ried"", ""lask linz"", ""sv horn""],
    ""runner_up_years"": [[""1986"", ""1994""], [""1995"", ""1996""], [""1997"", ""2002""], [], [""2004""], [""1992""], [""2003""], [""1987"", ""1989"", ""1990"", ""1993"", ""2000"", ""2001""], [""1988""], [""1991""], [""1998""], [""1999""], [""2008""]]
}

runner_up_clubs_after_2000 = 0
for idx, years in enumerate(club_data[""runner_up_years""]):
    if any(year > 2000 for year in years):
        runner_up_clubs_after_2000 += 1

# Print the result
print(f""Final Answer: {runner_up_clubs_after_2000}"")
# Done
```"
81,what was the difference in placing between the 1988/89 season and the last season before it ?,5,"```python
# Extracting the relevant data from the table
seasons = [""1949-87"", ""1987/88"", ""1988/89"", ""1989/90"", ""1990/91"", ""1991/92"", ""1992/93"", ""1993/94"", ""1994/95"", ""1995/96"", ""1996/97"", ""1997/98"", ""1998/99"", ""1999/00""]
places = [None, ""10th"", ""5th"", ""13th"", ""11th"", ""7th"", ""9th"", ""4th"", ""6th"", ""3rd"", ""3rd"", ""1st"", ""17th"", ""6th""]

# Convert the places to a format that can be compared numerically
places_numeric = [float(place[:-2]) if place is not None else None for place in places]

# Find the places for the seasons
place_1988_89 = places_numeric[seasons.index(""1988/89"")]
last_season_before_1988_89 = places_numeric[seasons.index(""1987/88"")]

# Calculate the difference in placing
placing_difference = abs(place_1988_89 - last_season_before_1988_89)

# Print the result
print(f""Final Answer: {placing_difference}"")
# Done
```  "
82,how many games were in the 2010 pre season schedule for the los angeles clippers ?,8,"```python
# Extracting the relevant data from the table
dates = [""xxxx-10-05"", ""xxxx-10-07"", ""xxxx-10-08"", ""xxxx-10-12"", ""xxxx-10-14"", ""xxxx-10-16"", ""xxxx-10-17"", ""xxxx-10-19""]
teams = [""@ portland"", ""@ sacramento"", ""@ golden state"", ""san antonio"", ""denver"", ""utah"", ""denver"", ""sacramento""]

# Finding the number of games in the 2010 pre-season schedule for the Los Angeles Clippers
pre_season_2010_clippers_games = 0
for date, team in zip(dates, teams):
    if ""2010"" in date and ""clippers"" in team.lower():
        pre_season_2010_clippers_games += 1

# Print the result
print(f""Final Answer: {pre_season_2010_clippers_games}"")
# Done
```"
83,which date had the most attendance ?,September 12,"```python
# Extracting the relevant data from the table
dates = [""september 5"", ""september 12"", ""september 19"", ""september 26"", ""october 3"", ""october 10"", ""october 17"", ""october 24"", ""october 31"", ""november 14"", ""november 21"", ""november 28""]
attendance = [54232.0, 85269.0, 31840.0, 53612.0, 50035.0, 48019.0, 23882.0, 57178.0, 67953.0, 58103.0, 55634.0, 55365.0]

# Finding the date with the highest attendance
max_attendance_index = attendance.index(max(attendance))
most_attendance_date = dates[max_attendance_index]

# Print the result
print(f""Final Answer: {most_attendance_date}"")
# Done
```"
84,how many games did they win in 2009 ?,7,"```python
# Extracting the relevant data from the table
years = [2009, 2009, 2009, 2009, 2009, 2009, 2009, 2009, 2009, 2009, 2009, 2009, 2009, 2009, 2009, 2009]
results = [""w"", ""l"", ""l"", ""w"", ""w"", ""w"", ""l"", ""l"", ""w"", ""l"", ""w"", ""l"", ""l"", ""l"", ""l"", ""w""]

# Counting the games won in 2009
games_won = results.count(""w"")

# Print the result
print(f""Final Answer: {games_won}"")
# Done
```"
85,"in what year did the track , `` wide open road '' come out ?",1986,"```python
# Extracting the relevant data from the table
titles = [""\""stand up\"""", ""\""spanish blue\"""", ""\""beautiful waste\"""", ""\""you don't miss your water\"""", ""\""wide open road\"""", ""\""bury me deep in love\"""", ""\""trick of the light\"""", ""\""holy water\"""", ""\""goodbye little boy\"""", ""\""falling over you\"""", ""\""save what you can\""""]
release_years = [1981, 1982, 1984, 1985, 1986, 1987, 1988, 1988, 1989, 1989, 2007]

# Find the index of the title ""wide open road""
title_index = titles.index(""\""wide open road\"""")

# Retrieve the release year for the title ""wide open road""
release_year = release_years[title_index]

# Print the result
print(f""Final Answer: {release_year}"")
# Done
```"
86,how many times is `` friendly '' a type of game ?,7,"```python
# Extracting the relevant data from the table
types_of_game = [""friendly"", ""friendly"", ""friendly"", ""friendly"", ""friendly"", ""wc 2010"", ""wc 2010"", ""wc 2010"", ""friendly"", ""euro 2012 q"", ""euro 2012 q"", ""euro 2012 q"", ""euro 2012 q"", ""friendly""]

# Count the occurrences of 'friendly' as a type of game
friendly_count = types_of_game.count('friendly')

# Print the result
print(f""Final Answer: {friendly_count}"")
# Done
```"
87,"what is the only game that had an attendance over 80,000 ?","September 29, 1991","```python
# Extracting the relevant data from the table
games = [""Minnesota Vikings"", ""at Tampa Bay Buccaneers"", ""New York Giants"", ""New York Jets"", ""at Buffalo Bills"", ""Washington Redskins"", None, ""at Green Bay Packers"", ""at New Orleans Saints"", ""Detroit Lions"", ""at Minnesota Vikings"", ""at Indianapolis Colts"", ""Miami Dolphins"", ""at Detroit Lions"", ""Green Bay Packers"", ""Tampa Bay Buccaneers"", ""at San Francisco 49ers""]
attendance = [64112, 65625, 64829, 65255, 80366, 64941, None, 58435, 68591, 57281, 59001, 60519, 58288, 78879, 62353, 54719, 60419]

# Finding the game with attendance over 80,000
game_index = attendance.index(max(filter(None, [att for att in attendance if att > 80000])))
game_with_highest_attendance = games[game_index]

# Print the result
print(f""Final Answer: {game_with_highest_attendance}"")
# Done
```"
88,what is the total amount of 5 tier season after 2005/06 ?,6,"```python
# Extracting the relevant data from the table
seasons = [""2005/06"", ""2006/07"", ""2007/08"", ""2008/09"", ""2009/10"", ""2010/11"", ""2011/12"", ""2012/13"", ""2013/14""]
tiers = [5, 4, 5, 4, 5, 5, 5, 5, 5]
places = [None, 19, 2, 18, 3, 9, 8, 11, None]

# Find the total amount of 5 tier seasons after 2005/06
total_amount = sum([tier for year, tier in zip(seasons, tiers) if year > ""2005/06""])

# Print the result
print(f""Final Answer: {total_amount}"")
# Done
```  "
89,what date was the first game at war memorial stadium ?,"September 18, 1960","```python
# Extracting the relevant data from the table
game_sites = [""polo grounds"", ""war memorial stadium"", ""nickerson field"", ""war memorial stadium"", ""war memorial stadium"", ""war memorial stadium"", ""war memorial stadium"", ""war memorial stadium"", ""kezar stadium"", ""los angeles memorial coliseum"", ""bears stadium"", ""war memorial stadium"", ""jeppesen stadium"", ""cotton bowl""]
game_dates = [""september 11, 1960"", ""september 18, 1960"", ""september 23, 1960"", ""october 2, 1960"", ""october 16, 1960"", ""october 23, 1960"", ""october 30, 1960"", ""november 6, 1960"", ""november 13, 1960"", ""november 20, 1960"", ""november 27, 1960"", ""december 4, 1960"", ""december 11, 1960"", ""december 18, 1960""]

# Finding the index of the first game at war memorial stadium
first_war_memorial_index = game_sites.index(""war memorial stadium"")
first_war_memorial_date = game_dates[first_war_memorial_index]

# Print the result
print(f""Final Answer: {first_war_memorial_date}"")
# Done
```"
90,what is the difference in foundation date between cusco and motul ?,50 years,res
91,how many teams had at least two drivers this season ?,17,"```python
# Extracting the relevant data from the table
teams = [""carlin motorsport"", ""carlin motorsport"", ""carlin motorsport"", ""carlin motorsport"", ""carlin motorsport"", ""manor motorsport"", ""manor motorsport"", ""manor motorsport"", ""fortec motorsport"", ""fortec motorsport"", ""alan docking racing"", ""alan docking racing"", ""alan docking racing"", ""team avanti"", ""team avanti"", ""team avanti"", ""team avanti"", ""promatecme uk"", ""promatecme uk"", ""promatecme uk"", ""duma racing"", ""duma racing"", ""menu motorsport"", ""menu motorsport"", ""menu motorsport"", ""motaworld racing"", ""motaworld racing"", ""motaworld racing"", ""fred goddard racing"", ""fred goddard racing"", ""fred goddard racing"", ""performance racing"", ""performance racing"", ""meritus racing"", ""meritus racing"", ""essential motorsport"", ""essential motorsport"", ""essential motorsport"", ""scuderia etruria"", ""sweeney racing"", ""sweeney racing"", ""sweeney racing"", ""team park"", ""team park"", ""team park"", ""team park"", ""team park"", ""diamond racing"", ""diamond racing"", ""t-sport"", ""t-sport"", ""hill speed motorsport""]

# Count the number of teams with at least two drivers
team_count = len([team for team in set(teams) if teams.count(team) >= 2])

# Print the result
print(f""Final Answer: {team_count}"")
# Done
```"
92,what was the date of the last game ?,"December 14, 1952","```python
# Extracting relevant data from the table
dates = [""september 28, 1952"", ""october 4, 1952"", ""october 12, 1952"", ""october 19, 1952"", ""october 26, 1952"", ""november 2, 1952"", ""november 9, 1952"", ""november 16, 1952"", ""november 23, 1952"", ""november 30, 1952"", ""december 7, 1952"", ""december 14, 1952""]

# Finding the date of the last game
last_game_date = dates[-1]

# Print the result
print(f""Final Answer: {last_game_date}"")
# Done
```"
93,how many games were played in the regular season ?,29,"```python
# Extracting the relevant data from the table
dates = [""11/09/2013"", ""11/13/2013"", ""11/16/2013"", ""11/18/2013"", ""11/23/2013"", ""11/26/2013"", ""12/01/2013"", ""12/06/2013"", ""12/07/2013"", ""12/20/2013"", ""12/29/2013"", ""12/31/2013"", ""01/02/2014"", ""01/04/2014"", ""01/08/2014"", ""01/11/2014"", ""01/16/2014"", ""01/18/2014"", ""01/23/2014"", ""01/25/2014"", ""01/30/2014"", ""02/08/2014"", ""02/13/2014"", ""02/15/2014"", ""02/20/2014"", ""02/22/204"", ""03/01/2014"", ""03/06/2014"", ""03/08/2014"", ""03/12-03/15/2014""]

# The dates where the regular season games end
end_dates = [""12/31/2013"", ""02/22/204""] 

# Count the number of regular season games
regular_season_games = dates.index(end_dates[1]) - dates.index(end_dates[0]) + 1

# Print the result
print(f""Final Answer: {regular_season_games}"")
# Done
```"
94,what was the total number of times she was nominated but did not win an award ?,8,"```python
# Extracting the relevant data from the table
awards = [""8th soap opera digest awards"", ""10th soap opera digest awards"", ""26th naacp image award"", ""11th soap opera digest awards"", ""27th naacp image award"", ""23rd daytime emmy awards"", ""24th daytime emmy awards"", ""28th naacp image award"", ""25th daytime emmy awards"", ""29th naacp image award"", ""30th naacp image award"", ""30th naacp image award"", ""31st naacp image award"", ""34th naacp image award"", ""18th soap opera digest awards"", ""35th naacp image award"", ""19th soap opera digest awards"", ""36th naacp image award"", ""37th naacp image award""]
results = [""nominated"", ""won"", ""won"", ""nominated"", ""won"", ""nominated"", ""nominated"", ""won"", ""nominated"", ""won"", ""nominated"", ""won"", ""won"", ""won"", ""nominated"", ""won"", ""nominated"", ""won"", ""won""]

# Count the number of times nominated but did not win
count = results.count(""nominated"")
# Print the result
print(f""Final Answer: {count}"")
# Done
```"
95,how many clubs entered competition after 1945 ?,6,"```python
# Extracting the relevant data from the table
years_entered = [1974, 1909, 1905, 1876, 1955, 1946, 1924, 1958, 1952, 1998]
clubs_entered = [""bundoora football club"", ""eltham football club"", ""greensborough football club"", ""heidelberg football club"", ""lalor football club"", ""macleod football club"", ""montmorency football club"", ""north heidelberg football club"", ""northcote park football club"", ""west preston lakeside football club""]

# Finding the number of clubs that entered competition after 1945
num_clubs_after_1945 = sum([1 for year in years_entered if year > 1945])

# Print the result
print(f""Final Answer: {num_clubs_after_1945}"")
# Done
```"
96,who coached more seasons : ed sabre or mack erwin ?,Mack Erwin,"```python
# Extracting the relevant data from the table
coaches = [""o. b. \""rip\"" sanderson"", ""ed sabre"", ""mack erwin"", ""chal port"", ""fred jordan"", ""john d. mcmillan"", ""jim newsome"", ""bunzy o'neal"", ""george c. rogers"", ""fred montsdeoca"", ""george a. schmick"", ""thomas s. mcmillan"", ""harold manley"", ""\""barney\"" legge"", ""h. l. \""matty\"" matthews"", ""dusty rhodes"", ""\""shorty\"" o'brien"", ""\""bull dog\"" drummond""]
seasons_lengths = [1, 1, 4, 27, 22, 2, 4, 1, 6, 2, 1, 2, 1, 1, 3, 1, 1, 1]

# Finding the index of Ed Sabre and Mack Erwin
ed_sabre_index = coaches.index(""ed sabre"")
mack_erwin_index = coaches.index(""mack erwin"")

# Comparing the seasons
if seasons_lengths[ed_sabre_index] > seasons_lengths[mack_erwin_index]:
    more_seasons_coached = ""Ed Sabre""
else:
    more_seasons_coached = ""Mack Erwin""

# Print the result
print(f""Final Answer: {more_seasons_coached}"")
# Done
```"
97,only player to serve as captain from 1998-2007,Raphaël Ibañez,"```python
# Extracting the relevant data from the table
players = [""fabien pelous"", ""raphael ibanez"", ""jean-pierre rives"", ""philippe saint-andre"", ""thierry dusautoir"", ""daniel dubroca"", ""fabien galthie"", ""guy basquet"", ""michel crauste"", ""jacques fouroux""]
start_years = [1998, 1998, 1978, 1994, 2009, 1986, 1999, 1948, 1961, 1974]
end_years = [2007, 2007, 1984, 1997, 2009, 1988, 2003, 1952, 1966, 1977]

# Finding the player who served as captain from 1998-2007
for i in range(len(players)):
    if start_years[i] <= 1998 and end_years[i] >= 2007:
        captain_player = players[i]
        break

# Print the result
print(f""Final Answer: {captain_player}"")
# Done
```"
98,how many matches were in 2005-2006 ?,3,"```python
# Extracting the relevant data from the table
seasons = [""1964-65"", ""1965-66"", ""1966-67"", ""1966-67"", ""1975-76"", ""1981-82"", ""1982-83"", ""1984-85"", ""1985-86"", ""1986-87"", ""1998-99"", ""1998-99"", ""1998-99"", ""1999-2000"", ""2003-04"", ""2003-04"", ""2003-04"", ""2005-06"", ""2005-06"", ""2005-06"", ""2006-07"", ""2007-08"", ""2007-08"", ""2007-08"", ""2009-10"", ""2011-12"", ""2011-12""]
matches = [[""5"", ""4""], [""4"", ""3""], [""4"", ""4""], [""4"", ""4""], [""4"", ""4""], [""4"", ""4""], [""4"", ""4""], [""4"", ""4""], [""4"", ""3""], [""4"", ""4""], [""4"", ""4""], [""3"", ""3""], [""4"", ""4""], [""3"", ""3""], [""4"", ""4""], [""3"", ""3""], [""5"", ""5""], [""4"", ""4""], [""4"", ""4""], [""4"", ""4""], [""4"", ""4""], [""4"", ""4""], [""4"", ""4""], [""4"", ""4""], [""4"", ""4""], [""3"", ""3""], [""4"", ""4""]]

# Counting the number of matches in 2005-2006
matches_2005_2006 = 0
for idx, season in enumerate(seasons):
    if season == ""2005-06"":
        matches_2005_2006 += len(matches[idx])

# Print the result
print(f""Final Answer: {matches_2005_2006}"")
# Done
```"
99,the two level 6 seasons were 2012/13 and what other season ?,2013/14,"```python
# Extracting the relevant data from the table
seasons = [""2001/02"", ""2002/03"", ""2003/04"", ""2004/05"", ""2005/06"", ""2006/07"", ""2007/08"", ""2008/09"", ""2009/10"", ""2010/11"", ""2011/12"", ""2012/13"", ""2013/14""]
levels = [4.0, 3.0, 4.0, 4.0, 4.0, 4.0, 4.0, 4.0, 4.0, 4.0, 5.0, 6.0, 6.0]

# Finding the seasons with level 6
level_6_seasons = [seasons[i] for i in range(len(levels)) if levels[i] == 6.0]

# Find the index of the mentioned season
given_season = ""2012/13""
given_season_index = seasons.index(given_season)

# Find the index of the other level 6 season
other_level_6_index = levels.index(6.0, given_season_index + 1)

# Retrieve the other level 6 season
other_season = seasons[other_level_6_index]

# Print the result
print(f""Final Answer: {other_season}"")
# Done
```"
100,what was the score after the season opener ?,53-64,"```python
# Extracting the relevant data from the table
dates = [""may 17"", ""may 22"", ""may 25"", ""may 27"", ""may 31"", ""june 3"", ""june 6"", ""june 8"", ""june 11"", ""june 13"", ""june 18"", ""june 20"", ""june 24"", ""june 26"", ""june 29"", ""july 1"", ""july 6"", ""july 8"", ""july 11"", ""july 13"", ""july 17"", ""july 18"", ""july 20"", ""july 23"", ""july 25"", ""july 27"", ""august 29"", ""august 30"", ""september 2"", ""september 6"", ""september 9"", ""september 11"", ""september 13"", ""september 14""]
scores = [""53-64"", ""60-79"", ""69-66"", ""80-74"", ""59-70"", ""93-98"", ""52-63"", ""79-87"", ""76-79"", ""64-57"", ""67-63"", ""72-61"", ""90-98"", ""77-74 (ot)"", ""49-64"", ""81-87"", ""75-83"", ""50-48"", ""66-79"", ""69-64"", ""56-77"", ""62-99"", ""89-57"", ""73-80"", ""81-75"", ""60-82"", ""75-79"", ""78-92"", ""68-79"", ""69-84"", ""59-78"", ""66-78"", ""81-87"", ""70-96""]

# Find the index of the first game
season_opener_index = 0

# Get the score after the season opener
score_after_opener = scores[season_opener_index]

# Print the result
print(f""Final Answer: {score_after_opener}"")
# Done
```"
101,how many times did sébastien bourdais win the champ car world series between 2005 and 2007 ?,2,"```python
# Extracting the relevant data from the table
seasons = [2005, 2006, 2007]
drivers = [""sebastien bourdais"", ""justin wilson"", ""sebastien bourdais"", ""scott dixon"", ""will power"", ""scott dixon"", ""will power"", ""helio castroneves""]
winner_counts = drivers.count(""sebastien bourdais"")

# Print the result
print(f""Final Answer: {winner_counts}"")
# Done
```"
102,"who had the greater score in 2012 , stanford or usc ?",Stanford,"```python
# Extracting the relevant data from the table
years = [2001, 2002, 2003, 2004, 2005, 2006, 2007, 2008, 2009, 2010, 2011, 2012, 2013, 2014]
teams = [""stanford"", ""ucla"", ""stanford"", ""loyola marymount"", ""stanford"", ""usc"", ""stanford"", ""usc"", ""usc"", ""stanford"", ""california"", ""usc"", ""stanford"", None]
scores = [5, 8, 4, 10, 3, 9, 5, 6, 5, 10, 9, 6, 10, None]

# Find the index for 2012
year_index = years.index(2012)

# Score comparison for 2012
stanford_score = scores[year_index] if teams[year_index] == ""stanford"" else 0
usc_score = scores[year_index] if teams[year_index] == ""usc"" else 0

# Printing the comparison
if stanford_score > usc_score:
    print(""Final Answer: Stanford had the greater score in 2012"")
elif usc_score > stanford_score:
    print(""Final Answer: USC had the greater score in 2012"")
else:
    print(""Final Answer: Stanford and USC had the same score in 2012"")
# Done
```"
103,which single was released before `` tomber '' ?,Une seule vie (marcher dans le sable),"```python
# Extracting the relevant data from the table
singles = [""\""sur la route\"""", ""\""j'en reve encore\"""", ""\""une seule vie (marcher dans le sable)\"""", ""\""tomber\"""", ""\""elle s'ennuie\"""", ""\""elle danse seule\"""", ""\""l'etranger\"""", ""\""je me souviens de tout\""""]

# Find the index of ""tomber""
tomber_index = singles.index(""\""tomber\"""")

# Retrieve the single released before ""tomber""
single_before_tomber = singles[tomber_index - 1]

# Print the result
print(f""Final Answer: {single_before_tomber}"")
# Done
```"
104,how many sacks did this player have in his first five seasons ?,34,"```python
# Extracting the relevant data from the table
years = [2001, 2002, 2003, 2004, 2005]
sacks = [53.0, 59.0, 60.0, 70.0, 65.0]

# Calculate total sacks in the first five seasons
total_sacks_first_five_seasons = sum(sacks[:5])

# Print the result
print(f""Final Answer: {total_sacks_first_five_seasons}"")
# Done
```"
105,"in the 2009 asian championships , china took 3rd . what place did china take in the previous asian championships ?",1st,"```python
# Extracting the relevant data from the table
years = [2002, 2002, 2003, 2003, 2004, 2005, 2005, 2005, 2006, 2009]
competitions = [""world junior championships"", ""asian games"", ""universiade"", ""asian championships"", ""olympic games"", ""world championships"", ""universiade"", ""east asian games"", ""asian games"", ""asian championships""]
positions = [""1st"", ""1st"", ""1st"", ""1st"", ""18th (q)"", ""18th (q)"", ""7th"", ""1st"", ""5th"", ""3rd""]

# Finding the index of the desired competition and year
target_competition = ""asian championships""
target_year = 2009

target_index = [i for i in range(len(competitions)) if competitions[i] == target_competition and years[i] == target_year][0]

# Find the address of the target country in the target competition
target_address = [""guangzhou"", ""china""]

# Find the place of the target country in the target competition
target_place = positions[target_index]

# Finding the previous occurrence of the same competition for the target country
prev_competition_index = target_index - 1
while prev_competition_index >= 0:
    if competitions[prev_competition_index] == target_competition and target_address == [val.lower() for val in c3_address[prev_competition_index]]:
        prev_place = positions[prev_competition_index]
        break
    prev_competition_index -= 1

# Print the result
print(f""Final Answer: {prev_place}"")

# Done
```"
106,how many schools left in 1960 ?,7,"```python
# Extracting the relevant data from the table
years = [""1954"", ""1960"", ""1950"", ""1950"", ""1960"", ""1977"", ""1950"", ""1950"", ""1964"", ""1940"", ""1950"", ""1950"", ""1976"", ""1950"", ""1976"", ""1956\n1964"", ""1974"", ""1950"", ""1960""]
schools_left = [""1961"", ""1976"", ""1960"", ""1975"", ""1978"", ""1978"", ""1960"", ""1960"", ""1978"", ""1968"", ""1960"", ""1960"", ""1978"", ""1960"", ""1978"", ""1962\n1976"", ""1978"", ""1960"", ""1968""]

# Find the number of schools that left in 1960
schools_left_1960 = schools_left.count(""1960"")

# Print the result
print(f""Final Answer: {schools_left_1960}"")
# Done
```"
107,"how many times is attendance over 30,000 ?",5,"```python
# Extracting the relevant data from the table
attendance = [21129.0, 21749.0, 45750.0, 23220.0, 63263.0, 25681.0, 30212.0, 17307.0, 34974.0, 17842.0, 40500.0]

# Counting the number of times attendance is over 30,000
over_30000 = len([att for att in attendance if att > 30000])

# Print the result
print(f""Final Answer: {over_30000}"")
# Done
```"
108,how many more games were released in 2005 than 2003 ?,1,"```python
# Extracting the relevant data from the table
years = [2003, 2004, 2004, 2004, 2004, 2004, 2005, 2005]
titles = [""buggy grand prix: kattobi! dai-sakusen"", ""gunbird special edition / gunbird 1&2"", ""psikyo shooting collection vol. 1: strikers 1945 i & ii"", ""psikyo shooting collection vol. 2: sengoku ace & sengoku blade"", ""psikyo shooting collection vol. 3: sol divide & dragon blaze"", ""taisen hot gimmick: cosplay mahjong"", ""sengoku cannon"", ""taisen hot gimmick: axes-jong""]

# Count the number of games released in 2005 and 2003
num_games_2005 = years.count(2005)
num_games_2003 = years.count(2003)

# Calculate the difference
difference = num_games_2005 - num_games_2003

# Print the result
print(f""Final Answer: {difference}"")
# Done
```"
109,is the total score for december 26 the same score as january 2 ?,No,"```python
# Extracting the relevant data from the table
dates = [""december 21"", ""december 26"", ""december 31"", ""january 2"", ""january 4"", ""january 9"", ""january 14"", ""january 16"", ""january 18"", ""january 23"", ""january 25"", ""january 28"", ""january 30"", ""february 6"", ""february 8"", ""february 13"", ""february 18"", ""february 20""]
scores = [""5-2"", ""2-5"", ""2-4"", ""2-7"", ""2-5"", ""2-4"", ""2-5"", ""10-6"", ""3-5"", ""2-3"", ""1-0"", ""2-1"", ""2-3"", ""1-3"", ""3-4"", ""0-7"", ""4-3"", ""3-9""]

# Find the index for december 26 and january 2 dates
dec26_index = dates.index(""december 26"")
jan2_index = dates.index(""january 2"")

# Extract scores for december 26 and january 2
dec26_score = scores[dec26_index]
jan2_score = scores[jan2_index]

# Check if the scores on December 26 and January 2 are the same
if dec26_score == jan2_score:
    result = ""Yes, the total score for December 26 is the same as the score for January 2.""
else:
    result = ""No, the total score for December 26 is not the same as the score for January 2.""

# Print the result
print(f""Final Answer: {result}"")
# Done
```"
110,what was the year in which no event was held ?,1994,"```python
# Extracting the relevant data from the table
years = [1993, 1994, 1995, 1996, 1997, 1998, 1999, 2000, 2001, 2002, 2003, 2004, 2005, 2006, 2007, 2008, 2009, 2010, 2011, 2012, 2013, 2014]
locations = [""orlando"", ""no event"", ""orlando"", ""orlando"", ""nice, france"", ""orlando"", ""orlando"", ""orlando"", ""orlando"", ""orlando"", ""orlando"", ""orlando"", ""orlando"", ""orlando"", ""orlando"", ""orlando"", ""orlando"", ""orlando"", ""orlando"", ""orlando"", ""orlando"", ""orlando""]

# Finding the year in which no event was held
no_event_year = years[locations.index(""no event"")]

# Print the result
print(f""Final Answer: {no_event_year}"")
# Done
```"
111,how many total players withdrew from the 2010 french open tennis competition ?,7,"```python
# Extracting the relevant data from the table
players = [""juan martin del potro"", ""nikolay davydenko"", ""radek stepanek"",""tommy haas"", ""gilles simon"", ""ivo karlovic"", ""kim clijsters""]
withdrawal_reasons = [""right wrist surgery"", ""broken wrist"", ""fatigue"", ""right hip surgery"", ""right knee injury"",""right foot injury"", ""left foot injury""]

# Counting the number of players withdrawn from the 2010 French Open Tennis Competition
total_withdrawals = 0
for index, reason in enumerate(withdrawal_reasons):
    if ""2010"" in reason.lower():
        total_withdrawals += 1

# Print the result
print(f""Final Answer: {total_withdrawals}"")
# Done
```"
112,when was his last competition ?,2013,"```python
# Extracting the relevant data from the table
years = [2005, 2008, 2009, 2010, 2012, 2013]
competitions = [""european u23 championships"", ""olympic games"", ""universiade"", ""european championships"", ""olympic games"", ""world championships""]

# Finding the index of the last competition
last_competition_index = competitions.index(competitions[-1])
last_competition_year = years[last_competition_index]

# Print the result
print(f""Final Answer: {last_competition_year}"")
# Done
```"
113,how many titles are listed for august ?,4,"```python
# Extracting the relevant data from the table
months = [""June"", ""July"", ""July"", ""July"", ""July"", ""August"", ""August"", ""August"", ""August"", ""September"", ""September"", ""September""]
titles = [""pilot"", ""identity"", ""fight or flight"", ""old friends"", ""family business"", ""unpaid debts"", ""broken rules"", ""wanted man"", ""hard bargain"", ""False flag"", ""dead drop"", ""loose ends""]
august_titles = [title for title, month in zip(titles, months) if month == ""August""]

# Count the number of titles listed for August
num_titles_for_august = len(august_titles)

# Print the result
print(f""Final Answer: {num_titles_for_august}"")
# Done
```"
114,which year does the artist have the most charted singles ?,1976,"```python
# Extracting the relevant data from the table
years = [1976, 1976, 1977, 1977, 1979, 1979, 1982]
chart_counts = [1, 1, 1, 1, 1, 1]

# Finding the year with the most charted singles
max_charted_index = chart_counts.index(max(chart_counts))
most_charted_year = years[max_charted_index]

# Print the result
print(f""Final Answer: {most_charted_year}"")
# Done
```"
115,who came in first place at the 1980 winter olympic women 's 1000 metres in speed skating ?,Nataliya Petrusyova,"```python
# Extracting the relevant data from the table
athletes = [""nataliya petrusyova"", ""leah poulos"", ""sylvia albrecht"", ""karin enke"", ""beth heiden"", ""annie borckink"", ""sylvia burka"", ""ann-sofie jarnstrom"", ""sylvia filipsson"", ""annette carlen-karlsson"", ""valentina lalenkova"", ""bjørg eva jensen"", ""sijtje van der lende"", ""sarah docter"", ""haitske valentijn-pijlman"", ""erwina rys-ferens"", ""miyoshi kato"", ""christa rothenburger"", ""brenda webster"", ""irina kuleshova-kovrova"", ""monika pflug"", ""makiko nagaya"", ""sigrid smuda"", ""kathy vogt"", ""yuko yaegashi-ota"", ""lee nam-sun"", ""cao guifeng"", ""anneli repola"", ""silvia brunner"", ""lee seong-ae"", ""zhang li"", ""shen zhenshu"", ""brigitte flierl"", ""kim yeong-hui"", ""kim ferran"", ""marzia peretti"", ""mandy horsepool""]
places = [None, ""6th"", ""9th"", ""11th"", ""15th"", ""4th"", ""9th"", ""9th"", ""5th"", ""17th"", ""7th"", ""4th"", ""1st"", ""19th"", ""2nd""]

# Find the index of the first place
first_place_index = places.index(""1st"")

# Retrieve the corresponding athlete
first_place_athlete = athletes[first_place_index]

# Print the result
print(f""Final Answer: {first_place_athlete}"")
# Done
```"
116,what was the date of the last free choice performance ?,25 March 2011,"```python
# Extracting the relevant data from the table
dates = [""11 february 2011"", ""18 february 2011"", ""25 february 2011"", ""4 march 2011"", ""11 march 2011"", ""18 march 2011"", ""18 march 2011"", ""25 march 2011"", ""25 march 2011"", ""25 march 2011""]
song_choices = [""free choice"", ""the beatles songs"", ""songs from the 2000s"", ""rock songs"", ""free choice (with danish national chamber orchestra)"", ""dj night with rune rk and kato"", ""free choice"", ""joint song with guest take that\nperformed jointly with the kidz\n(booba, sarah and annelouise)"", ""free choice"", ""joint song with guest aqua""]

# Find the index of the last free choice performance
last_free_choice_index = None
for i in range(len(song_choices) - 1, -1, -1):
    if ""free choice"" in song_choices[i]:
        last_free_choice_index = i
        break

# Retrieve the date of the last free choice performance
last_free_choice_date = dates[last_free_choice_index]

# Print the result
print(f""Final Answer: {last_free_choice_date}"")
# Done
```  "
117,in what year was civallero 's first listed achievement ?,1999,"```python
# Extracting the relevant data from the table
years = [1999, 2001, 2001, 2001, 2002, 2002, 2003, 2005]
events = [""universiade"", ""european race walking cup"", ""world championships"", ""universiade"", ""european championships"", ""world race walking cup"", ""world championships"", ""world championships""]
positions = [""2nd"", ""12th"", ""16th"", ""1st"", ""9th"", ""12th"", ""11th"", ""14th""]

# Find the index of the first achievement for civallero
civallero_index = events.index(""world championships"")
first_achievement_year = years[civallero_index]

# Print the result
print(f""Final Answer: {first_achievement_year}"")
# Done
```"
118,what team is listed previous to belgium ?,Ukraine,"```python
# Extracting the relevant data from the table
teams = [""ukraine"", ""belgium"", ""south korea"", ""russia"", ""switzerland"", ""italy"", ""spain"", ""new zealand"", ""mexico"", ""verducci breakaway racing"", ""germany"", ""australia"", ""hong kong"", ""united states"", ""rodin"", ""gis"", ""malaysia"", ""belarus""]

# Finding the team listed previous to ""belgium""
belgium_index = teams.index(""belgium"")
previous_team = teams[belgium_index - 1]

# Print the result
print(f""Final Answer: {previous_team}"")
# Done
```"
119,"on what date was the only game lost with attendance above 40,000 ?","October 19, 1952","```python
# Extracting the relevant data from the table
dates = [""september 28, 1952"", ""october 4, 1952"", ""october 12, 1952"", ""october 19, 1952"", ""october 26, 1952"", ""november 2, 1952"", ""november 9, 1952"", ""november 16, 1952"", ""november 23, 1952"", ""november 30, 1952"", ""december 7, 1952"", ""december 14, 1952""]
results = [""l 24-23"", ""l 14-10"", ""l 63-7"", ""l 27-17""]
attendance = [41182.0, 21458.0, 51858.0, 15140.0]

# Finding the date of the game lost with attendance above 40,000
for index, result in enumerate(results):
    if ""l"" in result and attendance[index] > 40000:
        lost_game_date = dates[index]
        break

# Print the result
print(f""Final Answer: {lost_game_date}"")
# Done
```"
120,"how many races in 2004 , did johnny murtagh not make more than 50,000 dollars in prize money ?",3,"```python
# Extracting the relevant data from the table
years = [2004, 2004, 2004, 2004, 2004, 2004, 2004, 2004]
jockeys = [""johnny murtagh"", ""johnny murtagh"", ""johnny murtagh"", ""johnny murtagh"", ""johnny murtagh"", ""johnny murtagh"", ""johnny murtagh"", ""johnny murtagh""]
prize_money = [6600.0, 11000.0, 56760.56, 55000.0, 116000.0, 174000.0, 119014.08, 3750.0]

# Count the number of races where Johnny Murtagh made less than $50,000 in prize money in 2004
num_races_less_than_50k = sum([1 for i in range(len(years)) if years[i] == 2004 and jockeys[i] == ""johnny murtagh"" and prize_money[i] < 50000])

# Print the result
print(f""Final Answer: {num_races_less_than_50k}"")
# Done
```  "
121,which month had the most games ?,January,"```python
# Extracting the relevant data from the table
months = [12, 12, 1, 1, 1, 1, 1, 1, 1, 1]

# Counting the frequency of each month
month_count = {}
for month in months:
    if month in month_count:
        month_count[month] += 1
    else:
        month_count[month] = 1

# Finding the month with the most games
max_month = max(month_count, key=month_count.get)

# Print the result
print(f""Final Answer: Month {max_month} had the most games."")
# Done
```"
122,which team did they play first during this season ?,Koper,"```python
# Extracting the relevant data from the table
teams = [""koper"", ""hajduk split"", ""koper"", ""hrvatski dragovoljac"", ""sheriff tiraspol"", ""rijeka"", ""sheriff tiraspol"", ""varazdin"", ""karlovac"", ""gyori eto"", ""slaven belupo"", ""gyori eto"", ""cibalia"", ""hajduk split"", ""villarreal"", ""nk zagreb"", ""zadrugar"", ""lokomotiva"", ""paok"", ""istra 1961"", ""osijek"", ""club brugge"", ""sibenik"", ""karlovac"", ""inter zapresic"", ""club brugge"", ""zadar"", ""rnk split"", ""hrvatski dragovoljac"", ""osijek"", ""rijeka"", ""villarreal"", ""varazdin"", ""osijek"", ""paok"", ""karlovac"", ""slaven belupo"", ""cibalia"", ""hajduk split"", ""nk zagreb"", ""slaven belupo"", ""lokomotiva"", ""istra 1961"", ""slaven belupo"", ""osijek"", ""sibenik"", ""inter zapresic"", ""varazdin"", ""zadar"", ""rnk split"", ""varazdin""]
first_opponent = teams[0]

# Print the result
print(f""Final Answer: {first_opponent}"")
# Done
```"
123,was ulm or unterwalden founded in 1115 ?,Ulm,"```python
# Extracting the relevant data from the table
cities = [""uberlingen"", ""ulm"", ""umpfenbach"", ""unterwalden"", ""upper salm"", ""upper bavaria (oberbayern)"", ""upper schonburg"", ""urach"", ""uri"", ""ursberg"", ""utrecht"", ""uznach""]
founding_years = [1268, 1115, None, 1415, 1170, 1255, 1569, None, 1231, None, 1024, None]

# Checking if Ulm or Unterwalden was founded in 1115
if founding_years[cities.index(""ulm"")] == 1115 or founding_years[cities.index(""unterwalden"")] == 1115:
    print(""Final Answer: Yes, Ulm or Unterwalden was founded in 1115"")
else:
    print(""Final Answer: No, Ulm or Unterwalden was not founded in 1115"")

# Done
```"
124,what is the difference between his greatest amount of yearly winnings and his least ?,"$601,860","```python
# Extracting the relevant data from the table
years = [1986, 1987, 1988, 1989, 1990, 1991, 1992, 1993, 1994, 1995, 1996, 1997, 1998, 1999, 2000, 2001, 2002, 2003, 2004, 2005, 2006, 2007, 2008, 2009]
winnings = [535.0, 975.0, 45391.0, 71822.0, 166842.0, 152206.0, 170716.0, 336432.0, 39475.0, 110105.0, 90942.0, 4425.0, 16444.0, 128750.0, 7925.0, 27000.0, 86830.0, 83825.0, 482604.0, 602395.0, 72136.0, 45800.0, 42651.0, 20927.0]

# Finding the greatest and lowest winnings
greatest_winnings = max(winnings)
lowest_winnings = min(winnings)

# Calculating the difference
difference = greatest_winnings - lowest_winnings

# Printing the result
print(f""Difference in yearly winnings: {difference}"")
# Done
```"
125,what was the race time in 2004 ?,3:38:33,"```python
# Extracting the relevant data from the table
years = [1997, 1998, 1999, 2000, 2001, 2002, 2003, 2004, 2005, 2006, 2007, 2008, 2009, 2010, 2011, 2012, 2013, 2014]
race_times = [""3:13:32"", ""3:33:57"", ""3:19:38"", ""3:20:50"", ""3:29:37"", ""3:19:53"", ""3:34:07"", ""3:38:33"", ""3:34:45"", ""3:23:43"", ""3:36:41"", ""3:46:04"", ""3:40:51"", ""3:31:24"", ""2:39:06"", ""1:36:39"", ""2:57:19"", ""3:05:53""]

# Finding the race time in 2004
year_index = years.index(2004)
race_time_2004 = race_times[year_index]

# Print the result
print(f""Final Answer: {race_time_2004}"")
# Done
```"
126,in what year did roche win his first doubles title ?,1968,"```python
# Extracting the relevant data from the table
outcomes = [""winner"", ""runner-up"", ""runner-up"", ""runner-up"", ""winner"", ""winner"", ""winner"", ""winner"", ""winner"", ""winner"", ""runner-up"", ""winner"", ""winner"", ""runner-up"", ""runner-up"", ""runner-up"", ""runner-up"", ""winner"", ""runner-up"", ""winner"", ""winner"", ""runner-up"", ""winner"", ""runner-up"", ""winner"", ""winner"", ""winner"", ""runner-up"", ""runner-up"", ""winner"", ""winner""]
years = [1968, 1968, 1968, 1969, 1969, 1969, 1970, 1970, 1971, 1971, 1971, 1971, 1971, 1972, 1972, 1972, 1972, 1972, 1972, 1972, 1974, 1974, 1974, 1974, 1976, 1976, 1977, 1977, 1977, 1977, 1978]
partners = [""ken rosewall"", ""ken rosewall"", ""fred stolle"", ""tom okker"", ""roy emerson"", ""tom okker"", ""ken rosewall"", ""roy emerson"", ""tom okker"", ""roy emerson"", ""tom okker"", ""andres gimeno"", ""bob carmichael"", ""tom okker"", ""arthur ashe"", ""tom okker"", ""roy emerson"", ""john alexander"", ""tom okker"", ""arthur ashe"", ""tom okker"", ""john alexander"", ""robert lutz"", ""ross case"", ""ross case"", ""vitas gerulaitis"", ""charlie pasarell"", ""wojtek fibak"", ""wojtek fibak"", ""ross case"", ""mark edmondson""]

# Finding the year Roche won his first doubles title
roche_index = partners.index(""john newcombe"")
year = years[roche_index]

# Print the result
print(f""Final Answer: {year}"")
# Done
```"
127,"which divisions had a population below 15,000 in 2005 ?",3,"```python
# Extracting the relevant data from the table
divisions = [""qingxi"", ""ruyi"", ""yintian"", ""daping"", ""yongyi"", ""shaoshan"", ""yanglin""]
populations = [20000.0, 15100.0, 19500.0, 14300.0, 10600.0, 14700.0, 20600.0]

# Find divisions with populations below 15,000 in 2005
below_15000_divisions = [div for div, pop in zip(divisions, populations) if pop < 15000]

# Print the result
print(f""Final Answer: {below_15000_divisions}"")
# Done
```  "
128,his / her efforts awarded them the 416th oak leaves ?,August Geiger+,res
129,how many times has anton lyuboslavskiy competed in the olympic games ?,1,"```python
# Extracting the relevant data from the table
years = [2002, 2003, 2005, 2005, 2005, 2006, 2006, 2007, 2007, 2008, 2009]
competitions = [""world junior championships"", ""european junior championships"", ""european u23 championships"", ""world championships"", ""universiade"", ""world indoor championships"", ""european championships"", ""european indoor championships"", ""world championships"", ""olympic games"", ""european indoor championships""]

# Counting the number of times Anton Lyuboslavskiy competed in the Olympic Games
olympic_games_count = competitions.count(""olympic games"")

# Print the result
print(f""Final Answer: Anton Lyuboslavskiy competed in the Olympic Games {olympic_games_count} times."")
# Done
```"
130,what was the date of the last win ?,28 August,"```python
# Extracting the relevant data from the table
rounds = [""1"", ""2"", ""3"", ""4"", ""5"", ""6"", ""7"", ""8"", ""9"", ""10"", ""11"", ""12"", ""13"", ""14"", ""15"", ""16"", ""17"", ""18"", ""19"", ""20"", ""21"", ""22"", ""ef""]
dates = [""saturday, 2 april 2:10pm"", ""friday, 8 april 7:40pm"", ""sunday, 17 april 2:10pm"", ""saturday, 23 april 2:10pm"", ""friday, 29 april 7:40pm"", ""friday, 6 may 7:40pm"", ""friday, 13 may 7:40pm"", ""sunday, 22 may 2:10pm"", ""sunday, 29 may 2:10pm"", ""sunday, 5 june 2:10pm"", ""monday, 13 june 2:10pm"", ""sunday, 19 june 2:10pm"", ""sunday, 26 june 2:10pm"", ""saturday, 2 july 2:10pm"", ""sunday, 10 july 2:10pm"", ""friday, 15 july 7:40pm"", ""friday, 22 july 7:40pm"", ""sunday, 31 july 2:10pm"", ""sunday, 7 august 2:10pm"", ""saturday, 13 august 2:10pm"", ""sunday, 21 august 7:40pm"", ""sunday, 28 august 2:10pm"", ""saturday, 3 september 2:10pm""]
results = [""won by 21 points"", ""won by 99 points"", ""won by 118 points"", ""lost by 87 points"", ""won by 7 points"", ""lost by 13 points"", ""won by 76 points"", ""lost by 53 points"", ""lost by 13 points"", ""lost by 41 points"", ""lost by 20 points"", ""lost by 43 points"", ""won by 34 points"", ""lost by 27 points"", ""won by 20 points"", ""won by 9 points"", ""lost by 70 points"", ""won by 44 points"", ""won by 31 points"", ""won by 9 points"", ""won by 60 points"", ""won by 24 points"", ""lost by 2 points""]

# Find the index of the last win
last_win_index = max([i for i, result in enumerate(results) if ""won"" in result])

# Retrieve the corresponding date
last_win_date = dates[last_win_index]

# Print the result
print(f""Final Answer: {last_win_date}"")
# Done
```"
131,how many times did his jump surpass 7.70 m ?,5,"```python
# Extracting the relevant data from the table
jumps = [""7.43 m"", ""7.68 m"", ""8.01 m"", ""7.77 m"", ""7.91 m (w)"", ""7.75 m"", ""7.78 m""]
jump_results = [7.43, 7.68, 8.01, 7.77, 7.91, 7.75, 7.78]

# Counting the number of times the jump surpassed 7.70 m
surpass_count = sum(result > 7.70 for result in jump_results)

# Print the result
print(f""Final Answer: {surpass_count}"")
# Done
```"
132,how many ties occurred in the second round ?,2,"```python
# Extracting the relevant data from the table
teams = [""uniao da madeira"", ""penafiel"", ""santa clara"", ""naval"", ""moreirense"", ""portimonense"", ""estoril"", ""belenenses""]
second_leg_scores = [None, None, None, None, None, ""5-4p"", None, None]

# Counting the number of ties in the second round
num_ties = second_leg_scores.count(None)

# Print the result
print(f""Final Answer: {num_ties}"")
# Done
```"
133,which was the only polling firm to show more than 50 percent in favor of same sex marriage in 2006 ?,Zogby International,"```python
# Extracting the relevant data from the table
polling_firms = [""rutgers-eagleton"", ""quinnipiac"", ""rutgers-eagleton"", ""quinnipiac"", ""public policy polling"", ""quinnipiac"", ""rutgers-eagleton"", ""quinnipiac"", ""rutgers-eagleton"", ""rutgers-eagleton"", ""public policy polling"", ""quinnipiac"", ""rutgers-eagleton"", ""quinnipiac"", ""zogby international"", ""zogby international"", ""rasmussen reports"", ""rutgers-eagleton"", ""zogby international"", ""zogby international"", ""rutgers-eagleton"", ""zogby international""]
years = [2014, 2013, 2013, 2013, 2012, 2012, 2012, 2012, 2011, 2011, 2011, 2009, 2009, 2009, 2008, 2007, 2006, 2006, 2006, 2005, 2003, 2003]
favor_percentages = [64.0, 60.0, 59.0, 64.0, 53.0, 57.0, 54.0, 52.0, 52.0, 52.0, 47.0, 46.0, 50.0, 49.0, 50.0, 48.1, 42.0, 49.0, 56.0, 54.5, 43.0, 55.0]

# Find the index of the polling firm that showed more than 50 percent in favor of same sex marriage in 2006
index_2006 = [i for i, (firm, year) in enumerate(zip(polling_firms, years)) if year == 2006 and favor_percentages[i] > 50][0]
polling_firm_2006 = polling_firms[index_2006]

# Print the result
print(f""Final Answer: {polling_firm_2006}"")
# Done
```"
134,in what year did the first h ii flight take place ?,1994,"```python
# Extracting the relevant data from the table
flight_types = [""tf1 (test flight)"", ""tf1 (test flight)"", ""tf2"", ""tf3"", ""tf3"", ""f4"", ""f4"", ""f6"", ""f6"", ""f5"", ""f8"", ""f7"", ""f7""]
flight_dates = [""1994-02-04"", ""1994-02-04"", ""1994-08-28"", ""1995-03-18"", ""1995-03-18"", ""1996-08-17"", ""1996-08-17"", ""1997-11-27"", ""1997-11-27"", ""1998-02-21"", ""1999-11-15"", ""canceled"", ""canceled""]

# Finding the index of the first h ii flight
index = flight_types.index(""tf1 (test flight)"")

# Retrieving the year of the first h ii flight
first_h_ii_year = int(flight_dates[index][:4])

# Print the result
print(f""Final Answer: {first_h_ii_year}"")
# Done
```  "
135,how many lasted less than 5 minutes ?,3,"```python
# Extracting the relevant data from the table
times = [""03:00"", ""06:47"", ""05:32"", ""06:47"", ""06:47"", ""04:55"", ""06:06"", ""00:05""]

# Convert the times to minutes for comparison
minutes = [int(time.split(':')[0]) for time in times]
seconds = [int(time.split(':')[1]) for time in times]
total_minutes = [minutes[i] + seconds[i] / 60 for i in range(len(minutes)]

# Counting the number of entries that lasted less than 5 minutes
count_less_than_5_minutes = sum([1 for time in total_minutes if time < 5])

# Print the result
print(f""Final Answer: {count_less_than_5_minutes}"")
# Done
```"
136,what is the last year on the chart ?,2015,"```python
# Extracting the relevant data from the table
years = [1939, 1940, 1941, 1946, 1947, 1948, 1949, 1950, 1951, 1952, 1953, 1954, 1955, 1956, 1957, 1958, 1959, 1960, 1961, 1962, 1963, 1964, 1965, 1966, 1967, 1968, 1969, 1970, 1971, 1972, 1973, 1974, 1975, 1976, 1977, 1978, 1979, 1980, 1981, 1982, 1983, 1984, 1985, 1986, 1987, 1988, 1989, 1990, 1991, 1992, 1993, 1994, 1995, 1996, 1997, 1998, 1999, 2000, 2001, 2002, 2003, 2004, 2005, 2006, 2007, 2008, 2009, 2010, 2011, 2012, 2013, 2014, 2015]

# Finding the last year
last_year = years[-1]

# Print the result
print(f""Final Answer: {last_year}"")
# Done
```"
137,who is the most high grossing director of 1965 ?,Robert Wise,"```python
# Extracting the relevant data from the table
year = 1965
directors = [""robert wise"", ""david lean"", ""ken annakin"", ""blake edwards"", ""robert stevenson"", ""terence young"", ""elliot silverstein"", ""clive donner"", ""andrew v. mclaglen"", ""mark robson"", ""george stevens"", ""sergio leone"", ""vincente minnelli"", ""guy green"", ""henry hathaway"", ""richard lester"", ""richard quine"", ""john schlesinger"", ""carol reed"", ""ralph levy, george marshall"", ""martin ritt"", ""stanley kramer"", ""william wyler"", ""john frankenheimer""]
gross_amounts = [163214286.0, 111721910.0, 31111111.0, 28068222.0, 28068222.0, 63595658.0, 111721910.0, 63595658.0, 190327287.0, 4769007.0, 11137144.0, 1421775.0, 11112500.0, 19111111.0, 3539533.0, 35644424.0, 4151496.0, 28600000.0, 36821834.0, 5463105.0, 251440326.0, 156111.0, 1203696.0, 187446934.0]

# Create a dictionary to map directors and their gross amounts
director_gross_dict = dict(zip(directors, gross_amounts))

# Find the most high-grossing director of 1965
top_director = max(director_gross_dict, key=director_gross_dict.get)

# Print the result
print(f""Final Answer: {top_director}"")
# Done
```"
138,compare the scottish national party to the conservative and determine which party had their leaders in office for a longer time .,Conservative,"```python
# Extracting the relevant data from the table
parties = [""scottish national party"", ""scottish national party"", ""labour"", ""labour"", ""labour"", ""labour"", ""labour"", ""labour"", ""labour"", ""conservative"", ""conservative"", ""sdp/liberal alliance"", ""independent""]
leaders = [""gordon wallace"", ""robert cunning"", None, ""iain nicolson"", ""charles kennedy"", ""andrew cochrane"", ""robert coyle"", ""brian wallace"", ""charles kennedy"", ""william leslie"", ""ian young"", ""joyce shannon"", ""andrew archibald""]
from_dates = [""1974-05"", ""1978-05"", ""1974-05"", ""1980-05"", ""1984-05"", ""1989-01"", ""1992-05"", ""1993-06"", ""1994-09"", ""1974-05"", ""1992-05"", ""1986-02"", ""1974-05""]
to_dates = [""1978-05"", ""1980-05"", ""1980-05"", ""1984-05"", ""1989-01"", ""1992-05"", ""1993-05"", ""1994-09"", ""1996-04"", ""1992-05"", ""1996-04"", ""1992-05"", ""1977-05""]

# Calculating the duration of office for each leader
def calculate_duration(from_date, to_date):
    from_year, from_month = map(int, from_date.split('-'))
    to_year, to_month = map(int, to_date.split('-'))
    return (to_year - from_year) * 12 + (to_month - from_month)

# Getting the duration for the Scottish National Party and Conservative leaders
snp_duration = sum(calculate_duration(from_date, to_date) for party, from_date, to_date in zip(parties, from_dates, to_dates) if party == ""scottish national party"")
con_duration = sum(calculate_duration(from_date, to_date) for party, from_date, to_date in zip(parties, from_dates, to_dates) if party == ""conservative"")

# Comparing the durations
if snp_duration > con_duration:
    print(""The Scottish National Party had their leaders in office for a longer time."")
elif snp_duration < con_duration:
    print(""The Conservative Party had their leaders in office for a longer time."")
else:
    print(""The Scottish National Party and the Conservative Party had their leaders in office for an equal duration."")

# Done
```"
139,how many riders were faster than massimo ottobre ?,10,"```python
# Extracting the relevant data from the table
riders = [""max biaggi"", ""marcellino lucchi"", ""ralf waldmann"", ""olivier jacque"", ""jurgen fuchs"", ""tetsuya harada"", ""jean-philippe ruggia"", ""nobuatsu aoki"", ""luis d'antin"", ""cristiano migliorati"", ""massimo ottobre"", ""eskil suter"", ""luca boscoscuro"", ""regis laconi"", ""jurgen vd goorbergh"", ""sebastian porto"", ""jamie robinson"", ""olivier petrucciani"", ""alessandro antonello"", ""osamu miyazaki"", ""davide bulega"", ""yasumasa hatakeyama"", ""franco battaini"", ""sete gibernau"", ""christian boudinot"", ""jose barresi"", ""roberto rolfo"", ""cristophe cogan"", ""gianluigi scalvini"", ""roberto locatelli"", ""takeshi tsujimura""]
times = [40, 6.914, 18.294, 18.607, 31.617, 31.649, 31.683, 47.701, 51.186, 51.556, 51.563, 51.613, 51.617, 52.394, 52.569, 1, 1, 1, 1, 1, 1, 1, 1, 1, 1, 1, 1, 1, None, None, None]
rider_index = riders.index(""massimo ottobre"")
massimo_time = times[rider_index]

# Counting the number of riders faster than Massimo Ottobre
faster_riders_count = sum([1 for time in times if time is not None and time < massimo_time])

# Print the result
print(f""Final Answer: {faster_riders_count}"")
# Done
```"
140,what is the total of 2013 teams on the chart ?,10,"```python
# Extracting the relevant data from the table
teams = [""chicago bears"", ""new york jets"", ""miami dolphins"", ""tennessee titans"", ""arizona cardinals"", ""chicago bears"", ""detroit lions"", None, ""jacksonville jaguars"", ""oakland raiders"", ""chicago bears"", ""carolina panthers"", ""tampa bay buccaneers"", None]

# Filtering out None values and counting the unique teams
unique_teams = len(set(filter(None, teams)))

# Print the result
print(f""Final Answer: {unique_teams}"")
# Done
```"
141,which season did they finish in the same place as the 1998-1999 season ?,2004/05,"```python
# Extracting the relevant data from the table
seasons = [""1991-98"", ""1998/99"", ""1999/00"", ""2000/01"", ""2001/02"", ""2002/03"", ""2003/04"", ""2004/05"", ""2005/06""]
places = [None, ""8th"", ""5th"", ""7th"", ""9th"", ""9th"", ""2nd"", ""8th"", ""6th""]

# Find the place where they finished in the 1998-1999 season
1998_99_index = seasons.index(""1998/99"")
place_1998_99 = places[1998_99_index]

# Find the index of the season where they finished in the same place as the 1998-1999 season
same_place_index = places.index(place_1998_99)

# Retrieve the corresponding season
same_place_season = seasons[same_place_index]

# Print the result
print(f""Final Answer: {same_place_season}"")
# Done
```"
142,what date was the first ship launched ?,30 September 1943,"```python
# Extracting the relevant data from the table
ship_names = [""wave baron"", ""wave chief"", ""wave commander"", ""wave conqueror"", ""wave duke"", ""wave emperor"", ""wave governor"", ""wave king"", ""wave knight"", ""wave laird"", ""wave liberator"", ""wave master"", ""wave monarch"", ""wave premier"", ""wave prince"", ""wave protector"", ""wave regent"", ""wave ruler"", ""wave sovereign"", ""wave victor""]
launch_dates = [""19 february 1946"", ""30 august 1946"", ""21 april 1944"", ""27 november 1943"", ""16 november 1944"", ""16 october 1944"", ""30 november 1944"", ""21 july 1944"", ""22 october 1945"", ""3 april 1946"", ""9 february 1944"", ""20 may 1944"", ""6 july 1944"", ""27 june 1946"", ""27 july 1945"", ""20 july 1944"", ""29 march 1945"", ""17 january 1946"", ""20 november 1945"", ""30 september 1943""]

# Finding the launch date of the first ship
first_ship_index = 0
first_ship_launch_date = launch_dates[first_ship_index]

# Print the result
print(f""Final Answer: {first_ship_launch_date}"")
# Done
```"
143,how many times was jan steytler the party leader ?,3,"```python
# Extracting the relevant data from the table
party_leaders = [""jan steytler"", ""jan steytler"", ""jan steytler"", ""colin eglin"", ""colin eglin"", ""frederik van zyl slabbert"", ""colin eglin"", ""zach de beer, denis worrall, wynand malan""]
leader_counts = [1, 1, 1, 1, 1, 1, 1, 3]

# Calculate the total times Jan Steytler was the party leader
jan_steytler_count = sum([count for leader, count in zip(party_leaders, leader_counts) if 'jan steytler' in leader])

# Print the result
print(f""Final Answer: Jan Steytler was the party leader {jan_steytler_count} times."")
# Done
``` "
144,what year was mischa barton 's first film role ?,1995,"```python
# Extracting the relevant data from the table
years = [1995, 1996, 1997, 1999, 1999, 1999, 2000, 2000, 2000, 2001, 2001, 2001, 2002, 2003, 2006, 2007, 2007, 2007, 2008, 2009, 2009, 2010, 2011, 2012, 2012, 2012, 2012, 2013, 2013, 2013, 2013]
titles = [""polio water"", ""new york crossing"", ""lawn dogs"", ""pups"", ""notting hill"", ""the sixth sense"", ""paranoid"", ""skipped parts"", ""frankie & hazel"", ""lost and delirious"", ""julie johnson"", ""tart"", ""a ring of endless light"", ""octane"", ""the oh in ohio"", ""closing the ring"", ""st trinian's"", ""virgin territory"", ""assassination of a high school president"", ""walled in"", ""homecoming"", ""don't fade away"", ""you and i"", ""into the dark"", ""ben banks"", ""apartment 1303 3d"", ""cyberstalker"", ""bhopal: a prayer for rain"", ""a resurrection"", ""l.a. slasher"", ""gutsy frog""]
roles = [""diane"", ""drummond"", ""devon stockard"", ""rocky"", ""12-year-old actress"", ""kyra collins"", ""theresa"", ""maurey pierce"", ""francesca 'frankie' humphries"", ""mary 'mouse' bedford"", ""lisa johnson"", ""grace bailey"", ""vicky austin"", ""natasha 'nat' wilson"", ""kristen taylor"", ""young ethel ann"", ""jj french"", ""pampinea"", ""francesca fachini"", ""sam walczak"", ""shelby mercer"", ""kat"", ""lana"", ""sophia monet"", ""amy"", ""lara slate"", ""aiden ashley"", ""eva gascon"", ""jessie"", ""the actress"", ""ms. monica""]
film_types = [""short film"", ""television film"", None, None, None, None, None, None, ""television film"", None, None, None, ""television film"", None, None, None, None, None, None, None, None, None, None, None, None, None, ""television film"", None, ""also producer"", None, ""television film""]

# Find the index of the first film role
first_film_index = roles.index(""diane"")

# Retrieve the year of the first film role
first_film_year = years[first_film_index]

# Print the result
print(f""Final Answer: {first_film_year}"")
# Done
```"
145,which year 's were the most japanese titles produced ?,2005|2008|2009,"```python
# Extracting the relevant data from the table
years = [1997, 1998, 2001, 2002, 2002, 2004, 2005, 2005, 2005, 2006, 2007, 2007, 2008, 2008, 2008, 2009, 2009, 2009, 2010, 2010, 2012, 2014]
japanese_titles = [""あくり"", ""ラファントヒース"", ""ネハーラント"", ""hito ni yasashiku (人にやさしく / 3ヒース)"", ""engimono (演技者)"", ""kino wa tomo kyo no teki"", ""dekabeya (六本木おかしな割)"", ""asuka e, soshite mada minu ko e (飛鳥へ、そしてまた見ぬ子へ)"", ""nemureru mori no shitai (眠れる森の死体)"", ""アキハバラ@deep"", ""hana yori dango returns"", ""hanazakari no kimitachi e"", ""hachimitsu to clover (ハチミツとクローバー)"", ""hanazakari no kimitachi e"", ""mao"", ""inochi naki mono no koe (ウォイス)"", ""majo saiban (鬼女裁判)"", ""yonimo \""kim\"" yo na monogatari"", ""unobore deka (うぬぼれ刑事)"", ""kyuukei no kouya"", ""osozaki no himawari ~boku no jinsei, renewal~ (遅咲きのヒマワリ ~僕の人生、リニューアル~)"", ""gunshi kanbei""]

# Counting the number of Japanese titles produced each year
year_title_count = {}
for year, title in zip(years, japanese_titles):
    if year not in year_title_count:
        year_title_count[year] = 1
    else:
        year_title_count[year] += 1

# Finding the year with the most Japanese titles produced
most_titles_year = max(year_title_count, key=year_title_count.get)

# Print the result
print(f""Final Answer: The year with the most Japanese titles produced is {most_titles_year}"")
# Done
```"
146,which team was the previous winner before dublin in 2013 ?,Clare,"```python
# Extracting the relevant data from the table
years = [2000, 2001, 2002, 2003, 2004, 2005, 2006, 2007, 2008, 2009, 2010, 2011, 2012, 2013]
winners = [""meath"", ""kerry"", ""laois"", ""antrim"", ""down"", ""offaly"", ""dublin"", ""laois"", ""westmeath"", ""offaly"", ""wexford"", ""limerick"", ""clare"", ""dublin""]

# Finding the index of the winner before dublin in 2013
dublin_index = winners.index(""dublin"")
previous_winner = winners[dublin_index - 1]

# Print the result
print(f""Final Answer: {previous_winner}"")
# Done
```"
147,who was the opponent after guinea in 1989 ?,Colombia,"```python
# Extracting the relevant data from the table
years = [1988, 1988, 1988, 1988, 1988, 1988, 1988, 1988, 1989, 1989, 1989, 1989, 1989, 1989]
opponents = [""indonesia"", ""south korea"", ""south korea"", ""south korea"", ""south korea"", ""iraq"", ""bahrain"", ""bahrain"", ""guinea"", ""colombia"", ""bahrain"", ""portugal"", ""kuwait"", ""bahrain""]

# Finding the index of the opponent after guinea in 1989
opponent_index = opponents.index(""guinea"")
next_opponent = opponents[opponent_index + 1]

# Print the result
print(f""Final Answer: {next_opponent}"")
# Done
```  "
148,what 's the number of people who attended the oklahoma game on 11/29/1985 ?,300,"```python
# Extracting the relevant data from the table
dates = [""11/26/1985"", ""11/26/1985"", ""11/29/1985"", ""12/4/1985"", ""12/6/1985"", ""12/7/1985"", ""12/10/1985"", ""12/14/1985"", ""12/21/1985"",
         ""12/23/1985"", ""12/30/1985"", ""1/2/1986"", ""1/4/1986"", ""1/8/1986"", ""1/12/1986"", ""1/16/1986"", ""1/18/1986"", ""1/23/1986"", ""1/25/1986"",
         ""2/2/1986"", ""2/6/1986"", ""2/8/1986"", ""2/13/1986"", ""2/15/1986"", ""2/20/1986"", ""2/22/1986"", ""2/27/1986"", ""3/1/1986"", ""3/6/1986"",
         ""3/8/1986"", ""3/14/1986"", ""3/16/1986""]
attendance = [""13143"", ""200"", ""300"", ""13417"", ""13707"", ""13980"", ""12700"", ""15564"", ""13106"", ""10043"", ""9876"", ""13329"", ""16676"", ""13609"",
              ""7912"", ""12829"", ""13891"", ""13071"", ""17128"", ""16412"", ""15947"", ""16353"", ""8117"", ""10605"", ""16349"", ""16376"", ""14123"", ""15148"",
              ""15450"", ""13608"", None, ""11325""]

# Find the index of the Oklahoma game on 11/29/1985
game_index = dates.index(""11/29/1985"")

# Retrieve the attendance for the Oklahoma game on 11/29/1985
oklahoma_attendance = attendance[game_index]

# Print the result
print(f""The number of people who attended the Oklahoma game on 11/29/1985 is: {oklahoma_attendance} people"")
# Done
```"
149,"what was the total attendance for the september 19th , 1984 game ?","33,119","```python
# Extracting the relevant data from the table
dates = [""1984-09-19"", ""1984-10-03"", ""1984-10-24"", ""1984-11-07"", ""1984-11-28"", ""1984-12-12"", ""1985-03-06"", ""1985-03-20""]
attendances = [33119, 26000, 27500, 39281, 48278, 21821, 35432, 25000]

# Finding the total attendance for the September 19th, 1984 game
game_index = dates.index(""1984-09-19"")
total_attendance = attendances[game_index]

# Print the result
print(f""Final Answer: Total attendance for the September 19th, 1984 game was {total_attendance}"")
#Done
```"
150,what are the total amounts of times that prokom trefl sopot is listed as the champion ?,5,"```python
# Extracting the relevant data from the table
champions = [""slask eska wrocław"", ""mazowszanka pekaes pruszkow"", ""zepter slask wrocław"", ""zepter slask wrocław"", ""zepter slask wrocław"", ""zepter slask wrocław"", ""idea slask wrocław"", ""anwil włocławek"", ""prokom trefl sopot"", ""prokom trefl sopot"", ""prokom trefl sopot"", ""prokom trefl sopot"", ""prokom trefl sopot"", ""asseco prokom sopot"", ""asseco prokom gdynia"", ""asseco prokom gdynia"", ""asseco prokom gdynia"", ""stelmet zielona gora"", None]

# Counting the number of times 'prokom trefl sopot' is listed as champion
prokom_champion_count = champions.count(""prokom trefl sopot"")

# Print the result
print(f""Final Answer: {prokom_champion_count}"")
# Done
```"
151,what is the total number of episodes in the season ?,24,"```python
# Extracting the relevant data from the table
episode_numbers = [125, 126, 127, 128, 129, 130, 131, 132, 133, 134, 135, 136, 137, 138, 139, 140, 141, 142, 143, 144, 145, 146, 147, 148]

# Calculating the total number of episodes in the season
total_episodes = len(episode_numbers)

# Print the result
print(f""Total Number of Episodes in the Season: {total_episodes}"")
#Done
```"
152,"at the 2006 gran premio telmex , did oriol servia or katherine legge complete more laps ?",Oriol Servià,"```python
# Extracting the relevant data from the table
drivers = [""sebastien bourdais"", ""justin wilson"", ""will power"", ""bruno junqueira"", ""alex tagliani"", ""oriol servia"", ""nelson philippe"", ""andrew ranger"", ""david martinez"", ""buddy rice"", ""charles zwolsman"", ""antonio pizzonia"", ""jan heylen"", ""ryan briscoe"", ""andreas wirth"", ""katherine legge"", ""mario dominguez"", ""dan clarke""]
laps_completed = [66, 66, 66, 66, 66, 66, 66, 65, 65, 65, 65, 65, 65, 64, 64, 63, 59, 7]

# Finding the index for Oriol Servia and Katherine Legge
oriol_index = drivers.index(""oriol servia"")
katherine_index = drivers.index(""katherine legge"")

# Determining who completed more laps
winner = drivers[oriol_index] if laps_completed[oriol_index] > laps_completed[katherine_index] else drivers[katherine_index]

# Printing the result
print(f""Final Answer: {winner}"")

# Done
```  "
153,what movies was morrison involved with in 2007 ?,Music and Lyrics|Dan in Real Life|I Think I Love My Wife,"```python
# Extracting the relevant data from the table
years = [1999, 2003, 2005, 2006, 2007, 2007, 2007, 2011, 2012]
titles = [""bob rizzo's simply funk with suzanne"", ""marci x"", ""once upon a mattress"", ""blinders"", ""music and lyrics"", ""dan in real life"", ""i think i love my wife"", ""the muppets"", ""what to expect when you're expecting""]
roles = [""himself"", ""boyz r us"", ""sir harry"", ""scott"", ""ray"", ""policeman"", ""salesman #2"", ""mahna mahna host"", ""evan""]
morrison_as = [""as matthew j. morrison"", ""as matthew j. morrison"", None, None, None, None, None, None, None]

# Finding the movies Morrison was involved with in 2007
movies_2007 = [titles[i] for i in range(len(years)) if years[i] == 2007 and (morrison_as[i] is not None)]

# Print the result
print(f""Final Answer: {movies_2007}"")
# Done
```"
154,which city had the least people at the 2002 census ?,Sânpetru,"```python
# Extracting the relevant data from the table
cities = [""brasov"", ""codlea"", ""sacele"", ""ghimbav"", ""predeal"", ""rasnov"", ""cristian"", ""sanpetru"", ""halchiu"", ""tarlungeni"", ""prejmer"", ""harman"", ""bod"", ""total""]
populations_2002 = [283901.0, 24256.0, 30044.0, 5100.0, 5625.0, 15436.0, 3952.0, 3401.0, 4072.0, 7413.0, 8323.0, 4437.0, 3942.0, 399902.0]

# Find the index of the city with the least population in 2002
min_population_2002_index = populations_2002.index(min(populations_2002))

# Retrieve the city with the least population in 2002
city_least_population_2002 = cities[min_population_2002_index]

# Print the result
print(f""Final Answer: {city_least_population_2002}"")
#Done
```"
155,which team has the most third place wins in the speedway junior world championship between 2005 and 2012 ?,Sweden,"```python
# Extracting the relevant data from the table
years = [2005, 2006, 2007, 2008, 2009, 2010, 2011, 2012]
third_places = [""poland (41 pts)"", ""poland (41 pts)"", ""poland (40 pts)"", ""poland (40 pts)"", ""poland (57 pts)"", ""denmark (51 pts)"", ""russia (61 pts)"", ""poland (61 pts)""]

# Creating a dictionary to store the third place wins for each team
third_place_wins = {}

# Counting the number of third place wins for each team
for place in third_places:
    team = place.split()[0]  # Extracting the team name
    if team in third_place_wins:
        third_place_wins[team] += 1
    else:
        third_place_wins[team] = 1

# Finding the team with the most third place wins
team_most_third_wins = max(third_place_wins, key=third_place_wins.get)

# Print the result
print(f""Final Answer: {team_most_third_wins}"")
# Done
```"
156,which player is listed previous to joe reekie ?,Paul Ames,"```python
# Extracting the relevant data from the table
players = [""paul ames"", ""joe reekie"", ""greg evtushevski"", ""bob pierson"", ""tim burgess"", ""cam plante"", ""iain duncan"", ""terry maki"", ""jeff hogg"", ""craig mack"", ""steve orth"", ""christian ruuttu"", ""dwaine hutton"", ""sean toomey"", ""jim sprenger"", ""vladislav tretiak"", ""scott birnie"", ""dale derkatch"", ""bob mormina"", ""ian armstrong""]

# Find the index of ""joe reekie""
reekie_index = players.index(""joe reekie"")

# Retrieve the player previous to ""joe reekie""
previous_player = players[reekie_index - 1]

# Print the result
print(f""Final Answer: {previous_player}"")
# Done
```"
157,how many athletes have a time of 13.29 ?,2,"```python
# Extracting the relevant data from the table
times = [12.74, 12.83, 12.92, 12.98, 13.01, 13.03, 13.08, 13.22, 13.29, 13.29, 13.45, 13.58, 13.59, 13.73, None, None, None]

# Counting the number of athletes with a time of 13.29
count_athletes = times.count(13.29)

# Print the result
print(f""Final Answer: {count_athletes}"")
# Done
```"
158,how many times were the % of constituency votes at least 1.0 ?,5,"```python
# Extracting the relevant data from the table
constituency_votes_percentages = [1.8, 3.6, 0.5, 0.4, None, 0.1, 0.5, 0.4, 0.1, 0.1, 1.8, 1.8, 1.5]

# Counting the number of times % of constituency votes were at least 1.0
votes_at_least_1 = sum(1 for vote in constituency_votes_percentages if vote is not None and vote >= 1.0)

# Print the result
print(f""Final Answer: {votes_at_least_1}"")
# Done
```"
159,how many times did leonardo maia have the fastest lap ?,6,"```python
# Extracting the relevant data from the table
drivers = [""leonardo maia"", ""leonardo maia"", ""victor gonzalez, jr"", ""memo rojas"", ""leonardo maia"", ""leonardo maia"", ""leonardo maia"", ""leonardo maia"", ""leonardo maia"", ""memo rojas""]
fastest_laps = [""dan di leo"", ""david martinez"", ""scott poirier"", ""leonardo maia"", ""leonardo maia"", ""leonardo maia"", ""leonardo maia"", ""david martinez"", ""leonardo maia"", ""leonardo maia""]

# Counting the number of times Leonardo Maia had the fastest lap
leonardo_maia_fastest_lap_count = fastest_laps.count(""leonardo maia"")

# Print the result
print(f""Final Answer: {leonardo_maia_fastest_lap_count}"")
# Done
```"
160,what is the shortest time the marathon was completed in since 1990 ?,2:13:00,"```python
# Extracting the relevant data from the table
years = [1983, 1984, 1985, 1986, 1987, 1989, 1990, 1991, 1992, 1993, 1994, 1996, 1997, 1997, 1999, 2000, 2002, 2003, 2004, 2005, 2006, 2007, 2008, 2009, 2010, 2011, 2012]
times = [""2:24:15"", ""2:33:59"", ""2:35:11"", ""2:31:28"", ""2:29:40"", ""2:31:47"", ""2:27:56"", ""2:23:46"", ""2:26:34"", ""2:23:23"", ""2:24:35"", ""2:13:00"", ""2:23:08"", ""2:25:36"", ""2:22:54"", ""2:25:17"", ""2:23:20"", ""2:16:36"", ""2:21:22"", ""2:19:35"", ""2:18:23"", ""2:17:32"", ""2:17:45"", ""2:13:05"", ""2:13:20"", ""2:16:57"", ""2:13:03""]

# Filter the times since 1990 and remove None values
indices_since_1990 = [i for i, year in enumerate(years) if year >= 1990]
times_since_1990 = [time for i, time in enumerate(times) if i in indices_since_1990 and times[i] is not None]

# Find the shortest time completed since 1990
shortest_time = min(times_since_1990)

# Print the result
print(f""Shortest time since 1990: {shortest_time}"")
# Done
```"
161,what was the total number of destroyers completed in august 1939 ?,2,"```python
# Extracting the relevant data from the table
completed_dates = [""1937-08-26"", ""1937-09-24"", ""1937-11-25"", ""1937-10-15"", ""1937-09-29"", ""1937-10-11"", ""1937"", ""1937-09-28"", None]

# Find the count of destroyers completed in August 1939
num_destroyers_completed_aug_1939 = completed_dates.count(""1939-08"")

# Print the result
print(f""Total number of destroyers completed in August 1939: {num_destroyers_completed_aug_1939}"")
# Done
```"
162,what competition was on 9 may 2006 ?,2006 Kirin Cup,"```python
# Extracting the relevant data from the table
dates = [""29 march 2000"", ""7 october 2000"", ""27 march 2003"", ""7 june 2003"", ""12 november 2005"", ""12 november 2005"", ""9 may 2006""]
competitions = [""friendly"", ""2002 world cup qualifier"", ""friendly"", ""euro 2004 qualifier"", ""friendly"", ""friendly"", ""2006 kirin cup""]

# Finding the index of the date ""9 may 2006""
date_index = dates.index(""9 may 2006"")
competition_on_date = competitions[date_index]

# Print the result
print(f""Final Answer: {competition_on_date}"")
# Done
```"
163,how many years after the turin marathon did the berlin marathon occur ?,6,"```python
# Extracting the relevant data from the table
years = [1998, 2003, 2004, 2004, 2005, 2006, 2006, 2007]
competitions = [""turin marathon"", ""lisbon marathon"", ""vienna marathon"", ""berlin marathon"", ""world championships"", ""paris marathon"", ""lisbon marathon"", ""world championships""]

# Finding the years for the turin and berlin marathons
turin_index = competitions.index(""turin marathon"")
berlin_index = competitions.index(""berlin marathon"")

turin_year = years[turin_index]
berlin_year = years[berlin_index]

# Calculating the difference in years
years_difference = berlin_year - turin_year

# Print the result
print(f""Final Answer: {years_difference} years"")
# Done
```"
164,what was the year of the last title ?,1958,"```python
# Extracting the relevant data from the table
titles = [""mahomed's paradies"", ""das orakel zu delfi"", ""cleopatra, oder durch drei jahrtausende (together with: richard genee and max von weinzierl)"", ""konig jerome oder immer lustick!"", ""der kleine don juan"", ""wiener kinder"", ""ein deutschmeister"", ""wiener luft"", ""der bleiche zauberer"", ""der schone rigo"", ""die landstreicher"", ""die drei wunsche"", ""der fremdenfuhrer"", ""der schatzmeister"", ""fesche geister"", ""uber'n gro\u00dfen teich (together with: edmund eysler, bela von ujj and f. ziegler)"", ""die spottvogelwirtin"", ""ein tolles madel (english: mlle mischief)"", ""am lido"", ""der liebeswalzer"", ""herr und frau biedermeier"", ""die gaukler"", ""ball bei hof"", ""in funfzig jahren - \""zukunftstraum einer kuchenfee\"""", ""manoverkinder"", ""der husarengeneral (new version of manoverkinder)"", ""furst casimir"", ""das dumme herz"", ""der kriegsberichterstatter (together with: edmund eysler, bruno granichstaedten, oskar nedbal, charles weinberger)"", ""im siebenten himmel"", ""deutschmeisterkapelle"", ""die verliebte eskadron""]
premiere_years = [1866, 1872, 1875, 1878, 1879, 1881, 1888, 1889, 1890, 1898, 1899, 1901, 1902, 1904, 1905, 1906, 1906, 1907, 1907, 1908, 1909, 1909, 1911, 1911, 1912, 1913, 1913, 1914, 1914, 1916, 1958, 1930]

# Finding the year of the last title
last_title_year_index = len(titles) - 1
last_title_year = premiere_years[last_title_year_index]

# Print the result
print(f""Final Answer: {last_title_year}"")
# Done
```"
165,were there more or less than 15 points scored in week 7 ?,less,"```python
# Extracting the relevant data from the table
weeks = [1, 2, 3, 4, 5, 6, 7, 8, 9, 10, 11, 12, 13, 14]
results = [""l 30-13"", ""l 34-25"", ""l 45-13"", ""l 17-14"", ""l 34-14"", ""l 29-16"", ""l 6-3"", ""l 45-17"", ""l 16-10"", ""l 7-6"", ""l 47-13"", ""w 12-0"", ""w 29-17"", ""l 24-17""]

# Find the index of week 7
week7_index = weeks.index(7)

# Extract the result for week 7
result_week7 = results[week7_index]

# Parse the points scored in week 7
points_scored = int(result_week7.split(""-"")[1]) if result_week7 else 0

# Compare if points scored were more or less than 15
if points_scored > 15:
    print(""Final Answer: More than 15 points were scored in week 7."")
else:
    print(""Final Answer: Less than or equal to 15 points were scored in week 7."")
# Done
```"
166,in the 2007 phillip island superbike world championship round superbike race 1 classification who was in the top position ?,Troy Bayliss,"```python
# Extracting the relevant data from the table
rider_names = [""troy bayliss"", ""james toseland"", ""max biaggi"", ""noriyuki haga"", ""troy corser"", ""lorenzo lanzi"", ""ruben xaus"", ""max neukirchner"", ""fonsi nieto"", ""steve martin"", ""roberto rolfo"", ""josh brookes"", ""shinichi nakatomi"", ""jakub smrz"", ""alex polita"", ""christian zaiser"", ""dean ellison"", ""jiri drazdak"", ""regis laconi"", ""michel fabrizio""]
race_positions = [""1"", ""2"", ""3"", ""4"", ""5"", ""6"", ""7"", ""8"", ""9"", ""10"", ""11"", ""12"", ""13"", ""14"", ""15"", ""16"", ""17"", ""18"", ""ret"", ""ret""]

# Find the rider in the top position in the specified race
race_index = 11  # 2007 phillip island superbike world championship round superbike race 1 classification
top_rider_index = race_positions.index(""1"")
top_rider = rider_names[top_rider_index]

# Print the result
print(f""Final Answer: {top_rider}"")
# Done
```"
167,what school was the top winner in the women 's tournament in 2003 ?,Western,"```python
# Extracting the relevant data from the table
years = [2003, 2004, 2005, 2006, 2007, 2008, 2009, 2010, 2011, 2012, 2013]
schools_women_winner = [""mcgill"", ""mcgill"", ""queen's"", ""queen's"", ""mcgill"", ""toronto"", ""mcgill"", ""queen's"", ""mcgill"", ""western"", ""western""]

# Finding the top winner school in the women's tournament in 2003
year_index = years.index(2003)
top_winner_school = schools_women_winner[year_index]

# Print the result
print(f""Final Answer: {top_winner_school}"")
# Done
```"
168,what was the number of weeks songs were performed ?,7,"```python
# Extracting the relevant data from the table
weeks = [""week 1 (top 9)"", ""week 2 (top 8)"", ""week 3 (top 7)"", ""week 4 (top 6)"", ""week 5 (top 5)"", ""week 6 (top 4)"", ""week 6 (top 4)"", ""week 7 (final 3)"", ""week 7 (final 3)"", ""week 7 (final 3)""]

# Counting the number of unique weeks songs were performed
num_weeks = len(set(weeks))

# Print the result
print(f""Final Answer: {num_weeks}"")
# Done
```"
169,which artists won in 2008 and 2009 respectively ?,Scribe|Ladi6,"```python
# Extracting the relevant data from the table
years = [2002, 2003, 2004, 2005, 2006, 2007, 2008, 2009, 2010, 2011, 2012, 2013]
artists = [""che fu"", ""nesian mystik"", ""scribe"", ""p-money"", ""frontline"", ""pnc"", ""scribe"", ""ladi6"", ""david dallas"", ""ladi6"", ""home brew"", ""aaradhna""]

# Finding the index of the desired years
index_2008 = years.index(2008)
index_2009 = years.index(2009)

# Retrieving the corresponding artists
artist_2008 = artists[index_2008]
artist_2009 = artists[index_2009]

# Print the result
print(f""Final Answer (2008): {artist_2008}"")
print(f""Final Answer (2009): {artist_2009}"")
# Done
```"
170,how many times is 90v listed as the electrical system ?,8,"```python
# Extracting the relevant data from the table
electrical_systems = [""90 v"", ""110 v"", ""90 v"", ""90 v"", ""90 v"", ""90 v"", ""110 v"", ""110 v"", ""110 v"", ""90 v"", ""90 v"", ""90 v"", ""110 v"", ""110 v""]

# Count the occurrences of ""90 v"" in the electrical_systems list
occurrences_90v = electrical_systems.count(""90 v"")

# Print the result
print(f""Final Answer: {occurrences_90v}"")
# Done
```"
171,"southampton played on may 8th , 1993 , who was their opponent ?",Oldham Athletic,"```python
# Extracting the relevant data from the table
teams = [""leeds united"", ""norwich city"", ""middlesbrough"", ""queens park rangers"", ""sheffield united"", ""tottenham hotspur"", ""leeds united"", ""queens park rangers"", ""sheffield wednesday"", ""queens park rangers"", ""norwich city"", ""liverpool"", ""leeds united"", ""southampton""]
opponents = [""tottenham hotspur"", ""oldham athletic"", ""blackburn rovers"", ""everton"", ""ipswich town"", ""ipswich town"", ""blackburn rovers"", ""nottingham forest"", ""southampton"", ""everton"", ""leeds united"", ""coventry city"", ""coventry city"", ""oldham athletic""]
dates = [""1992-08-25"", ""1992-11-08"", ""1992-12-05"", ""1992-12-28"", ""1993-01-16"", ""1993-02-20"", ""1993-04-10"", ""1993-04-10"", ""1993-04-12"", ""1993-04-12"", ""1993-04-14"", ""1993-04-17"", ""1993-05-08"", ""1993-05-08""]

# Finding the opponent of Southampton on May 8th, 1993
index = dates.index(""1993-05-08"")
opponent = opponents[index]

# Print the result
print(f""Final Answer: {opponent}"")
# Done
```"
172,who win the last pga tour event of the year ?,Luke Donald,"```python
# Extracting the relevant data from the table
dates = [""jan 6"", ""jan 14"", ""jan 20"", ""jan 27"", ""feb 3"", ""feb 10"", ""feb 17"", ""feb 24"", ""feb 24"", ""mar 3"", ""mar 10"", ""mar 17"", ""mar 24"", ""mar 31"", ""apr 7"", ""apr 14"", ""apr 21"", ""apr 28"", ""may 5"", ""may 12"", ""may 19"", ""may 26"", ""jun 2"", ""jun 9"", ""jun 16"", ""jun 23"", ""jun 30"", ""jul 7"", ""jul 14"", ""jul 21"", ""jul 21"", ""jul 28"", ""aug 4"", ""aug 11"", ""aug 18"", ""aug 25"", ""aug 25"", ""sep 1"", ""sep 8"", ""sep 15"", ""sep 22"", ""sep 22"", ""sep 29"", ""oct 6"", ""oct 13"", ""oct 20"", ""oct 27"", ""nov 3"", ""nov 4""]
winners = [""sergio garcia"", ""jerry kelly"", ""phil mickelson"", ""chris dimarco"", ""matt gogel"", ""jose maria olazabal"", ""len mattiace"", ""ian leggatt"", ""kevin sutherland"", ""ernie els"", ""matt kuchar"", ""tiger woods"", ""craig perks"", ""vijay singh"", ""retief goosen"", ""tiger woods"", ""justin leonard"", ""rocco mediate"", ""k.j. choi"", ""shigeki maruyama"", ""nick price"", ""jim furyk"", ""bob estes"", ""chris smith"", ""tiger woods"", ""phil mickelson"", ""len mattiace"", ""jerry kelly"", ""jeff sluman"", ""ernie els"", ""spike mcroy"", ""j. p. hayes"", ""rich beem"", ""tiger woods"", ""rich beem"", ""chris riley"", ""craig parry"", ""gene sauers"", ""john rollins"", ""dan forsman"", ""k.j. choi"", ""tiger woods"", ""loren roberts"", ""charles howell iii"", ""phil tataurangi"", ""bob burns"", ""jonathan byrd"", ""vijay singh"", ""luke donald""]

# Find the index of the last event
last_event_index = dates.index(""nov 4"")

# Retrieve the winner of the last event
last_event_winner = winners[last_event_index]

# Print the result
print(f""Final Answer: {last_event_winner}"")
# Done
```    "
173,how many seasons were finished in 3rd place ?,2,"```python
# Extracting the relevant data from the table
places = [None, ""10th"", ""5th"", ""13th"", ""11th"", ""7th"", ""9th"", ""4th"", ""6th"", ""3rd"", ""3rd"", ""1st"", ""17th"", ""6th""]

# Counting the number of seasons finished in 3rd place
third_place_count = places.count(""3rd"")

# Print the result
print(f""Final Answer: {third_place_count}"")
# Done
```"
174,how many players were transferred after the year 2000 ?,8,"```python
# Extracting the relevant data from the table
years = [2008, 2011, 2000, 2006, 1999, 2001, 2001, 2007, 2008, 1998, 2013]
players = [""miralem sulejmani"", ""strootman & mertens"", ""mateja kezman"", ""klaas-jan huntelaar"", ""nikos machlas"", ""zlatan ibrahimovic"", ""jan vennegoor of hesselink"", ""luis suarez"", ""dario cvitanich"", ""ferdi vierklau"", ""adam maher""]

# Finding the number of players transferred after the year 2000
transferred_players = [player for player, year in zip(players, years) if year > 2000]
num_players_transferred_after_2000 = len(transferred_players)

# Print the result
print(f""Final Answer: {num_players_transferred_after_2000}"")
# Done
```"
175,what song was previous to hot thing ?,Stay Around,"```python
# Extracting the relevant data from the table
songs = [""\""everything man\"""", ""\""ny weather report\"""", ""\""hostile gospel (part 1) (deliver us)\"""", ""\""say something\"""", ""\""country cousins\"""", ""\""holy moly\"""", ""\""eat to live\"""", ""\""in the mood\"""", ""\""soon the new day\"""", ""\""give 'em hell\"""", ""\""more or less\"""", ""\""stay around\"""", ""\""hot thing\"""", ""\""space fruit\"" (interlude)"", ""\""the perfect beat\"""", ""\""oh my stars\"""", ""\""listen!!!\"""", ""\""go with us\"""", ""\""hostile gospel (part 2) (deliver me)\"""", ""\""the nature\"""", ""\""hush\""""]

# Find the index of ""hot thing""
hot_thing_index = songs.index(""\""hot thing\"""")

# Retrieve the previous song
previous_song = songs[hot_thing_index - 1]

# Print the result
print(f""Final Answer: {previous_song}"")
# Done
```"
176,what was the finishing place after the 2002-2003 season ?,11th,"```python
# Extracting the relevant data from the table
seasons = [""1970-01"", ""2001/02"", ""2002/03"", ""2003/04"", ""2004/05"", ""2005/06"", ""2006/07"", ""2007/08"", ""2008/09"", ""2009/10"", ""2010/11"", ""2011/12""]
places = [None, None, ""11th"", ""9th"", ""1st"", ""20th"", ""3rd"", ""1st"", ""16th"", ""17th"", ""18th"", ""2nd""]

# Find the finishing place after the 2002-2003 season
place_index = seasons.index(""2002/03"") + 1
finishing_place = places[place_index]

# Print the result
print(f""Final Answer: {finishing_place}"")
# Done
```"
177,what are the number of times anwil wloclawek is listed as the runner up ?,5,"```python
# Extracting the relevant data from the table
runner_ups = [""browary tyskie bobry bytom"", ""spojnia stargard szczecinski"", ""pekaes pruszkow"", ""anwil nobiles w\u0142oc\u0142awek"", ""anwil w\u0142oc\u0142awek"", ""anwil w\u0142oc\u0142awek"", ""prokom trefl sopot"", ""prokom trefl sopot"", ""idea slask wroc\u0142aw"", ""anwil w\u0142oc\u0142awek"", ""anwil w\u0142oc\u0142awek"", ""bot turow zgorzelec"", ""pge turow zgorzelec"", ""pge turow zgorzelec"", ""anwil w\u0142oc\u0142awek"", ""pge turow zgorzelec"", ""trefl sopot"", ""pge turow zgorzelec"", None]

# Count the number of times ""anwil w\u0142oc\u0142awek"" is listed as the runner-up
num_runner_up = runner_ups.count(""anwil w\u0142oc\u0142awek"")

# Print the result
print(f""Final Answer: {num_runner_up}"")
# Done
```"
178,what was florent 's average number of assists per game during the 2006 fiba world championship ?,0.6,"```python
# Extracting the relevant data from the table
tournaments = [""2003 eurobasket"", ""2005 eurobasket"", ""2006 fiba world championship"", ""2007 eurobasket"", ""2009 eurobasket"", ""2010 fiba world championship"", ""2011 eurobasket"", ""2012 olympics"", ""2013 eurobasket""]
assists_per_game = [6.8, 7.6, 9.7, 8.9, 6.5, 4.5, 2.6, 4.5, 1.9]

# Finding the index of the tournament ""2006 fiba world championship""
tournament_index = tournaments.index(""2006 fiba world championship"")
avg_assists_per_game = assists_per_game[tournament_index]

# Print the result
print(f""Final Answer: Florent's average number of assists per game during the 2006 FIBA World Championship was {avg_assists_per_game}"")
# Done
```"
179,how many times did chuck thompson serve as a broadcaster ?,2,"```python
# Extracting the relevant data from the table
broadcasters = [""jack whitaker"", ""ray scott"", ""frank glieber"", ""chuck thompson"", ""frank glieber (first half) and chuck thompson (second half)"", ""jack drees (first half) and earl gillespie (second half)"", ""ray scott (first half) and ken coleman (second half)"", ""chris schenkel (first half) and ray scott (second half)"", ""chris schenkel (first half) and van patrick (second half)""]
broadcasters_length = [1, 1, 1, 1, 2, 2, 2, 2, 2]

# Counting the number of times chuck thompson served as a broadcaster
chuck_thompson_counts = broadcasters_length[broadcasters.index(""chuck thompson"")]

# Print the result
print(f""Final Answer: {chuck_thompson_counts}"")
# Done
```"
180,"which team name had the most goals in a year -lrb- bulldogs , roosters , tigers -rrb-",Roosters,"```python
# Extracting the relevant data from the table
teams = [""bulldogs"", ""bulldogs"", ""bulldogs"", ""bulldogs"", ""bulldogs"", ""bulldogs"", ""roosters"", ""roosters"", ""roosters"", ""roosters"", ""roosters"", ""roosters"", ""roosters"", ""tigers""]
goals = [None, 21, 17, 19, 25, 23, 16, 19, 25, 14, 27, 24, 22, 16]

# Finding the team with the most goals
max_goals_index = goals.index(max(filter(None, goals)))
team_with_most_goals = teams[max_goals_index]

# Print the result
print(f""Final Answer: {team_with_most_goals}"")
# Done
```"
181,what is the name of the player for the new york yankees in 1936 ?,Tony Lazzeri,"```python
# Extracting the relevant data from the table
players = [""tony lazzeri"", ""jim tabor"", ""rudy york"", ""jim gentile"", ""tony cloninger"", ""jim northrup"", ""frank robinson"", ""robin ventura"", ""chris hoiles"", ""fernando tatis"", ""nomar garciaparra"", ""bill mueller"", ""josh willingham""]
teams = [""new york yankees"", ""boston red sox"", ""boston red sox"", ""baltimore orioles"", ""atlanta braves"", ""detroit tigers"", ""baltimore orioles"", ""chicago white sox"", ""baltimore orioles"", ""st. louis cardinals"", ""boston red sox"", ""boston red sox"", ""washington nationals""]
years = [1936, 1939, 1946, 1961, 1966, 1968, 1970, 1995, 1998, 1999, 1999, 2003, 2009]
opponents = [""philadelphia athletics"", ""philadelphia athletics"", ""st. louis browns"", ""minnesota twins"", ""san francisco giants"", ""cleveland indians"", ""washington senators"", ""texas rangers"", ""cleveland indians"", ""los angeles dodgers"", ""seattle mariners"", ""texas rangers"", ""milwaukee brewers""]

# Finding the name of the player for the new york yankees in 1936
for i in range(len(players)):
    if teams[i] == ""new york yankees"" and years[i] == 1936:
        player_name = players[i]
        break

# Print the result
print(f""Final Answer: {player_name}"")
# Done
```"
182,what is the other single of the toadies which ranked 23rd in the us main chart in 1995 ?,Away,"```python
# Extracting the relevant data from the table
years = [1990, 1993, 1994, 1995, 1995, 1996, 1996, 2001, 2008, 2009, 2012]
singles = [""\""dig a hole\"""", ""\""mister love\"""", ""\""mister love\"""", ""\""possum kingdom\"""", ""\""away\"""", ""\""tyler\"""", ""\""backslider\"""", ""\""push the hand\"""", ""\""no deliverance\"""", ""\""song i hate\"""", ""\""summer of the strange\""""]
us_main_ranks = [None, None, None, 9, 23, None, None, 34, 38, None, None]

# Finding the index of the other single by the Toadies that ranked 23rd in the US Main chart in 1995
index = us_main_ranks.index(23)
other_single = singles[index]

# Print the result
print(f""Final Answer: {other_single}"")
# Done
```"
183,which song was released earlier -- `` sister mary '' or `` run to me '' ?,Sister Mary,"```python
# Extracting the relevant data from the table
songs = [""\""sister mary\"" (duet with joe dolan)"", ""\""who's that lady with my man\"""", ""\""help me\"""", ""\""goodbye venice goodbye\"""", ""\""all we need is love\"""", ""\""run to me\"""", ""\""make love to me\"""", ""\""loving just for fun\"""", ""\""take me to paradise\"""", ""\""if i can't have you\"""", ""\""feels like i'm in love\"""", ""\""feels like i'm in love\"" (re-release)"", ""\""loving just for fun\"" (re-release)"", ""\""hot love\"""", ""\""love trial\"""", ""\""don't stop your love\"""", ""\""i need your love\"""", ""\""i feel love comin' on\"""", ""\""love's got a hold on you\"""", ""\""don't take your love to hollywood\"""", ""\""silent treatment\"""", ""\""break out\"""", ""\""i'm on fire\"""", ""\""feels like i'm in love '86\"""", ""\""stealing my time\"""", ""\""halfway to paradise\"""", ""\""i'm in the mood for dancing\"""", ""\""hot love 2001\""""]
release_dates = [""1976"", ""may 1976"", ""october 1976"", ""1976"", ""february 1977"", ""june 1977"", ""february 1978"", ""august 1978"", ""november 1978"", ""january 1979"", ""august 1979"", ""may 1980"", ""november 1980"", ""february 1981"", ""may 1981"", ""august 1981"", ""january 1982"", ""april 1982"", ""july 1982"", ""october 1982"", ""september 1983"", ""july 1984"", ""october 1984"", ""september 1986"", ""1988"", ""1988"", ""1998"", ""february 2001""]

# Converting release dates to a suitable format for comparison
from datetime import datetime

parsed_dates = []
for date in release_dates:
    if date is not None:
        try:
            parsed_date = datetime.strptime(date, ""%B %Y"")
        except ValueError:
            try:
                parsed_date = datetime.strptime(date, ""%Y"")
            except ValueError:
                parsed_date = None
    else:
        parsed_date = None
    parsed_dates.append(parsed_date)

# Finding the indices for the specified songs
sister_mary_index = songs.index(""\""sister mary\"" (duet with joe dolan)"")
run_to_me_index = songs.index(""\""run to me\"""")

# Comparing release dates for ""sister mary"" and ""run to me""
earlier_song = ""sister mary"" if parsed_dates[sister_mary_index] < parsed_dates[run_to_me_index] else ""run to me""

# Printing the result
print(f""Final Answer: {earlier_song}"")
# Done
```"
184,the most points the kansas city chiefs scored in the 1997 season was in a game against which team ?,San Francisco 49ers,"```python
# Extracting the relevant data from the table
seasons = [""1"", ""2"", ""3"", ""4"", ""5"", ""6"", ""7"", ""8"", ""9"", ""10"", ""11"", ""12"", ""13"", ""14"", ""15"", ""16"", ""17"", ""divisional playoff""]
results = [""l 3-19"", ""w 28-27"", ""w 22-16"", ""w 35-14"", ""w 20-17 ot"", ""l 14-17"", None, ""w 31-3"", ""w 28-20"", ""w 13-10"", ""l 14-24"", ""w 24-22"", ""w 19-14"", ""w 44-9"", ""w 30-0"", ""w 29-7"", ""w 25-13"", ""l 10-14""]
opponents = [""denver broncos"", ""oakland raiders"", ""buffalo bills"", ""carolina panthers"", ""seattle seahawks"", ""miami dolphins"", None, ""san diego chargers"", ""st. louis rams"", ""pittsburgh steelers"", ""jacksonville jaguars"", ""denver broncos"", ""seattle seahawks"", ""san francisco 49ers"", ""oakland raiders"", ""san diego chargers"", ""new orleans saints"", ""denver broncos""]

# Extracting the points scored by the team in each game
points_scored = [int(result.split()[-1]) if result != None else 0 for result in results]

# Finding the maximum points scored in the 1997 season
max_points = max(points_scored)
max_points_index = points_scored.index(max_points)

# Retrieving the opponent for the game where maximum points were scored
opponent_max_points = opponents[max_points_index]

# Print the result
print(f""Final Answer: {opponent_max_points}"")
# Done
```"
185,what is the number of hungarians in 1850 ?,23.9%,"```python
# Extracting the relevant data from the table
years = [1850, 1880, 1890, 1900, 1910, 1920, 1930, 1941, 1956, 1966, 1977, 1992, 2002, 2011]
hungarians = [4541.0, 4636.0, 5499.0, 5553.0, 6234.0, 5887.0, 6456.0, 6981.0, 6649.0, 6991.0, 7089.0, 5723.0, 5506.0, 4574.0]

# Finding the number of Hungarians in 1850
year_index = years.index(1850)
hungarians_count = hungarians[year_index]

# Print the result
print(f""Final Answer: {int(hungarians_count)}"")
# Done
```"
186,what was the only day grass was the surface used ?,1 June 2009,"```python
# Extracting the relevant data from the table
surfaces = [""clay"", ""clay"", ""hard"", ""hard"", ""hard"", ""clay"", ""clay"", ""grass""]
dates = [""28 august 2000"", ""9 april 2001"", ""16 april 2001"", ""15 october 2002"", ""5 november 2002"", ""14 april 2003"", ""27 april 2009"", ""1 june 2009""]

# Finding the only day grass was the surface used
grass_dates = [date for date, surface in zip(dates, surfaces) if surface == ""grass""]

# Print the result
print(f""Final Answer: {grass_dates[0]}"")
# Done
```"
187,what are the number of times a race took place at the epsom downs racecourse ?,3,"```python
# Extracting the relevant data from the table
courses = [""chesterfield stakes"", ""richmond stakes"", ""prince of wales stakes"", ""triennial produce stakes"", ""rous memorial stakes"", ""epsom derby"", ""st. james's palace stakes"", ""st leger"", ""great foal stakes"", ""champion stakes"", ""city and suburban handicap"", ""epsom gold cup"", ""champion stakes"", ""cambridgeshire stakes""]
racecourses = [""newmarket"", ""goodwood"", ""york"", ""newmarket"", ""newmarket"", ""epsom downs"", ""ascot"", ""doncaster"", ""newmarket"", ""newmarket"", ""epsom downs"", ""epsom downs"", ""newmarket"", ""newmarket""]

# Count the number of times a race took place at the epsom downs racecourse
epsom_downs_count = racecourses.count(""epsom downs"")

# Print the result
print(f""Final Answer: {epsom_downs_count}"")
# Done
```"
188,what was the date of the first game played ?,September 4,"```python
# Extracting the relevant data from the table
dates = [""september 4"", ""september 11"", ""september 18"", ""september 25"", ""october 2"", ""october 9"", ""october 16"", ""october 30"", ""november 6"", ""november 13"", ""november 20"", ""december 31""]

# Finding the first game played
first_game_date = dates[0]

# Print the result
print(f""Final Answer: {first_game_date}"")
# Done
```"
189,what is the total face value of 1.00 in 2011 ?,"6,000","```python
# Extracting the relevant data from the table
years = [2002, 2003, 2004, 2005, 2005, 2006, 2007, 2008, 2009, 2010, 2011, 2012]
face_values_1_euro = [6000.0, None, None, None, None, None, None, 6400.0, 6400.0, 6000.0, 6000.0, 6000.0]

# Finding the total face value of 1.00 in 2011
year_index = years.index(2011)
face_values_1_euro_2011 = face_values_1_euro[year_index]

# Print the result
print(f""Final Answer: {face_values_1_euro_2011}"")
# Done
```"
190,what was the number of goals that elvir balji &#263; scored against lithuania in 1998 ?,2,"```python
# Extracting the relevant data from the table
opponents = [""faroe islands"", ""lithuania"", ""estonia"", ""estonia"", ""estonia"", ""estonia"", ""spain"", ""malta"", ""malta"", ""liechtenstein"", ""liechtenstein"", ""germany"", ""wales"", ""denmark""]
goals = [1, 2, 3, 4, 5, 6, 7, 8, 9, 10, 11, 12, 13, 14]
years = [1998, 1998, 1999, 1999, 1999, 1999, 2000, 2001, 2001, 2001, 2001, 2002, 2003, 2003]

# Find the index of the match against Lithuania in 1998
lithuania_98_index = [i for i, (opponent, year) in enumerate(zip(opponents, years)) if opponent.lower() == 'lithuania' and year == 1998][0]

# Retrieve the number of goals scored by Elvir Baljić in that match
goals_scored = goals[lithuania_98_index]

# Print the result
print(f""Final Answer: Elvir Baljić scored {goals_scored} goals against Lithuania in 1998."")
# Done
```"
191,what was the ranking in each november game ?,#2,"```python
# Extracting the relevant data from the table
months = [9, 9, 10, 10, 10, 10, 10, 11, 11, 11, 12, 1]
ranks = [""#10"", ""#11"", ""#8"", ""#8"", ""#2"", ""#2"", ""#2"", ""#2"", ""#2"", ""#2"", ""#3"", ""#3""]

# Find the indices corresponding to November games (month = 11)
november_indices = [i for i, month in enumerate(months) if month == 11]

# Retrieve the ranking for each November game
november_ranks = [ranks[i] for i in november_indices]

# Print the result
print(f""Final Answer: {november_ranks}"")
# Done
```"
192,how many representatives served before the 1800s began ?,7,"```python
# Extracting the relevant data from the table
office_start_years = [1789, 1791, 1792, 1793, 1795, 1795, 1796, 1801, 1805, 1807, 1813, 1816, 1819, 1823, 1825, 1827, 1829, 1833, 1837, 1841, 1843, 1843, 1845, 1849, 1853, 1855, 1861, 1863, 1865, 1867, 1869, 1873, 1877, 1881, 1885, 1886]
rep_counts_pre_1800s = sum(1 for year in office_start_years if year < 1800)

# Print the result
print(f""Final Answer: {rep_counts_pre_1800s}"")
# Done
```"
193,"what is the only week with more than 80,000 attendance",5,"```python
# Extracting the relevant data from the table
weeks = [1, 8, 15, 23, 29, 6, None, 17, 27, 3, 11, 17, 24, 28, 8, 14, 23]
attendance = [64112.0, 65625.0, 64829.0, 65255.0, 80366.0, 64941.0, None, 58435.0, 68591.0, 57281.0, 59001.0, 60519.0, 58288.0, 78879.0, 62353.0, 54719.0, 60419.0]

# Finding the week with more than 80,000 attendance
index = [index for index, att in enumerate(attendance) if att is not None and att > 80000][0]
week_with_80000_attendance = weeks[index]

# Print the result
print(f""Final Answer: {week_with_80000_attendance}"")
# Done
```"
194,what were the total number of people in attendance on 11/24/2012 ?,"4,571","```python
# Extracting the relevant data from the table
dates = [""11/09/2012"", ""11/11/2012"", ""11/12/2012"", ""11/21/2012"", ""11/24/2012"", ""11/28/2012"", ""12/01/2012"", ""12/05/2012"", ""12/08/2012"", ""12/18/2012"", ""12/22/2012"", ""12/23/2012"", ""01/02/2013"", ""01/06/2013"", ""01/08/2013"", ""01/12/2013"", ""01/14/2013"", ""01/19/2013"", ""01/21/2013"", ""01/26/2013"", ""01/28/2013"", ""02/02/2013"", ""02/04/2013"", ""02/09/2013"", ""02/11/2013"", ""02/16/2013"", ""02/18/2013"", ""02/23/2013"", ""02/25/2013"", ""02/28/2013""]
attendances = [5674, 5339, 5388, 12414, 4571, 4545, 5281, 14797, 1553, 2639, 7132, 7532, 1651, 2333, 3989, 1880, 500, 3674, 3173, 1384, 1055, 2256, 808, 3462, 4355, 1824, 1412, 5047, 3026, 2073]

# Finding the attendance on 11/24/2012
date_index = dates.index(""11/24/2012"")
attendance_on_11242012 = attendances[date_index]

# Print the result
print(f""Final Answer: {attendance_on_11242012}"")
# Done
```"
195,"which was a better season , 2006/07 or 2007/08 ?",2006/07,"```python
# Extracting the relevant data from the table
seasons = [""2001/02"", ""2002/03"", ""2003/04"", ""2004/05"", ""2005/06"", ""2006/07"", ""2007/08"", ""2008/09"", ""2009/10"", ""2010/11"", ""2011/12"", ""2012/13"", ""2013/14""]
places = [""4th"", ""20th"", ""9th"", ""2nd"", ""3rd"", ""7th"", ""9th"", ""14th"", ""6th"", ""19th"", ""18th"", ""15th"", None]

# Finding the places for the seasons 2006/07 and 2007/08
index_2006_07 = seasons.index(""2006/07"")
place_2006_07 = places[index_2006_07]

index_2007_08 = seasons.index(""2007/08"")
place_2007_08 = places[index_2007_08]

# Determining the better season based on the place
if place_2006_07 and place_2007_08:
    if place_2006_07 < place_2007_08:
        better_season = ""2006/07""
    else:
        better_season = ""2007/08""
elif place_2006_07:
    better_season = ""2006/07""
else:
    better_season = ""2007/08""

# Print the result
print(f""Final Answer: {better_season}"")
# Done
```"
196,how many consecutive years was there a hard surface at the championship ?,9,"```python
# Extracting the relevant data from the table
years = [2002, 2003, 2003, 2004, 2004, 2005, 2006, 2010, 2010]
surfaces = [""hard"", ""hard"", ""hard"", ""hard"", ""hard"", ""hard"", ""hard"", ""hard"", ""hard""]

# Finding the consecutive years with hard surface at the championship
consecutive_years = 1
max_consecutive_years = 1

for i in range(1, len(surfaces)):
    if surfaces[i] == ""hard"" and surfaces[i] == surfaces[i - 1]:
        consecutive_years += 1
        max_consecutive_years = max(max_consecutive_years, consecutive_years)
    else:
        consecutive_years = 1

# Print the result
print(f""Final Answer: {max_consecutive_years}"")
# Done
```"
197,how many different teams were represented at the 2007 steelback grand prix ?,9,"```python
# Extracting the relevant data from the table
years = [5, 21, 9, 15, 19, 14, 28, 8, 1, 7, 2, 4, 34, 3, 22, 11, 29]

# Finding the number of different teams represented at the 2007 steelback grand prix
teams_2007 = [5, 21, 9, 15, 19, 14, 28, 8, 1, 7, 2, 4, 34, 3, 22, 11, 29]
unique_teams_2007 = set(teams_2007)
num_teams_2007 = len(unique_teams_2007)

# Print the result
print(f""Final Answer: {num_teams_2007}"")
# Done
```"
198,how many times did the team come in 9th place ?,2,"```python
# Extracting the relevant data from the table
places = [""4th"", ""20th"", ""9th"", ""2nd"", ""3rd"", ""7th"", ""9th"", ""14th"", ""6th"", ""19th"", ""18th"", ""15th"", None]

# Count how many times the team came in 9th place
count_9th_place = places.count(""9th"")

# Print the result
print(f""Final Answer: {count_9th_place}"")
# Done
```"
199,how many have a most recent position angle of at least 200 ?,5,"```python
# Extracting the relevant data from the table
position_angles = [208.2, 2.3, 2.4, 0.1, 149.6, 63.7, 46, 50, 35]

# Counting the number of objects with a most recent position angle of at least 200
count = sum(angle >= 200 for angle in position_angles)

# Print the result
print(f""Final Answer: {count}"")
# Done
```"
200,which year had the least amount of parts published ?,2008,"```python
# Extracting the relevant data from the table
years = [2002, 2002, 2002, 2002, 2003, 2003, 2003, 2002, 2005, 2005, 2005, 2008]
parts = [""part 1"", ""part 2"", ""part 3"", ""part 4"", ""part 5"", ""part 6"", ""part 7"", ""part 8"", ""part 9"", ""part 10"", ""part 11"", ""part 12""]

# Count the number of parts published per year
parts_count = {}
for year, part in zip(years, parts):
    if year not in parts_count:
        parts_count[year] = 1
    else:
        parts_count[year] += 1

# Find the year with the least amount of parts published
min_parts_year = min(parts_count, key=parts_count.get)

# Print the result
print(f""Final Answer: {min_parts_year}"")
# Done
```"
201,"the most recent version to be released was in 1989 , what was it called ?",Distributor EP,"```python
# Extracting the relevant data from the table
versions = [""betsie/dottie"", ""sadie"", ""susie"", ""mark 1"", ""mark 2"", ""mark 3"", ""mark 4"", ""mark 5"", ""distributor"", None, ""distributor ep""]
release_years = [None, 1966, 1967, 1970, 1973, None, None, 1984, 1986, 1990, 1989]

# Finding the version released in 1989
recent_release_index = release_years.index(1989)
recent_version = versions[recent_release_index]

# Print the result
print(f""Final Answer: {recent_version}"")
# Done
```  "
202,who one the first match up in 2005 ?,Galaxy,"```python
# Extracting the relevant data from the table
years = [2005, 2006, 2007, 2008, 2009, 2010, 2011, 2012, 2013, None]
galaxy_winners = [""galaxy"", ""galaxy"", ""chivas"", ""galaxy"", ""galaxy"", ""galaxy"", ""galaxy"", ""galaxy"", ""galaxy"", None]
draws = [0.0, 1.0, 2.0, 0.0, 0.0, 0.0, 0.0, 1.0, 0.0, 4.0]

# Find the index of the first match-up in 2005
index = next(i for i, year in enumerate(years) if year == 2005)

# Check the winner of the first match-up in 2005
if draws[index] == 0:
    winner = galaxy_winners[index]
else:
    winner = ""Draw""

# Print the result
print(f""Final Answer: {winner}"")
# Done
```"
203,who is the only person to score in the march 6 game against videoton this season ?,Stapleton,"```python
# Extracting the relevant data from the table
dates = [""19 september 1984"", ""3 october 1984"", ""24 october 1984"", ""7 november 1984"", ""28 november 1984"", ""12 december 1984"", ""6 march 1985"", ""20 march 1985""]
opponents = [""raba eto gyor"", ""raba eto gyor"", ""psv eindhoven"", ""psv eindhoven"", ""dundee united"", ""dundee united"", ""videoton"", ""videoton""]
scorers = [[""robson"", ""muhren"", ""hughes""], [""brazil"", ""muhren (pen)""], [], [""strachan (pen)""], [""strachan (pen)"", ""robson""], [""hughes"", ""mcginnis (og)"", ""muhren""], [""stapleton""], []]
months = [9, 10, 10, 11, 11, 12, 3, 3]

# Finding the index of the game against Videoton on March 6
game_index = None
for i in range(len(dates)):
    if opponents[i] == ""videoton"" and dates[i] == ""6 march 1985"":
        game_index = i
        break

# Checking for the scorer in that game
scorer = None
if game_index is not None and months[game_index] == 3 and ""march 6"" in dates[game_index]:
    scorer = scorers[game_index][0] if scorers[game_index] else ""No one""
else:
    scorer = ""No one""

# Print the result
print(f""Final Answer: {scorer}"")
# Done
```"
204,which network hosted the awards after abc did in june 2008 ?,CW,"```python
# Extracting the relevant data from the table
networks = [""cbs"", ""nbc"", ""abc"", ""abc"", ""nbc"", ""cbs"", ""abc"", ""nbc"", ""cbs"", ""abc"", ""nbc"", ""cbs"", ""abc"", ""nbc"", ""cbs"", ""abc"", ""cbs"", ""abc"", ""cw"", ""cbs"", ""cbs"", ""hln""]
years = [1991, 1992, 1993, 1994, 1995, 1996, 1997, 1998, 1999, 2000, 2001, 2002, 2003, 2004, 2005, 2006, 2007, 2008, 2009, 2010, 2011, 2012]

# Finding the network that hosted the awards after ABC in June 2008
abc_index = networks.index(""abc"")
abc_2008_index = years.index(2008)
next_network = networks[abc_index + 1] if years[abc_index + 1] > years[abc_2008_index] else ""No data after ABC in June 2008""

# Print the result
print(f""Final Answer: {next_network}"")
# Done
```"
205,what was the name of the competition listed before the boston marathon in 1984 ?,Grandma's Marathon,"```python
# Extracting the relevant data from the table
years = [1979, 1980, 1981, 1984, 1984, 1986, 1986, 1987, 1987, 1988, 1989, 1989, 1991, 1992, 1996]
competitions = [""grandma's marathon"", ""grandma's marathon"", ""grandma's marathon"", ""boston marathon"", ""olympic games"", ""osaka ladies marathon"", ""commonwealth games"", ""osaka ladies marathon"", ""world championships"", ""olympic games"", ""osaka ladies marathon"", ""hokkaido marathon"", ""hokkaido marathon"", ""olympic games"", ""olympic games""]

# Finding the name of the competition listed before the Boston Marathon in 1984
index = competitions.index(""boston marathon"")
previous_competition = competitions[index - 1]

# Print the result
print(f""Final Answer: {previous_competition}"")
# Done
```"
206,how many singles were released before 2001 but after 1997 ?,1,"```python
# Extracting the relevant data from the table
years = [1997, 2000, 2001, 2001, 2004, 2004, 2011, 2013]
singles = [""\""sur la route\"""", ""\""j'en reve encore\"""", ""\""une seule vie (marcher dans le sable)\"""", ""\""tomber\"""", ""\""elle s'ennuie\"""", ""\""elle danse seule\"""", ""\""l'etranger\"""", ""\""je me souviens de tout\""""]

# Finding the number of singles released before 2001 but after 1997
count = sum(1 for single, year in zip(singles, years) if year > 1997 and year < 2001)

# Print the result
print(f""Final Answer: {count}"")
# Done
```"
207,what is the difference between mexico and brazil time,.22,"```python
# Extracting the relevant data from the table
countries = [""russia"", ""belgium"", ""russia"", ""poland"", ""ukraine"", ""united states virgin islands"", ""belarus"", ""canada"", ""poland"", ""hungary"", ""ireland"", ""mexico"", ""lithuania"", ""brazil"", ""great britain"", ""italy""]
times = [23.11, 23.23, 23.37, 23.39, 23.4, 23.49, 23.52, 23.62, 23.69, 23.87, 23.89, 23.96, 24.09, 24.18, 24.31, 24.4]

# Find the index of Mexico and Brazil in the countries list
mexico_index = countries.index(""mexico"")
brazil_index = countries.index(""brazil"")

# Calculate the time difference between Mexico and Brazil
time_difference = abs(times[mexico_index] - times[brazil_index])

# Print the result
print(f""Final Answer: {time_difference}"")
# Done
```"
208,who is the only champion to reign for more than 10 years ?,Joe Calzaghe,"```python
# Extracting the relevant data from the table
names = [""joe calzaghe"", ""sven ottke"", ""frankie liles"", ""lucian bute"", ""chris eubank"", ""andre ward"", ""chong-pal park"", ""nigel benn"", ""robert stieglitz"", ""mikkel kessler""]
title_reigns = [""10 years, 11 months, 15 days"", ""5 years, 5 months, 3 days"", ""4 years, 10 months, 0 days"", ""4 years, 7 months, 7 days"", ""4 years, 4 months, 0 days"", ""4 years, 6 months, 3 weeks and 1 day"", ""3 years, 7 months, 17 days"", ""3 years, 4 months, 28 days"", ""3 years, 0 months, 3 days"", ""2 years, 11 months, 23 days""]

# Convert title reigns to days for comparison
title_reigns_days = []
for reign in title_reigns:
    years, months, weeks, days = reign.split("", "")
    total_days = int(years.split()[0]) * 365 + int(months.split()[0]) * 30 + int(weeks.split()[0]) * 7 + int(days.split()[0])
    title_reigns_days.append(total_days)

# Find the index of the champion with a reign of more than 10 years
champion_index = title_reigns_days.index(max(filter(lambda x: x > 3650, title_reigns_days)))

# Retrieve the name of the champion
champion_name = names[champion_index]

# Print the result
print(f""Final Answer: {champion_name}"")
# Done
```"
209,what year was his last race ?,1992,"```python
# Extracting the relevant data from the table
years = [1982, 1983, 1984, 1986, 1987, 1988, 1989, 1990, 1992]

# Finding the year of the last race
last_race_year = years[-1]

# Print the result
print(f""Final Answer: {last_race_year}"")
# Done
```"
210,were more records set in 1978 or 1979 ?,1979,"```python
# Extracting the relevant data from the table
years = [1978, 1979]
records_set = [2, 3]  # Number of records set in 1978 and 1979

# Finding the year with the most records set
max_records = max(records_set)
index_of_max = records_set.index(max_records)
year_with_most_records = years[index_of_max]

# Print the result
print(f""Final Answer: More records were set in {year_with_most_records}."")
# Done
```"
211,how many times did he get 1st place in 1997 ?,2,"```python
# Extracting the relevant data from the table
years = [1990, 1993, 1994, 1995, 1995, 1996, 1997, 1997, 1997, 1997, 1998, 1998, 1999, 1999, 2000, 2001, 2001, 2002, 2003, 2003, 2003, 2003, 2004, 2004, 2004, 2005, 2005, 2006, 2006, 2007, 2007]
ranks_1997 = [""25th"", ""3rd"", ""1st"", ""3rd"", ""2nd"", ""dsq"", ""5th"", ""1st"", ""dsq"", ""1st"", ""2nd"", ""3rd"", ""4th"", ""dsq"", ""43rd"", ""3rd"", ""2nd"", ""2nd"", ""1st"", ""dsq"", ""dnf"", ""dsq"", ""15th"", ""dsq"", ""3rd"", ""1st"", ""12th"", None, ""5th"", ""3rd"", ""dsq""]

# Finding the number of times he got 1st place in 1997
count_1st_1997 = ranks_1997.count(""1st"")

# Print the result
print(f""Final Answer: {count_1st_1997}"")
# Done
```"
212,how many individuals were awarded the knight 's cross of the iron cross before 1940 ?,2,res
213,in what year was the last design of passenger baseplates for vehicle registration issued in vermont ?,1985,"```python
# Extracting the relevant data from the table
years = [1957, 1958, 1967, 1969, 1972, 1976, 1977, 1985]
designs = [
    ""embossed white on forest green with uncolored border line; vermont embossed in plain block letters centered below numbers, with last two digits of registration year in similar font at bottom right"",
    ""embossed forest green on white with uncolored border line; vermont embossed in plain block letters centered below numbers, with last two digits of registration year in similar font at bottom right"",
    ""embossed white on green with border line; vermont embossed in plain block letters centered below numbers, with last two digits of registration year in similar font at bottom right"",
    ""embossed white on green with border line; vermont embossed in plain block letters centered below numbers; registration sticker at bottom right corner"",
    ""embossed white on green with border line; vermont embossed in plain block letters centered above numbers; registration sticker at bottom left corner"",
    ""embossed white on green with border line; vermont embossed in plain block letters centered below numbers; white circle embossed to lower left; registration sticker at lower right"",
    ""embossed white on green with beveled edge and white rectangular box around numbers; vermont in white stylized font screened above white box, with white sugar maple in upper left corner; registration sticker at lower right corner"",
    ""embossed white on green with beveled edge and white rectangular box around numbers; vermont in white stylized font screened above white box, with white sugar maple in upper left corner; registration sticker at lower right corner""
]

# Find the index of the last design
last_design_index = designs.index(designs[-1])

# Retrieve the corresponding year of the last design
last_design_year = years[last_design_index]

# Print the result
print(f""Final Answer: {last_design_year}"")
# Done
```"
214,"which farm grew the larger amount on 9 feb , gamini maha vidyalayam or nelukkulam kalaimahal maha vidyalayam ?",Nelukkulam Kalaimahal Maha Vidyalayam,"```python
# Extracting the relevant data from the table
farms = [""menik farm zone 0 (kathirkamar village)"", ""menik farm zone 3 (arunachchalam village)"", ""ariviththodam sivanantha vidyalayam, menik farm"", ""cheddikulam maha vidyalayam"", ""gamini maha vidyalayam"", ""kovilkulam hindu college"", ""nelukkulam kalaimahal maha vidyalayam"", ""nelukkulam technical college"", ""pampamadhu hostel school"", ""ponthoodam government tamil mixed school"", ""poonathoddam college of education"", ""sivapirakasa ladies college, vavuniya"", ""vavuniya muslim maha vidyalayam"", ""vavuniya tamil maha vidyalayam (primary)"", ""vavuniya tamil maha vidyalayam (senior)"", ""kaithady ayurvedic university hostel"", ""kaithady hindu children home"", ""kaithady palmyra research institute 1"", ""kodikamam government tamil mixed school"", ""kopay teacher training college"", ""murusivil roman catholic tamil mixed school"", ""thirunagar old court house"", ""illupaikkulam"", ""kalimoddai"", ""mannar district general hospital"", ""sirukandal"", ""kantale base hospital"", ""methodist school"", ""pulmoddai field hospital"", ""thampalakamam peripheral unit"", ""trincomalee general hospital"", ""colombo national hospital"", ""padaviya base hospital"", ""polonnaruwa general hospital"", ""total""]
feb_9_amounts = [1353, None, 581, 1624, 2017, 1056, 2829, 2374, 4181, 1351, 5302, None, 1767, 1916, 4390, None, None, None, 411, 444, 1139, 73, 52, 445, None, 357, None, None, None, None, None, None, None, 33662]

# Finding the index of the farms in question
gamini_index = farms.index(""gamini maha vidyalayam"")
nelukkulam_index = farms.index(""nelukkulam kalaimahal maha vidyalayam"")

# Determine the farm that grew the larger amount on 9 Feb
larger_farm = ""gamini maha vidyalayam"" if feb_9_amounts[gamini_index] > feb_9_amounts[nelukkulam_index] else ""nelukkulam kalaimahal maha vidyalayam""

# Print the result
print(f""Final Answer: {larger_farm}"")
# Done
```"
215,which team is previous to cska moscow on team 1,Twente,"```python
# Extracting the relevant data from the table
teams = [""benfica"", ""dynamo kyiv"", ""twente"", ""cska moscow"", ""psv eindhoven"", ""bayer leverkusen"", ""ajax"", ""braga""]

# Finding the index of the team ""cska moscow""
cska_index = teams.index(""cska moscow"")

# Finding the team previous to ""cska moscow""
previous_team = teams[cska_index - 1]

# Print the result
print(f""Final Answer: {previous_team}"")
#Done
```"
216,"anna zagorska recieved 2nd place , what was her time ?",2:00.11,"```python
# Extracting the relevant data from the table
athletes = [""liliana barbulescu"", ""anna zagorska"", ""irina vashentseva"", ""laura gerber"", ""christiane dos santos"", ""tamara volkova"", ""tatyana yegorova"", ""sandra teixeira""]
times = [""2:00.06"", ""2:00.11"", ""2:00.77"", ""2:01.39"", ""2:01.53"", ""2:01.86"", ""2:02.64"", ""2:03.01""]

# Finding the index of Anna Zagorska in the list of athletes
anna_index = athletes.index(""anna zagorska"")

# Retrieving the time for Anna Zagorska
anna_time = times[anna_index]

# Print the result
print(f""Final Answer: {anna_time}"")
# Done
```"
217,who was the only 17 year old delegate ?,Amelia Victoria Vega Polanco,"```python
# Extracting the relevant data from the table
ages = [21, 24, 19, 20, 18, 26, 22, 18, 20, 23, 21, 22, 18, 22, 20, 25, 18, 21, 23, 20, 19, 19, 24, 23, 19, 17, 20, 25, 21, 19]
contestants = [""patricia tomas ferro"", ""jeimi vanessa hernandez franjul"", ""eva duarte sanchez"", ""carol maria arciniegas jimenez"", ""elizabeth rondon garcia"", ""melanie pimentel de lara"", ""yilda santana subervi"", ""yorning mateo salves"", ""sarah maria reyes santos"", ""ana maria beldana ferriera"", ""mary ann fiallo reynosa"", ""suanny frontaan de la cruz"", ""norbelkis ramirez astro"", ""ana carolina frometa cruz"", ""yoneidy zamora berro"", ""cindy arias morton"", ""carolina ayala cromen"", ""sandra castellanos de fermin"", ""dina margarita encarnacion del rosario"", ""lucrecia vargas camacho"", ""elisa mercedes cid brito"", ""johanna del carmen espaillat romero"", ""karina german fernandez"", ""lizette de los santos petro"", ""dalisa magdalena alegria gomez"", ""amelia victoria vega polanco"", ""martha zamora taveras"", ""aurora sardena fiallo"", ""lourdes medina acosta"", ""linette seferino guzman""]

# Find the index of the 17-year-old
seventeen_index = ages.index(17)

# Retrieve the name of the 17-year-old delegate
seventeen_year_delegate = contestants[seventeen_index]

# Print the result
print(f""Final Answer: {seventeen_year_delegate}"")
# Done
```"
218,what is the total number of known vassal states in which their reigning years are known ?,10,"```python
# Extracting the relevant data from the table
reigning_years = [328, 311, 302, 300, 306, 328, 318, 334, 311, 325]
vassal_states = [""mi"", None, ""ji"", ""tian"", ""ying"", None, None, None, None, None]

# Filter out None values and count the known vassal states
known_vassal_states_count = sum([1 for state in vassal_states if state is not None])

# Print the total number of known vassal states
print(f""Final Answer: {known_vassal_states_count}"")
# Done
```"
219,how many chapters or clubs were founded in or before 1950 ?,13,"
```python
# Extracting the data
founding_dates = [""1925"", ""1926-12-14"", ""1926-12-14"", ""1927-02-07"", ""1928-05-21"", ""1940-11-23"", ""1941-12-13"", ""1943"", ""1944"", ""1946-05-16"", ""1946"", ""1947-02-22"", ""1948-12"", ""1953-07-07"", ""1956-05-27"", ""1958-12-07"", ""1959-03-07"", ""1960-05-15"", ""1960-12-10"", ""1961-12-18"", ""1962-03-25"", ""1967-02-14"", ""1967-06-04"", ""1969-04-12"", ""1969-05-25"", ""1969-11-14"", ""1970-03-07"", ""1971-02-20"", ""1971-02-23"", ""1971-05-02"", ""1972-05-13"", ""1975-11-09"", ""1978-09-24"", ""1980-01-26"", ""2003-05-18"", ""2004-07-18"", None, None, None, None, None, None, None, ""2013""]

# Filter the chapters or clubs founded in or before 1950
count = sum(1 for date in founding_dates if date is not None and (int(date.split('-')[0]) <= 1950))

# Print the number of chapters or clubs founded in or before 1950
print(f""Number of chapters or clubs founded in or before 1950: {count}"")
# Done
```"
220,which publisher worked on a title consecutively from 1982-1989 ?,Melbourne House,"```python
# Extracting the relevant data from the table
titles = [""the hobbit"", ""lord of the rings: game one (aka: the fellowship of the ring)"", ""the shadows of mordor"", ""war in middle-earth"", ""the crack of doom"", ""the lord of the rings volume 1"", ""the lord of the rings volume 2"", ""riders of rohan"", ""the lord of the rings volume 1"", ""the lord of the rings: the fellowship of the ring"", ""the lord of the rings: the fellowship of the ring"", ""the lord of the rings: the fellowship of the ring"", ""the lord of the rings: the two towers"", ""the lord of the rings: the two towers"", ""the lord of the rings: the return of the king"", ""the lord of the rings: the return of the king"", ""the lord of the rings: war of the ring"", ""the hobbit"", ""the hobbit"", ""the lord of the rings: the third age"", ""the lord of the rings: the third age (gba)"", ""the lord of the rings: the battle for middle-earth"", ""the lord of the rings: tactics"", ""the lord of the rings: the battle for middle-earth ii"", ""the lord of the rings: the battle for middle-earth ii: the rise of the witch-king"", ""the lord of the rings online: shadows of angmar"", ""the lord of the rings online: mines of moria"", ""the lord of the rings: conquest"", ""the lord of the rings online: siege of mirkwood"", ""the lord of the rings: aragorn's quest"", ""the lord of the rings: war in the north"", ""the lord of the rings online: rise of isengard"", ""the lord of the rings online: riders of rohan"", ""guardians of middle-earth"", ""lego the lord of the rings"", ""the hobbit: kingdoms of middle-earth"", ""the hobbit: armies of the third age"", ""the lord of the rings online: helm's deep"", ""middle-earth: shadow of mordor""]
years = [1982, 1985, 1987, 1988, 1989, 1990, 1992, 1991, 1994, 2002, 2002, 2002, 2002, 2002, 2003, 2003, 2003, 2003, 2003, 2004, 2004, 2004, 2005, 2006, 2006, 2007, 2008, 2009, 2009, 2010, 2011, 2011, 2012, 2012, 2012, 2012, 2013, 2013, 2014]
publishers_lists = [[""melbourne house""], [""melbourne house""], [""melbourne house""], [""melbourne house""], [""melbourne house""], [""interplay"", ""electronic arts""], [""interplay""], [""konami"", ""mirrorsoft""], [""interplay""], [""vivendi universal games""], [""vivendi universal games""], [""vivendi universal games""], [""electronic arts""], [""electronic arts""], [""electronic arts"", ""aspyr (mac os x)""], [""electronic arts""], [""sierra""], [""sierra""], [""sierra""], [""electronic arts""], [""electronic arts""], [""electronic arts""], [""electronic arts""], [""electronic arts""], [""electronic arts""], [""turbine, inc."", ""midway""], [""turbine, inc."", ""midway""], [""electronic arts""], [""turbine, inc""], [""warner bros. interactive entertainment""], [""warner bros. interactive entertainment""], [""warner bros. interactive entertainment""], [""warner bros. interactive entertainment""], [""warner bros. interactive entertainment""], [""warner bros. interactive entertainment""], [], [], [""warner bros. interactive entertainment""], [""warner bros. interactive entertainment""]]
consecutive_years = [1982, 1983, 1984, 1985, 1986, 1987, 1988, 1989]

# Checking for the publisher who worked consecutively from 1982-1989
consecutive_publisher = None
for publisher_list in publishers_lists:
    if all(year in years for year in consecutive_years):
        consecutive_publisher = publisher_list[0]
        break

# Print the result
print(f""Final Answer: {consecutive_publisher}"")
# Done
```"
221,what is the difference in years between his last role and his first role ?,26,"```python
# Extracting the relevant data from the table
years = [1933, 1937, 1937, 1947, 1947, 1949, 1949, 1950, 1951, 1956, 1958, 1959]
roles = [""shen xiling"", ""yuan muzhi"", ""shen xiling"", ""chen liting"", ""chen liting"", ""zheng junli"", ""chen liting"", ""sun yu"", ""zheng junli"", ""shen fu"", ""zheng junli"", ""zheng junli""]

# Finding the years for his first and last roles
first_role_index = 0
for idx, role in enumerate(roles):
    if role != roles[-1]:
        first_role_index = idx
        break

first_role_year = years[first_role_index]
last_role_year = years[-1]

# Calculating the difference in years between his last role and his first role
year_difference = last_role_year - first_role_year

# Print the result
print(f""Final Answer: {year_difference} years"")
# Done
```"
222,what is the name of the country that had the most international tourism arrivals in 2010 ?,Mexico,"```python
# Extracting the relevant data from the table
countries = [""argentina"", ""brazil"", ""chile"", ""costa rica"", ""cuba"", ""dominican republic"", ""mexico"", ""panama"", ""peru"", ""uruguay""]
tourism_arrivals = [5288.0, 5161.0, 2766, 2100, 2507, 4125.0, 22395.0, 1317, 2299, 2352]

# Finding the index of the country with the maximum international tourism arrivals
max_arrivals_index = tourism_arrivals.index(max(tourism_arrivals))

# Retrieving the name of the country with the most international tourism arrivals in 2010
country_most_arrivals = countries[max_arrivals_index]

# Print the result
print(f""Final Answer: {country_most_arrivals}"")
# Done
```"
223,what is the number of songs with a length over 4 minutes ?,2,"```python
# Extracting the relevant data from the table
song_lengths = [""2:34"", ""3:36"", ""4:37"", ""4:09"", ""3:19"", ""3:27"", ""2:48"", ""3:28"", ""3:31"", ""3:46""]

# Convert the song lengths into total seconds for easier comparison
total_seconds = [int(length.split(':')[0]) * 60 + int(length.split(':')[1]) for length in song_lengths]

# Count the number of songs with a length over 4 minutes (240 seconds)
num_songs_over_4min = sum([seconds > 240 for seconds in total_seconds])

# Print the result
print(f""Final Answer: {num_songs_over_4min}"")
# Done
```"
224,when was the benetton b198 chassis used ?,1998,"```python
# Extracting the relevant data from the table
years = [1998, 1998, 1998, 1999, 1999, 1999, 2000, 2000, 2000]
chassis = [""benetton b198"", ""benetton b198"", ""benetton b198"", ""benetton b199"", ""benetton b199"", ""benetton b199"", ""benetton b200"", ""benetton b200"", ""benetton b200""]

# Finding the year for the Benetton B198 chassis
chassis_index = chassis.index(""benetton b198"")
year_used = years[chassis_index]

# Print the result
print(f""Final Answer: {year_used}"")
# Done
```"
225,total number of episodes released in region 2 in 2007,20,"```python
# Extracting the relevant data from the table
years = [""1971"", ""1972"", ""1973"", ""1975"", ""1976"", ""1977"", ""1978"", ""1980"", ""1981"", ""1983"", ""1985"", ""1985"", ""1971"", ""1987, 2010"", ""1986"", ""1971"", ""1971""]
episodes = [2, 2, 2, 2, 2, 2, 2, 2, 2, 2, 2, 2, 27, 2, 1, 1]

# Calculate the total episodes released in region 2 in 2007
total_episodes_2007 = sum([episodes[i] for i, year in enumerate(years) if year == ""2007""])

# Print the result
print(f""Final Answer: {total_episodes_2007}"")
# Done
```"
226,are there at least five tracks featuring sandy on the 2005 best of benassi bros. album ?,Yes,"```python
# Extracting the relevant data from the table
artists = [""benassi bros"", ""benassi bros"", ""benassi bros"", ""benassi bros"", ""benassi bros"", ""benassi bros"", ""benassi bros"", ""benassi bros"", ""benassi bros"", ""benassi bros"", ""benassi bros"", ""benassi bros"", ""benassi bros"", ""benassi bros"", ""benassi bros""]
featuring = [""dhany"", ""sandy"", ""dhany"", ""sandy"", ""dhany"", ""sandy"", ""dhany"", ""sandy"", ""dhany"", ""sandy"", ""dhany"", ""sandy"", None, None, ""dhany""]
years = [2005, 2005, 2005, 2005, 2005, 2005, 2005, 2005, 2005, 2005, 2005, 2005, 2005, 2005, 2005]

# Filter to get tracks featuring Sandy released in 2005
sandy_tracks_2005 = [artist for artist, feat, year in zip(artists, featuring, years) if feat == ""sandy"" and year == 2005]

# Checking the count of tracks featuring Sandy on the 2005 best of Benassi Bros. album
result = len(sandy_tracks_2005) >= 5

# Print the result
print(f""Final Answer: {result}"")
# Done
```"
227,who was the player of the year before robert smith ?,Buster Howe,"```python
# Extracting the relevant data from the table
players = [""buster howe"", ""robert smith"", ""robert smith"", ""bobby hoying"", ""derek kidwell"", ""marc edwards"", ""curtis enis"", ""charles woodson"", ""andy katzenmoyer"", ""derek combs"", ""tony fisher"", ""ryan brewer"", ""bam childress"", ""jeff backes"", ""maurice clarett"", ""ben mauk"", ""ray williams"", ""tyrell sutton"", ""delone carter"", ""brandon saine"", ""bart tanski"", ""erick howard"", ""erick howard"", ""akise teague"", ""maty mauk"", ""mitch trubisky"", ""dante booker jr""]
player_index_robert_smith = players.index(""robert smith"")

# Finding the player before Robert Smith
player_before_robert_smith = players[player_index_robert_smith - 1]

# Print the result
print(f""Final Answer: {player_before_robert_smith}"")
# Done
```"
228,what is the total number of seasons listed on the chat ?,15,"```python
# Extract the relevant data from the table
seasons = [""1928-84"", ""1984/85"", ""1985/86"", ""1986/87"", ""1987/88"", ""1988/89"", ""1989/90"", ""1990/91"", ""1991/92"", ""1992/93"", ""1993/94"", ""1994/95"", ""1995/96"", ""1996/97"", ""1997/98""]

# Find the total number of seasons listed
total_seasons = len(seasons)

# Print the result
print(f""Final Answer: {total_seasons}"")
# Done
```"
229,how long did the first director serve in office ?,2 years,"```python
# Extracting the relevant data from the table
presidents = [""william bennett"", ""bob martinez"", ""lee p. brown"", ""barry mccaffrey"", ""john p. walters"", ""gil kerlikowske"", ""michael botticelli""]
start_years = [1989, 1991, 1993, 1996, 2001, 2009, 2014]
end_years = [1991, 1993, 1995, 2001, 2009, 2014, 2014]
max_days_in_month = [31, 28, 31, 30, 31, 30, 31]  # Maximum days in each month

# Calculate the number of days the first director served in office
days_served = 0
for i in range(len(start_years)):
    start_year = start_years[i]
    end_year = end_years[i]
    days_served += (end_year - start_year) * 365  # Assuming 1 year has 365 days

    if start_year % 4 == 0:  # Adjusting for leap years
        days_served += 1
    if start_year != end_year:
        for month in range(1, 13):
            if start_year == end_year and month > end_years[i + 1]:  # Don't calculate beyond the end year
                break
            days_served += max_days_in_month[month - 1]

# Print the result
print(f""Final Answer: The first director served for approximately {days_served} days."")
# Done
```"
230,what album won before borrowed time did in 2006 ?,Magic City,"```python
# Extracting the relevant data from the table
years = [2002, 2003, 2004, 2005, 2006, 2007, 2008, 2009, 2010, 2011, 2012, 2013]
albums = [""navigator"", ""polysaturated"", ""the crusader"", ""magic city"", ""borrowed time"", 
          ""rookie card"", ""rhyme book"", ""time is not much"", ""something awesome"", ""the liberation of"",
          ""home brew"", ""treble & reverb""]

other_finalists = [[""dark tower - canterbury drafts""], [""deceptikonz - elimination"", ""p-money - big things""],
                   [""king kapisi - 2nd round testament"", ""mareko - white sunday""],
                   [""tha feelstyle - break it to pieces"", ""savage - moonshine""],
                   [""nesian mystik - freshmen"", ""opensouls - kaleidoscope""],
                   [""4 corners - the foundations"", ""deceptikonz - heavy rotation""],
                   [""mareko - white sunday 2: the book of mark"", ""young sid - the truth""],
                   [""savage - savage island"", ""smashproof - the weekend""],
                   [""j. williams - young love"", ""young sid - what doesn't kill me""],
                   [""david dallas - the rose tint"", ""pnc - man on wire""],
                   [""adeaze - rise & shine"", ""savage - mayhem & miracles""],
                   [""at peace - girl songs"", ""p-money - gratitude""]]

# Finding the index of ""borrowed time"" album and selecting the winner before it
index_borrowed_time = albums.index(""borrowed time"")
winner_before_borrowed_time = other_finalists[index_borrowed_time - 1][0]

# Print the result
print(f""Final Answer: {winner_before_borrowed_time}"")

# Done
```"
231,how many years had more than 500 deaths but less than 502 ?,1,"```python
# Extracting the relevant data from the table
years = [1970, 1975, 1980, 1985, 1990, 1991, 1992, 1993, 1994, 1995, 1996, 1997, 1998, 1999, 2000, 2001, 2002, 2003, 2004, 2005, 2006]
deaths = [761, 857, 996, 1104, 842, 789, 692, 617, 585, 537, 486, 483, 498, 448, 460, 562, 608, 625, 637, 548, 540]

# Finding the years with more than 500 deaths but less than 502
matching_years = [year for year, death_count in zip(years, deaths) if 500 < death_count < 502]

# Calculating the count of matching years
matching_years_count = len(matching_years)

# Print the result
print(f""Final Answer: {matching_years_count}"")
# Done
```"
232,"which canton falls under the date of law of 24 february 1843 and has a population of 3,966 ?",Grevenmacher,"```python
# Extracting the relevant data from the table
cantons = [""diekirch"", ""differdange"", ""dudelange"", ""echternach"", ""esch-sur-alzette"", ""ettelbruck"", ""grevenmacher"", ""luxembourg city"", ""remich"", ""rumelange"", ""vianden"", ""wiltz""]
populations = [6165.0, 19005.0, 17618.0, 4507.0, 28000.0, 7364.0, 3966.0, 76420.0, 2986, 4495.0, 1561, 4587.0]
date_of_laws = [""24 february 1843"", ""4 august 1907"", ""4 august 1907"", ""24 february 1843"", ""29 may 1906"", ""4 august 1907"", ""24 february 1843"", ""24 february 1843"", ""24 february 1843"", ""4 august 1907"", ""24 february 1843"", ""24 february 1843""]

# Finding the canton that meets the criteria
required_canton = None
for i in range(len(cantons)):
    if date_of_laws[i] == ""24 february 1843"" and populations[i] == 3966.0:
        required_canton = cantons[i]
        break

# Print the result
print(f""Final Answer: {required_canton}"")
# Done
```"
233,how many times was the fiat abarth 124 rallye car used ?,3,"```python
# Extracting the relevant data from the table
cars = [""fiat abarth 124 rallye"", ""fiat abarth 124 rallye"", ""fiat abarth 124 rallye"", ""toyota corolla"", ""datsun 260z"", ""alpine-renault a110 1800"", ""bmw 2002"", ""citroen gs"", ""ford escort rs1600"", ""fiat 124 sport spyder""]

# Counting the occurrences of ""fiat abarth 124 rallye"" car
fiat_counts = cars.count(""fiat abarth 124 rallye"")

# Print the result
print(f""Final Answer: {fiat_counts}"")
# Done
```"
234,how many films were made by 20th century fox studios ?,5,"```python
# Extracting the relevant data from the table
studios = [""20th century fox"", ""metro-goldwyn-mayer"", ""united artists"", ""20th century fox"", ""walt disney productions"", ""warner bros. pictures"", ""columbia pictures"", ""united artists"", ""universal pictures"", ""20th century fox"", ""united artists"", ""united artists"", ""metro-goldwyn-mayer"", ""metro-goldwyn-mayer"", ""paramount pictures"", ""united artists"", ""united artists"", ""embassy pictures"", ""20th century fox"", ""20th century fox"", ""paramount"", ""columbia"", ""columbia"", ""united artists""]
film_count = studios.count(""20th century fox"")

# Print the result
print(f""Final Answer: {film_count}"")
# Done
```"
235,previous to 2000 how many albums were released ?,9,"```python
# Extracting the relevant data from the table
release_years = [1983, 1984, 1985, 1987, 1988, 1988, 1989, 1990, 1991, 2001, 2001, 2001, 2001, 2001, 2001, 
                 2001, 2002, 2002, 2002, 2002, 2003, 2003, 2003, 2003, 2003, 2003, 2003, 2004, 2004, 2005, 
                 2006, 2006, 2006, 2007, 2007, 2007, 2007, 2007, 2007, 2007, 2008, 2008, 2008, 2010, 2013]

# Counting the number of albums released before 2000
albums_before_2000 = sum(year < 2000 for year in release_years)

# Print the result
print(f""Final Answer: {albums_before_2000}"")
# Done
```"
236,what is the total amount of times a new york city marathon competition had a 1st position place ?,2,"```python
# Extracting the relevant data from the table
competitions = [""central american and caribbean games"", ""pan american games"", ""olympic games"", ""world championships"", ""world half marathon championships"", ""new york city marathon"", ""london marathon"", ""world championships"", ""new york city marathon"", ""olympic games"", ""new york city marathon"", ""boston marathon""]
positions = [""1st"", ""6th"", ""6th"", ""9th"", ""2nd"", ""1st"", ""3rd"", ""13th"", ""1st"", ""6th"", ""5th"", ""4th""]

# Finding the total amount of times a new york city marathon competition had a 1st position place
total_1st_place = positions.count(""1st"")

# Print the result
print(f""Final Answer: {total_1st_place}"")
# Done
```"
237,what was the number of the enrollment in 1967 ?,"20,576","```python
# Extracting the relevant data from the table
years = [1967, 1968, 1963, 1966, 1965, 1961, ""1891 / 1968"", 1973]
enrollments = [20576, 37641, 4576, 29340, 34767, 20895, 30379, 7079]

# Finding the enrollment number for the year 1967
year_index = years.index(1967)
enrollment_1967 = enrollments[year_index]

# Print the result
print(f""Final Answer: Enrollment in 1967 was {enrollment_1967}"")
# Done
```"
238,"other than chimaltenango 's contestant , which region also had a 19 year old contestant ?",Ciudad Capital,"```python
# Extracting the relevant data from the table
regions = [""alta verapaz"", ""chimaltenango"", ""ciudad capital"", ""guatemala"", ""izabal"", ""jalapa"", ""quetzaltenango""]
contestants = [""casetie lily dubois caravantes"", ""wendy karina albizures del cid"", ""rita elizabeth meda cojulun"", ""ana maribel arana ruiz"", ""jessica jazmin donabo chavez"", ""luz yohana marroquin moran"", ""clara jennifer chiong estrada""]
ages = [23.0, 19.0, 19.0, 22.0, 18.0, 20.0, 24.0]
regions_contestants = dict(zip(regions, contestants))

# Finding the region with a 19-year-old contestant other than Chimaltenango
target_age = 19.0
target_region = None
for region, age in zip(regions, ages):
    if age == target_age and regions_contestants[region] != ""wendy karina albizures del cid"":
        target_region = region
        break

# Print the result
print(f""Final Answer: {target_region}"")
# Done
```"
239,"who ran in the year 1920 , but did not win ?",E.W. McManus,"```python
# Extracting the relevant data from the table
years = [1920, 1922, 1924, 1926, 1928, 1930, 1932, 1934, 1936, 1938, 1940, 1942, 1944, 1946, 1948, 1950, 1952, 1954, 1956, 1958, 1960, 1962, 1964, 1966, 1968, 1970, 1972, 1974, 1976, 1978, 1980, 1982, 1984, 1986, 1988, 1990, 1992, 1994, 1996, 1998, 2000, 2002, 2004, 2006, 2008, 2010]
candidate_names = [""william f. kopp"", ""william f. kopp"", ""william f. kopp"", ""william f. kopp"", ""william f. kopp"", ""william f. kopp"", ""edward c. eicher"", ""edward c. eicher"", ""edward c. eicher"", ""thomas e. martin"", ""thomas e. martin"", ""thomas e. martin"", ""thomas e. martin"", ""thomas e. martin"", ""thomas e. martin"", ""thomas e. martin"", ""thomas e. martin"", ""fred schwengel"", ""fred schwengel"", ""fred schwengel"", ""fred schwengel"", ""fred schwengel"", ""john r. schmidhauser"", ""fred schwengel"", ""fred schwengel"", ""fred schwengel"", ""edward mezvinsky"", ""edward mezvinsky"", ""james a. leach"", ""james a. leach"", ""james a. leach"", ""james a. leach"", ""james a. leach"", ""james a. leach"", ""james a. leach"", ""james a. leach"", ""james a. leach"", ""james a. leach"", ""james a. leach"", ""james a. leach"", ""james a. leach"", ""jim nussle"", ""jim nussle"", ""bruce braley"", ""bruce braley"", ""bruce braley""]
winners = [""republican"", ""republican"", ""republican"", ""republican"", ""republican"", ""republican"", ""democrat"", ""democrat"", ""democrat"", ""republican"", ""republican"", ""republican"", ""republican"", ""republican"", ""republican"", ""republican"", ""republican"", ""republican"", ""republican"", ""republican"", ""republican"", ""republican"", ""democrat"", ""republican"", ""republican"", ""republican"", ""democrat"", ""democrat"", ""republican"", ""republican"", ""republican"", ""republican"", ""republican"", ""republican"", ""republican"", ""republican"", ""republican"", ""republican"", ""republican"", ""republican"", ""republican"", ""republican"", ""republican"", ""democrat"", ""democrat"", ""democrat""]
losers = [""20977"", ""14056"", ""17110"", ""11408"", None, ""15538"", ""46738"", ""39047"", ""53474"", ""33765"", ""46040"", ""32893"", ""60048"", ""32849"", ""60860"", ""43140"", ""62011"", ""50577"", ""68287"", ""51996"", ""67287"", ""42000"", ""80697"", ""60534"", ""81049"", ""59505"", ""91609"", ""63540"", ""101024"", ""45037"", ""72602"", ""61734"", ""65293"", ""43985"", ""71280"", ""151"", ""81600"", ""69461"", ""111595"", ""79529"", ""96283"", ""83779"", ""125490"", ""89471"", ""99447"", ""99976""]

# Find the index for the year 1920 and winner as Republican
index_1920_candidate_republican = -1
for index, (year, winner) in enumerate(zip(years, winners)):
    if year == 1920 and winner == ""re"
240,what is the total agricultural value in 2008/09 ?,"3,729.7","```python
# Extracting the relevant data from the table
years = [""2007/08"", ""2008/09"", ""2009/10"", ""2010/11"", ""2011/12""]
agricultural_values = [772.6, 3729.7, 484.8, 3729.0, 3793.0]

# Finding the index of the year 2008/09
year_index = years.index(""2008/09"")
agricultural_value_2008_09 = agricultural_values[year_index]

# Print the result
print(f""Final Answer: {agricultural_value_2008_09}"")
# Done
```"
241,which game did georgia score the largest amount of points in ?,September 2,"```python
# Extracting the relevant data from the table
opponents = [""wku"", ""at south carolina"", ""uab"", ""colorado"", ""at ole miss"", ""#13 tennessee"", ""vanderbilt"", ""mississippi state"", ""vs. #9 florida"", ""at kentucky"", ""at #5 auburn"", ""#16 georgia tech"", ""vs. #14 virginia tech""]
scores = [48, 18, 34, 14, 14, 33, 22, 27, 14, 20, 37, 15, 31]

# Finding the index of the largest score
max_score_index = scores.index(max(scores))

# Retrieving the opponent for the highest scoring game
game_highest_score = opponents[max_score_index]

# Print the result
print(f""Final Answer: {game_highest_score}"")
# Done
```"
242,how many times were new zealand the opposing team ?,4,"```python
# Extracting the relevant data from the table
opposing_teams = [""west indies"", ""west indies"", ""england"", ""england"", ""west indies"", ""england"", ""west indies"", ""west indies"", ""india"", ""india"", ""india"", ""west indies"", ""west indies"", ""west indies"", ""west indies"", ""england"", ""west indies"", ""west indies"", ""australia"", ""australia"", ""australia"", ""west indies"", ""west indies"", ""west indies"", ""west indies"", ""west indies"", ""australia"", ""west indies"", ""pakistan"", ""pakistan"", ""west indies"", ""west indies"", ""england"", ""india"", ""india"", ""india"", ""india"", ""west indies"", ""england"", ""west indies"", ""india"", ""new zealand"", ""new zealand"", ""west indies"", ""new zealand"", ""west indies"", ""australia"", ""west indies"", ""england"", ""west indies"", ""pakistan"", ""west indies"", ""west indies"", ""australia"", ""australia"", ""west indies"", ""west indies"", ""australia"", ""west indies"", ""west indies"", ""india"", ""india"", ""west indies"", ""west indies"", ""australia"", ""england"", ""australia"", ""west indies"", ""west indies"", ""india"", ""west indies"", ""australia"", ""west indies"", ""zimbabwe"", ""india"", ""england"", ""bangladesh"", ""bangladesh"", ""bangladesh"", ""west indies"", ""pakistan"", ""west indies"", ""west indies"", ""australia"", ""england"", ""england"", ""west indies"", ""new zealand""]

# Counting the number of times New Zealand was the opposing team
count_new_zealand = opposing_teams.count(""new zealand"")

# Print the result
print(f""Final Answer: New Zealand was the opposing team {count_new_zealand} times."")
# Done
```"
243,how many games during this season were aired on cbs ?,3,"```python
# Extracting the relevant data from the table
opponents = [""missouri state"", ""new mexico"", ""troy"", ""at #3 alabama"", ""vs. #14 texas a&m"", ""#15 auburn"", ""at ole miss"", ""at vanderbilt"", ""#10 south carolina"", ""tennessee"", ""mississippi state"", ""at #1 lsu"", ""vs. #11 kansas state""]
tv_channels = [""ppv"", ""espnu"", ""css"", ""cbs"", ""espn"", ""espn"", ""secn"", ""secn"", ""espn"", ""espn2"", ""cbs"", ""cbs"", ""fox""]

# Counting the number of games aired on CBS
cbs_games_count = tv_channels.count(""cbs"")

# Print the result
print(f""Final Answer: {cbs_games_count}"")
# Done
```"
244,who was the top performer in the 2008 telstra men 's pro ?,Josh Constable,"```python
# Extracting the relevant data from the table
events = [""2008 telstra men's pro"", ""2008 banana boat women's pro"", ""2007 odyssey 20/20 men's pro"", ""2007 banana boat women's pro"", ""2009 golden breed mens pro lqs"", ""2009 banana boat women's pro"", ""2010 golden breed mens pro lqs"", ""2010 the back beach women's 1 star pro""]
winners = [""josh constable"", ""jennifer smith"", ""josh constable"", ""chelsea wlliams"", ""taylor jensen"", ""chelsea wlliams"", ""taylor jensen"", ""crystal dzigas""]

# Finding the top performer in the 2008 telstra men's pro
event_index = events.index(""2008 telstra men's pro"")
top_performer_2008 = winners[event_index]

# Print the result
print(f""Final Answer: {top_performer_2008}"")
# Done
```"
245,"in regards to anna zagorska , what was her finishing time ?",2:00.11,"```
# Extracting the relevant data from the table
athletes = [""liliana barbulescu"", ""anna zagorska"", ""irina vashentseva"", ""laura gerber"", ""christiane dos santos"", ""tamara volkova"", ""tatyana yegorova"", ""sandra teixeira""]
finishing_times = [""2:00.06"", ""2:00.11"", ""2:00.77"", ""2:01.39"", ""2:01.53"", ""2:01.86"", ""2:02.64"", ""2:03.01""]

# Finding the index of ""anna zagorska""
anna_index = athletes.index(""anna zagorska"")

# Getting the finishing time for Anna Zagorska
anna_finishing_time = finishing_times[anna_index]

# Printing the result
print(f""Final Answer: {anna_finishing_time}"")
# Done
```"
246,what is the last year the west panthers had in qld cup ?,2003,"```python
# Extracting the relevant data from the table
teams = [""aspley broncos"", ""brothers-valleys"", ""bundaberg grizzlies"", ""cairns cyclones"", ""central capras"", ""gold coast vikings"", ""logan scorpions"", ""mackay sea eagles"", ""north queensland young guns"", ""past brothers"", ""port moresby vipers"", ""souths magpies"", ""sunshine coast falcons"", ""townsville stingers"", ""toowoomba clydesdales"", ""wests panthers""]
last_years = [2007, 2004, 1996, 1996, 1996, 1998, 1996, 1996, 2002, 1996, 1996, 1996, 1996, 1998, 1996, 1996]

# Finding the index of the team ""west panthers""
team_index = teams.index(""wests panthers"")

# Retrieving the last year for the west panthers in qld cup
last_year = last_years[team_index]

# Print the result
print(f""Final Answer: {last_year}"")
# Done
```"
247,which dance is previous to tango,Jive,"```python
# Extracting the relevant data from the table
dances = [""cha cha"", ""waltz (international standard)"", ""rumba"", ""quickstep"", ""jive"", ""tango"", ""paso doble"", ""foxtrot"", ""samba"", ""showdance""]
previous_to_tango = dances[dances.index(""tango"") - 1]

# Print the result
print(f""Final Answer: {previous_to_tango}"")
# Done
```"
248,what was the difference in vote percent between 1968 and 1974 ?,7.6,"```python
# Extracting the relevant data from the table
years = [1945, 1948, 1951, 1954, 1959, 1964, 1968, 1974, 1979, 1984, 1989, 1994, 1999, 2004, 2009, 2013]
vote_percent = [None, None, None, 42.4, 36.9, 33.3, 35.2, 27.6, 34.5, 34.9, 32.4, 30.3, 30.1, 36.1, 38.0, 33.6]

# Finding the vote percent for 1968 and 1974
vote_1968 = vote_percent[years.index(1968)]
vote_1974 = vote_percent[years.index(1974)]

# Calculating the difference in vote percent between 1968 and 1974
difference_vote_percent = abs(vote_1968 - vote_1974)

# Print the result
print(f""Difference in vote percent between 1968 and 1974: {difference_vote_percent}"")
#Done
```"
249,what were the total number of times the venue was located in the united states ?,6,"```python
# Extracting the relevant data from the table
venues = [""duluth, united states"", ""duluth, united states"", ""duluth, united states"", ""boston, united states"", ""los angeles, united states"", ""osaka, japan"", ""edinburgh, scotland"", ""osaka, japan"", ""rome, italy"", ""seoul, south korea"", ""osaka, japan"", ""sapporo, japan"", ""sapporo, japan"", ""barcelona, spain"", ""atlanta, united states""]
c3_addresses = [[""duluth"", ""united states""], [""duluth"", ""united states""], [""duluth"", ""united states""], [""boston"", ""united states""], [""los angeles"", ""united states""], [""osaka"", ""japan""], [""edinburgh"", ""scotland""], [""osaka"", ""japan""], [""rome"", ""italy""], [""seoul"", ""south korea""], [""osaka"", ""japan""], [""sapporo"", ""japan""], [""sapporo"", ""japan""], [""barcelona"", ""spain""], [""atlanta"", ""united states""]]

# Count the total number of times a venue was located in the united states
us_count = 0
for address in c3_addresses:
    if ""united states"" in address:
        us_count += 1

# Print the result
print(f""Total number of times the venue was located in the United States: {us_count}"")
# Done
```"
250,what are the number of times taito is listed as the manufacturer ?,5,"```python
# Extracting the relevant data from the table
manufacturers = [""sega"", ""midway"", ""midway"", ""atari games"", ""atlus"", ""sunsoft"", ""irem"", ""smilebit"", ""upl"", ""midway"", ""playmark"", ""taito"", ""taito"", ""taito"", ""taito"", ""taito"", ""atari"", ""namco"", ""international game system"", ""mitchell corporation"", ""konami"", ""namco"", ""atari"", ""sega am2"", ""toaplan"", ""sega am2"", ""sega am1"", ""sega am2"", ""konami"", ""jaleco"", ""alpha denshi"", ""snk""]

# Finding the number of times Taito is listed as the manufacturer
taito_count = manufacturers.count(""taito"")

# Print the result
print(f""Final Answer: {taito_count}"")
# Done
```"
251,which year did dickerson earn the most rushing yards ?,1984,"```python
# Extracting the relevant data from the table
years = [1983, 1984, 1985, 1986, 1987, 1987, 1988, 1989, 1990, 1991, 1992, 1993]
yards = [1808, 2105, 1234, 1821, 277, 1011, 1659, 1311, 677, 536, 729, 91]

# Finding the year with the most rushing yards earned by Dickerson
max_yards_index = yards.index(max(yards))
best_year = years[max_yards_index]

# Print the result
print(f""Final Answer: {best_year}"")
# Done
```"
252,which team did this team face against next after beating minnesota on january 29 of this season ?,Purdue,"```python
# Extracting the relevant data from the table
dates = [""december 3, 1948"", ""december 8, 1948"", ""december 11, 1948"", ""december 13, 1948"", ""december 18, 1948"", ""december 20, 1948"", ""december 21, 1948"", ""december 29, 1948"", ""december 30, 1948"", ""january 3, 1949"", ""january 8, 1949"", ""january 10, 1949"", ""january 15, 1949"", ""january 29, 1949"", ""january 31, 1949"", ""february 5, 1949"", ""february 7, 1949"", ""february 12, 1949"", ""february 21, 1949"", ""february 26, 1949"", ""february 28, 1949"", ""march 7, 1949""]
opponents = [""butler"", ""notre dame"", ""depaul"", ""oklahoma"", ""pennsylvania"", ""depaul"", ""cornell"", ""colgate"", ""colgate"", ""wisconsin"", ""indiana"", ""ohio state"", ""creighton"", ""minnesota (ranked #4)"", ""purdue"", ""wisconsin"", ""northwestern"", ""ohio state"", ""iowa"", ""northwestern"", ""indiana"", ""michigan""]
team = ""minnesota (ranked #4)""

# Find the index of the date and opponent for the match against minnesota on January 29, 1949
match_index = dates.index(""january 29, 1949"")
opponent_next = opponents[match_index + 1]

# Print the result
print(f""Final Answer: The team faced {opponent_next} next after beating {team} on January 29, 1949."")
# Done
```"
253,how many times did they make it to the first round ?,3,"```python
# Extracting the relevant data from the table
rounds = [""third qualifying round"", ""first round"", ""second round"", ""qualifying round"", ""first round"", ""second round"", ""first round"", ""second round"", ""second round"", ""play-off"", ""group a"", ""group a"", ""group a""]

# Counting the number of times they made it to the first round
first_round_count = rounds.count(""first round"")

# Print the result
print(f""Final Answer: {first_round_count}"")
# Done
```"
254,what is the minimum of follow up years do each author have ?,5,"```python
# Extracting the relevant data from the table
authors = [""pavie"", ""duncan"", ""ionescu"", ""zhu"", ""revuelta"", ""garcia-bengochea"", ""holden"", ""bachet""]
follow_up_years = [5, 6, 10, 10, 8, 8, 6, 6]

# Finding the minimum follow-up years for each author
min_follow_up_years = {author: min_year for author, min_year in zip(authors, follow_up_years)}

# Print the result
print(f""Final Answer: {min_follow_up_years}"")
# Done
```"
255,when was the first season ?,1985,"```python
# Extracting the relevant data from the table
seasons = ['1985', '1986', '1987', '1988', '1989', '1990', '1991', None, '1992', None, '1993', '1994', '1995', '1996', '1997', '1998', '1999', '2000', '2001', '2002', '2003', '2004', '2005', '2006', '2007', '2008', '2009', '2010', '2011', '2012']

# Find the index of the first non-null season
first_season_index = seasons.index(next(season for season in seasons if season is not None))

# Retrieve the first season
first_season = seasons[first_season_index]

# Print the result
print(f""Final Answer: {first_season}"")
# Done
```"
256,who is the most recent representative of maryland 's 3rd congressional district ?,John Sarbanes,"```python
# Extracting the relevant data from the table
names = [""benjamin contee"", ""william pinkney"", ""john francis mercer"", ""uriah forrest"", ""benjamin edwards"", ""jeremiah crabb"", ""william craik"", ""thomas plater"", ""patrick magruder"", ""philip barton key"", ""alexander contee hanson"", ""george peter"", ""henry ridgely warfield"", ""henry ridgely warfield"", ""george peter"", ""george corbin washington"", ""george corbin washington"", ""james turner"", ""john tolley hood worthington"", ""james wray williams"", ""charles s. sewall"", ""john wethered"", ""thomas watkins ligon"", ""edward hammond"", ""joshua van sant"", ""james morrison harris"", ""cornelius lawrence ludlow leary"", ""henry winter davis"", ""charles edward phelps"", ""charles edward phelps"", ""thomas swann"", ""william james o'brien"", ""william kimmel"", ""fetter schrier hoblitzell"", ""william hinson cole"", ""harry welles rusk"", ""william samuel booze"", ""frank charles wachter"", ""harry benjamin wolf"", ""john kronmiller"", ""george konig"", ""charles pearce coady"", ""john boynton philip clayton hill"", ""vincent palmisano"", ""thomas d'alesandro, jr"", ""edward garmatz"", ""paul sarbanes"", ""barbara mikulski"", ""benjamin cardin"", ""john sarbanes""]
left_office_dates = [""march 3, 1791"", ""november, 1791"", ""march 3, 1793"", ""november 8, 1794"", ""march 3, 1795"", ""june 1, 1796"", ""march 3, 1801"", ""march 3, 1805"", ""march 3, 1807"", ""march 3, 1813"", ""1816"", ""march 3, 1819"", ""march 3, 1823"", ""march 3, 1825"", ""march 3, 1827"", ""march 3, 1829"", ""march 3, 1833"", ""march 3, 1837"", ""march 3, 1841"", ""december 2, 1842"", ""march 3, 1843"", ""march 3, 1845"", ""march 3, 1849"", ""march 3, 1853"", ""march 3, 1855"", ""march 3, 1861"", ""march 3, 1863"", ""march 3, 1865"", ""march 3, 1867"", ""march 4, 1869"", ""march 3, 1873"", ""march 3, 1877"", ""march 3, 1881"", ""march 3, 1885"", ""july 8, 1886"", ""march 3, 1897"", ""march 3, 1899"", ""march 3, 1907"", ""march 3, 1909"", ""march 3, 1911"", ""may 31, 1913"", ""march 3, 1921"", ""march 3, 1927"", ""january 3, 1939"", ""may 16, 1947"", ""january 3, 1973"", ""january 3, 1977"", ""january 3, 1987"", ""january 3, 2007"", ""incumbent""]

# Identify the most recent representative of Maryland's 3rd congressional district
representatives = []
for name, date in zip(names, left_office_dates):
    if date is None:
        representatives.append(name)

recent_representative = representatives[-1]

# Print the result
print(f""Final Answer: {recent_representative}"")
# Done
```"
257,what is the first year there was a triple crown winner ?,1919,"```python
# Extracting the relevant data from the table
years = [1919, 1930, 1935, 1937, 1941, 1943, 1946, 1948, 1973, 1977, 1978]
winners = [""sir barton"", ""gallant fox"", ""omaha"", ""war admiral"", ""whirlaway"", ""count fleet"", ""assault"", ""citation"", ""secretariat"", ""seattle slew"", ""affirmed""]

# Finding the first year there was a triple crown winner
triple_crown_winner_index = winners.index(""sir barton"")
first_triple_crown_year = years[triple_crown_winner_index]

# Print the result
print(f""Final Answer: {first_triple_crown_year}"")
# Done
```"
258,"who had a faster time , katharina stiberg or ivana ninkovic ?",Katharina Stiberg,"```python
# Extracting the relevant data from the table
names = [""petra chocova"", ""sycerika mcmahon"", ""concepcion badillo diaz"", ""katharina stiberg"", ""hrafnhildur luthersdottir"", ""anastasia christoforou"", ""ivana ninkovic"", ""jenna laukkanen""]
times = [31.44, 31.51, 31.66, 31.84, 31.95, 31.98, 32.26, 32.26]

# Find the indexes of Katharina Stiberg and Ivana Ninkovic
katharina_index = names.index(""katharina stiberg"")
ivana_index = names.index(""ivana ninkovic"")

# Compare the times
if times[katharina_index] < times[ivana_index]:
    faster_name = ""Katharina Stiberg""
else:
    faster_name = ""Ivana Ninkovic""

# Print the result
print(f""Final Answer: {faster_name}"")
# Done
```"
259,name the male/female winners in the 1996 budapest half marathon .,Zoltán Káldy|Simona Staicu,"```python
# Extracting the relevant data from the table
years = [1996, 1997, 1998, 1999, 2000, 2001, 2002, 2003, 2004, 2005, 2006, 2007, 2008, 2009, 2010, 2011, 2012, 2013]
male_winners = [""zoltan kaldy (hun)"", ""keita fujino (jpn)"", ""seiji hamada (jpn)"", ""takaki morikawa (jpn)"", ""piotr gladki (pol)"", ""sreten ninkovic (yug)"", ""william kipsang (ken)"", ""miklos zatyko (hun)"", ""sreten ninkovic (scg)"", ""andras juhasz (hun)"", ""barnabas bene (hun)"", ""balazs ott (hun)"", ""roberto pasquale rutigliano (ita)"", ""erkolo ashenafi (eth)"", ""laszlo toth (hun)"", ""tamas kovacs (hun)"", ""gabor jozsa (hun)"", ""henry kemboi (ken)""]
female_winners = [""simona staicu (hun)"", ""sachie ozaki (jpn)"", ""kazumi kanbayashi (jpn)"", ""tomoko tamamushi (jpn)"", ""mihaela botezan (rom)"", ""beata rakonczai (hun)"", ""beata rakonczai (hun)"", ""aniko kalovics (hun)"", ""aniko kalovics (hun)"", ""eszter erdelyi (hun)"", ""aniko kalovics (hun)"", ""krisztina papp (hun)"", ""beata rakonczai (hun)"", ""krisztina papp (hun)"", ""krisztina papp (hun)"", ""aniko kalovics (hun)"", ""krisztina papp (hun)"", ""krisztina papp (hun)""]

# Find the index of the year 1996
year_index = years.index(1996)

# Retrieve the male and female winners for the year 1996
male_winner_1996 = male_winners[year_index]
female_winner_1996 = female_winners[year_index]

# Print the result
print(f""Male Winner in 1996: {male_winner_1996}"")
print(f""Female Winner in 1996: {female_winner_1996}"")
# Done
``` 
"
260,how many victories did he have in april ?,3,"```python
# Extracting the relevant data from the table
dates = [""jul 18, 1982"", ""oct 23, 1983"", ""mar 15, 1987"", ""apr 16, 1989"", ""aug 13, 1989"", ""apr 15, 1990"", ""may 6, 1990"", ""jun 17, 1991"", ""apr 30, 1995"", ""feb 7, 1999"", ""jun 20, 1999""]
victories = [""1"", ""2"", ""3"", ""4"", ""5"", ""6"", ""7"", ""8"", ""9"", ""10"", ""11""]

# Counting victories in April
april_victories = sum([1 for date in dates if ""apr"" in date.lower()])

# Print the result
print(f""Final Answer: {april_victories}"")
# Done
```"
261,what is the difference of the amount sold between boeing and general dynamics in 2007 ?,8960,"```python
# Extracting the relevant data from the table
companies = [""lockheed martin"", ""boeing"", ""bae systems"", ""general dynamics"", ""raytheon"", 
             ""northrop grumman"", ""airbus group"", ""finmeccanica"", ""l-3 communications"",
             ""united technologies corporation"", ""thales group"", ""saic"", ""huntington ingalls industries"",
             ""honeywell"", ""safran"", ""computer sciences corp"", ""rolls-royce"", ""united aircraft corporation"",
             ""oshkosh corporation"", ""general electric"", ""itt corp"", ""almaz-antey""]
sales_2007 = [22470, 31830, 29150, 23760, 22470, 21390, 16390, 14560, 12520, 11640, 9480, 
              7940, 6380, 5280, 5240, 4860, 4670, 4440, 4370, 4100, 4020, 3690]

# Finding the index of Boeing and General Dynamics
boeing_index = companies.index(""boeing"")
general_dynamics_index = companies.index(""general dynamics"")

# Extracting the sales of Boeing and General Dynamics in 2007
boeing_sales_2007 = sales_2007[boeing_index]
general_dynamics_sales_2007 = sales_2007[general_dynamics_index]

# Calculating the difference in sales
difference_sales = abs(boeing_sales_2007 - general_dynamics_sales_2007)

# Print the result
print(f""Difference of the amount sold between Boeing and General Dynamics in 2007: ${difference_sales} million"")
# Done
```  "
262,"which city was champion in 1957 , monterrey or el campo ?","Monterrey, Nuevo León","```python
# Extracting the relevant data from the table
years = [1957, 1958, 1959, 1960, 1961, 1962, 1963, 1964, 1965, 1966, 1967, 1968, 1969, 1970, 1971, 1972, 1973, 1974, 1975, 1976, 1977, 1978, 1979, 1980, 1981, 1982, 1983, 1984, 1985, 1986, 1987, 1988, 1989, 1990, 1991, 1992, 1993, 1994, 1995, 1996, 1997, 1998, 1999, 2000]
champions_cities = [""monterrey"", ""gadsden"", ""gadsden"", ""fort worth"", ""el campo"", ""del rio"", ""north houston"", ""mobile"", ""waco"", ""houston"", ""tampa"", ""richmond"", ""tampa"", ""nashville"", ""lexington"", ""vienna"", ""tampa"", ""jackson"", ""tampa"", ""richmond"", ""hattiesburg"", ""lexington"", ""north little rock"", ""tampa"", ""tampa"", ""sarasota"", ""marietta"", ""altamonte"", ""morristown"", ""sarasota"", ""morristown"", ""spring"", ""tampa"", ""mobile"", ""dunedin"", ""lake charles"", ""richmond"", ""springfield"", ""spring"", ""panama city"", ""bradenton"", ""greenville"", ""phenix city"", ""bellaire""]

# Finding the city that was the champion in 1957
year_index = years.index(1957)
champion_1957_city = champions_cities[year_index]

# Print the result
print(f""Final Answer: {champion_1957_city}"")
# Done
```"
263,what was the first year boston college won the championship ?,1954,"```python
# Extracting the required data from the table
years = [1954, 1956, 1957, 1959, 1961, 1963, 1964, 1965, 1976, 1983, 1994, 2001, 2004, 2008, 2010, 2011, 2012, 2013, 2014]
champions = [""boston college"", ""boston college"", ""boston college"", ""boston college"", ""boston college"", ""boston college"", ""boston college"", ""boston college"", ""boston college"", ""boston college"",
             ""boston college"", ""boston college"", ""boston college"", ""boston college"", ""boston college"", ""boston college"", ""boston college"", ""boston college"", ""boston college""]

# Find the index of the first appearance of ""boston college"" in the list of champions
first_win_index = champions.index(""boston college"")

# Retrieve the corresponding year
first_win_year = years[first_win_index]

# Print the result
print(f""Final Answer: {first_win_year}"")
# Done
```"
264,in what year was twilight heroes released ?,2007,"```python
# Extracting the relevant data from the table
names = [""8realms"", ""adventure quest worlds"", ""blood wars"", ""business tycoon online"", ""castle marrach"", ""castle of heroes"", ""club penguin"", ""cyber nations"", ""dead frontier"", ""domain of heroes"", ""doomlord"", ""earth eternal"", ""echo bazaar!"", ""empire & state"", ""erepublik"", ""evony"", ""forumwarz"", ""freeciv.net"", ""fusionfall"", ""grendel's cave"", ""habbo hotel"", ""hattrick"", ""heroes of might and magic kingdoms"", ""ikariam"", ""illyriad"", ""kantai collection"", ""kdice"", ""kingdom of loathing"", ""legends of zork"", ""little space heroes"", ""lord of ultima"", ""miniconomy"", ""monopoly city streets"", ""nadirim"", ""nationstates"", ""neopets"", ""nile online"", ""nukezone"", ""omerta (video game)"", ""ogame"", ""pardus"", ""pirate galaxy"", ""planetarion"", ""quake live"", ""quick hit football"", ""raceconflicts"", ""realm of the mad god"", ""runescape"", ""samurai taisen"", ""sentou gakuen"", ""tanki online"", ""terra est quaestuosa"", ""terra militaris"", ""threechess"", ""trade wars"", ""transformice"", ""travian"", ""twilight heroes"", ""urban dead"", ""urban rivals"", ""tribal wars"", ""virtonomics"", ""war of legends"", ""world of the living dead: resurrection"", ""x-wars""]
developers = [""jagex"", ""artix entertainment"", ""bw team"", ""dovogame llc"", ""skotos"", ""snail game"", ""new horizon entertainment/disney"", ""kevin marks"", ""neil yates"", ""tandem games"", ""beholder kft"", ""sparkplay media"", ""failbetter games"", ""novel, inc"", ""erepublik labs"", ""evony"", ""crotch zombie productions"", ""the freeciv project"", ""cartoon network/grigon entertainment"", ""grendel enterprises, l.l.c"", ""sulake inc"", ""extralives"", ""ubisoft"", ""gameforge"", ""illyriad games ltd"", ""kadokawa games"", ""ryan dewsbury"", ""asymmetric publications"", ""jolt online gaming"", ""bubble gum interactive"", ""electronic arts"", ""trade games international bv"", ""tribal ddb, hasbro"", ""twisted tribe"", ""max barry"", ""viacom"", ""tilted mill entertainment"", ""stefan karlstrom"", ""omerta game limited"", ""gameforge ag"", ""bayer&szell oeg"", ""splitscreen studios"", ""fubra"", ""id software"", ""play hard sports"", ""raceconflicts"", ""wildshadow"", ""jagex"", ""pst team"", ""pst team"", ""alternativaplatform"", ""schoot digital productions"", ""snail game"", ""rs consult bg ltd"", ""sylien games"", ""tigrounette, melibellule"", ""travian games"", ""quirkz media"", ""kevan davis"", ""boostr"", ""inno games"", ""gamerflot ltd"", ""ultizen"", ""ballardia"", ""sebastian lagemann, nils mitoussis, mediatainment gmbh""]
releases = [""2011 (now closed)"", ""2008"", ""2006"", ""2009"", ""2001"", ""2009"", ""2005"", ""2006"", ""2008"", ""2008"", ""2008"", ""2009"", ""2009"", ""2011"", ""2008"", ""2009"", ""2008"", ""2010"", ""2009"", ""1998"", ""2000"", ""1997"", ""2010"", ""2007"", ""2011"", ""2013"", ""2006"", ""2003"", ""2009-2011 (now closed)"", ""2011"", ""2010"", ""2002"", ""2009 (now closed)"", ""2011 (now closed)"", ""2002"", ""1999"", ""2008"", ""2001"", ""2003"", ""2002"", ""2004"", ""2000"", ""2000"", ""2009"", ""2009"", ""2004"", ""2010"", ""2001"", ""2013"", ""2012"", ""2009"", ""1998"", ""2010"", ""2010"", ""2007"", ""2010"", ""2004"", ""2007"", ""2005"", ""2006"", """
265,how many states had their last execution take place in 1997 ?,3,"```python
# Extracting the relevant data from the table
states = [""united states federal government"", ""united states military"", ""alabama"", ""alaska"", ""arizona"", ""arkansas"", ""california"", ""colorado"", ""connecticut"", ""delaware"", ""florida"", ""georgia"", ""hawaii"", ""idaho"", ""illinois"", ""indiana"", ""iowa"", ""kansas"", ""kentucky"", ""louisiana"", ""maine"", ""maryland"", ""massachusetts"", ""michigan"", ""minnesota"", ""mississippi"", ""missouri"", ""montana"", ""nebraska"", ""nevada"", ""new hampshire"", ""new jersey"", ""new mexico"", ""new york"", ""north carolina"", ""north dakota"", ""ohio"", ""oklahoma"", ""oregon"", ""pennsylvania"", ""rhode island"", ""south carolina"", ""south dakota"", ""tennessee"", ""texas"", ""utah"", ""vermont"", ""virginia"", ""washington"", ""west virginia"", ""wisconsin"", ""wyoming""]
last_execution_dates = [""18 march 2003"", ""13 april 1961"", ""25 july 2013"", ""never used"", ""23 october 2013"", ""28 november 2005"", ""17 january 2006"", ""13 october 1997"", ""13 may 2005"", ""20 april 2012"", ""26 february 2014"", ""21 february 2013"", ""never used"", ""12 june 2012"", ""17 march 1999"", ""11 december 2009"", ""6 september 1962"", ""22 june 1965"", ""21 november 2008"", ""7 january 2010"", ""21 november 1885"", ""5 december 2005"", ""9 may 1947"", ""never used"", ""13 february 1906"", ""20 june 2012"", ""26 february 2014"", ""11 august 2006"", ""2 december 1997"", ""26 april 2006"", ""14 july 1939"", ""22 january 1963"", ""6 november 2001"", ""15 august 1963"", ""18 august 2006"", ""17 october 1905"", ""16 january 2014"", ""23 january 2014"", ""16 may 1997"", ""6 july 1999"", ""14 february 1845"", ""6 may 2011"", ""30 october 2012"", ""2 december 2009"", ""5 february 2014"", ""18 june 2010"", ""8 december 1954"", ""16 january 2013"", ""10 september 2010"", ""3 april 1959"", ""21 august 1851"", ""22 january 1992""]

# Counting the number of states with their last execution in 1997
last_execution_1997_count = sum(1 for date in last_execution_dates if date.split()[-1] == '1997')

# Print the result
print(f""Final Answer: {last_execution_1997_count}"")
# Done
```"
266,"which city in wisconsin is the most populous , based on the 2010 census ?",Milwaukee,"```python
# Extracting the relevant data from the table
cities = [""abbotsford"", ""adams"", ""algoma"", ""alma"", ""altoona"", ""amery"", ""antigo"", ""appleton"", ""arcadia"", ""ashland"", ""augusta"", ""baraboo"", ""barron"", ""bayfield"", ""beaver dam"", ""beloit"", ""berlin"", ""black river falls"", ""blair"", ""bloomer"", ""boscobel"", ""brillion"", ""brodhead"", ""brookfield"", ""buffalo city"", ""burlington"", ""cedarburg"", ""chetek"", ""chilton"", ""chippewa falls"", ""clintonville"", ""colby"", ""columbus"", ""cornell"", ""crandon"", ""cuba city"", ""cudahy"", ""cumberland"", ""darlington"", ""delafield"", ""delavan"", ""de pere"", ""dodgeville"", ""durand"", ""eagle river"", ""eau claire"", ""edgerton"", ""elkhorn"", ""elroy"", ""evansville"", ""fennimore"", ""fitchburg"", ""fond du lac"", ""fort atkinson"", ""fountain city"", ""fox lake"", ""franklin"", ""galesville"", ""gillett"", ""glendale"", ""glenwood city"", ""green bay"", ""greenfield"", ""green lake"", ""greenwood"", ""hartford"", ""hayward"", ""hillsboro"", ""horicon"", ""hudson"", ""hurley"", ""independence"", ""janesville"", ""jefferson"", ""juneau"", ""kaukauna"", ""kenosha"", ""kewaunee"", ""kiel"", ""la crosse"", ""ladysmith"", ""lake geneva"", ""lake mills"", ""lancaster"", ""lodi"", ""loyal"", ""madison"", ""manawa"", ""manitowoc"", ""marinette"", ""marion"", ""markesan"", ""marshfield"", ""mauston"", ""mayville"", ""medford"", ""mellen"", ""menasha"", ""menomonie"", ""mequon"", ""merrill"", ""middleton"", ""milton"", ""milwaukee"", ""mineral point"", ""mondovi"", ""monona"", ""monroe"", ""montello"", ""montreal"", ""mosinee"", ""muskego"", ""neenah"", ""neillsville"", ""nekoosa"", ""new berlin"", ""new holstein"", ""new lisbon"", ""new london"", ""new richmond"", ""niagara"", ""oak creek"", ""oconomowoc"", ""oconto"", ""oconto falls"", ""omro"", ""onalaska"", ""oshkosh"", ""osseo"", ""owen"", ""park falls"", ""peshtigo"", ""pewaukee"", ""phillips"", ""pittsville"", ""platteville"", ""plymouth"", ""port washington"", ""portage"", ""prairie du chien"", ""prescott"", ""princeton"", ""racine"", ""reedsburg"", ""rhinelander"", ""rice lake"", ""richland center"", ""ripon"", ""river falls"", ""st. croix falls"", ""st. francis"", ""schofield"", ""seymour"", ""shawano"", ""sheboygan"", ""sheboygan falls"", ""shell lake"", ""shullsburg"", ""south milwaukee"", ""sparta"", ""spooner"", ""stanley"", ""stevens point"", ""stoughton"", ""sturgeon bay"", ""sun prairie"", ""superior"", ""thorp"", ""tomah"", ""tomahawk"", ""two rivers"", ""verona"", ""viroqua"", ""washburn"", ""waterloo"", ""watertown"", ""waupaca"", ""waupun"", ""wausau"", ""wautoma"", ""wauwatosa"", ""west allis"", ""west bend"", ""westby"", ""weyauwega"", ""whitehall"", ""whitewater"", ""wisconsin dells"", ""wisconsin rapids""]
populations_2010 = [43450, 2086, 3136, 781, 6698, 2902, 8560, 72623, 2402, 8620, 1460, 10711, 3248, 611, 15169, 35775, 5305, 3618, 1273, 3347, 3047, 2937, 3180, 38649, 1040, 9936, "
267,how many cars were created before 1960 ?,5,"```python
# Extracting the relevant data from the table
years_built = [1964, 1961, 1954, 1958, 1968, 2002, 2002, 2002, 1966, 1904, 1921, 1988, 1906]
total_cars_before_1960 = sum(1 for year in years_built if year < 1960)

# Print the result
print(f""Final Answer: {total_cars_before_1960} cars were created before 1960"")
# Done
```"
268,what was the slowest time ?,2:00.86,"```python
# Extracting the relevant data from the table
times = [""49.38"", ""52.5"", ""52.17"", ""54.72"", ""53.95"", ""55.35"", ""56.45"", ""1:00.09"", ""1:00.65"", ""dnf"", ""dns""]
time_numbers = [float(time) if time is not None and "":"" not in time else 0 for time in times]
time_seconds = [float(time.split("":"")[1]) if time is not None and "":"" in time else 0 for time in times]

# Find the slowest time
slowest_time_index = time_numbers.index(max(filter(lambda x: x != 0, time_numbers)))
slowest_time = times[slowest_time_index]

# Print the result
print(f""Final Answer: {slowest_time}"")
# Done
```  "
269,what was the only year to use the code ch ?,1930,"```python
# Extracting the relevant data from the table
codes = [""a"", ""b"", ""c"", ""ch"", ""d"", ""e"", ""f"", ""g"", ""h"", ""i"", ""j"", ""k"", ""l"", ""ll"", ""m"", ""n"", ""n"", ""o"", ""p"", ""q"", ""r"", ""s"", ""t"", ""u"", ""v"", ""x"", ""y"", ""z"", ""a1"", ""b1"", ""c1"", ""ch1"", ""d1"", ""e1"", ""f1"", ""g1"", ""h1"", ""i1"", ""j1"", ""k1"", ""l1"", ""ll1"", ""m1"", ""n1"", ""n1"", ""o1"", ""p1"", ""q1"", ""r1"", ""s1"", ""t1"", ""u1"", ""v1"", ""x1"", ""y1"", ""z1"", ""a2"", ""b2"", ""c2"", ""ch2"", ""d2"", ""e2"", ""f2"", ""g2"", ""h2"", ""i2"", ""j2"", ""k2"", ""l2"", ""ll2"", ""m2"", ""n2"", ""n2"", ""o2"", ""p"", ""q2"", ""r2"", ""s2"", ""t2"", ""u2"", ""v2"", ""x2"", ""y2"", ""z2""]
years = [1927, 1928, 1929, 1930, 1931, 1932, 1933, 1934, 1935, 1936, 1937, 1938, 1939, 1940, 1941, 1942, 1943, 1944, 1945, 1946, 1947, 1948, 1949, 1950, 1951, 1952, 1953, 1954, 1955, 1956, 1957, None, 1958, 1959, 1960, 1961, 1962, 1963, 1964, 1965, 1966, None, 1967, 1968, 1969, 1970, 1971, 1972, 1973, 1974, 1975, 1976, 1977, 1978, 1979, 1980, 1981, 1982, 1983, None, 1984, 1985, 1986, 1987, 1988, 1989, 1990, 1991, 1992, None, 1993, 1994, 1995, 1996, 1997, 1998, 1999, 2000, 2001, 2002, 2003, 2004, 2005, 2006]

# Finding the year that used the code 'ch'
year_used_code_ch = years[codes.index('ch')]

# Print the result
print(f""Final Answer: {year_used_code_ch}"")
# Done
```"
270,how many of the songs in the 2008 ogae second chance contest were in english ?,12,"```python
# Extracting the relevant data from the table
years = [1, 2, 3, 4, 5, 6, 7, 8, 9, 10, 11, 12, 13, 14, 15, 16, 17, 18, 19, 20, 21]
languages = [""english"", ""hebrew"", ""english"", ""english"", ""english"", ""macedonian"", ""english"", ""finnish"", ""german"", ""english"", ""english"", ""serbian"", ""croatian"", ""english"", ""english"", ""english"", ""portuguese"", ""english"", ""english"", ""slovene"", ""spanish""]

# Find the number of English songs in the 2008 OGAE Second Chance Contest
contest_year = 8
english_songs_count = languages.count(""english"")

# Print the result
print(f""Final Answer: {english_songs_count}"")
# Done
```"
271,what is the number of times player outcome was runner up ?,4,"```python
# Extracting the relevant data from the table
outcomes = [""runner-up"", ""winner"", ""winner"", ""runner-up"", ""runner-up"", ""runner-up"", ""winner"", ""winner"", ""winner"", ""winner"", ""winner"", ""winner"", ""winner"", ""winner""]

# Counting the number of times player outcome was runner-up
runner_up_count = outcomes.count(""runner-up"")

# Print the result
print(f""Final Answer: {runner_up_count}"")
# Done
```"
272,how many wins were after 1987 ?,3,"```python
# Extracting the relevant data from the table
years = [1983, 1983, 1983, 1983, 1984, 1984, 1985, 1986, 1986, 1986, 1987, 1987, 1988, 1988, 1989, 1990, 1991, 1991, 1991, 1991, 1991, 1992, 1992, 1993]
results = [""won"", ""nominated"", ""nominated"", ""nominated"", ""won"", ""nominated"", ""won"", ""won"", ""nominated"", ""nominated"", ""won"", ""nominated"", ""won"", ""nominated"", ""nominated"", ""won"", ""nominated"", ""nominated"", ""nominated"", ""nominated"", ""nominated"", ""nominated"", ""nominated"", ""won""]

# Counting wins after 1987
wins_after_1987 = sum([1 for year, result in zip(years, results) if year > 1987 and result == ""won""])

# Print the result
print(f""Final Answer: {wins_after_1987}"")
# Done
```"
273,"in the 1974-75 golden seals hockey season , who was picked first in the draft ?",Rick Hampton,"```python
# Extracting the relevant data from the table
rounds = [1, 1, 2, 3, 4, 5, 6, 7, 8]
picks = [3, 17, 21, 39, 57, 75, 93, 111, 128]
players = [""rick hampton"", ""ron chipperfield"", ""bruce affleck"", ""charlie simmer"", ""tom price"", ""jim warden"", ""tom sundberg"", ""tom anderson"", ""jim mccabe""]

# Finding the player picked first in the 1974-75 Golden Seals hockey season
season = ""1974-75 golden seals""
if season == ""1974-75 golden seals"":
    season_index = rounds.index(1)
    first_pick_player = players[season_index]
    print(f""Final Answer: {first_pick_player}"")

# Done
```"
274,what was the last opponent the club played in august ?,Dynamo Dresden,"```python
# Extracting the relevant data from the table
opponents = [""bayer uerdingen"", ""1. fc kaiserslautern"", ""dynamo dresden"", ""1. fc koln"", ""hamburger sv"", ""sg wattenscheid 09"", ""borussia dortmund"", ""borussia monchengladbach"", ""1. fc saarbrucken"", ""werder bremen"", ""eintracht frankfurt"", ""vfb stuttgart"", ""1. fc nurnberg"", ""bayer leverkusen"", ""karlsruher sc"", ""vfl bochum"", ""schalke 04"", ""bayer uerdingen"", ""1. fc kaiserslautern"", ""eintracht frankfurt"", ""dynamo dresden"", ""1. fc koln"", ""hamburger sv"", ""sg wattenscheid 09"", ""borussia dortmund"", ""borussia monchengladbach"", ""1. fc saarbrucken"", ""werder bremen"", ""vfb stuttgart"", ""1. fc nurnberg"", ""bayer leverkusen"", ""karlsruher sc"", ""vfl bochum"", ""schalke 04""]
dates = [""15 august"", ""22 august"", ""29 august"", ""2 september"", ""5 september"", ""19 september"", ""25 september"", ""3 october"", ""17 october"", ""24 october"", ""27 october"", ""31 october"", ""14 november"", ""21 november"", ""28 november"", ""5 december"", ""12 december"", ""20 february"", ""27 february"", ""6 march"", ""13 march"", ""20 march"", ""28 march"", ""2 april"", ""10 april"", ""17 april"", ""23 april"", ""26 april"", ""30 april"", ""8 may"", ""15 may"", ""23 may"", ""29 may"", ""5 june""]

# Filter out the opponents played in August
august_opponents = [opp for opp, date in zip(opponents, dates) if ""august"" in date]

# Get the last opponent played in August
last_opponent_august = august_opponents[-1]

# Print the result
print(f""Final Answer: {last_opponent_august}"")
# Done
```"
275,how long did spokane take to finish the race ?,2:34.50,"```python
# Extracting the relevant data from the table
horses = [""spokane"", ""proctor knott"", ""once again"", ""hindoocraft"", ""cassius"", ""sportsman"", ""outbound"", ""bootmaker""]
times = [""2:34.50"", ""nose"", ""2"", ""1"", ""1"", ""1/2"", None, None]

# Finding the finish time of Spokane
spokane_index = horses.index(""spokane"")
spokane_finish_time = times[spokane_index]

# Print the result
print(f""Final Answer : {spokane_finish_time}"")
# Done
```"
276,how many matches were played in the 2009-10 season ?,28,"```python
# Extracting the relevant data from the table
seasons = [""7th (2000-01)"", ""8th (2001-02)"", ""9th (200200-03)"", ""10th (2003-04)"", ""11th (2004-05)"", ""12th (2005-06)"", ""2006-07"", ""2007-08"", ""2008-09"", ""2009-10"", ""2010-11"", ""2011-12"", ""2012-13""]
matches = [null, null, null, null, null, null, 27, 27, 27, 28, 26, 21, 28]

# Finding the number of matches played in the 2009-10 season
index_2009_10 = seasons.index(""2009-10"")
matches_2009_10 = matches[index_2009_10]

# Print the result
print(f""Final Answer: {matches_2009_10}"")
# Done
```"
277,how many people have served as the bishop of iceland since 1801 ?,14,"```python
# Extracting the relevant data from the table
start_years = [1801, 1824, 1846, 1866, 1889, 1908, 1917, 1939, 1954, 1959, 1981, 1989, 1998, 24]
end_years = [1823, 1845, 1866, 1889, 1908, 1916, 1939, 1953, 1989, 1981, 1989, 1997, 2012, None]

# Counting the number of people who served as the bishop of iceland since 1801
total_bishops = sum(1 for end_year in end_years if end_year and end_year >= 1801)

# Print the result
print(f""Final Answer: {total_bishops}"")
# Done
```  "
278,which one is previous to viktor kneyb,Gregory Carigiet,"```python
# Extracting the relevant data from the table
athletes = [""felix loch"", ""andi langenhan"", ""johannes ludwig"", ""david moller"", ""samuel edney"", ""chris mazdzer"", ""albert demtschenko"", ""wolfgang kindl"", ""inars kivlenieks"", ""daniel pfister"", ""jo alexander koppang"", ""martins rubenis"", ""gregory carigiet"", ""viktor kneyb"", ""jozef ninis"", ""dominik fischnaller"", ""taylor morris"", ""david mair"", ""ondrej hyman"", ""manuel pfister"", ""reinhard egger"", ""thor haug norbech"", ""adam rosen"", ""john fennell"", ""mitchel malyk"", ""kristaps maurins"", ""aleksandr peretjagin"", ""bruno banani"", ""andriy mandziy"", ""maciej kurowski"", ""tonnes stang rolfsen"", ""valentin cretu"", ""andriy kis"", ""danej navrboc"", ""hidenari kanayama"", ""pavel angelov"", ""tilen sirse"", ""kim dong-hyeon"", ""stanislav benyov"", ""semen pavlichenko"", ""imre pulai""]

# Identify the index of ""viktor kneyb""
viktor_index = athletes.index(""viktor kneyb"")

# Find the athlete previous to ""viktor kneyb""
previous_athlete = athletes[viktor_index - 1]

# Print the result
print(f""Final Answer: {previous_athlete}"")
# Done
```"
279,what is the number of home games the buffalo sabres played in the 1975 stanley cup playoffs ?,9,"```python
# Extracting the relevant data from the table
rounds = [""preliminary round"", ""quarter-finals"", ""quarter-finals"", ""quarter-finals"", ""quarter-finals"", ""quarter-finals"", ""semi-finals"", ""semi-finals"", ""semi-finals"", ""semi-finals"", ""semi-finals"", ""semi-finals"", ""stanley cup finals"", ""stanley cup finals"", ""stanley cup finals"", ""stanley cup finals"", ""stanley cup finals"", ""stanley cup finals""]
dates = [None, ""13-apr-75"", ""15-apr-75"", ""17-apr-75"", ""20-apr-75"", ""22-apr-75"", ""27-apr-75"", ""29-apr-75"", ""1-may-75"", ""3-may-75"", ""6-may-75"", ""8-may-75"", ""15-may-75"", ""18-may-75"", ""20-may-75"", ""22-may-75"", ""25-may-75"", ""27-may-75""]
teams = [None, ""chicago black hawks"", ""chicago black hawks"", ""buffalo sabres"", ""buffalo sabres"", ""chicago black hawks"", ""montreal canadiens"", ""montreal canadiens"", ""buffalo sabres"", ""buffalo sabres"", ""montreal canadiens"", ""buffalo sabres"", ""buffalo sabres"", ""buffalo sabres"", ""philadelphia flyers"", ""philadelphia flyers"", ""buffalo sabres"", ""philadelphia flyers""]
home_games = [None, ""4"", ""4"", ""5"", ""6"", ""4"", ""7"", ""8"", ""5"", ""5"", ""4"", ""2"", ""5"", ""4"", ""5"", ""0""]

# Finding the number of home games the Buffalo Sabres played in the 1975 Stanley Cup Playoffs
home_games_count = sum(1 for i, team in enumerate(teams) if team == ""buffalo sabres"" and rounds[i] == ""stanley cup finals"" and dates[i][-2:] == ""75"")

# Print the result
print(f""Final Answer: {home_games_count}"")
# Done
```"
280,how many albums were released in the month of november ?,3,"```python
# Extracting the relevant data from the table
months = [None, 2, 3, None, 3, 6, 8, 8, 3, 8, 11, 5, 11, 12, 7, 3, 7, 12, 4, 5, 7, 10, 11, 4, 8, 7, 2, 4, 7, 9, 10, 5, 10, 12, 4, 5, 6, 10, 7, 8, 12, 12, 3, 4, 6, 9, 9, 1, 7, 2, 4, 4, 6, 7, 2, 4, 10, 7, 7, 6]
albums = [""pulse"", ""niji-iro no sneaker"", ""half and half"", ""naraou (kaze wo miru / tokyo murasaki)"", ""whatever"", ""yume wo dakishimete"", ""haruneko fushigi tsukiyo -oshiete happiness-"", ""perfume"", ""our goody day...bokura no good day"", ""shamrock"", ""yume hurry up"", ""until strawberry sherbet"", ""touch and go!!"", ""pulse"", ""sphere"", ""enfleurage"", ""midnight blue"", ""going history"", ""give a reason"", ""kagirinai yokubou no naka ni"", ""just be conscious"", ""successful mission"", ""bertemu"", ""don't be discouraged"", ""iravati"", ""reflection"", ""fine colorday"", ""~infinity~"", ""raging waves"", ""a house cat"", ""proof of myself"", ""question at me"", ""fuwari (ふわり)"", ""booska! booska!!"", ""vintage s"", ""sakura saku"", ""vintage a"", ""unsteady"", ""maemuki roketto-dan"", ""over soul"", ""brave heart"", ""feel well"", ""northern lights"", ""treat or goblins"", ""feel well"", ""koibumi"", ""makenaide makenaide"", ""center color"", ""meet again"", ""a happy life"", ""plain"", ""tanoshii douyou"", ""slayers megumix"", ""plenty of grit"", ""front breaking"", ""shuuketsu no sono he"", ""moe fire"", ""choice"", ""shuuketsu no sadame"", ""vintage white""]
album_months = list(zip(albums, months))

# Count the number of albums released in November
november_albums_count = sum(month == 11 for album, month in album_months if month is not None)

# Print the result
print(f""Final Answer: {november_albums_count}"")
# Done
```"
281,"when was the score higher for the winning team , 1959 or 1960 ?",1960,"```python
# Extracting the relevant data from the table
years = [1959, 1960]
winning_scores = [14, 34]

# Comparing the scores for the winning team in 1959 and 1960
higher_score_year = years[winning_scores.index(max(winning_scores))]

# Print the result
print(f""Final Answer: The higher score for the winning team was in {higher_score_year}"")
# Done
```"
282,other than daubin who else was as mayor for same time period of 7 years,Robert Villenave,"```python
# Extracting the relevant data from the table
names = [""eugene bernain"", ""albert le barillier"", ""daubin"", ""francois dommain"", ""victor mendiboure"", ""michel bonnet"", ""alain lamassoure"", ""robert villenave""]
from_years = [1870, 1897, 1935, 1937, 1971, 1993, 1999, 2001]
to_years = [1897, None, 1937, 1941, 1993, 1999, 2001, 2008]

# Finding the name(s) of the mayor(s) for the same time period of 7 years other than 'daubin'
correct_mayors = [names[i] for i in range(len(names)) if names[i] != ""daubin"" and (to_years[i] - from_years[i] == 7)]

# Print the result
print(f""Final Answer: {', '.join(correct_mayors)}"")
# Done
```"
283,how many times did v. venkatasubha reddiar serve in the assembly ?,2,"```python
# Extracting the relevant data from the table
names = [""v. venkatasubha reddiar"", ""m. d. r. ramachandran"", ""v. venkatasubha reddiar"",
         ""s. sivaprakasam"", ""r. subbaraya gounder"", ""v. vaithilingam"", ""v. vaithilingam"",
         ""v. vaithilingam"", ""v. vaithilingam"", ""v. vaithilingam"", ""v. vaithilingam"", ""l. periyasamy""]

# Counting the number of times v. venkatasubha reddiar served in the assembly
times_served = names.count(""v. venkatasubha reddiar"")

# Print the result
print(f""Final Answer : {times_served}"")
# Done
```"
284,which year had the most stamps issued ?,1973,"```python
# Extracting the relevant data from the table
years = [1973, 1973, 1973, 1973, 1974, 1974, 1974, 1974, 1975, 1975, 1975, 1975, 1975, 1976, 1976, 1976]
qty_issued = [20000, 20000, 15200, 290000, 16750, 30000, 31750, 114430, 46250, 51000, 41350, 47500, 27330, 38350, 60950, 34250]

# Create a dictionary to store the total quantity of stamps issued for each year
year_qty_dict = {}
for i in range(len(years)):
    if years[i] in year_qty_dict:
        year_qty_dict[years[i]] += qty_issued[i]
    else:
        year_qty_dict[years[i]] = qty_issued[i]

# Find the year with the highest quantity of stamps issued
year_max_stamps = max(year_qty_dict, key=year_qty_dict.get)

# Print the result
print(f""Final Answer: {year_max_stamps}"")
# Done
```"
285,which is the only team that chile was faster than in cycling at the 1996 summer olympics men 's team pursuit ?,Colombia,"```python
# Extracting the relevant data from the table
teams = [""france"", ""italy"", ""australia"", ""ukraine"", ""russia"", ""united states"", ""spain"", ""new zealand"", ""germany"", ""great britain"", ""lithuania"", ""netherlands"", ""denmark"", ""argentina"", ""south korea"", ""chile"", ""colombia""]
times = [4.09, 4.09, 4.09, 4.11, 4.11, 4.11, 4.12, 4.15, 4.15, 4.16, 4.16, 4.16, 4.16, 4.20, 4.25, 4.25, 4.26]
qualifications = [""q"", ""q"", ""q"", ""q"", ""q"", ""q"", ""q"", ""q"", None, None, None, None, None, None, None, None, None]

# Finding the team that chile was faster than at the 1996 Summer Olympics Men's Team Pursuit
chile_index = teams.index(""chile"")
chile_time = times[chile_index]
faster_teams = [team for team, time, qual in zip(teams, times, qualifications) if time < chile_time and qual == ""q""]

# Print the result
print(f""Final Answer: {faster_teams[0]}"")
# Done
```"
286,which month were the most games played in ?,April,"```python
# Extracting the relevant data from the table
months = [8, 8, 9, 9, 9, 9, 9, 9, 10, 10, 10, 10, 10, 11, 11, 11, 11, 12, 12, 12, 12, 12, 1, 1, 1, 2, 2, 2, 2, 3, 3, 3, 3, 4, 4, 4, 4, 4, 4, 4, 4, 5]

# Counting the occurrences of each month
month_counts = {month: months.count(month) for month in set(months)}

# Finding the month with the most games played
most_games_month = max(month_counts, key=month_counts.get)

# Print the result
print(f""Final Answer: Month {most_games_month} had the most games played."")
# Done
```"
287,which school won class a in the season previous to 1999-2000 ?,Graford,"```python
# Extracting the relevant data from the table
seasons = [""1994-95"", ""1995-96"", ""1996-97"", ""1997-98"", ""1998-99"", ""1999-2000"", ""2000-01"", ""2001-02"", ""2002-03"", ""2003-04"", ""2004-05"", ""2005-06"", ""2006-07"", ""2007-08"", ""2008-09""]
classes_a = [""menard"", ""era"", ""sulphur bluff"", ""westbrook"", ""graford"", ""garden city"", ""granger"", ""lazbuddie"", ""rocksprings"", ""lazbuddie"", ""loop"", ""wellington"", ""springlake-earth"", ""springlake-earth"", ""garden city""]
previous_season_idx = seasons.index(""1999-2000"") - 1
previous_season_class_a = classes_a[previous_season_idx]

# Print the result
print(f""Final Answer: {previous_season_class_a}"")
# Done
```"
288,which was the only diocese established before 1900 ?,Santo Domingo,"```python
# Extracting the relevant data from the table
dioceses = [""bani"", ""barahona"", ""dominican republic"", ""la vega"", ""mao-monte cristi"", ""nuestra senora de la altagracia en higuey"", ""puerto plata"", ""san francisco de macoris"", ""san juan de la maguana"", ""san pedro de macoris"", ""santiago de los caballeros"", ""santo domingo""]
established_dates = [""1986-11-08"", ""1976-04-24"", ""1958-01-23"", ""1953-09-25"", ""1978-01-16"", ""1959-04-01"", ""1996-12-16"", ""1978-01-16"", ""1953-09-25"", ""1997-02-01"", ""1953-09-25"", ""1511-08-08""]

# Finding the diocese established before 1900
diocese_idx = None
for idx, date in enumerate(established_dates):
    if int(date[:4]) < 1900:
        diocese_idx = idx
        break

# Retrieve the name of the diocese established before 1900
if diocese_idx is not None:
    oldest_diocese = dioceses[diocese_idx]
else:
    oldest_diocese = ""None found""

# Print the result
print(f""Final Answer: {oldest_diocese}"")
# Done
```"
289,how many years was sk sturm graz winner ?,3,"```python
# Extract the relevant data from the table
winners = [""fk austria wien"", ""sk rapid wien"", ""sk sturm graz"", ""sv austria salzburg"", ""grazer ak"", ""vfb admira wacker modling"", ""fc karnten"", ""fc swarovski tirol / fc tirol innsbruck"", ""kremser sc"", ""sv stockerau"", ""sv ried"", ""lask linz"", ""sv horn""]
winning_years = [[""1990"", ""1991"", ""1992"", ""1994"", ""2003"", ""2004""], [""1986"", ""1987"", ""1988"", ""2008""], [""1996"", ""1998"", ""1999""], [""1994"", ""1995"", ""1997""], [""2000"", ""2002""], [""1989""], [""2001""], [], [], [], [], [], []]

# Finding the index of the winner
winner_index = winners.index(""sk sturm graz"")

# Get the winning years for sk sturm graz
sk_sturm_graz_winning_years = winning_years[winner_index]

# Count the number of years sk sturm graz won
num_years_sk_sturm_graz_winner = len(sk_sturm_graz_winning_years)

# Print the result
print(f""Final Answer: {num_years_sk_sturm_graz_winner}"")
# Done
```"
290,after ids tower what is the second tallest building in minneapolis ?,Foshay Tower,"```python
# Extracting the relevant data from the table
building_names = [""globe building"", ""lumber exchange building"", ""industrial exposition building"", ""metropolitan building"", ""minneapolis city hall"", ""foshay tower"", ""ids tower""]
building_heights = [448.0, 792.0, 157.0, 165.0, 240.0, 258.0, 341.0]

# Find the index of ""ids tower""
ids_tower_index = building_names.index(""ids tower"")

# Find the second tallest building after ""ids tower""
sorted_building_heights = sorted(building_heights, reverse=True)
second_tallest_height = sorted_building_heights[1]

# Find the corresponding building name for the second tallest
second_tallest_index = building_heights.index(second_tallest_height)
second_tallest_building = building_names[second_tallest_index]

# Print the result
print(f""Final Answer: {second_tallest_building}"")
# Done
```"
291,did mombasa or tana river have a larger population in 2009 ?,Mombasa,"```python
# Extracting the relevant data from the table
counties = [""mombasa"", ""kwale"", ""kilifi"", ""tana river"", ""lamu"", ""taita-taveta"", ""totals""]
populations = [939370.0, 649931.0, 1109735.0, 240075.0, 101539.0, 284657.0, 3325307.0]

# Find the population of Mombasa and Tana River
mombasa_population = populations[counties.index(""mombasa"")]
tana_river_population = populations[counties.index(""tana river"")]

# Compare the populations of Mombasa and Tana River
larger_population = ""Mombasa"" if mombasa_population > tana_river_population else ""Tana River""

# Print the result
print(f""Final Answer: {larger_population} had a larger population in 2009"")
# Done
```"
292,which is the last city for population in the year 2001 ?,Begusarai,"```python
# Extracting the relevant data from the table
cities = [""mumbai"", ""delhi"", ""bangalore"", ""hyderabad"", ""ahmedabad"", ""chennai"", ""kolkata"", ""surat"", ""pune"", ""jaipur"", ""lucknow"", ""kanpur"", ""nagpur"", ""indore"", ""thane"", ""bhopal"", ""visakhapatnam"", ""pimpri-chinchwad"", ""patna"", ""vadodara"", ""ghaziabad"", ""ludhiana"", ""agra"", ""nashik"", ""faridabad"", ""meerut"", ""rajkot"", ""kalyan-dombivali"", ""vasai-virar"", ""varanasi"", ""srinagar"", ""aurangabad"", ""dhanbad"", ""amritsar"", ""navi mumbai"", ""allahabad"", ""ranchi"", ""howrah"", ""coimbatore"", ""jabalpur"", ""gwalior"", ""vijayawada"", ""jodhpur"", ""madurai"", ""raipur"", ""kota"", ""guwahati"", ""chandigarh"", ""solapur"", ""hubballi-dharwad"", ""bareilly"", ""moradabad"", ""mysore"", ""gurgaon"", ""aligarh"", ""jalandhar"", ""tiruchirappalli"", ""bhubaneswar"", ""salem"", ""mira-bhayandar"", ""trivandrum (thiruvananthapuram)"", ""bhiwandi"", ""saharanpur"", ""gorakhpur"", ""guntur"", ""bikaner"", ""amravati"", ""noida"", ""jamshedpur"", ""bhilai"", ""warangal"", ""mangalore"", ""cuttack"", ""firozabad"", ""kochi (cochin)"", ""bhavnagar"", ""dehradun"", ""durgapur"", ""asansol"", ""nanded"", ""kolhapur"", ""ajmer"", ""gulbarga"", ""jamnagar"", ""ujjain"", ""loni"", ""siliguri"", ""jhansi"", ""ulhasnagar"", ""nellore"", ""jammu"", ""sangli-miraj & kupwad"", ""belgaum"", ""ambattur"", ""tirunelveli"", ""malegaon"", ""gaya"", ""jalgaon"", ""udaipur"", ""maheshtala"", ""tirupur"", ""davanagere"", ""kozhikode (calicut)"", ""akola"", ""kurnool"", ""rajpur sonarpur"", ""bokaro"", ""south dumdum"", ""bellary"", ""patiala"", ""gopalpur"", ""agartala"", ""bhagalpur"", ""muzaffarnagar"", ""bhatpara"", ""panihati"", ""latur"", ""dhule"", ""rohtak"", ""korba"", ""bhilwara"", ""brahmapur"", ""muzaffarpur"", ""ahmednagar"", ""mathura"", ""kollam (quilon)"", ""avadi"", ""rajahmundry"", ""kadapa"", ""kamarhati"", ""bilaspur"", ""shahjahanpur"", ""bijapur"", ""rampur"", ""shivamogga (shimoga)"", ""chandrapur"", ""junagadh"", ""thrissur"", ""alwar"", ""bardhaman"", ""kulti"", ""kakinada"", ""nizamabad"", ""parbhani"", ""tumkur"", ""hisar"", ""ozhukarai"", ""bihar sharif"", ""panipat"", ""darbhanga"", ""bally"", ""aizawl"", ""dewas"", ""ichalkaranji"", ""tirupati"", ""karnal"", ""bathinda"", ""jalna"", ""barasat"", ""kirari suleman nagar"", ""purnia"", ""satna"", ""mau"", ""sonipat"", ""farrukhabad"", ""sagar"", ""rourkela"", ""durg"", ""imphal"", ""ratlam"", ""hapur"", ""anantapur"", ""arrah"", ""karimnagar"", ""etawah"", ""ambernath"", ""north dumdum"", ""bharatpur"", ""begusarai"", ""new delhi"", ""gandhidham"", ""baranagar"", ""tiruvottiyur"", ""puducherry"", ""sikar"", ""thoothuk"
293,what is the date for the first game played in the meadowlands ?,"September 10, 1995","```python
# Extracting the relevant data from the table
game_sites = [""joe robbie stadium"", ""the meadowlands"", ""the meadowlands"", ""georgia dome"", ""the meadowlands"", ""rich stadium"", ""memorial stadium"", ""the meadowlands"", ""rca dome"", ""the meadowlands"", None, ""the meadowlands"", ""kingdome"", ""the meadowlands"", ""foxboro stadium"", ""astrodome"", ""the meadowlands""]
dates = [""september 3, 1995"", ""september 10, 1995"", ""september 17, 1995"", ""september 24, 1995"", ""october 1, 1995"", ""october 8, 1995"", ""october 15, 1995"", ""october 22, 1995"", ""october 29, 1995"", ""november 5, 1995"", None, ""november 19, 1995"", ""november 26, 1995"", ""december 3, 1995"", ""december 10, 1995"", ""december 17, 1995"", ""december 24, 1995""]

# Find the index of the first game played in the meadowlands
meadowlands_index = game_sites.index(""the meadowlands"")

# Retrieve the date for the first game played in the meadowlands
first_meadowlands_date = dates[meadowlands_index]

# Print the result
print(f""Final Answer: {first_meadowlands_date}"")
# Done
```  "
294,what is the number of games played in october of this season ?,5,"```python
# Extracting the relevant data from the table
months = [""xxxx-08-29"", ""xxxx-09-05"", ""xxxx-09-11"", ""xxxx-09-19"", ""xxxx-09-26"", ""xxxx-10-03"", 
          ""xxxx-10-09"", ""xxxx-10-17"", ""xxxx-10-22"", ""xxxx-10-31"", ""xxxx-11-07"", ""xxxx-11-14"", 
          ""xxxx-11-21"", ""xxxx-11-28"", ""xxxx-12-05"", ""xxxx-12-15"", ""xxxx-12-26"", ""xxxx-01-02"", 
          ""xxxx-01-08"", ""xxxx-01-12"", ""xxxx-01-30"", ""xxxx-02-05"", ""xxxx-02-13"", ""xxxx-02-19""]
games_played = 0

# Count the number of games played in October
for month in months:
    if month[5:7] == ""10"":
        games_played += 1

# Print the result
print(f""Final Answer: {games_played}"")
# Done
```"
295,what is the number of opponents that play at 4pm ?,10,"```python
# Extracting the relevant data from the table
opponents = [""university of new hampshire"", ""boston college"", ""providence college"", ""university of connecticut"", ""wayne state university"", ""wayne state university"", ""harvard university"", ""dartmouth college"", ""rensselaer"", ""union college"", ""st. lawrence university"", ""clarkson university"", ""quinnipiac university"", ""princeton university"", ""syracuse university"", ""mercyhurst college"", ""mercyhurst college"", ""brown university"", ""yale university"", ""syracuse university"", ""niagara university"", ""niagara university"", ""dartmouth college"", ""harvard university"", ""cornell university"", ""cornell university"", ""clarkson university"", ""st. lawrence university"", ""princeton university"", ""quinnipiac university"", ""yale university"", ""brown university"", ""union college"", ""rensselaer""]
game_times = [""7 p.m"", ""5 p.m"", ""7 p.m"", ""4 p.m"", ""7 p.m"", ""2 p.m"", ""7 p.m"", ""3:30 p.m"", ""2:30 p.m"", ""2:30 p.m"", ""7 p.m"", ""4 p.m"", ""7 p.m"", ""4 p.m"", ""7 p.m"", ""7 p.m"", ""2 p.m"", ""7 p.m"", ""4 p.m"", ""7 p.m"", ""7 p.m"", ""4 p.m"", ""7 p.m"", ""4 p.m"", ""3 p.m"", ""3 p.m"", ""7 p.m"", ""4 p.m"", ""7 p.m"", ""4 p.m"", ""7 p.m"", ""4 p.m"", ""7 p.m"", ""4 p.m""]

# Find the number of opponents that play at 4pm
opponents_4pm = [opponent for opponent, game_time in zip(opponents, game_times) if game_time == ""4 p.m""]
num_opponents_4pm = len(opponents_4pm)

# Print the result
print(f""Final Answer: {num_opponents_4pm}"")
# Done
```"
296,"what is the combined number of goals earned by the hall of famers of 2006 , 2010 , and 2012 ?",213,"```python
# Extracting the relevant data from the table
names = [""luther blissett"", ""tony coton"", ""john mcclelland"", ""tommy mooney"", ""les taylor"", ""david james"", ""ian bolton"", ""nigel gibbs"", ""duncan welbourne"", ""ross jenkins"", ""robert page""]
years = [2003, 2004, 2005, 2006, 2007, 2008, 2009, 2010, 2011, 2012, 2013]
positions = [""forward"", ""goalkeeper"", ""defender"", ""forward"", ""midfielder"", ""goalkeeper"", ""defender"", ""defender"", ""defender"", ""forward"", ""defender""]
goals = [503.0, 291.0, 234.0, 287.0, 211.0, 98.0, 287.0, 491.0, 457.0, 398.0, 218.0]

# Filter the data based on the years 2006, 2010, and 2012
filtered_indices = [i for i, year in enumerate(years) if year in [2006, 2010, 2012]]
filtered_goals = [goals[i] for i in filtered_indices]

# Calculate the combined number of goals
combined_goals = sum(filtered_goals)

# Print the result
print(f""Final Answer: {combined_goals}"")
# Done

```"
297,what was the team 's playoff result in the year after being champions ?,National Final,"```python
# Extracting the relevant data from the table
years = [2004, 2005, 2006, 2007, 2008, 2009, 2010, 2011, 2012, 2013]
playoff_results = [""did not qualify"", ""conference finals"", ""national final"", ""champions"", ""national final"", 
                   ""conference finals"", ""conference semi-final"", ""national final"", ""conference semi-final"", ""conference finals""]

# Finding the index of the year when the team was champions
champion_year_index = playoff_results.index(""champions"")

# Finding the playoff result in the year after being champions
playoff_result_after_champions = playoff_results[champion_year_index + 1]

# Print the result
print(f""Final Answer: {playoff_result_after_champions}"")
# Done
```"
298,"what is the previous time for the saros on october 3 , 2415 ?",7:47:48,"```python
# Extracting the relevant data from the table
times = [""14:55:43"", ""21:42:07"", ""4:22:21"", ""11:00:36"", ""17:36:11"", ""0:13:02"", ""6:50:58"", ""13:31:16"", ""20:16:24"", ""3:07:05"", ""10:04:30"", ""17:09:32"", ""0:23:55"", ""7:47:48"", ""15:20:16"", ""23:03:09"", ""6:55:37"", ""14:57:35"", ""23:07:04"", ""7:24:54"", ""15:48:55"", ""0:17:19"", ""8:49:00"", ""17:22:01"", ""1:55:16"", ""10:25:37"", ""18:53:59"", ""3:17:08"", ""11:34:58"", ""19:45:56"", ""3:51:03"", ""11:49:23"", ""19:40:31"", ""3:25:50"", ""11:05:18"", ""18:39:58"", ""2:09:55"", ""9:37:37"", ""17:03:16"", ""0:27:39"", ""7:52:48"", ""15:19:10"", ""22:49:03"", ""6:20:57"", ""13:59:21"", ""21:42:08""]
dates = [""may 13, 2181"", ""may 24, 2199"", ""june 5, 2217"", ""june 16, 2235"", ""june 26, 2253"", ""july 8, 2271"", ""july 18, 2289"", ""july 30, 2307"", ""august 9, 2325"", ""august 21, 2343"", ""august 31, 2361"", ""september 11, 2379"", ""september 22, 2397"", ""october 3, 2415"", ""october 13, 2433"", ""october 24, 2451"", ""november 4, 2469"", ""november 15, 2487"", ""november 26, 2505"", ""december 8, 2523"", ""december 18, 2541"", ""december 30, 2559"", ""january 9, 2578"", ""january 20, 2596"", ""february 1, 2614"", ""february 12, 2632"", ""february 22, 2650"", ""march 5, 2668"", ""march 16, 2686"", ""march 27, 2704"", ""april 8, 2722"", ""april 18, 2740"", ""april 29, 2758"", ""may 10, 2776"", ""may 21, 2794"", ""may 31, 2812"", ""june 12, 2830"", ""june 22, 2848"", ""july 3, 2866"", ""july 14, 2884"", ""july 26, 2902"", ""august 5, 2920"", ""august 16, 2938"", ""august 27, 2956"", ""september 7, 2974"", ""september 17, 2992""]

# Find the index corresponding to the date 'october 3, 2415'
index = dates.index(""october 3, 2415"")

# Retrieve the time for the previous saros
previous_saros_time = times[index - 1]

# Print the result
print(f""Final Answer: {previous_saros_time}"")
# Done
```"
299,which team was the runner up the most times ?,Arsenal,"```python
# Extracting the relevant data from the table
teams = [""liverpool"", ""aston villa"", ""manchester united"", ""tottenham hotspur"", ""chelsea"", ""nottingham forest"", ""leicester city"", ""manchester city"", ""arsenal"", ""norwich city"", ""birmingham city"", ""wolverhampton wanderers"", ""west bromwich albion"", ""middlesbrough"", ""queens park rangers"", ""leeds united"", ""stoke city"", ""luton town"", ""sheffield wednesday"", ""swindon town"", ""oxford united"", ""blackburn rovers"", ""swansea city"", ""west ham united"", ""everton"", ""bolton wanderers"", ""sunderland"", ""rotherham united"", ""rochdale"", ""newcastle united"", ""southampton"", ""oldham athletic"", ""tranmere rovers"", ""wigan athletic"", ""cardiff city"", ""bradford city""]
runner_up_count = [3, 3, 4, 3, 2, 2, 2, 1, 5, 2, 1, 0, 2, 2, 1, 1, 1, 1, 1, 0, 0, 0, 0, 2, 2, 2, 2, 1, 1, 1, 1, 1, 1, 1, 1, 1]

# Find the team with the maximum runner-up count
max_runner_ups = max(runner_up_count)
max_runner_ups_index = runner_up_count.index(max_runner_ups)
most_runner_ups_team = teams[max_runner_ups_index]

# Print the result
print(f""Final Answer: {most_runner_ups_team}"")
# Done
```"
300,"which game did they score more , week 10 or 12 ?",12,"```python
# Extracting the relevant data from the table
weeks = [1, 2, 3, 4, 5, 6, 7, 8, 9, 10, 11, 12, 13, 14, 15, 16, 17, 18]
scores = [""1-0"", None, ""2-0"", ""3-0"", ""4-0"", ""5-0"", ""5-1"", ""6-1"", ""6-2"", ""7-2"", ""7-3"", ""8-3"", ""8-4"", None, ""8-5"", ""8-6"", ""8-7"", ""9-7""]

# Find the index of the scores for Weeks 10 and 12
week10_score, week12_score = None, None
if 10 in weeks:
    week10_index = weeks.index(10)
    week10_score = scores[week10_index]
if 12 in weeks:
    week12_index = weeks.index(12)
    week12_score = scores[week12_index]

# Determine which week had a higher score
higher_score_week = None
if week10_score is not None and week12_score is not None:
    if int(week10_score.split('-')[0]) > int(week12_score.split('-')[0]):
        higher_score_week = ""Week 10""
    else:
        higher_score_week = ""Week 12""
elif week10_score is not None:
    higher_score_week = ""Week 10""
elif week12_score is not None:
    higher_score_week = ""Week 12""

# Print the result
print(f""Final Answer: {higher_score_week}"")
# Done
```"
301,which morgan creek film grossed the most money prior to 1994 ?,Robin Hood: Prince of Thieves,"```python
# Extracting the relevant data from the table
titles = [""young guns"", ""dead ringers"", ""skin deep"", ""major league"", ""renegades"", ""enemies, a love story"", ""coupe de ville"", ""the exorcist iii"", ""nightbreed"", ""young guns ii"", ""pacific heights"", ""robin hood: prince of thieves"", ""freejack"", ""white sands"", ""stay tuned"", ""the last of the mohicans"", ""the crush"", ""True romance"", ""ace ventura: pet detective"", ""major league ii"", ""chasers"", ""trial by jury"", ""imaginary crimes"", ""silent fall"", ""ace ventura: when nature calls"", ""two if by sea"", ""big bully"", ""diabolique"", ""bad moon"", ""wild america"", ""incognito"", ""major league: back to the minors"", ""wrongfully accused"", ""soldier"", ""the king and i"", ""chill factor"", ""liberty heights"", ""the whole nine yards"", ""battlefield earth"", ""the art of war"", ""get carter"", ""the in crowd"", ""the pledge"", ""3000 miles to graceland"", ""angel eyes"", ""american outlaws"", ""heist"", ""juwanna mann"", ""i'll be there"", ""exorcist: the beginning"", ""dominion: prequel to the exorcist"", ""two for the money"", ""man of the year"", ""the good shepherd"", ""georgia rule"", ""sydney white"", ""ace ventura jr: pet detective"", ""dream house"", ""the thing"", ""tupac""]
gross_amounts = [45661556.0, 8038508.0, 19674852.0, 49797148.0, 9015164.0, 7754571.0, 715983.0, 26098824.0, 8862354.0, 44143410.0, 44926706.0, 390493908.0, 17129000.0, 9011574.0, 10736401.0, 75505856.0, 13609396.0, 12281551.0, 107217396.0, 30626182.0, 1596687.0, 6971777.0, 89611.0, 3180674.0, 212385533.0, 10658278.0, 2042530.0]

# Filter movies produced by Morgan Creek and released before 1994
morgan_creek_movies = [title for title, gross in zip(titles, gross_amounts) if ""morgan creek"" in title.lower() and gross is not None]

# Find the film with the highest gross amount
max_gross_index = gross_amounts.index(max(filter(None, gross_amounts)))

# Get the title of the highest-grossing film
highest_grossing_movie = titles[max_gross_index]

# Print the result
print(f""Final Answer: {highest_grossing_movie}"")
# Done
```"
302,who is the first winner in 2004 ?,Carrickshock,"```python
# Extracting the relevant data from the table
years = [2013, 2012, 2011, 2010, 2009, 2008, 2007, 2006, 2005, 2004]
winners = [""rower-inistioge"", ""clara"", ""mount leinster rangers"", ""dicksboro"", ""st. lachtains"", ""kilmessan"", ""clonkill"", ""ardclough"", ""dicksboro"", ""carrickshock""]

# Finding the first winner in 2004
year_index_2004 = years.index(2004)
first_winner_2004 = winners[year_index_2004]

# Print the result
print(f""Final Answer: {first_winner_2004}"")
# Done
```"
303,how many aired in may ?,4,"```python
# Extracting the relevant data from the table
months = [4, 4, 4, 4, 5, 5, 5, 5, 6, 6, 6, 6, 7, None]
air_dates = [""2012-04-08"", ""2012-04-15"", ""2012-04-22"", ""2012-04-29"", ""2012-05-06"", ""2012-05-13"", ""2012-05-20"", ""2012-05-27"", ""2012-06-03"", ""2012-06-10"", ""2012-06-17"", ""2012-06-24"", ""2012-07-01"", None]

# Count the number of episodes aired in May
episodes_in_may = sum(1 for month, air_date in zip(months, air_dates) if month == 5)

# Print the result
print(f""Final Answer: {episodes_in_may}"")
# Done
```"
304,"how many wins did the team have before march 4,2005 ?",2,"```python
# Extracting the relevant data from the table
dates = [""january 8, 2005"", ""january 22, 2005"", ""january 28, 2005"", ""january 29, 2005"", ""february 4, 2005"", ""february 11, 2005"", ""february 18, 2005"", ""march 4, 2005"", ""march 13, 2005"", ""march 19, 2005"", ""march 25, 2005"", ""march 26, 2005"", ""april 2, 2005"", ""april 9, 2005"", ""april 15, 2005"", ""april 16, 2005""]
results = [""w 13-10"", ""l 11-15"", ""w 8-7"", ""l 12-13"", ""l 10-17"", ""l 9-20"", ""l 15-18"", ""l 12-13"", ""l 6-14"", ""l 8-16"", ""l 14-15"", ""w 13-12"", ""w 10-6"", ""l 11-12"", ""l 12-14"", ""w 11-10""]

# Counting the number of wins before March 4, 2005
wins_before_march_4 = sum(1 for i in range(len(dates)) if dates[i] < ""march 4, 2005"" and results[i][0] == ""w"")

# Print the result
print(f""Final Answer: {wins_before_march_4}"")
# Done
```"
305,what season has the most transfer windows ?,Summer,"```python
# Extracting the relevant data from the table
seasons = [""2005"", ""2006"", ""2005"", ""2004"", ""2005"", ""2004"", ""2005"", ""2004"", ""2007"", ""2004"", ""2006""]
transfer_windows = [""summer"", ""summer"", ""summer"", ""summer"", ""summer"", ""summer"", None, None, ""winter"", ""winter"", ""winter""]

# Count the number of transfer windows for each season
season_to_transfer_windows = {}
for idx, season in enumerate(seasons):
    if season_to_transfer_windows.get(season):
        season_to_transfer_windows[season] += 1
    else:
        season_to_transfer_windows[season] = 1

# Find the season with the most transfer windows
most_transfer_windows_season = max(season_to_transfer_windows, key=season_to_transfer_windows.get)

# Print the result
print(f""Final Answer: {most_transfer_windows_season}"")
# Done
```"
306,what was the difference in score for the tenth game of the season against the oakland raiders ?,24,"```python
# Extracting the relevant data from the table
games = [""1"", ""2"", ""3"", ""4"", ""5"", ""6"", ""7"", ""8"", ""9"", ""10"", ""11"", ""12"", ""13"", ""14"", ""15"", ""16"", ""17""]
opponents = [""st. louis rams"", ""at san francisco 49ers"", ""buffalo bills"", ""at baltimore ravens"", ""san diego chargers"", ""miami dolphins"", ""at kansas city chiefs"", ""at new england patriots"", None, ""oakland raiders"", ""at seattle seahawks"", ""indianapolis colts"", ""at san diego chargers"", ""at new york jets"", ""kansas city chiefs"", ""at oakland raiders"", ""arizona cardinals""]
results = [""w 23-16"", ""w 24-14"", ""w 28-23"", ""l 34-23"", ""w 26-9"", ""l 24-22"", ""w 37-34"", ""w 24-16"", None, ""l 34-10"", ""w 31-9"", ""l 23-20"", ""l 30-27"", ""l 19-13"", ""w 31-24"", ""l 28-16"", ""w 37-7""]

# Find the index of the tenth game against the Oakland Raiders
index_tenth_game = opponents.index(""oakland raiders"")

# Find the result for the tenth game against the Oakland Raiders
result_tenth_game = results[index_tenth_game]

# Extract scores from the result
scores = result_tenth_game.split("" "")[1].split(""-"")

# Calculate the difference in score
score_difference = abs(int(scores[0]) - int(scores[1]))

# Print the result
print(f""Final Answer: The difference in score for the tenth game against the Oakland Raiders was {score_difference}"")
# Done
```"
307,what is the total population for aberdeen in 2011 ?,599,"```python
# Extracting the relevant data from the table
towns = [""aberdeen"", ""alameda"", ""allan"", ""arborfield"", ""arcola"", ""asquith"", ""assiniboia"", ""balcarres"", ""balgonie"", ""battleford"", ""bengough"", ""bienfait"", ""big river"", ""biggar"", ""birch hills"", ""blaine lake"", ""bredenbury"", ""broadview"", ""bruno"", ""burstall"", ""cabri"", ""canora"", ""carlyle"", ""carnduff"", ""carrot river"", ""central butte"", ""choiceland"", ""churchbridge"", ""colonsay"", ""coronach"", ""craik"", ""cudworth"", ""cupar"", ""cut knife"", ""dalmeny"", ""davidson"", ""delisle"", ""duck lake"", ""dundurn"", ""eastend"", ""eatonia"", ""elrose"", ""esterhazy"", ""eston"", ""fleming"", ""foam lake"", ""fort qu'appelle"", ""francis"", ""govan"", ""gravelbourg"", ""grenfell"", ""gull lake"", ""hafford"", ""hague"", ""hanley"", ""hepburn"", ""herbert"", ""hudson bay"", ""imperial"", ""indian head"", ""ituna"", ""kamsack"", ""kelvington"", ""kerrobert"", ""kindersley"", ""kinistino"", ""kipling"", ""kyle"", ""lafleche"", ""lampman"", ""langenburg"", ""langham"", ""lanigan"", ""lashburn"", ""leader"", ""lemberg"", ""leroy"", ""lumsden"", ""luseland"", ""macklin"", ""maidstone"", ""maple creek"", ""marshall"", ""midale"", ""milestone"", ""moosomin"", ""morse"", ""mossbank"", ""naicam"", ""nipawin"", ""nokomis"", ""norquay"", ""ogema"", ""osler"", ""outlook"", ""oxbow"", ""pense"", ""pilot butte"", ""ponteix"", ""porcupine plain"", ""preeceville"", ""qu'appelle"", ""radisson"", ""radville"", ""raymore"", ""redvers"", ""regina beach"", ""rocanville"", ""rockglen"", ""rose valley"", ""rosetown"", ""rosthern"", ""rouleau"", ""saltcoats"", ""scott"", ""shaunavon"", ""shellbrook"", ""sintaluta"", ""southey"", ""spiritwood"", ""springside"", ""st. brieux"", ""st. walburg"", ""star city"", ""stoughton"", ""strasbourg"", ""sturgis"", ""tisdale"", ""turtleford"", ""unity"", ""vonda"", ""wadena"", ""wakaw"", ""waldheim"", ""wapella"", ""watrous"", ""watson"", ""wawota"", ""white city"", ""whitewood"", ""wilkie"", ""willow bunch"", ""wolseley"", ""wynyard"", ""yellow grass"", ""zealandia"", ""total towns""]
pop_2011 = [599.0, 342.0, 648.0, 326.0, 649.0, 603.0, 2418, 617.0, 1625, 4065.0, 313.0, 780.0, 639.0, 2161, 1064, 510.0, 364.0, 574.0, 574.0, 301.0, 399.0, 2219, 1441, 1126, 1000, 365.0, 381.0, 743.0, 475.0, 711.0, 453.0, 770.0, 579.0, 517.0, 1702, 1025, 975.0, 577.0, 693.0, 527.0, 508.0, 477.0, 2472, 1031, 83.0, 1148, 2034, 176.0, 216.0, 1116, 1049, 989.0, 397.0, 878.0, 522.0, 562.0, 759.0, 1504, 349.0, 1815, 711.0, 1825, 890.0, 1061, 4678.0, "
308,"elton john released the `` candle in the wind '' , the # 2 hit single of the 1990s , in 1997 . what was an earlier top 100 hit single of elton john 's in the 1990s ?",Can You Feel The Love Tonight,"```python
# Extracting the relevant data from the table
artists = [""daniel lavoie, patrick fiori & garou"", ""elton john"", ""lou bega"", ""wes"", ""manau"", ""ricky martin"", ""florent pagny"", ""aqua"", ""larusso"", ""celine dion"", ""gala"", ""eiffel 65"", ""carrapicho"", ""andrea bocelli"", ""laam"", ""celine dion"", ""moos"", ""los del rio"", ""andrea bocelli & helene segara"", ""zebda"", ""nomads"", ""khaled"", ""hermes house band"", ""david hallyday"", ""will smith"", ""cher"", ""jordy"", ""spice girls"", ""fugees"", ""coolio"", ""mylene farmer"", ""brandy & monica"", ""robert miles"", ""lagaf'"", ""tina arena"", ""menelik & imane d"",...]
top_singles = [""\""belle\"""", ""\""candle in the wind\"""", ""\""mambo no. 5\"""", ""\""alane\"""", ""\""la tribu de dana\"""", ""\""un, dos, tres\"""", ""\""savoir aimer\"""", ""\""barbie girl\"""", ""\""tu m'oublieras\"""", ""\""the reason\"" / \""my heart will go on\"""", ""\""freed from desire\"""", ""\""blue (da ba dee)\"""", ""\""tic, tic tac\"""", ""\""con te partiro\"""", ""\""chanter pour ceux qui sont loin de chez eux\"""", ""\""pour que tu m'aimes encore\"""", ""\""au nom de la rose\"""", ""\""macarena\"""", ""\""vivo per lei (je vis pour elle)\"""", ""\""tomber la chemise\"""", ""yi...
years = [1998, 1997, 1999, 1997, 1998, 1997, 1997, 1997, 1998, 1998, 1996, 1999, 1996, 1997, 1998, 1995, 1999, 1996, 1998, 1999, 1998, 1996, 1998, 1999, 1997, 1999, 1992, 1996, 1996, 1995, 1991, 1998, 1996, 1991, 1999, 1998, 1997, 1997, 1999, 1999, 1997, 1999, 1998, 1998, 1997, 1998, 1995, 1999, 1991, 1995, 1997, 1999, 1997, 1997, 1999, 1995, 1997, 1995, 1993, 1998, 1998, 1999, 1996, 1997, 1998, 1991, 1991, 1994, 1999, 1997, 1997, 1991, 1993, 1996, 1992, 1990, 1997, 199...
previous_singles = []

# Finding the index of Elton John
elton_index = artists.index(""elton john"")

# Finding the years for Elton John's singles
elton_years = [years[i] for i, artist in enumerate(artists) if i != elton_index and artist == ""elton john""]

# Finding the top singles of Elton John in the 1990s
for year in sorted(elton_years):
    single_index = years.index(year)
    previous_singles.append(top_singles[single_index])

# Print the result
print(f""Final Answer: {previous_singles}"")
# Done
```"
309,in what year did ifk receive their best finish ?,2005,"```python
# Extracting the relevant data from the table
years = [1999, None, 2000, None, 2001, None, 2002, 2003, 2004, 2005, 2006, 2007, 2008, 2009, 2010, 2011]
positions = [""6th"", ""5th"", ""2nd"", ""10th"", ""4th"", ""4th"", ""3rd"", ""6th"", ""4th"", ""1st"", ""12th"", ""2nd"", ""3rd"", ""7th"", ""2nd"", ""4th""]

# Convert the positions to a format that can be compared numerically
positions_numeric = [float(pos[:-2]) for pos in positions]

# Find the index of the minimum position value
best_finish_index = positions_numeric.index(min(positions_numeric))

# Retrieve the corresponding year
best_finish_year = years[best_finish_index]

# Print the result
print(f""Final Answer: {best_finish_year}"")
#Done
```"
310,how many games did the club play in september ?,4,"```python
# Extracting the relevant data from the table
dates = [""15 august"", ""22 august"", ""29 august"", ""2 september"", ""5 september"", ""19 september"", ""25 september"", ""3 october"", ""17 october"", ""24 october"", ""27 october"", ""31 october"", ""14 november"", ""21 november"", ""28 november"", ""5 december"", ""12 december"", ""20 february"", ""27 february"", ""6 march"", ""13 march"", ""20 march"", ""28 march"", ""2 april"", ""10 april"", ""17 april"", ""23 april"", ""26 april"", ""30 april"", ""8 may"", ""15 may"", ""23 may"", ""29 may"", ""5 june""]
games_in_september = sum(1 for date in dates if ""september"" in date)

# Print the result
print(f""Final Answer: {games_in_september}"")
# Done
```"
311,the central american championships and what other competition occurred in 2010 ?,Central American and Caribbean Games,"```python
# Extracting the relevant data from the table
years = [1997, 2001, 2001, 2001, 2001, 2002, 2002, 2003, 2003, 2003, 2003, 2004, 2005, 2006, 2006, 2006, 2007, 2007, 2007, 2007, 2007, 2008, 2009, 2010, 2010, 2011, 2012]
competitions = [""central american games"", ""central american and caribbean championships"", ""central american and caribbean championships"", ""central american games"", ""central american games"", ""central american championships"", ""central american championships"", ""central american championships"", ""central american championships"", ""pan american games"", ""pan american games"", ""olympic games"", ""central american championships"", ""ibero-american championships"", ""central american and caribbean games"", ""central american and caribbean games"", ""central american championships"", ""central american championships"", ""nacac championships"", ""nacac championships"", ""pan american games"", ""olympic games"", ""central american championships"", ""central american and caribbean games"", ""central american championships"", ""pan american games"", ""olympic games""]

# Finding the other competition that occurred along with the central american championships in 2010
year_index = years.index(2010)
competitions_2010 = [comp for i, comp in enumerate(competitions) if years[i] == 2010 and comp != ""central american championships""]

# Print the result
print(f""Final Answer: {' and '.join(competitions_2010)}"")
# Done
```"
312,which election had the highest percentage of popular votes - 2003 or 2007 ?,2003,"```python
# Extracting the relevant data from the table
election_years = [1988, 1991, 1994, 1999, 2003, 2007, 2011]
percentage_of_votes = [22.16, 32.11, 35.34, 33.45, 44.67, 39.15, 39.34]

# Find the index of the election with the highest percentage of popular votes
highest_percentage_index = percentage_of_votes.index(max(percentage_of_votes))

# Retrieve the corresponding election year
highest_percentage_election_year = election_years[highest_percentage_index]

# Print the result
print(f""Final Answer: Election year with the highest percentage of popular votes is {highest_percentage_election_year}"")
# Done
```"
313,which seasons were not played in the california league ?,1947|1948|1949|1950|1951,"```python
# Extracting the relevant data from the table
leagues = [""sunset league"", ""sunset league"", ""sunset league"", ""far west league"", ""far west league"", ""california league"", ""california league"", ""california league"", ""california league"", ""california league"", ""california league"", ""california league"", ""california league"", ""california league"", ""california league"", ""california league"", ""california league"", ""california league"", ""california league"", ""california league"", ""california league"", ""california league"", ""california league"", ""california league"", ""california league"", ""california league"", ""california league"", ""california league"", ""california league"", ""california league"", ""california league"", ""california league"", ""california league"", ""california league"", ""california league"", ""california league"", ""california league""]
not_played_seasons = []

for idx, league in enumerate(leagues):
    if league != ""california league"":
        not_played_seasons.append(idx)

# Creating a list of seasons based on not played indexes
seasons = [""1947"", ""1948"", ""1949"", ""1950"", ""1951"", ""1955"", ""1956"", ""1957"", ""1958"", ""1959"", ""1960"", ""1961"", ""1962"", ""1963"", ""1964"", ""1966"", ""1967"", ""1968"", ""1969"", ""1970"", ""1971"", ""1972"", ""1973"", ""1974"", ""1975"", ""1976"", ""1977"", ""1978"", ""1979"", ""1980"", ""1981"", ""1988"", ""1989"", ""1990"", ""1991"", ""1992""]

not_played_seasons = [seasons[idx] for idx in not_played_seasons]

# Print the result
print(f""Seasons not played in the California League: {not_played_seasons}"")
# Done
```"
314,how many times did tomlinson appear in the olympic games ?,3,"```python
# Extracting the relevant data from the table
years = [2002, 2003, 2004, 2006, 2008, 2008, 2009, 2010, 2011, 2011, 2012, 2013]
competitions = [""european championships"", ""world championships"", ""olympic games"", ""european championships"", ""world indoor championships"", ""olympic games"", ""world championships"", ""european championships"", ""european team championships"", ""world championships"", ""olympic games"", ""european indoor championships""]
positions = [""6th"", ""9th"", ""5th"", ""9th"", ""2nd"", ""27th"", ""8th"", ""3rd"", ""3rd"", ""11th"", ""6th"", ""7th""]

# Count the appearances in the Olympic Games
olympic_appearances = competitions.count(""olympic games"")

# Print the result
print(f""Final Answer: Tomlinson appeared in the Olympic Games {olympic_appearances} times"")
# Done
```"
315,when was the first year the team qualified for the playoffs ?,2007,"```python
# Extracting the relevant data from the table
years = [2006, 2007, 2008, 2009, 2010, 2011, 2012, 2013]
playoffs_status = [""did not qualify"", ""conference semifinals"", ""did not qualify"", ""did not qualify"", ""did not qualify"", ""did not qualify"", ""did not qualify"", ""did not qualify""]

# Finding the index of the first year the team qualified for the playoffs
first_playoffs_year_index = playoffs_status.index(""conference semifinals"")

# Retrieving the corresponding year
first_playoffs_year = years[first_playoffs_year_index]

# Print the result
print(f""Final Answer: {first_playoffs_year}"")
# Done
```"
316,what was the next date after 20 february 2008 ?,4 March 2008,"```python
# Extracting the relevant data from the table
dates = [""17 september 2007"", ""3 october 2007"", ""24 october 2007"", ""6 november 2007"", ""28 november 2007"", ""4 december 2007"", ""20 february 2008"", ""4 march 2008""]
parsed_dates = [""2007-09-17"", ""2007-10-03"", ""2007-10-24"", ""2007-11-06"", ""2007-11-28"", ""2007-12-04"", ""2008-02-20"", ""2008-03-04""]

# Find the index of 20 february 2008
index_20_feb_2008 = parsed_dates.index(""2008-02-20"")

# Retrieve the next date after 20 february 2008
next_date = dates[index_20_feb_2008 + 1]

# Print the result
print(f""Final Answer: {next_date}"")
# Done
```  "
317,what is the total number of locomotives made during this time ?,81,"```python
# Extracting the relevant data from the table
years = [1893, 1893, 1894, 1894, 1896, 1897, 1897, 1898, 1898]
quantities = [1, 10, 10, 10, 10, 10, 10, 10, 10]

# Calculating the total number of locomotives made
total_locomotives = sum(quantities)

# Print the result
print(f""Total number of locomotives made during this time: {total_locomotives}"")
# Done
```"
318,how many attendees were present at the february 11 match against huddersfield town ?,"30,000","```python
# Extracting the relevant data from the table
dates = [""1921-08-27"", ""1921-08-29"", ""1921-09-03"", ""1921-09-07"", ""1921-09-10"", ""1921-09-17"", ""1921-09-24"", ""1921-10-01"", ""1921-10-08"", ""1921-10-15"", ""1921-10-22"", ""1921-10-29"", ""1921-11-05"", ""1921-11-12"", ""1921-11-19"", ""1921-11-26"", ""1921-12-03"", ""1921-12-10"", ""1921-12-17"", ""1921-12-24"", ""1921-12-26"", ""1921-12-27"", ""1921-12-31"", ""1922-01-02"", ""1922-01-14"", ""1922-01-21"", ""1922-01-28"", ""1922-02-11"", ""1922-02-18"", ""1922-02-25"", ""1922-02-27"", ""1922-03-11"", ""1922-03-18"", ""1922-03-25"", ""1922-04-01"", ""1922-04-05"", ""1922-04-08"", ""1922-04-15"", ""1922-04-17"", ""1922-04-22"", ""1922-04-29"", ""1922-05-06""]
opponents = [""everton"", ""west bromwich albion"", ""everton"", ""west bromwich albion"", ""chelsea"", ""chelsea"", ""preston north end"", ""preston north end"", ""tottenham hotspur"", ""tottenham hotspur"", ""manchester city"", ""manchester city"", ""middlesbrough"", ""middlesbrough"", ""aston villa"", ""aston villa"", ""bradford city"", ""bradford city"", ""liverpool"", ""liverpool"", ""burnley"", ""burnley"", ""newcastle united"", ""sheffield united"", ""newcastle united"", ""sunderland"", ""sunderland"", ""huddersfield town"", ""birmingham"", ""birmingham"", ""huddersfield town"", ""arsenal"", ""blackburn rovers"", ""blackburn rovers"", ""bolton wanderers"", ""arsenal"", ""bolton wanderers"", ""oldham athletic"", ""sheffield united"", ""oldham athletic"", ""cardiff city"", ""cardiff city""]
attendance = [30000, 20000, 25000, 15000, 35000, 28000, 25000, 30000, 35000, 30000, 24000, 56000, 30000, 18000, 30000, 33000, 15000, 9000, 40000, 30000, 15000, 10000, 20000, 18000, 20000, 10000, 18000, 30000, 20000, 35000, 30000, 30000, 30000, 15000, 28000, 25000, 28000, 30000, 28000, 30000, 18000, 16000]

# Finding the index of the match against Huddersfield Town on February 11
match_index = next((index for index, (opponent, date) in enumerate(zip(opponents, dates)) if opponent.lower() == 'huddersfield town' and date == '1922-02-11'), None)

# Retrieving the attendance for the match against Huddersfield Town on February 11
if match_index is not None:
    feb_11_attendance = attendance[match_index]
    print(f""Final Answer: {feb_11_attendance}"")
else:
    print(""Match against Huddersfield Town on February 11 not found in the data"")

# Done
```"
319,how many consecutive years did pavel loskutov run in the joongang seoul marathon ?,3,"```python
# Extracting the relevant data from the table
years = [1994, 1995, 1996, 1997, 1998, 1998, 1998, 1999, 1999, 1999, 2000, 2001, 2002, 2002, 2002, 2003, 2004, 2004, 2005, 2006, 2007, 2007, 2008]
events = [""european championships"", ""world championships"", ""summer olympics"", ""world championships"", ""world cross country championships"", ""world half marathon championships"", ""european championships"", ""world half marathon championships"", ""frankfurt marathon"", ""helsinki marathon"", ""summer olympics"", ""frankfurt marathon"", ""paris marathon"", ""european championships"", ""fukuoka marathon"", ""joongang seoul marathon"", ""summer olympics"", ""joongang seoul marathon"", ""joongang seoul marathon"", ""paris marathon"", ""world championships"", ""beppu-oita marathon"", ""summer olympics""]
marathons = 0
consecutive_years = 1

# Calculate the number of consecutive years Pavel Loskutov ran in the Joongang Seoul Marathon
for i in range(len(events)):
    if events[i] == ""joongang seoul marathon"":
        if events[i-1] == ""joongang seoul marathon"" or years[i-1] == years[i]:
            consecutive_years += 1
        else:
            consecutive_years = 1
        if consecutive_years > marathons:
            marathons = consecutive_years

# Print the result
print(f""Final Answer: Pavel Loskutov ran in the Joongang Seoul Marathon for {marathons} consecutive years."")
# Done
```"
320,previous to 1977 how many greek leagues were champion ?,6,"```python
# Extracting the relevant data from the table
seasons = [""1928-29"", ""1938-39"", ""1939-40"", ""1949-50"", ""1950-51"", ""1952-53"", ""1953-54"", ""1954-55"", ""1956-57"", ""1957-58"", 
           ""1969-70"", ""1974-75"", ""1975-76"", ""1977-78"", ""1978-79"", ""1980-81"", ""1986-87"", ""1987-88"", ""2004-05"", ""2005-06"", 
           ""2006-07"", ""2007-08"", ""2008-09"", ""2009-10"", ""2010-11""]
champions = [""champion"", ""champion"", ""champion"", ""finalist"", ""finalist"", ""champion"", ""finalist"", ""champion"", ""champion"", ""_"", 
             ""3rd place"", ""_"", ""_"", ""3rd place"", ""_"", ""_"", ""_"", ""9th place"", ""12th place"", ""5th place"", ""5th place"", 
             ""6th place"", ""6th place"", ""4th place"", ""12th place""]

# Finding the count of Greek leagues won prior to 1977
before_1977_champions = champions[:seasons.index(""1977-78"")].count(""champion"")

# Print the result
print(f""Final Answer: {before_1977_champions}"")
# Done
```"
321,the first date is ?,3 March 2009,"```python
# Extracting the relevant data from the table
dates = [""3 march 2009"", ""14 april 2009"", ""18 april 2009"", ""23 april 2009"", ""8 may 2009"", ""16 may 2009"", ""17 may 2009"", ""22 may 2009"", ""26 may 2009"", ""26 may 2009"", ""29 may 2009"", ""30 may 2009"", ""31 may 2009"", ""1 june 2009"", ""4 june 2009"", ""6 june 2009"", ""9 june 2009"", ""11 june 2009"", ""11 june 2009"", ""15 june 2009"", ""16 june 2009"", ""17 june 2009"", ""17 june 2009"", ""18 june 2009"", ""19 june 2009"", ""21 june 2009"", ""23 june 2009"", ""23 june 2009"", ""23 june 2009"", ""23 june 2009"", ""25 june 2009"", ""25 june 2009"", ""26 june 2009"", ""26 june 2009"", ""29 june 2009"", ""29 june 2009"", ""30 june 2009"", ""1 july 2009"", ""1 july 2009"", ""1 july 2009"", ""2 july 2009"", ""2 july 2009"", ""3 july 2009"", ""3 july 2009"", ""3 july 2009"", ""4 july 2009"", ""4 july 2009"", ""4 july 2009"", ""4 july 2009"", ""6 july 2009"", ""6 july 2009"", ""7 july 2009"", ""7 july 2009"", ""7 july 2009"", ""8 july 2009"", ""8 july 2009"", ""8 july 2009"", ""8 july 2009"", ""10 july 2009"", ""10 july 2009"", ""10 july 2009"", ""11 july 2009"", ""11 july 2009"", ""12 july 2009"", ""12 july 2009"", ""13 july 2009"", ""13 july 2009"", ""14 july 2009"", ""14 july 2009"", ""14 july 2009"", ""14 july 2009"", ""14 july 2009"", ""14 july 2013"", ""15 july 2009"", ""15 july 2009"", ""17 july 2009"", ""17 july 2009"", ""18 july 2009"", ""18 july 2009"", ""18 july 2009"", ""18 july 2009"", ""18 july 2009"", ""18 july 2009"", ""18 july 2009"", ""19 july 2009"", ""19 july 2009"", ""24 july 2009"", ""24 july 2009"", ""20 july 2009"", ""20 july 2009"", ""20 july 2009"", ""21 july 2009"", ""21 july 2009"", ""21 july 2009"", ""22 july 2009"", ""23 july 2009"", ""23 july 2009"", ""23 july 2009"", ""23 july 2009"", ""24 july 2009"", ""24 july 2009"", ""24 july 2009"", ""27 july 2009"", ""29 july 2009"", ""31 july 2009"", ""8 august 2009"", ""12 august 2009"", ""17 august 2009"", ""17 august 2009"", ""21 august 2009"", ""24 august 2009"", ""26 august 2009"", ""26 august 2009"", ""28 august 2009"", ""29 august 2009"", ""29 august 2009"", ""29 august 2009"", ""29 august 2009"", ""29 august 2009"", ""29 august 2009"", ""30 august 2009"", ""30 august 2009"", ""30 august 2009"", ""31 august 2009"", ""31 august 2009"", ""31 august 2009"", ""31 august 2009"", ""31 august "
322,how many fewer maps were present between the 1986 and 1983 editions ?,36,"```python
# Extracting the relevant data from the table
years = [1974, 1976, 1977, 1978, 1979, 1980, 1981, 1982, 1983, 1984, 1985, 1986]
maps = [3442, 3503, 3509, 3451, 3694, 3108, 3250, 3145, 3185, 2009, 2970, 3501]

# Finding the number of maps for 1986 and 1983 editions
maps_1986 = maps[years.index(1986)]
maps_1983 = maps[years.index(1983)]

# Calculating the difference
maps_difference = maps_1983 - maps_1986

# Print the result
print(f""Final Answer: {maps_difference}"")
# Done
```"
323,how many union member voters voted democrat in 1964 ?,77,"```python
# Extracting the relevant data from the table
categories = [""all voters"", ""white"", ""black"", ""college educated"", ""high school educated"", ""grade school educated"", ""professional & business"", ""white collar"", ""manual worker"", ""farmer"", ""union member"", ""not union"", ""protestant"", ""catholic"", ""republican"", ""independent"", ""democrat"", ""east"", ""midwest"", ""west"", ""south""]
year = 1964
union_member_index = categories.index(""union member"")
democrat_index = categories.index(""democrat"")

union_member_data = [66, 66, 60, 60, 60, 60, 60, 60, 60, 60, 60, 60, 60, 60, 60, 60, 60, 60, 60, 60, 60]
democrat_data = [53, 53, 43, 43, 43, 43, 43, 43, 43, 43, 43, 43, 43, 43, 43, 43, 43, 43, 43, 43, 43]

# Find the number of union member voters who voted democrat in 1964
union_member_voters = union_member_data[union_member_index]
democrat_voters = democrat_data[democrat_index]

# Print the result
print(f""Final Answer: {democrat_voters} union member voters voted democrat in 1964"")
# Done
```"
324,"what song is longer in terms of time , `` it 's murda '' or `` son of niah '' ?",It's Murda,"```python
# Extracting the relevant data from the table
songs = [""\""intro (skit)\"""", ""\""zero\"""", ""\""it's murda\"""", ""\""jankrowville\"""", ""\""parrowdice\"""", ""\""b 4 u die\"""", ""\""all i got\"""", ""\""black rose\"""", ""\""lynching (skit)\"""", ""\""our time\"""", ""\""terra firma anthum (skit)\"""", ""\""daggo mentality\"""", ""\""neighbour (skit)\"""", ""\""son of niah\""""]
song_times_min = [1, 4, 5, 5, 5, 4, 4, 4, 1, 3, 0, 4, 0, 4]
song_times_sec = [50, 1, 1, 26, 52, 9, 0, 4, 12, 56, 52, 1, 46, 54]

# Find the index of the songs
it_murda_index = songs.index(""\""it's murda\"""")
son_of_niah_index = songs.index(""\""son of niah\"""")

# Calculate total seconds for each song
it_murda_time = song_times_min[it_murda_index] * 60 + song_times_sec[it_murda_index]
son_of_niah_time = song_times_min[son_of_niah_index] * 60 + song_times_sec[son_of_niah_index]

# Compare the durations of the two songs
longer_song = ""it's murda"" if it_murda_time > son_of_niah_time else ""son of niah""

# Print the result
print(f""Final Answer: {longer_song}"")
# Done
```"
325,what is the total number of years the event was not held ?,14,"```python
# Extracting the relevant data from the table
years_not_held = [""not held""]

# Counting the number of years the event was not held
num_years_not_held = years_not_held.count(""not held"")

# Print the result
print(f""Total number of years the event was not held: {num_years_not_held}"")
# Done
```"
326,"the world championships were not held in moscow , russia before what year ?",2013,"```python
# Extracting the relevant data from the table
years = [2006, 2007, 2008, 2010, 2013]
competitions = [""iaaf world athletics final"", ""world championships"", ""world indoor championships"", ""olympic games"", ""iaaf world athletics final""]
venues = [""stuttgart, germany"", ""osaka, japan"", ""valencia, spain"", ""stuttgart, germany"", ""moscow, russia""]
ranks = [""5th"", ""4th (semis)"", ""4th (semis)"", ""1st"", ""1st""]

# Find the last occurrence of ""world championships"" in Moscow, Russia
last_world_champs_moscow_index = None
for i in range(len(competitions) - 1, -1, -1):
    if competitions[i] == ""world championships"" and venues[i] == ""moscow, russia"":
        last_world_champs_moscow_index = i
        break

before_year = None
if last_world_champs_moscow_index is not None:
    before_year = years[last_world_champs_moscow_index]

# Print the result
print(f""Final Answer: {before_year}"")
# Done
```"
327,what was the last year that they received first ?,2010,"```python
# Extracting the relevant data from the table
years = [2002, 2004, 2004, 2005, 2006, 2007, 2008, 2009, 2010, 2011, 2011]
positions = [""1st"", ""1st"", ""4th"", ""8th"", ""2nd"", ""4th"", ""15th"", ""3rd"", ""1st"", ""15th"", ""6th""]

# Finding the most recent year where they received the 1st position
for year, position in zip(reversed(years), reversed(positions)):
    if position == ""1st"":
        last_year_first_position = year
        break

# Print the result
print(f""Final Answer: {last_year_first_position}"")
# Done
```"
328,what is the total days held on # 1st ?,283,"```python
# Extracting the relevant data from the table
nums = [1, 1, 1, 2, 2, 1, 1, 2, 1, 1, 1, 1, 1, 2, 1, 1, 3, 1, 1, 2, 4, 1, 2, 1, 1, 2, 1, 3, 2, 2, 3, 1, 1, 1, 1, 1, 4, 1, 5, 2, 6, 1, 7, 2, 8, 1, 1, 1, 1, 2, 3, 1, 1, 1]
days_held = [283, 1, 42, 0, 46, 39, 54, 0, 43, 21, 92, 174, 70, 91, 21, 42, 83, 78, 21, 0, 21, 62, 36, 182, 139, 85, 29, 68, 29, 29, 95, 28, 48, 1, 203, 119, 8, 5, 37, 125, 92, 26, 1, 12, 0, 136, 48, 7, 8, 31, 125, 1, 99, 122]

# Calculate the total days held on # 1st
total_days_1st = sum([days for num, days in zip(nums, days_held) if num == 1])

# Print the result
print(f""Final Answer: {total_days_1st}"")
# Done
```"
329,what were the number of wins in the month of october ?,4,"```python
# Extracting the relevant data from the table
months = [""september"", ""september"", ""september"", ""october"", ""october"", ""october"", ""october"", ""october"", ""november"", ""november"", ""november""]
results = [""l"", ""l"", ""w"", ""w"", ""w"", ""w"", ""l"", ""w"", ""l"", ""l"", ""l""]

# Counting the number of wins in the month of October
october_wins = results.count(""w"")

# Print the result
print(f""Final Answer: {october_wins}"")
# Done
```"
330,what are the number of times the location was in orlando ?,20,"```python
# Extracting the relevant data from the table
locations = [""orlando"", ""no event"", ""orlando"", ""orlando"", ""nice, france"", ""orlando"", ""orlando"", ""orlando"", ""orlando"", ""orlando"", ""orlando"", ""orlando"", ""orlando"", ""orlando"", ""orlando"", ""orlando"", ""orlando"", ""orlando"", ""orlando"", ""orlando"", ""orlando"", ""orlando""]

# Counting the number of times the location was in orlando
orlando_count = locations.count(""orlando"")

# Print the result
print(f""Final Answer: {orlando_count}"")
# Done
```"
331,which country earned at least 2 gold medals and 2 silver medals in boxing at the 1960 olympics ?,Italy,"```python
# Extracting the relevant data from the table
countries = [""italy (ita)"", ""united states (usa)"", ""poland (pol)"", ""soviet union (urs)"", ""hungary (hun)"", ""czechoslovakia (tch)"", ""ghana (gha)"", ""south africa (rsa)"", ""great britain (gbr)"", ""australia (aus)"", ""japan (jpn)"", ""united arab republic (egy)"", ""finland (fin)"", ""argentina (arg)"", ""romania (rou)"", ""germany (eua)""]
gold_medals = [3.0, 3.0, 1.0, 1.0, 1.0, 1.0, 0.0, 0.0, 0.0, 0.0, 0.0, 0.0, 0.0, 0.0, 0.0, 0.0]
silver_medals = [3.0, 3.0, 1.0, 1.0, 1.0, 1.0, 0.0, 0.0, 0.0, 0.0, 0.0, 0.0, 0.0, 0.0, 0.0, 0.0]
year = 1960
category = ""boxing""

# Finding the index of the country that earned at least 2 gold and 2 silver medals in boxing
selected_country = None
for i in range(len(countries)):
    if gold_medals[i] >= 2 and silver_medals[i] >= 2:
        selected_country = countries[i]
        break

# Print the result
if selected_country:
    print(f""The country that earned at least 2 gold and 2 silver medals in boxing at the {year} Olympics is: {selected_country}"")
else:
    print(""No country earned at least 2 gold and 2 silver medals in boxing at the specified Olympics."")
# Done
```  "
332,what is the number of seasons finished in 10th place or worse ?,4,"```python
# Extracting the relevant data from the table
places = [None, ""10th"", ""5th"", ""13th"", ""11th"", ""7th"", ""9th"", ""4th"", ""6th"", ""3rd"", ""3rd"", ""1st"", ""17th"", ""6th""]

# Count the number of seasons finished in 10th place or worse
count = sum(1 for place in places if place is not None and int(place[:-2]) >= 10)

# Print the result
print(f""Final Answer: {count}"")
# Done
```"
333,number of times to finish the races running .,3,"```python
# Extracting the relevant data from the table
races_finished = [""flagged"", ""running"", ""running"", ""pit fire"", ""running"", ""wheel bearing"", ""bearing"", None]

# Count the number of times finished the races running
running_count = races_finished.count(""running"")

# Print the result
print(f""Final Answer: {running_count}"")
# Done
```"
334,"other than 1984 , what year did he place first ?",1982,"```python
# Extracting the relevant data from the table
years = [1982, 1983, 1984, 1986, 1987, 1988, 1989, 1990, 1992]
positions = [""1st"", ""4th"", ""1st"", ""4th"", ""4th"", ""6th"", ""2nd"", ""6th"", None]

# Finding the index of the first place excluding 1984
first_place_index = positions.index(""1st"", 0, 2)
year_placed_first = years[first_place_index]

# Print the result
print(f""Final Answer: {year_placed_first}"")
# Done
```"
335,what is the difference between notes in 1990 and 1989 ?,.04,"```python
# Extracting the relevant data from the table
years = [1982, 1983, 1984, 1986, 1987, 1988, 1989, 1990, 1992]
notes = [""1st"", ""4th"", ""1st"", ""4th"", ""4th"", ""6th"", ""2nd"", ""6th"", None]

# Finding the index of the corresponding years
year_1989_index = years.index(1989)
year_1990_index = years.index(1990)

# Retrieving the notes for 1989 and 1990
notes_1989 = notes[year_1989_index]
notes_1990 = notes[year_1990_index]

# Calculating the difference in notes
if notes_1989 is not None and notes_1990 is not None:
    difference_notes = abs(ord(notes_1990[0]) - ord(notes_1989[0]))
    print(f""Difference in notes between 1990 and 1989: {difference_notes}"")
else:
    print(""Notes missing for either 1990 or 1989"")

# Done
```"
336,what is his/her best ranking season ?,1995/96,"```python
# Extracting the relevant data from the table
seasons = [""1928-84"", ""1984/85"", ""1985/86"", ""1986/87"", ""1987/88"", ""1988/89"", ""1989/90"", ""1990/91"", ""1991/92"", ""1992/93"", ""1993/94"", ""1994/95"", ""1995/96"", ""1996/97"", ""1997/98""]
places = [None, ""6th"", ""9th"", ""11th"", ""15th"", ""4th"", ""9th"", ""9th"", ""5th"", ""17th"", ""7th"", ""4th"", ""1st"", ""19th"", ""2nd""]

# Convert the places to a format that can be compared numerically
places_numeric = [float(place[:-2]) if place is not None else None for place in places]

# Find the index of the minimum place value
min_place_index = places_numeric.index(min(filter(None, places_numeric)))

# Retrieve the corresponding season
best_ranking_season = seasons[min_place_index]

# Print the result
print(f""Final Answer: {best_ranking_season}"")
# Done
```"
337,how many of these members were elected in october ?,3,"```python
# Extracting the relevant data from the table
election_dates = [""march 22, 1954"", ""march 31, 1958"", ""march 5, 1891"", ""march 31, 1958"", ""june 11, 1945"", ""october 25, 1948"", ""december 17, 1917"", ""february 17, 1869"", ""october 30, 1972"", ""september 21, 1911"", ""june 18, 1962"", ""september 4, 1984"", ""june 10, 1957"", ""june 10, 1957"", ""august 10, 1953"", ""june 18, 1962"", ""september 20, 1867"", ""december 6, 1928"", ""august 10, 1953"", ""september 20, 1867"", ""september 17, 1878"", ""december 17, 1917"", ""september 26, 1955"", ""june 28, 2004"", ""june 10, 1957"", ""june 2, 1997"", ""october 26, 1908"", ""january 23, 1888"", ""june 18, 1962"", ""june 11, 1945"", ""march 31, 1958""]

# Convert the months to lowercase for comparison
election_months = [date.split(',')[0].split()[0].lower() for date in election_dates]

# Counting the number of members elected in October
october_count = election_months.count('october')

# Print the result
print(f""Final Answer: {october_count}"")
# Done
```"
338,"other than friendly games , how many games did serbia play in 2010 ?",7,"```python
# Extracting the relevant data from the table
years = [2010, 2010, 2010, 2010, 2010, 2010, 2010, 2010, 2010, 2010, 2010, 2010, 2010, 2010]
game_types = [""friendly"", ""friendly"", ""friendly"", ""friendly"", ""friendly"", ""wc 2010"", ""wc 2010"", ""wc 2010"", ""friendly"", ""euro 2012 q"", ""euro 2012 q"", ""euro 2012 q"", ""euro 2012 q"", ""friendly""]

# Counting the number of games Serbia played in 2010 excluding friendly games
serbia_games_2010 = sum(1 for year, game_type in zip(years, game_types) if year == 2010 and game_type != ""friendly"")

# Print the result
print(f""Final Answer: {serbia_games_2010}"")
# Done
```"
339,which actor/actress took the most years to complete egot ?,Helen Hayes,"```python
# Extracting the relevant data from the table
names = [""richard rodgers"", ""helen hayes"", ""rita moreno"", ""john gielgud"", ""audrey hepburn"", ""marvin hamlisch"", ""jonathan tunick"", ""mel brooks"", ""mike nichols"", ""whoopi goldberg"", ""scott rudin"", ""robert lopez""]
egot_completed = [""1962 (17 years)"", ""1977 (45 years)"", ""1977 (16 years)"", ""1991 (30 years)"", ""1994 (41 years)"", ""1995 (23 years)"", ""1997 (20 years)"", ""2001 (34 years)"", ""2001 (40 years)"", ""2002 (17 years)"", ""2012 (28 years)"", ""2014 (10 years)""]

# Extracting the completion years and converting to integers
completion_years = [int(entry.split()[0]) for entry in egot_completed]

# Finding the actor/actress who took the most years to complete EGOT
max_years_index = completion_years.index(max(completion_years))
actor_with_most_years = names[max_years_index]

# Print the result
print(f""Final Answer: {actor_with_most_years}"")
# Done
```"
340,"besides bhumibol adulyadej , which other people were born in december ?",Akihito|Francis,"```python
# Extracting the relevant data from the table
names = [""bhumibol adulyadej"", ""elizabeth ii"", ""abdul halim"", ""sikiru kayode adetona"", ""hassanal bolkiah"", ""goodwill zwelithini kabhekuzulu"", ""qaboos bin said al said"", ""margrethe ii"", ""sultan bin mohamed al-qassimi iii"", ""carl xvi gustaf"", ""ahmad shah"", ""hamad bin mohammed al sharqi"", ""juan carlos i"", ""humaid bin rashid al nuaimi"", ""azlan muhibbuddin shah"", ""mswati iii"", ""akihito"", ""hamengkubuwana x"", ""hans-adam ii"", ""letsie iii"", ""harald v"", ""muwenda mutebi ii"", ""oyo nyimba kabamba iguru rukidi iv"", ""mizan zainal abidin"", ""abdullah ii"", ""hamad bin isa al khalifa"", ""otumfuo nana osei tutu ii"", ""paku alam ix"", ""mohammed vi"", ""tuanku syed sirajuddin"", ""henri"", ""sharafuddin idris shah"", ""norodom sihamoni"", ""khalifa bin zayed al nahyan"", ""albert ii"", ""abdullah"", ""mohammed bin rashid al maktoum"", ""sabah al-ahmad al-jaber al-sabah"", ""tuheitia paki"", ""jigme khesar namgyel wangchuck"", ""kapiliele faupala"", ""tunku muhriz"", ""saud bin rashid al mu'alla"", ""charles mumbere"", ""ibrahim ismail"", ""polikalepo kolivai"", ""muhammad v"", ""saud bin saqr al qasimi"", ""tupou vi"", ""francis"", ""willem-alexander"", ""tamim bin hamad al thani"", ""philippe""]
birthdates = [""1927-12-05"", ""1926-04-21"", ""1927-11-28"", ""1934-05-10"", ""1946-07-15"", ""1948-07-14"", ""1940-11-18"", ""1940-04-16"", ""1939-07-02"", ""1946-04-30"", ""1930-10-24"", ""1948-08-25"", ""1938-01-05"", ""1931"", ""1928-04-19"", ""1968-04-19"", ""1933-12-23"", ""1946-04-02"", ""1945-02-14"", ""1963-07-17"", ""1937-02-21"", ""1955-04-13"", ""1992-04-16"", ""1962-01-22"", ""1962-01-30"", ""1950-01-28"", ""1950-05-06"", ""1938-05-07"", ""1963-08-21"", ""1943-05-16"", ""1955-04-16"", ""1945-10-24"", ""1953-05-14"", ""1945-01-25"", ""1958-03-14"", ""1924-08-01"", ""1949-07-22"", ""1929-06-16"", ""1955-04-21"", ""1980-02-21"", ""1940"", ""1948-01-14"", ""1952-10-01"", ""1953"", ""1958-11-22"", ""1939"", ""1969-10-06"", ""1956-02-10"", ""1959-07-12"", ""1936-12-17"", ""1967-04-27"", ""1980-06-03"", ""1960-04-15""]
birthmonths = [12, 4, 11, 5, 7, 7, 11, 4, 7, 4, 10, 8, 1, None, 4, 4, 12, 4, 2, 7, 2, 4, 4, 1, 1, 1, 5, 5, 8, 5, 4, 10, 5, 1, 3, 8, 7, 6, 4, 2, None, 1,"
341,aspen and lienz in 2009 are the only races where this racer got what position ?,1st,"```python
# Extracting the relevant data from the table
seasons = [2009, 2009, 2010, 2010, 2010, 2010, 2011, 2011, 2011]
locations = [[""lenzerheide"", ""switzerland""], [""maribor"", ""slovenia""], [""aspen"", ""usa""], [""lienz"", ""austria""], [""cortina d'ampezzo"", ""italy""], [""garmisch"", ""germany""], [""solden"", ""austria""], [""aspen"", ""usa""], [""semmering"", ""austria""]]
disciplines = [""giant slalom"", ""giant slalom"", ""giant slalom"", ""giant slalom"", ""giant slalom"", ""giant slalom"", ""giant slalom"", ""giant slalom"", ""giant slalom""]
positions = [2.0, 3.0, 1.0, 1.0, 3.0, 2.0, 2.0, 3.0, 3.0]

# Find the indices for the races in Aspen and Lienz in 2009
desired_indices = [i for i in range(len(seasons)) if locations[i] == [""aspen"", ""usa""] and locations[i] == [""lienz"", ""austria""] and seasons[i] == 2009]

# Get the positions for the desired races
race_positions = [positions[i] for i in desired_indices]

# Print the result
print(f""Final Answer: The racer got {race_positions} position(s) in Aspen and Lienz in 2009."")
# Done
```"
342,was no. 1 or veteran built in 1847 ?,Veteran,"```python
# Extracting the relevant data from the table
names = [""veteran"", ""fairfield"", ""waverley"", ""bee"", ""spider"", ""gillingham"", ""no.1"", ""no.2""]
dates_built = [1847, 1847, None, None, None, None, 1880, 1898]

# Finding if ""no.1"" or ""veteran"" was built in 1847
built_in_1847 = names[(dates_built.index(1847))] if 1847 in dates_built else ""No""
print(f""Final Answer: {built_in_1847} was built in 1847"")
#Done
```"
343,what is the total number of times ayrton senna has held the pole position ?,13,"```python
# Extracting the relevant data from the table
pole_positions = [""ayrton senna"", ""ayrton senna"", ""ayrton senna"", ""ayrton senna"", ""ayrton senna"", ""alain prost"", ""alain prost"", ""ayrton senna"", ""ayrton senna"", ""riccardo patrese"", ""ayrton senna"", ""ayrton senna"", ""ayrton senna"", ""ayrton senna"", ""ayrton senna"", ""ayrton senna""]
total_pole_positions = pole_positions.count(""ayrton senna"")

# Print the result
print(f""Total number of times Ayrton Senna held the pole position: {total_pole_positions}"")
# Done
```"
344,after 1983 when is the next time the % of constituency was 0.1 ?,1998,"```python
# Extracting the relevant data from the table
election_years = [1965, 1969, 1972, 1976, 1980, 1983, 1987, 1990, 1998, 2002, 2005, 2009, 2013]
constituency_percentages = [1.8, 3.6, 0.5, 0.4, None, 0.1, 0.5, 0.4, 0.1, 0.1, 1.8, 1.8, 1.5]

# Finding the next year when constituency percentage was 0.1 after 1983
start_index = election_years.index(1983)
next_zero_point_one_year = None
for i in range(start_index+1, len(election_years)):
    if constituency_percentages[i] == 0.1:
        next_zero_point_one_year = election_years[i]
        break

# Printing the result
print(f""Final Answer: {next_zero_point_one_year}"")
# Done
```"
345,what is the total number of games played in february 2000 ?,4,"```python
# Extracting the relevant data from the table
years = [1996, 1996, 1997, 1999, 1999, 1999, 2000, 2000, 2000, 2000, 2004]
months = [1, 8, 10, 10, 10, 10, 2, 2, 2, 2, 1]

# Counting the number of games played in February 2000
feb_2000_games = sum([1 for year, month in zip(years, months) if year == 2000 and month == 2])

# Print the result
print(f""Final Answer: {feb_2000_games}"")
# Done
```"
346,what year was the last license plate issued ?,2010,"```python
# Extracting the relevant data from the table
years = [1913, 1933, 1947, 1951, 1956, 1959, 1960, 1970, 1970, 1973, 1977, 1979, 1985, 1985, 1992, 1993, 1999, 2007, 2010]

# Finding the year of the last issued license plate
last_plate_year = years[-1]

# Print the result
print(f""Final Answer: {last_plate_year}"")
# Done
```"
347,what is the last date of the cartoon directed by gerry chiniquy ?,"December 20, 1967","```python
# Extracting the relevant data from the table
directors = [""gerry chiniquy"", ""robert mckimson"", ""robert mckimson"", ""gerry chiniquy"", ""gerry chiniquy"", ""gerry chiniquy"", ""george singer"", ""gerry chiniquy"", ""gerry chiniquy"", ""gerry chiniquy"", ""gerry chiniquy""]
dates_parsed = [""1967-02-01"", ""1967-05-17"", ""1967-05-22"", ""1967-05-24"", ""1967-05-30"", ""1967-06-29"", ""1967-07-03"", ""1967-08-16"", ""1967-09-20"", ""1967-10-25"", ""1967-12-20""]

# Finding the last date of the cartoon directed by Gerry Chiniquy
last_date = """"
for i in range(len(directors)):
    if directors[i] == ""gerry chiniquy"":
        last_date = dates_parsed[i]

# Print the result
print(f""Final Answer: {last_date}"")
# Done
```"
348,james stephens won in 1976-76 . who won three years before that ?,St. Rynagh's,"```python
# Extracting the relevant data from the table
years = [2013, 2012, 2011, 2010, 2009, 2008, 2007, 2006, 2005, 2004, 2003, 2002, 2001, 2000, 1999, 1998, 1997, 1996, 1995, 1994, 1993, 1992, 1991, 1990, 1989, 1988, 1987, 1986, 1985, 1984, 1983, 1982, 1981, 1980, 1979, 1978, 1977, 1976, 1975, 1974, 1973, 1972, 1971, 1970]
winner_names = [""mount leinster rangers"", ""kilcormac/killoughey"", ""coolderry"", ""o'loughlin gaels"", ""ballyhale shamrocks"", ""ballyhale shamrocks"", ""birr"", ""ballyhale shamrocks"", ""james stephens"", ""james stephens"", ""o'loughlin gaels"", ""birr"", ""birr"", ""graigue-ballycallan"", ""birr"", ""rathnure"", ""birr"", ""camross"", ""glenmore"", ""birr"", ""st. rynagh's"", ""buffer's alley"", ""birr"", ""glenmore"", ""ballyhale shamrocks"", ""buffer's alley"", ""rathnure"", ""rathnure"", ""buffer's alley"", ""st. martin's"", ""ballyhale shamrocks"", ""st. rynagh's"", ""james stephens"", ""ballyhale shamrocks"", ""crumlin"", ""ballyhale shamrocks"", ""rathnure"", ""camross"", ""james stephens"", ""the fenians"", ""rathnure"", ""st. rynagh's"", ""rathnure"", ""st. rynagh's""]
winner_names_3_years_before = []  # List to store the winner names from three years before

# Find the index of 1973 in the years list
index_1973 = years.index(1973)

# Find the winner names from three years before 1973
for i in range(index_1973 - 1, index_1973 - 6, -1):
    winner_names_3_years_before.append(winner_names[i])

# Print the result
print(f""Final Answer: {winner_names_3_years_before[-1]}"")
# Done
```"
349,did bekele have a better world ranking in 2012 or 2007 ?,2007,"```python
# Extracting the relevant data from the table
years = [2012, 2011, 2009, 2008, 2007, 2005, 2004, 2003]
world_ranks = [3.0, 1.0, 1.0, 1.0, 1.0, 1.0, 1.0, 4.0]

# Finding the world rank for Bekele in 2012 and 2007
bekele_rank_2012 = world_ranks[years.index(2012)]
bekele_rank_2007 = world_ranks[years.index(2007)]

# Comparing the world ranks
if bekele_rank_2012 < bekele_rank_2007:
    better_ranking_year = 2012
else:
    better_ranking_year = 2007

# Print the result
print(f""Final Answer: Bekele had a better world ranking in {better_ranking_year}"")
# Done
```"
350,how many games did the mercury play in june ?,11,"```python
# Extracting the relevant data from the table
dates = [""may 19"", ""may 23"", ""may 25"", ""may 29"", ""may 31"", ""june 2"", ""june 3"", ""june 5"", ""june 7"", ""june 9"", ""june 13"", ""june 15"", ""june 20"", ""june 22"", ""june 24"", ""june 30""]
opponents = [""san antonio"", ""@ seattle"", ""houston"", ""sacramento"", ""@ san antonio"", ""@ connecticut"", ""@ new york"", ""minnesota"", ""chicago"", ""@ sacramento"", ""@ washington"", ""@ indiana"", ""washington"", ""detroit"", ""houston"", ""@ houston""]
games_in_june = 0

# Counting the number of games played in June
for date in dates:
    if ""june"" in date:
        games_in_june += 1

# Print the result
print(f""Final Answer: {games_in_june} games"")
# Done
```"
351,who was the last president to serve consecutive years ?,Sonia Gandhi,"```python
# Extracting the relevant data from the table
presidents = [""womesh chunder bonnerjee"", ""dadabhai naoroji"", ""badruddin tyabji"", ""george yule"", ""william wedderburn"", ""pherozeshah mehta"", ""anandacharlu"", ""womesh chunder bonnerjee"", ""dadabhai naoroji"", ""alfred webb"", ""surendranath banerjee"", ""rahimtulla m. sayani"", ""c. sankaran nair"", ""anandamohan bose"", ""romesh chunder dutt"", ""n. g. chandavarkar"", ""dinshaw edulji wacha"", ""surendranath banerjee"", ""lalmohan ghosh"", ""henry cotton"", ""gopal krishna gokhale"", ""dadabhai naoroji"", ""rashbihari ghosh"", ""rashbihari ghosh"", ""madan mohan malaviya"", ""william wedderburn"", ""bishan narayan dar"", ""raghunath narasinha mudholkar"", ""nawab syed muhammad bahadur"", ""bhupendra nath bose"", ""lord satyendra prasanna sinha"", ""ambica charan mazumdar"", ""annie besant"", ""madan mohan malaviya"", ""syed hasan imam"", ""motilal nehru"", ""lala lajpat rai"", ""c. vijayaraghavachariar"", ""hakim ajmal khan"", ""deshbandhu chittaranjan das"", ""mohammad ali jouhar"", ""abul kalam azad"", ""mohandas gandhi"", ""sarojini naidu"", ""s. srinivasa iyengar"", ""mukhtar ahmed ansari"", ""motilal nehru"", ""jawaharlal nehru"", ""vallabhbhai patel"", ""madan mohan malaviya"", ""madan mohan malaviya"", ""nellie sengupta"", ""rajendra prasad"", ""jawaharlal nehru"", ""jawaharlal nehru"", ""subhas chandra bose"", ""subhas chandra bose"", ""abul kalam azad"", ""j. b. kripalani"", ""pattabhi sitaraimayya"", ""purushottam das tandon"", ""jawaharlal nehru"", ""jawaharlal nehru"", ""jawaharlal nehru"", ""u. n. dhebar"", ""u. n. dhebar"", ""u. n. dhebar"", ""u. n. dhebar"", ""u. n. dhebar"", ""indira gandhi"", ""neelam sanjiva reddy"", ""neelam sanjiva reddy"", ""neelam sanjiva reddy"", ""k. kamaraj"", ""k. kamaraj"", ""k. kamaraj"", ""s. nijalingappa"", ""s. nijalingappa"", ""p. mehul"", ""jagjivan ram"", ""shankar dayal sharma"", ""dev kant baruah"", ""indira gandhi"", ""indira gandhi"", ""rajiv gandhi"", ""p. v. narasimha rao"", ""sitaram kesri"", ""sonia gandhi""]
years_served = [""1885"", ""1886"", ""1887"", ""1888"", ""1889"", ""1890"", ""1891"", ""1892"", ""1893"", ""1894"", ""1895"", ""1896"", ""1897"", ""1898"", ""1899"", ""1900"", ""1901"", ""1902"", ""1903"", ""1904"", ""1905"", ""1906"", ""1907"", ""1908"", ""1909"", ""1910"", ""1911"", ""1912"", ""1913"", ""1914"", ""1915"", ""1916"", ""1917"", ""1918"", ""1918"", ""1919"", ""1920"", ""1920"", ""1921"", ""1922"", ""1923"", ""1923"", ""1924"", ""1925"", ""1926"", ""1927"", ""1928"", ""1930"", ""1931"", ""1932"", ""1933"", ""1933"", ""1935"", ""1936"", ""1937"", ""1938"", ""1939"", ""1946"", ""1947"", ""1948"", ""195"
352,how long is the longest track listed ?,4:47,"```python
# Extracting the relevant data from the table
track_lengths_sec = [123, 272, 248, 279, 220, 235, 240, 287, 219, 150, 210, 283, 195, 195, 241, 275, 242]

# Finding the longest track length
longest_track_sec = max(track_lengths_sec)

# Convert seconds to minutes and seconds
minutes = longest_track_sec // 60
seconds = longest_track_sec % 60

# Print the result
print(f""Final Answer: The longest track is {minutes} minutes {seconds} seconds."")
# Done
```"
353,"in 2008 in track and field events who broke more world records , usain bolt or haile gebrselassie ?",Usain Bolt,"```python
# Extracting the relevant data from the table
events = [""100 m"", ""100 m"", ""200 m"", ""4 x 100 m relay"", ""110 m hurdles"", ""50 km race walk"", ""marathon""]
performances = [""9.72"", ""9.69"", ""19.3"", ""37.1"", ""12.87"", ""3:34:14"", ""2:03:59""]
athletes = [""usain bolt"", ""usain bolt"", ""usain bolt"", ""nesta carter\nmichael frater\nusain bolt\nasafa powell"", ""dayron robles"", ""denis nizhegorodov"", ""haile gebrselassie""]
nations = [""jamaica"", ""jamaica"", ""jamaica"", ""jamaica"", ""cuba"", ""russia"", ""ethiopia""]
dates = [""may 31"", ""august 16"", ""august 20"", ""august 22"", ""june 12"", ""may 11"", ""september 28""]

# Find the indexes for events happening in 2008
indexes_2008 = [i for i, date in enumerate(dates) if ""2008"" in date]

# Filter the events and performers happening in 2008
events_2008 = [events[i] for i in indexes_2008]
performances_2008 = [performances[i] for i in indexes_2008]
athletes_2008 = [athlete.split(""\n"") if ""\n"" in athlete else [athlete] for athlete in [athletes[i] for i in indexes_2008]]
nations_2008 = [nations[i] for i in indexes_2008]

usain_bolt_records = 0
haile_gebrselassie_records = 0

# Count the number of records broken by each athlete in 2008
for i in range(len(events_2008)):
    if ""usain bolt"" in athletes_2008[i]:
        usain_bolt_records += 1
    if ""haile gebrselassie"" in athletes_2008[i]:
        haile_gebrselassie_records += 1

# Compare the number of records broken by each athlete
if usain_bolt_records > haile_gebrselassie_records:
    print(""Final Answer: Usain Bolt broke more world records in 2008."")
elif haile_gebrselassie_records > usain_bolt_records:
    print(""Final Answer: Haile Gebrselassie broke more world records in 2008."")
else:
    print(""Final Answer: Usain Bolt and Haile Gebrselassie broke an equal number of world records in 2008."")

# Done
```
"
354,what was the total number of matches played by the san jose earthquakes in the 1979 season ?,30,"```python
# Extracting the relevant data from the table
dates = [""march 31, 1979"", ""april 14, 1979"", ""april 21, 1979"", ""april 28, 1979"", ""may 5, 1979"", ""may 9, 1979"", ""may 12, 1979"", ""may 19, 1979"", ""may 26, 1979"", ""june 2, 1979"", ""june 6, 1979"", ""june 9, 1979"", ""june 13, 1979"", ""june 16, 1979"", ""june 20, 1979"", ""june 23, 1979"", ""june 27, 1979"", ""june 30, 1979"", ""july 4, 1979"", ""july 7, 1979"", ""july 11, 1979"", ""july 14, 1979"", ""july 18, 1979"", ""july 21, 1979"", ""july 25, 1979"", ""july 29, 1979"", ""august 1, 1979"", ""august 4, 1979"", ""august 8, 1979"", ""august 11, 1979""]
opponents = [""portland timbers"", ""edmonton drillers"", ""san diego sockers"", ""los angeles aztecs"", ""vancouver whitecaps"", ""detroit express"", ""seattle sounders"", ""seattle sounders"", ""edmonton drillers"", ""memphis rogues"", ""minnesota kicks"", ""toronto blizzard"", ""tampa bay rowdies"", ""fort lauderdale strikers"", ""portland timbers"", ""chicago sting"", ""new england tea men"", ""philadelphia fury"", ""houston hurricane"", ""fort lauderdale strikers"", ""philadelphia fury"", ""los angeles aztecs"", ""houston hurricane"", ""tulsa roughnecks"", ""chicago sting"", ""new york cosmos"", ""california surf"", ""california surf"", ""vancouver whitecaps"", ""san diego sockers""]
venues = [""h"", ""h"", ""a"", ""h"", ""h"", ""a"", ""a"", ""h"", ""a"", ""h"", ""a"", ""h"", ""a"", ""a"", ""h"", ""h"", ""a"", ""a"", ""h"", ""h"", ""a"", ""h"", ""h"", ""a"", ""a"", ""h"", ""a"", ""a"", ""h"", ""h""]
results = [""3-4"", ""0-1"", ""3-3"", ""1-2"", ""1-2"", ""0-3"", ""1-2"", ""0-1"", ""2-1"", ""2-1"", ""1-4"", ""2-3"", ""2-2"", ""1-3"", ""2-1"", ""4-2"", ""0-1"", ""1-2"", ""0-4"", ""1-2"", ""4-4"", ""0-0"", ""1-2"", ""3-2"", ""3-2"", ""0-5"", ""0-2"", ""1-4"", ""0-1"", ""0-6""]
earthquakes_matches_1979 = 0

# Calculate the total number of matches played by San Jose Earthquakes in the 1979 season
for i in range(len(dates)):
    if ""san jose earthquakes"" in opponents[i].lower() and ""1979"" in dates[i]:
        earthquakes_matches_1979 += 1

# Print the result
print(f""Total number of matches played by San Jose Earthquakes in the 1979 season: {earthquakes_matches_1979}"")
# Done
```"
355,what team did the phillies play after august 7 ?,Mets,"```python
# Extracting the relevant data from the table
dates = [""august 2"", ""august 3"", ""august 4"", ""august 5"", ""august 6"", ""august 7"", ""august 8"", ""august 9"", ""august 10"", ""august 11""]
opponents = [""pirates"", ""pirates"", ""pirates"", ""expos"", ""expos"", ""expos"", ""mets"", ""mets"", ""mets"", ""mets""]

# Finding the index of the date after August 7
date_index = dates.index(""august 8"")

# Retrieving the opponent team
opponent_after_aug7 = opponents[date_index]

# Print the result
print(f""Final Answer : {opponent_after_aug7}"")
# Done
```"
356,which movies were number 1 for at least two consecutive weeks ?,Frozen|Cásese Quien Pueda|300: Rise of an Empire,"```python
# Extracting the relevant data from the table
weeks = [""january 5, 2014"", ""january 12, 2014"", ""january 19, 2014"", ""january 26, 2014"", ""february 2, 2014"", ""february 9, 2014"", ""february 16, 2014"", ""february 23, 2014"", ""march 2, 2014"", ""march 9, 2014"", ""march 16, 2014"", ""march 23, 2014"", ""march 30, 2014""]
movies = [""frozen"", ""frozen"", ""¿que le dijiste a dios?"", ""i, frankenstein"", ""47 ronin"", ""the lego movie"", ""casese quien pueda"", ""casese quien pueda"", ""mr. peabody & sherman"", ""300: rise of an empire"", ""300: rise of an empire"", ""noah"", ""captain america: the winter soldier""]
movie_numbers = [1, 1, 1, 1, 1, 1, 1, 1, 1, 1, 1, 1, 1]

# Find movies that were number 1 for at least two consecutive weeks
consecutive_movies = []
current_movie = """"
consecutive_count = 0

for i in range(len(movies)):
    if movie_numbers[i] == 1:
        if current_movie == movies[i]:
            consecutive_count += 1
        else:
            current_movie = movies[i]
            consecutive_count = 1
        if consecutive_count >= 2 and current_movie not in consecutive_movies:
            consecutive_movies.append(current_movie)

# Print the result
print(f""Final Answer: {consecutive_movies}"")
# Done
```"
357,how many ships were launched in the year 1944 ?,9,"```python
# Extracting the relevant data from the table
launch_years = [1946, 1946, 1944, 1943, 1944, 1944, 1944, 1944, 1945, 1946, 1944, 1944, 1944, 1946, 1945, 1944, 1945, 1946, 1945, 1943]

# Count the number of ships launched in the year 1944
ships_launched_1944 = launch_years.count(1944)

# Print the result
print(f""Final Answer: {ships_launched_1944}"")
# Done
```"
358,how many different teams have there been since 1985 ?,10,"```python
# Extracting the relevant data from the table
years = [1972, 1973, 1980, 1981, 1982, 1985, 1986, 1987, 1988, 1989, 1990, 1991, 1993, 1994, 1995, 1996, 1997, 1998]
teams = [""ford motor company deutschland"", ""bmw motorsport"", ""bmw motorsport gmbh"", ""basf cassetten team gs sport"", ""basf cassetten team gs sport"", ""rothmans porsche"", ""rothmans porsche"", ""rothmans porsche ag"", ""porsche ag"", ""joest racing"", ""joest porsche racing"", ""konrad motorsport"", ""le mans porsche team"", ""le mans porsche team joest racing"", ""porsche kremer racing"", ""porsche ag"", ""porsche ag"", ""team bmw motorsport""]

# Find the index of the year 1985
start_year = 1985
start_index = years.index(start_year)

# Filter teams from the starting year
teams_since_1985 = teams[start_index:]

# Get the count of unique teams since 1985
unique_teams_count = len(set(teams_since_1985))

# Print the result
print(f""Final Answer: {unique_teams_count}"")
# Done
```"
359,in how many seasons were there at least 20 goals scored ?,4,"```python
# Extracting the relevant data from the table
seasons = [""1997/98"", ""1998/99"", ""1999/00"", ""2000/01"", ""2001/02"",
           ""2002/03"", ""2003/04"", ""2004/05"", ""2005/06"", ""2005/06"",
           ""2006/07"", ""2007/08"", ""2008/09"", ""total""]
goals = [None, 30, 31, 30, 22, 32, 33, 14, 10, 14, 33, 33, 32, 302]

# Counting the number of seasons with at least 20 goals scored
seasons_with_20_goals = sum(1 for goals_scored in goals if goals_scored is not None and goals_scored >= 20)

# Print the result
print(f""Final Answer: {seasons_with_20_goals}"")
# Done
```"
360,for how many consecutive years was challa narasimha naidu the chairperson ?,4,"```python
# Extracting the relevant data from the table
years_span = [""1905-1911"", ""1912-1915"", ""1915-1918"", ""1918-1921"", ""1921-1926"", ""1926-1929"", ""1929-1931"", ""1931-1938"", ""1938-1942"", ""1946-1949"", ""1949-1952"", ""1952-1956"", ""1956-1961"", ""1962-1963"", ""1963-1964"", ""1967-1970"", ""1970-1972"", ""1981-1992"", ""1995-2000"", ""2000-2005"", ""2005-present""]
chairpersons = [""t.v. sivaraopantulu"", ""s. adinarayanarao"", ""d. sankarasastrulu"", ""shilpa bendi"", ""chattipurnayyapantulu"", ""m.v. kamayyashetti"", ""h. suryanarayana"", ""m.v. ranganadham"", ""challanarasimhanaidu"", ""b.v. ramanayyasetty"", ""gynatevenkatarao"", ""ippililaxminarayana"", ""pasagadasuryanarayana"", ""maturiramarao"", ""l. suryalingam"", ""m.a. ravuf"", ""ippilivenkatarao"", ""a.v. narasimham (varam)"", ""dudabhavanisankar"", ""paidisettijayanthi"", ""m.v. padmavathi""]

# Find the index of the chairperson ""challanarasimhanaidu""
challa_index = chairpersons.index(""challanarasimhanaidu"")

# Find the consecutive years
consecutive_years = 0
for year_span in years_span:
    start_year = int(year_span.split(""-"")[0])
    end_year = int(year_span.split(""-"")[1] if year_span != ""2005-present"" else 2019)  # Assume present year as 2019
    if start_year <= 1972 <= end_year:  # Check if 1972 is within the span
        consecutive_years += 1

# Print the result
print(f""Final Answer: {consecutive_years}"")
# Done
```"
361,nelsano albano served in the same year as which washington twp . member ?,Paul Moriarty,"```python
# Extracting the relevant data from the table
names = [""nelson albano"", ""robert andrzejczak"", ""john f. amodeo"", ""chris a. brown"", ""john j. burzichelli"", ""celeste riley"", ""paul moriarty"", ""gabriela mosquera"", ""angel fuentes"", ""gilbert \""whip\"" wilson"", ""louis greenwald"", ""pamela rosen lampitt"", ""herb conaway"", ""troy singleton"", ""christopher j. brown"", ""scott rudder"", ""dianne gove"", ""brian e. rumpf"", ""gregory p. mcguckin"", ""david w. wolfe"", ""mary pat angelini"", ""caroline casagrande"", ""robert d. clifton"", ""ronald s. dancer"", ""amy handlin"", ""declan o'scanlon"", ""daniel r. benson"", ""wayne deangelo"", ""reed gusciora"", ""bonnie watson coleman"", ""jack ciattarelli"", ""donna simon"", ""upendra j. chivukula"", ""joseph v. egan"", ""peter j. barnes iii"", ""patrick j. diegnan"", ""craig coughlin"", ""john s. wisniewski"", ""joseph cryan"", ""annette quijano"", ""jon bramnick"", ""nancy munoz"", ""jerry green"", ""linda stender"", ""john dimaio"", ""erik peterson"", ""alison littell mchose"", ""parker space"", ""tony bucco"", ""michael patrick carroll"", ""bettylou decroce"", ""jay webber"", ""mila jasey"", ""john f. mckeon"", ""ralph r. caputo"", ""cleopatra tucker"", ""eliana pintor-marin"", ""l. grace spencer"", ""sean t. kean"", ""dave rible"", ""charles mainor"", ""jason o'donnell"", ""angelica m. jimenez"", ""vincent prieto"", ""sean connors"", ""ruben j. ramos"", ""thomas p. giblin"", ""sheila y. oliver"", ""shavonda e. sumter"", ""benjie wimberly"", ""marlene caride"", ""gary schaer"", ""valerie huttle"", ""gordon m. johnson"", ""tim eustace"", ""paul contillo"", ""holly schepisi"", ""bob schroeder"", ""scott rumana"", ""david c. russo""]
towns = [""vineland"", ""middle twp"", ""margate"", ""ventnor"", ""paulsboro"", ""bridgeton"", ""washington twp"", ""blackwood"", ""camden"", ""camden"", ""voorhees twp"", ""cherry hill"", ""delanco"", ""palmyra"", ""marlton"", ""medford"", ""long beach twp"", ""little egg harbor"", ""toms river"", ""brick"", ""ocean twp"", ""colts neck"", ""matawan"", ""plumstead twp"", ""lincroft"", ""little silver"", ""hamilton twp"", ""hamilton twp"", ""trenton"", ""ewing twp"", ""hillsborough twp"", ""whitehouse station"", ""somerset"", ""new brunswick"", ""edison"", ""south plainfield"", ""fords"", ""sayreville"", ""union twp"", ""elizabeth"", ""westfield"", ""summit"", ""plainfield"", ""scotch plains"", ""hackettstown"", ""franklin twp"", ""franklin"", ""wantage twp"", ""boonton twp"", ""morris twp"", ""morris plains"", ""morris plains"", ""south orange"", ""west orange"", ""bloomfield"", ""newark"", ""newark"", ""newark"", ""wall twp"", ""wall"", ""jersey city"", ""bayonne"", ""west new york"", ""secaucus"", ""jersey city"", ""hoboken"", ""montclair"", ""east orange"", ""paterson"", ""paterson"", ""ridgefield"", ""passaic"", ""englewood"", ""englewood"", ""maywood"", ""paramus"", ""river vale"", ""washington twp"", ""wayne"", ""ridgewood""]
years = [2006, 2013, 2008, 2012, 2002, 2009"
362,what is the difference between the year seitz died and the year aizele died ?,74 years,"```python
# Extracting the relevant data from the table
names = [""pilzbach"", ""fritsch"", ""kempf"", ""aizele"", ""bottka"", ""vendeschu"", ""einsner"", ""bartl"", ""loschardt"", ""pallanik"", ""seitz"", ""amschlinger"", ""gehl"", ""rothmayer"", ""schummer"", ""schutz"", ""eisele"", ""dietl"", ""misenko"", ""palya"", ""simonich"", ""schiller szantho"", ""elsner"", ""schrotz"", ""fiedler"", ""hager"", ""fulda"", ""blaskovics"", ""rudolf"", ""waltner"", ""rech"", ""szekely"", ""toth"", ""lischerong"", ""strubert"", ""wild"", ""lindnder"", ""eisele"", ""juhasz"", ""kauschitz"", ""benz"", ""janisch"", ""honig"", ""brosos"", ""hardt"", ""hauptamnn"", ""hampel"", ""willw"", ""schwartz"", ""gerstenengst"", ""voo"", ""lackner"", ""kokos"", ""buding"", ""katic"", ""borth"", ""demele"", ""neu"", ""babeu"", ""fritz"", ""hajdu"", ""hoher"", ""dobra"", ""henger"", ""nagy"", ""dragomir"", ""lovasz"", ""mutiu"", ""matei"", ""pal"", ""szocs"", ""medek"", ""catici"", ""balogh"", ""wonerth"", ""ebenspanger"", ""zarioiu"", ""grega"", ""groza"", ""debert"", ""palie"", ""gyorgy"", ""altman"", ""conceanga"", ""fecheta"", ""tampu"", ""jager"", ""rebegila"", ""lucacela"", ""kozovits"", ""lunic"", ""varga""]
death_years_seitz = [1894, 1892, 1899, None, 1893, 1902, 1903, 1903, 1902, 1901, 1906, 1903, 1902, 1901, 1906, 1903, 1981, 1903, 1902, 1906, 1901, 1906, 1903, 1903, 1902, 1906, 1903, 1901, 1902, 1902, 1912, 1903, 1902, 1902, 1903, 1903, 1906, 1916, 1902, 1903, 1902, 1903, 1906, 1903, 1906, 1903, 1906, 1903, 1902, None, 1906, 1903, 1901, 1901, 1903, 1902, 1903, 1906, 1901, 1902, 1912, 1902, 1906, 1903, 1903, 1926, 1950, 1901, 1912, 1901, 1912, None, 1902, 1912, 1924, 1923, 1909, 1923, 1903, 1903, 1931, 1902, None, None, 1903, None, 1902, 1906, 1903]

death_years_aizele = [1802, None, None, 1856, None, 1896, None, None, 1914, None, 1922, None, 1951, 1902, 1944, None, 1944, 1928, None, 1915, None, 1950, 1965, 1967, None, None, None, 1981, None, 1986, 1956, None, None, 1950, 1956, 1961, None, 1981, None, None, 1985, None, None, None, None, 1989, None, None, None, 1992, None, 1987, 1954, 1996, None, None, 1999, None, None, None, None, 2006, None, None, None, None, None, None, None, None, None, None, None"
363,what is the difference in years between constiuency 1 and 2 ?,4 years,"```python
# Extracting the relevant data from the table
constituencies = [1, 1, 2, 2, 3, 3, 4, 4, 5, 5, 6, 6, 7, 7, 8, 8, 9, 9, 10, 10, 11, 11, 12, 12, 13, 13, 14, 14, 15, 15, 16, 16, 17, 17, 18, 18, 19, 19]
last_elected_years = [2009, 2009, 2005, 2005, 2009, 2009, 2005, 2005, 2009, 2009, 2009, 2009, 2005, 2005, 2005, 2005, 2005, 2005, 2009, 2009, 2009, 2009, 2005, 2005, 2005, 2005, 2009, 2009, 2009, 2009, 2005, 2005, 2005, 2005, 2009, 2001, 2005, 2005]

# Finding the last elected years for constituency 1 and 2
constituency1_index = constituencies.index(1)
constituency2_index = constituencies.index(2)
year_constituency1 = last_elected_years[constituency1_index]
year_constituency2 = last_elected_years[constituency2_index]

# Calculating the difference in years between constituency 1 and 2
year_difference = abs(year_constituency1 - year_constituency2)

# Print the result
print(f""Final Answer: {year_difference}"")
# Done
```"
364,"which race was faster , 1990 or 1993 ?",1993,"```python
# Extracting the relevant data from the table
years = [1990, 1993]
events = [""pan american race walking cup"", ""central american and caribbean games""]
times = [
    [""1:48:49"", ""20 km""], [""1:29:43"", ""20 km""]
]

# Finding the time taken for each race in hours
times_in_hours = [int(time.split(':')[0]) + int(time.split(':')[1]) / 60 + int(time.split(':')[2]) / 3600 for time in times[0]]

# Finding the index of the minimum time value
min_time_index = times_in_hours.index(min(times_in_hours))

# Retrieve the corresponding event
faster_race = events[min_time_index]

# Print the result
print(f""Final Answer: {faster_race}"")
# Done
```"
365,what is the number of mayors during 2010-2013 who were part of the 1st class ?,8,"```python
# Extracting the relevant data from the table
categories = [""baao"", ""balatan"", ""bato"", ""bombon"", ""buhi"", ""bula"", ""cabusao"", ""calabanga"", ""camaligan"", ""canaman"", ""caramoan"", ""del gallego"", ""gainza"", ""garchitorena"", ""goa"", ""iriga city"", ""lagonoy"", ""libmanan"", ""lupi"", ""magarao"", ""milaor"", ""minalabac"", ""nabua"", ""naga city"", ""ocampo"", ""pamplona"", ""pasacao"", ""pili"", ""presentacion"", ""ragay"", ""sagnay"", ""san fernando"", ""san jose"", ""sipocot"", ""siruma"", ""tigaon"", ""tinambac""]
classes = [""3rd class"", ""4th class"", ""3rd class"", ""5th class"", ""1st class"", ""2nd class"", ""5th class"", ""1st class"", ""5th class"", ""4th class"", ""2nd class"", ""4th class"", ""5th class"", ""4th class"", ""2nd class"", ""4th class"", ""2nd class"", ""1st class"", ""3rd class"", ""4th class"", ""4th class"", ""3rd class"", ""1st class"", ""2nd class"", ""3rd class"", ""4th class"", ""3rd class"", ""1st class"", ""4th class"", ""1st class"", ""4th class"", ""4th class"", ""4th class"", ""1st class"", ""4th class"", ""3rd class"", ""1st class""]
mayors = [""melquiades i. gaite"", ""ernesto a. bagasbas"", ""jeanette r. bernaldez"", ""ma. luisa dc. angeles"", ""rey p. lacoste"", ""benjamin s. decena"", ""nebb p. santiago"", ""eduardo severo"", ""marilou marquez-hirose"", ""emmanuel s. requejo"", ""constantino h. cordial, jr"", ""lydia b. abarientos"", ""william angeles abilay"", ""solon o.demetriou jr"", ""antero s. lim"", ""madeleine a. gazmen"", ""delfin r. pilapil jr"", ""marilyn a. jimenez"", ""raul m. matamorosa"", ""salvador a. senar jr"", ""rogelio a. flores"", ""leovegildo d. basmayor jr"", ""delia c. simbulan"", ""john g. bongat"", ""fidel c. carido"", ""gimeno a. imperial"", ""asuncion v. arsenio"", ""tomas p. bongalonta, jr"", ""joey a. delena"", ""ricardo b. aquino"", ""evelyn b. fuentebella"", ""eugenio \""jun\"" lagasca, jr"", ""antonio b. chavez"", ""rogenor r. astor"", ""sandy s. ondis sr"", ""arnulf bryan b. fuentebella"", ""ruel t. velarde""]

# Finding the number of mayors during 2010-2013 who were part of the 1st class
mayors_1st_class = [mayor for mayor, class_ in zip(mayors, classes) if class_ == ""1st class""]
num_mayors_1st_class = len(mayors_1st_class)

# Print the result
print(f""Final Answer: {num_mayors_1st_class}"")
# Done
```"
366,who was the opponent during for first week ?,New York Titans,"```python
# Extracting the relevant data from the table
week_dates = [""september 11, 1960"", ""september 18, 1960"", ""september 23, 1960"", ""october 2, 1960"", ""october 16, 1960"", ""october 23, 1960"", ""october 30, 1960"", ""november 6, 1960"", ""november 13, 1960"", ""november 20, 1960"", ""november 27, 1960"", ""december 4, 1960"", ""december 11, 1960"", ""december 18, 1960""]
opponents = [""at new york titans"", ""denver broncos"", ""at boston patriots"", ""los angeles chargers"", ""new york titans"", ""oakland raiders"", ""houston oilers"", ""dallas texans"", ""at oakland raiders"", ""at los angeles chargers"", ""at denver broncos"", ""boston patriots"", ""at houston oilers"", ""at dallas texans""]

# Finding the opponent for the first week
first_week_index = 0
opponent_first_week = opponents[first_week_index]

# Print the result
print(f""Final Answer: {opponent_first_week}"")
# Done
```"
367,what dates did the 1984 summer olympics take place ?,20 July - 18 August,"```python
# Extracting the relevant data from the table
olympics = [""1904 summer olympics"", ""1932 winter olympics"", ""1932 summer olympics"", ""1960 winter olympics"", ""1980 winter olympics"", ""1984 summer olympics"", ""1996 summer olympics"", ""2002 winter olympics""]
dates = [""1 july - 23 november"", ""7 - 15 february"", ""30 july - 14 august"", ""2 - 20 february"", ""13 - 24 february"", ""20 july - 18 august"", ""18 july - 4 august"", ""8 - 24 february""]

# Finding the dates for the 1984 summer olympics
olympics_index = olympics.index(""1984 summer olympics"")
olympics_dates = dates[olympics_index]

# Print the result
print(f""Final Answer: {olympics_dates}"")
# Done
```"
368,what year had the least amount of teams that competed ?,2003,"```python
# Extracting the relevant data from the table
years = [2003, 2004, 2005, 2006, 2007, 2008, 2009, 2010, 2011, 2012]
teams = [1.0, 1.0, 1.0, 1.0, 1.0, 1.0, 1.0, 1.0, 1.0, 1.0]

# Finding the year with the least amount of teams
min_teams = min(teams)
min_teams_index = teams.index(min_teams)
year_least_teams = years[min_teams_index]

# Print the result
print(f""Final Answer: {year_least_teams}"")
# Done
```"
369,dong biwu served in 1975 . who was the previous president ?,Liu Shaoqi,"```python
# Extracting the relevant data from the table
names = [""jiang qing"", ""wang guangmei"", ""he lianying"", ""lin jiamei"", ""wang yeping"", ""liu yongqing"", ""peng liyuan""]
presidents = [""mao zedong"", ""liu shaoqi"", ""dong biwu"", ""li xiannian"", ""jiang zemin"", ""hu jintao"", ""xi jinping""]
tenures_start = [""27 september 1954"", ""27 april 1959"", ""31 october 1968"", ""18 june 1983"", ""27 march 1993"", ""15 march 2003"", ""14 march 2013""]
tenures_end = [""27 april 1959"", ""21 october 1968"", ""17 january 1975"", ""8 april 1988"", ""15 march 2003"", ""14 march 2013"", ""incumbent""]

# Finding the index of the president who served in 1975
index_1975 = tenures_start.index(""31 october 1968"")

# Finding the previous president
previous_president = presidents[index_1975 - 1]

# Print the result
print(f""Final Answer: {previous_president}"")
# Done
```"
370,how many times have they won an award ?,9,"```python
# Extracting the relevant data from the table
results = [""won"", ""won"", ""nominated"", ""won"", ""nominated"", ""nominated"", ""won"", ""won"", ""nominated"", ""won"", ""won"", ""won"", ""nominated"", ""won""]

# Counting the number of times they have won an award
num_wins = results.count(""won"")

# Print the result
print(f""Final Answer: {num_wins}"")
# Done
```"
371,what were the total number of circuits that took place in june ?,2,"```python
# Extracting the relevant data from the table
months = [3, 3, 4, 4, 4, 4, 5, 5, 6, 6, 6, 6, 7, 7, 8, 8, 9, 9, 10, 10, 11, 11, 11, 11, 11, 11]
circuits_in_month = [""jerez"", ""jerez"", ""donington"", ""donington"", ""hungaroring"", ""hungaroring"", ""hockenheim"", ""hockenheim"", ""mosport"", ""mosport"", ""brainerd"", ""brainerd"", ""osterreichring"", ""osterreichring"", ""sugo"", ""sugo"", ""le mans"", ""le mans"", ""monza"", ""monza"", ""shah alam"", ""shah alam"", ""phillip island"", ""phillip island"", ""manfeild""]

# Count the total number of circuits that took place in June
circuits_in_june = [circuit for circuit, month in zip(circuits_in_month, months) if month == 6]
total_circuits_in_june = len(set(circuits_in_june))

# Print the result
print(f""Final Answer: {total_circuits_in_june}"")
# Done
```"
372,"what is the total number of lesbian , gay , bisexual , or transgender related films were there in the year 2000 ?",59,"```python
# Extracting the relevant data from the table
years = [2000, 2000, 2000, 2000, 2000, 2000, 2000, 2000, 2000, 2000, 2000, 2000, 2000, 2000, 2000, 2000, 2000, 2000, 2000, 2000, 2000, 2000, 2000, 2000, 2000, 2000, 2000, 2000, 2000, 2000, 2000, 2000, 2000, 2000, 2000, 2000, 2000, 2000, 2000, 2000, 2000, 2000, 2000, 2000, 2000, 2000, 2000, 2000, 2000, 2000, 2000, 2000, 2000, 2000]
genres = [""documentary"", ""comedy"", ""drama"", ""drama"", ""documentary"", ""drama"", ""romantic drama"", ""comedy drama"", 
          ""romantic drama"", ""documentary"", ""romantic comedy drama"", ""crime thriller"", ""comedy drama"", ""drama"", 
          ""drama"", ""romantic comedy drama"", ""drama"", ""short comedy"", ""drama, romance, comedy"", ""comedy drama"",
          ""drama"", ""drama"", ""romantic drama"", ""short"", ""comedy drama"", ""romantic drama"", ""romance"", 
          ""romantic drama"", ""romance, drama"", ""comedy"", ""drama"", ""romantic comedy drama"", ""romantic drama"", 
          ""biography drama music"", ""mystery, thriller"", ""crime thriller"", ""crime, drama"", ""romantic comedy drama"", 
          ""romantic comedy drama"", ""drama, mystery"", ""music comedy drama"", ""romantic crime drama"", ""documentary"", 
          ""drama"", ""drama"", ""romantic drama"", ""romantic drama"", ""comedy, drama"", ""drama, comedy"", ""drama"", ""comedy"", 
          ""drama"", ""romantic drama"", ""comedy drama"", ""drama, thriller"", ""drama"", ""comedy drama"", ""romantic comedy"", 
          ""comedy drama""]

# Identifying films related to lesbian, gay, bisexual, and transgender
lgbt_related_films = [genre for genre in genres if ""gay"" in genre.lower() or ""lesbian"" in genre.lower() 
                      or ""bisexual"" in genre.lower() or ""transgender"" in genre.lower()]

# Counting the total number of LGBT-related films in the year 2000
total_lgbt_films_2000 = len(lgbt_related_films)

# Print the result
print(f""Final Answer: {total_lgbt_films_2000}"")
# Done
```  "
373,in what year did bend or win his first race ?,1879,"```python
# Extracting the relevant data from the table
years = [1879, 29, 1879, 1879, 1879, 26, 1880, 15, 28, 14, 27, 3, 13, 25]
winners = [""petal"", None, ""brother to ersilia"", None, None, ""robert the devil"", ""fernandez"", ""robert the devil"", ""robert the devil"", ""robert the devil"", ""foxhall"", ""robert the devil"", ""scobell"", ""foxhall""]

# Finding the index of the first win by ""bend""
first_win_index = winners.index(""bend"")

# Retrieving the year of the first win by ""bend""
first_win_year = years[first_win_index]

# Print the result
print(f""Final Answer: {first_win_year}"")
# Done
```"
374,which country laughed the first ship in 1878 ?,United States,"```python
# Extracting the relevant data from the table
years = [-1, -1, -1, -1, -1, -1, -1]
countries = [""united states"", ""germany"", ""united kingdom"", ""united kingdom"", ""norway"", ""norway"", ""germany""]

# Finding the index of the ship launched in 1878
year = 1878
ship_index = years.index(year)

# Retrieve the country of the ship launched in 1878
first_laughed_country = countries[ship_index]

# Print the result
print(f""Final Answer: {first_laughed_country}"")
# Done
```"
375,how long did it take whoopi goldberg to complete egot ?,17 years,"```python
# Extracting the relevant data from the table
names = [""richard rodgers"", ""helen hayes"", ""rita moreno"", ""john gielgud"", ""audrey hepburn"", ""marvin hamlisch"", ""jonathan tunick"", ""mel brooks"", ""mike nichols"", ""whoopi goldberg"", ""scott rudin"", ""robert lopez""]
egot_completed = [""1962 (17 years)"", ""1977 (45 years)"", ""1977 (16 years)"", ""1991 (30 years)"", ""1994 (41 years)"", ""1995 (23 years)"", ""1997 (20 years)"", ""2001 (34 years)"", ""2001 (40 years)"", ""2002 (17 years)"", ""2012 (28 years)"", ""2014 (10 years)""]

# Finding the time taken for Whoopi Goldberg to complete EGOT
index = names.index(""whoopi goldberg"")
egot_time = egot_completed[index].split(""("")[1].split()[0]

# Print the result
print(f""Final Answer: {egot_time} years"")
# Done
```"
376,who won the highest amount of rugby matches between new zealand and wales for the last 100 years ?,New Zealand,"```python
# Extracting the relevant data from the table
matches = [""2012 autumn international"", ""2010 autumn international"", ""2010 mid-year rugby test series"", ""2010 mid-year rugby test series"", ""2009 autumn international"", ""2008 autumn international"", ""2006 autumn international"", ""2005 autumn internationals"", ""2004 autumn internationals"", ""2003 rugby world cup"", None, ""2002 nz tour"", ""1997 new zealand rugby union tour of britain and ireland"", ""1995 rugby world cup"", ""1989 new zealand rugby union tour"", ""1988 wales tour"", ""1988 wales tour"", ""1987 rugby world cup"", ""1980 nz tour"", ""1978 nz tour"", ""1972/73 nz tour"", ""1969 wales tour"", ""1969 wales tour"", ""1967 new zealand rugby union tour of britain, france and canada"", ""1963/64 nz tour"", ""1953/54 nz tour"", ""1935/36 nz tour"", ""the invincibles tour"", ""the originals tour""]
victors = [""new zealand"", ""new zealand"", ""new zealand"", ""new zealand"", ""new zealand"", ""new zealand"", ""new zealand"", ""new zealand"", ""new zealand"", ""new zealand"", ""new zealand"", ""new zealand"", ""new zealand"", ""new zealand"", ""new zealand"", ""new zealand"", ""new zealand"", ""new zealand"", ""new zealand"", ""new zealand"", ""new zealand"", ""new zealand"", ""new zealand"", ""new zealand"", ""new zealand"", ""wales"", ""wales"", ""new zealand"", ""wales""]

# Counting the number of matches won by New Zealand and Wales respectively
new_zealand_wins = victors.count(""new zealand"")
wales_wins = victors.count(""wales"")

# Determining the winner who won the highest amount of rugby matches
if new_zealand_wins > wales_wins:
    winner = ""New Zealand""
    num_wins = new_zealand_wins
else:
    winner = ""Wales""
    num_wins = wales_wins

# Print the result
print(f""Final Answer: {winner} won the highest amount of rugby matches between New Zealand and Wales for the last 100 years with {num_wins} wins."")
# Done
```"
377,what were the total number of times the romanians had a population percentage above 70 % ?,9,"```python
# Extracting the relevant data from the table
years = [1850, 1880, 1890, 1900, 1910, 1920, 1930, 1941, 1956, 1966, 1977, 1992, 2002, 2011]
romanians_percentages = [69.3, 63.0, 62.7, 64.3, 64.6, 71.6, 70.5, 78.3, 74.7, 80.9, 78.1, 74.1, 74.4, 70.7]

# Finding the total number of times Romanians had a population percentage above 70%
above_70_count = sum([1 for percentage in romanians_percentages if percentage > 70])

# Print the result
print(f""Final Answer: {above_70_count}"")
# Done
```"
378,in which season was there a total of 2 assists ?,05/06,"```python
# Extracting the relevant data from the table
seasons = [""01/02"", ""02/03"", ""03/04"", ""04/05"", ""05/06"", ""06/07"", ""07/08"", ""10/11""]
assists = [None, None, None, 27, 21, 14, None, 0]

# Finding the season with a total of 2 assists
season_with_2_assists = None
for i in range(len(assists)):
    if assists[i] == 2:
        season_with_2_assists = seasons[i]
        break

# Print the result
print(f""Final Answer: {season_with_2_assists}"")
# Done
```"
379,how many people lived in predeal in 2011 ?,"4,755","```python
# Extracting the relevant data from the table
locations = [""brasov"", ""codlea"", ""sacele"", ""ghimbav"", ""predeal"", ""rasnov"", ""cristian"", ""sanpetru"", ""halchiu"", ""tarlungeni"", ""prejmer"", ""harman"", ""bod"", ""total""]
pop_2011 = [""253200"", ""21708"", ""30798"", ""4698"", ""4755"", ""15022"", ""4490"", ""4819"", ""4218"", ""8320"", ""8472"", ""5402"", ""3994"", ""369896""]

# Finding the population of Predeal in 2011
predeal_index = locations.index(""predeal"")
pop_predeal_2011 = pop_2011[predeal_index]

# Print the result
print(f""Final Answer: {pop_predeal_2011}"")
# Done
```"
380,whats after october 29 and what is the result,November 5|W 44-28,"```python
# Extracting the relevant data from the table
dates = [""september 3"", ""september 10"", ""september 17"", ""september 24"", ""october 1"", ""october 8"", ""october 22"", ""october 29"", ""november 5"", ""november 12"", ""november 19"", ""november 25"", ""january 6""]
results = [""w 51-7"", ""w 52-3"", ""w 38-28"", ""l 14-38"", ""w 42-38"", ""w 38-14"", ""w 29-24"", ""w 31-28"", ""w 44-28"", ""w 49-7"", ""w 44-17"", ""l 17-41"", ""w 29-16""]

# Find the index of October 29
oct_29_index = dates.index(""october 29"")

# Retrieve the next date and result
next_date = dates[oct_29_index + 1]
next_result = results[oct_29_index + 1]

# Print the result
print(f""Next Date after October 29: {next_date}"")
print(f""Next Result: {next_result}"")
# Done
```"
381,how many times did they rank below 8th place ?,4,"```python
# Extracting the relevant data from the table
rankings = [6.0, 9.0, 5.0, 9.0, 2.0, 27.0, 8.0, 3.0, 3.0, 11.0, 6.0, 7.0]

# Count the number of times ranked below 8th place
count_below_8th = sum(rank < 8 for rank in rankings)

# Print the result
print(f""Final Answer: {count_below_8th}"")
# Done
```"
382,what is the longest track in terms of time ?,Horsementality,"```python
# Extracting the relevant data from the table
track_titles = [""\""the c-quel\"""", ""\""2000 b.c. (before can-i-bus)\"""", ""\""life liquid\"""", ""\""shock therapy\"" (interlude)"", ""\""watch who u beef wit\"""", ""\""i'll buss 'em u punish 'em\"""", ""\""mic-nificent\"""", ""\""die slow\"""", ""\""doomsday news\"""", ""\""lost @ \""c\""\"""", ""\""phuk u\"""", ""\""horsemen\"""", ""\""horsementality\"""", ""\""100 bars\"""", ""\""chaos\""""]
track_minutes = [3, 3, 4, 1, 4, 4, 3, 4, 3, 4, 4, 1, 5, 4, 2]
track_seconds = [36, 31, 24, 10, 30, 7, 13, 0, 33, 59, 4, 22, 59, 58, 29]

# Convert track duration to seconds for comparison
track_durations = [minutes * 60 + seconds for minutes, seconds in zip(track_minutes, track_seconds)]

# Find the index of the longest track
longest_track_index = track_durations.index(max(track_durations))

# Retrieve the title of the longest track
longest_track_title = track_titles[longest_track_index]

# Print the result
print(f""Final Answer: {longest_track_title}"")
# Done
```"
383,what year was the film polio water released ?,1995,"```python
# Extracting the relevant data from the table
years = [1995, 1996, 1997, 1999, 1999, 1999, 2000, 2000, 2000, 2001, 2001, 2001, 2002, 2003, 2006, 2007, 2007, 2007, 2008, 2009, 2009, 2010, 2011, 2012, 2012, 2012, 2012, 2013, 2013, 2013, 2013]
titles = [""polio water"", ""new york crossing"", ""lawn dogs"", ""pups"", ""notting hill"", ""the sixth sense"", ""paranoid"", ""skipped parts"", ""frankie & hazel"", ""lost and delirious"", ""julie johnson"", ""tart"", ""a ring of endless light"", ""octane"", ""the oh in ohio"", ""closing the ring"", ""st trinian's"", ""virgin territory"", ""assassination of a high school president"", ""walled in"", ""homecoming"", ""don't fade away"", ""you and i"", ""into the dark"", ""ben banks"", ""apartment 1303 3d"", ""cyberstalker"", ""bhopal: a prayer for rain"", ""a resurrection"", ""l.a. slasher"", ""gutsy frog""]

# Finding the year of release for ""polio water""
index = titles.index(""polio water"")
release_year = years[index]

# Print the result
print(f""Final Answer: {release_year}"")
# Done
```"
384,what other airline commenced operations the same year as eagle air ?,Uganda Air Cargo,"```python
# Extracting the relevant data from the table
airlines = [""air uganda"", ""eagle air (uganda)"", ""fly540 uganda"", ""pearl air services"", ""royal daisy airlines"", ""skyjet airlines"", ""africa safari air"", ""uganda air cargo"", ""united airlines limited""]
commenced_years = [2007, 1994, 2008, None, 2005, 2003, 2013, 1994, None]
eagle_air_index = airlines.index(""eagle air (uganda)"")
eagle_air_year = commenced_years[eagle_air_index]

# Find other airlines that commenced operations the same year as Eagle Air
other_airlines = [airlines[i] for i in range(len(airlines)) if commenced_years[i] == eagle_air_year and i != eagle_air_index]

# Print the result
print(f""Final answer: {other_airlines}"")
# Done
```"
385,in what year was the last nomination received ?,2008,"```python
# Extracting the relevant data from the table
years = [2004, 2002, 2004, 2005, 2006, 2007, 2005, 2006, 2007, 2008]
results = [""won"", ""won"", ""nominated"", ""nominated"", ""nominated"", ""nominated"", ""nominated"", ""nominated"", ""nominated"", ""nominated""]

# Finding the index of the last nomination received
last_nomination_index = len(results) - 1 - results[::-1].index(""nominated"")
last_nomination_year = years[last_nomination_index]

# Print the final answer
print(f""Final Answer: {last_nomination_year}"")
# Done
```"
386,what were the total number of years wallace wade was a coach ?,4,"```python
# Extracting the relevant data from the table
coaches = [""shelby fletcher"", ""w. m. walker"", ""j. h. lyons"", ""j. f. jenkins"", ""eli abbott"", '""kid"" peeples', ""joseph black"", ""f. c. owen"", ""ardis smith"", ""thomas stouch"", ""schwartz"", ""j. w. h. pollard"", ""guy lowman"", ""d. v. graves"", ""b. l. noojin"", ""gordon w. lewis"", ""charles bernier"", ""wallace wade"", ""hank crisp"", ""jess neely"", ""sam hinton"", ""jennings b. whitworth"", ""paul burnham"", ""dixie howell"", ""tilden campbell"", ""joe sewell"", ""hayden riley"", ""barry shollenberger"", ""jim wells"", ""mitch gaspard"", ""30 coaches""]
years_coached = [""1"", ""1"", ""1"", ""1"", ""1"", ""1"", ""1"", ""1"", ""1"", ""5"", ""1"", ""4"", ""1"", ""4"", ""4"", ""1"", ""3"", ""4"", ""1"", ""2"", ""2"", ""2"", ""1"", ""1"", ""25"", ""6"", ""10"", ""15"", ""15"", ""4"", ""121 seasons""]

# Find the index of ""wallace wade"" in the list of coaches
coach_index = coaches.index(""wallace wade"")

# Retrieve the number of years coached by Wallace Wade
years_as_coach = years_coached[coach_index]

# Print the result
print(f""Final Answer: {years_as_coach}"")
# Done
```"
387,who was the head of the medici for the most years ?,Cosimo de' Medici,"```python
# Extracting the relevant data from the table
names = [""cosimo de' medici\n(pater patriae)"", ""piero i de' medici\n(piero the gouty)"", ""lorenzo i de' medici\n(lorenzo the magnificent)"", ""piero ii de' medici\n(piero the unfortunate)"", ""cardinal giovanni de' medici"", ""giuliano de' medici, duke of nemours"", ""lorenzo ii de' medici, duke of urbino"", ""cardinal giulio de' medici"", ""cardinal ippolito de' medici""]
from_dates = [""1434"", ""1 august 1464"", ""2 december 1469"", ""9 april 1492"", ""31 august 1512"", ""9 march 1513"", ""17 march 1516"", ""4 may 1519"", ""19 november 1523""]
until_dates = [""1 august 1464"", ""2 december 1469"", ""9 april 1492"", ""8 november 1494"", ""9 march 1513"", ""17 march 1516"", ""4 may 1519"", ""19 november 1523"", ""24 october 1529""]

# Calculating the number of years in service for each Medici head
years_in_service = [(int(until.split()[2]) - int(from_date.split()[0])) for from_date, until in zip(from_dates, until_dates)]

# Finding the head of the Medici with the most years in service
max_years_index = years_in_service.index(max(years_in_service))
head_with_most_years = names[max_years_index]

# Print the result
print(f""Final Answer: {head_with_most_years}"")
# Done
```"
388,how many times did she finish above her result from the 1995 world indoor championships ?,1,"```python
# Extracting the relevant data from the table
years = [1995, 1996, 1997, 1998, 1998, 2000]
competitions = [""world indoor championships"", ""olympic games"", ""world championships"", ""european indoor championships"", ""european championships"", ""olympic games""]
positions = [11.0, 24.0, 16.0, 7.0, 14.0, None]

# Finding the position in the world indoor championships in 1995
index_1995_world_indoor = years.index(1995)
position_1995_world_indoor = positions[index_1995_world_indoor]

# Counting the number of times she finished above the position in 1995 world indoor championships
above_result_count = sum(1 for pos in positions if pos is not None and pos < position_1995_world_indoor)

# Print the result
print(f""Final Answer: {above_result_count}"")
#Done
```  "
389,what is the number of 1500 meter runners that came from italy ?,2,"```python
# Extracting the relevant data from the table
countries = [""netherlands"", ""norway"", ""netherlands"", ""russia"", ""netherlands"", ""latvia"", ""poland"", ""belgium"", ""norway"", ""poland"", ""austria"", ""france"", ""france"", ""poland"", ""russia"", ""germany"", ""norway"", ""italy"", ""italy"", ""belgium"", ""belarus"", ""czech republic"", ""netherlands"", ""germany""]

# Count the number of 1500 meter runners from Italy
num_italian_runners = countries.count(""italy"")

# Print the result
print(f""Final Answer: {num_italian_runners}"")
# Done
```"
390,what song was a hit in 1995 after `` i live my life for you '' ?,Here For You,"```python
# Extracting the relevant data from the table
years = [1991, 1991, 1991, 1992, 1992, 1992, 1995, 1995]
songs = [""\""don't treat me bad\"""", ""\""love of a lifetime\"""", ""\""all she wrote\"""", ""\""reach for the sky\"""", ""\""when i look into your eyes\"""", ""\""sleeping with you\"""", ""\""i live my life for you\"""", ""\""here for you\""""]

# Finding the song that was a hit in 1995 after ""i live my life for you""
song_index = songs.index(""\""i live my life for you\"""")
next_hit_song = songs[years.index(1995, song_index+1)]

# Print the result
print(f""Final Answer: {next_hit_song}"")
# Done
```"
391,what is the first year ?,1998,"```python
# Extracting the relevant data from the table
years = [1998, 2003, 2004, 2004, 2005, 2006, 2006, 2007]

# Finding the first year
first_year = min(years)

# Print the result
print(f""First Year: {first_year}"")
# Done
```"
392,what is the total number of monarchs that ascended the throne in 2010 ?,4,"```python
# Extracting the relevant data from the table
years_reigned = [""1946-06-09"", ""1952-02-06"", ""1958-07-14"", ""1960-01-04"", ""1967-10-05"", ""1968-09-17"", ""1970-07-23"", ""1972-01-14"", ""1972-01-25"", ""1973-09-15"", ""1974-05-07"", ""1974-09-18"", ""1975-11-22"", ""1981-09-06"", ""1984-02-03"", ""1986-04-25"", ""1989-01-07"", ""1989-03-07"", ""1989-11-13"", ""1990-11-12"", ""1991-01-17"", ""1993-07-24"", ""1995-09-13"", ""1998-05-15"", ""1999-02-07"", ""1999-03-06"", ""1999-04-26"", ""1999-05-26"", ""1999-07-23"", ""2000-04-17"", ""2000-10-07"", ""2001-11-21"", ""2004-10-14"", ""2004-11-03"", ""2005-04-06"", ""2005-08-01"", ""2006-01-04"", ""2006-01-29"", ""2006-08-21"", ""2006-12-15"", ""2008-06-25"", ""2008-12-29"", ""2009-01-02"", ""2009-10-19"", ""2010-01-22"", ""2010-07-07"", ""2010-09-13"", ""2010-10-27"", ""2012-03-18"", ""2013-03-13"", ""2013-04-30"", ""2013-06-25"", ""2013-07-21""]
ascended_years = [year for year in years_reigned if year.startswith(""2010"")]

# Calculate the total number of monarchs who ascended the throne in 2010
total_monarchs_2010 = len(ascended_years)

# Print the result
print(f""Total number of monarchs that ascended the throne in 2010: {total_monarchs_2010}"")
# Done
```"
393,how many total wins did the team have in 1949 ?,11,"```python
# Extracting the relevant data from the table
years = [1948, 1948, 1948, 1948, 1948, 1948, 1948, 1948, 1948, 1949, 1949, 1949, 1949, 1949, 1949, 1949, 1949, 1949, 1949, 1949, 1949, 1949]
results = [""win"", ""win (ot)"", ""loss"", ""win"", ""win"", ""win"", ""win"", ""win"", ""win"", ""win"", ""win (2ot)"", ""win"", ""win"", ""win"", ""loss"", ""win"", ""win"", ""win"", ""win"", ""win"", ""win"", ""loss""]

# Counting the total wins in 1949
total_wins_1949 = results.count(""win"") + results.count(""win (ot)"") + results.count(""win (2ot)"")

# Print the result
print(f""Final Answer: {total_wins_1949}"")
# Done
``` 

The code provided will count the number of total wins that the team had in 1949 and print the result."
394,how many years did cooney checkaye coach the muncie flyers ?,6,"```python
# Extracting the relevant data from the table
years = [1910, 1911, 1912, 1913, 1914, 1915, 1916, 1917, 1918, 1919, 1920, 1921, 1922, 1923, 1924, 1925, 1926]
coaches = [""earl ball"", ""earl ball"", ""earl ball"", ""earl ball"", ""earl ball"", ""earl ball"", ""f.w. smith"", ""ky foster, ralph dawson, zach toliner"", None, ""cooney checkaye"", ""ken huffine"", ""cooney checkaye"", ""cooney checkaye"", ""cooney checkaye"", ""cooney checkaye"", ""cooney checkaye"", None]
coach_lengths = [1, 1, 1, 1, 1, 1, 1, 3, 0, 1, 1, 1, 1, 1, 1, 1, 0]

# Find the index of ""cooney checkaye"" in the coaches list
coach_index = coaches.index(""cooney checkaye"")

# Retrieve the coaching duration
coaching_duration = coach_lengths[coach_index]

# Print the result
print(f""Final Answer: {coaching_duration} years"")
# Done
```"
395,how many times does `` friendly '' appear in the competition column ?,5,"```python
# Extracting the relevant data from the table
competitions = [""algarve cup"", ""2003 fifa world cup qual"", ""friendly"", ""friendly"", ""friendly"", ""friendly"", ""algarve cup"", ""friendly"", ""2005 uefa championship"", ""2007 fifa world cup qual""]

# Count the occurrences of ""friendly"" in the competition column
friendly_count = competitions.count(""friendly"")

# Print the result
print(f""Final Answer: {friendly_count}"")
# Done
```"
396,the division 1 team -lrb- according to the 2010 northern football league season -rrb- that was founded previous to the lalor football club was which team ?,Northcote Park Football Club,"```python
# Extracting the relevant data from the table
teams = [""bundoora football club"", ""eltham football club"", ""greensborough football club"", ""heidelberg football club"", ""lalor football club"", ""macleod football club"", ""montmorency football club"", ""north heidelberg football club"", ""northcote park football club"", ""west preston lakeside football club""]
founded_years = [1974, 1909, 1905, 1876, 1955, 1946, 1924, 1958, 1952, 1998]
div1_teams = [""1981"", ""1922"", ""1922"", ""1923"", ""1968"", ""1947"", ""1924"", ""1958"", ""1982"", ""1996""]
recent_promotions = [""1982"", ""2003"", ""2007"", ""1983"", ""2011"", ""2010"", None, None, ""1995"", ""1997""]
division1_team_index = div1_teams.index(""2010"")

# Finding the division 1 team founded before Lalor Football Club
lalor_founded_year = founded_years[teams.index(""lalor football club"")]
target_team_index = [index for index, year in enumerate(founded_years) if year < lalor_founded_year and div1_teams[index] == ""2010""][0]
target_team = teams[target_team_index]

# Print the result
print(f""The team founded before Lalor Football Club and played in Division 1 during 2010 was: {target_team}"")
# Done
```"
397,how many times is the word republican on the list ?,26,"```python
# Extracting the relevant data from the table
parties = [""republican"", ""republican"", ""republican"", ""republican"", ""republican"", ""republican"", ""republican"", ""democratic"", ""democratic"", ""republican"", ""republican"", ""democratic"", ""democratic"", ""republican"", ""republican"", ""republican"", ""republican"", ""republican"", ""republican"", ""republican"", ""republican"", ""republican"", ""republican"", ""republican"", ""republican"", ""republican"", ""republican"", ""republican"", ""republican"", ""republican""]

# Counting the occurrences of the word ""republican""
republican_count = parties.count(""republican"")

# Print the result
print(f""Final Answer: {republican_count}"")
# Done
```"
398,"roy oswalt opened for the astros for eight years in a row , seven of which were in minute maid park , but in what year did he start the season opener in petco park ?",2008,"```python
# Extracting the relevant data from the table
years = [1962, 1963, 1964, 1965, 1966, 1967, 1968, 1969, 1970, 1971, 1972, 1973, 1974, 1975, 1976, 1977, 1978, 1979, 1980, 1981, 1982, 1983, 1984, 1985, 1986, 1987, 1988, 1989, 1990, 1991, 1992, 1993, 1994, 1995, 1996, 1997, 1998, 1999, 2000, 2001, 2002, 2003, 2004, 2005, 2006, 2007, 2008, 2009, 2010, 2011, 2012, 2013]
pitchers = [""bobby shantz"", ""turk farrell"", ""ken johnson"", ""bob bruce"", ""robin roberts"", ""mike cuellar"", ""larry dierker"", ""don wilson"", ""larry dierker (2)"", ""larry dierker (3)"", ""don wilson (2)"", ""dave roberts"", ""dave roberts (2)"", ""larry dierker (4)"", ""j.r. richard"", ""j.r. richard (2)"", ""j.r. richard (3)"", ""j.r. richard (4)"", ""j.r. richard (5)"", ""joe niekro"", ""nolan ryan"", ""joe niekro (2)"", ""joe niekro (3)"", ""nolan ryan (2)"", ""nolan ryan (3)"", ""mike scott"", ""mike scott (2)"", ""mike scott (3)"", ""mike scott (4)"", ""mike scott (5)"", ""pete harnisch"", ""doug drabek"", ""pete harnisch (2)"", ""doug drabek (2)"", ""shane reynolds"", ""shane reynolds (2)"", ""shane reynolds (3)"", ""shane reynolds (4)"", ""shane reynolds (5)"", ""scott elarton"", ""wade miller"", ""roy oswalt"", ""roy oswalt (2)"", ""roy oswalt (3)"", ""roy oswalt (4)"", ""roy oswalt (5)"", ""roy oswalt (6)"", ""roy oswalt (7)"", ""roy oswalt (8)"", ""brett myers"", ""wandy rodriguez"", ""bud norris""]
pitchers_start_year = [1962, 1963 # Add the rest of the years based on your table data

# Find the index of the year when Roy Oswalt started opening in Petco Park
petco_park_start_index = pitchers.index(""roy oswalt"")
petco_park_start_year = pitchers_start_year[petco_park_start_index]

# Print the result
print(f""Final Answer: {petco_park_start_year}"")
#Done
```  "
399,which country had the most people named player of the year ?,England,"```python
# Extracting the relevant data from the table
countries = [""england"", ""england"", ""england"", ""northern ireland"", ""scotland"", ""england"", ""netherlands"", ""netherlands"", ""england"", ""scotland"", ""england"", ""england"", ""england"", ""england"", ""netherlands"", ""canada"", ""scotland"", ""scotland"", ""england"", ""scotland"", ""england"", ""scotland"", ""canada"", ""england"", ""argentina"", ""ireland"", ""england"", ""england"", ""england"", ""england"", ""ireland"", ""england"", ""finland"", ""netherlands"", ""france"", ""ireland"", ""england"", ""northern ireland"", ""england"", ""england"", ""new zealand""]
positions = [""9"", ""9"", ""2"", ""53"", ""11"", ""42"", ""23"", ""14"", None, ""13"", ""35"", None, ""77"", ""77"", ""6"", ""52"", ""29"", ""29"", None, ""29"", None, ""29"", ""56"", None, None, ""49"", None, None, None, None, ""49"", None, ""60"", None, None, ""19"", ""2"", ""21"", None, None, ""22""]

# Counting the number of times each country has a player of the year
country_counts = {}
for i, country in enumerate(countries):
    if country in country_counts:
        country_counts[country] += 1
    else:
        country_counts[country] = 1

# Finding the country with the maximum count
most_people_country = max(country_counts, key=country_counts.get)

# Print the result
print(f""Final Answer: {most_people_country}"")
# Done
```"
400,how many times were the san antonio spurs at home in december of 1976 ?,6,"```python
# Extracting the relevant data from the table
teams = [""san antonio spurs"", ""san antonio spurs"", ""san antonio spurs"", ""atlanta hawks"", ""san antonio spurs"", ""new orleans jazz"", ""new york knicks"", ""san antonio spurs"", ""san antonio spurs"", ""san antonio spurs"", ""golden state warriors"", ""washington bullets"", ""san antonio spurs"", ""philadelphia 76ers""]
dates = [""1976-12-02"", ""1976-12-03"", ""1976-12-05"", ""1976-12-08"", ""1976-12-10"", ""1976-12-11"", ""1976-12-14"", ""1976-12-15"", ""1976-12-17"", ""1976-12-19"", ""1976-12-21"", ""1976-12-23"", ""1976-12-26"", ""1976-12-28""]
locations = [""san antonio spurs"", ""los angeles lakers"", ""phoenix suns"", ""san antonio spurs"", ""milwaukee bucks"", ""san antonio spurs"", ""san antonio spurs"", ""indiana pacers"", ""chicago bulls"", ""cleveland cavaliers"", ""san antonio spurs"", ""san antonio spurs"", ""kansas city kings"", ""san antonio spurs""]

# Counting the number of times san antonio spurs played at home in December 1976
num_times_at_home = sum([(team == ""san antonio spurs"") and (location == ""san antonio spurs"") for team, location in zip(teams, locations) if ""1976-12"" in dates])

# Print the result
print(f""Final Answer: {num_times_at_home}"")
# Done
```"
401,how many years did the first three presidents serve combined ?,20,"```python
# Extracting the relevant data from the table
years_served = [2, 1, 2, 2, 2, 1, 2, 1, 1, 0, 1, 1, 0, 1, 1, 2, 0, 2, 1, 1, 0, 1, 1, 1, 2, 1, 1, 2, 1, 1, 1, 4, 1, 2, 1, 1, 2, 0, 1, 2, 1, 2, 2, 2]

# Calculating the combined years served by the first three presidents
combined_years_served = sum(years_served[:3])

# Printing the result
print(f""Final Answer: {combined_years_served}"")
# Done
```"
402,how many consecutive years were there 20 or more assisted tackles ?,5,"```python
# Extracting the relevant data from the table
years = [2001, 2002, 2003, 2004, 2005, 2006, 2007, 2008, 2009, 2010, 2011, 2012, 2013, None]
assisted_tackles = [15.0, 16.0, 16.0, 16.0, 16.0, 16.0, 16.0, 16.0, 16.0, 16.0, 16.0, 14.0, 16.0, 205.0]

# Check for consecutive years with 20 or more assisted tackles
consecutive_years = 0
current_consecutive = 0
for i in range(len(years)):
    if assisted_tackles[i] >= 20:
        current_consecutive += 1
    else:
        current_consecutive = 0
    if current_consecutive >= 2:
        consecutive_years = current_consecutive

# Print the result
print(f""Final Answer: {consecutive_years}"")
# Done
```"
403,in which year was only top ten ranking in monetary earnings recorded ?,2006,"```python
# Extracting the relevant data from the table
years = [2002, 2003, 2004, 2005, 2006, 2007, 2008, 2009, 2010]
earnings_top_ten = [101122.0, 277743.0, 579375.0, 702670.0, 1276265.0, 209610.0, 600326.0, 197818.0, 52464.0]

# Find the index of the maximum earnings in the top ten
max_earnings_index = earnings_top_ten.index(max(earnings_top_ten))

# Retrieve the corresponding year
year_top_earnings = years[max_earnings_index]

# Print the result
print(f""Final Answer: {year_top_earnings}"")
# Done
```"
404,"previous to july 6 , 2004 what is the highest prize money ?","£56,760.56","```python
# Extracting the relevant data from the table
dates = [""2004-04-10"", ""2004-04-24"", ""2004-05-22"", ""2004-06-15"", ""2004-07-06"", ""2004-07-28"", ""2004-09-11"", ""2004-09-25""]
prize_money = [6600.0, 11000.0, 56760.56, 55000.0, 116000.0, 174000.0, 119014.08, 3750.0]

# Find the index of the highest prize money before July 6, 2004
indices = [i for i, date in enumerate(dates) if date < ""2004-07-06""]
max_prize_index = indices[prize_money.index(max([prize_money[i] for i in indices]))]

# Retrieve the highest prize money before July 6, 2004
highest_prize_money = prize_money[max_prize_index]

# Print the result
print(f""Final Answer: {highest_prize_money}"")
# Done
```"
405,what was the date of the game that had the least number of people in attendance ?,September 30,"```python
# Extracting the relevant data from the table
dates = [""september 2"", ""september 9"", ""september 16"", ""september 23"", ""september 30"", ""october 7"", ""october 14"", ""october 21"", ""october 28"", ""november 4"", ""november 11"", ""november 25"", ""december 30""]
attendances = [92746, 82513, 92746, 92746, 57184, 92746, 92746, 92746, 84572, 62120, 87451, 92746, 75406]

# Find the index of the minimum attendance
min_attendance_index = attendances.index(min(attendances))

# Retrieve the corresponding date
least_attendance_date = dates[min_attendance_index]

# Print the result
print(f""Final Answer: {least_attendance_date}"")
# Done
```"
406,her best time for the 1500 m was 4:04.06 in 2013 . what was her previous best time ?,4:05.57,"```python
# Extracting the relevant data from the table
years = [2003, 2004, 2004, 2007, 2007, 2008, 2008, 2009, 2009, 2009, 2010, 2011, 2011, 2012, 2013, 2013, 2013, 2013, 2013, 2014]
events = [""world youth championships"", ""world junior championships"", ""world junior championships"", ""world athletics final"", ""world championships"", ""world indoor championships"", ""olympic games"", ""mediterranean games"", ""world championships"", ""jeux de la francophonie"", ""african championships"", ""world championships"", ""pan arab games"", ""world indoor championships"", ""mediterranean games"", ""mediterranean games"", ""world championships"", ""jeux de la francophonie"", ""jeux de la francophonie"", ""world indoor championships""]
times_1500m = [""4:17.39"", ""4:16.51"", ""4:16.51"", ""4:22.12"", ""4:04.06"", ""4:15.54"", ""4:12.83"", ""4:10.57"", ""4:21.56"", ""4:20.98"", ""4:09.64"", ""4:20.83"", ""4:11.69"", ""4:04.06"", ""4:09.16"", ""4:04.06"", ""4:09.16"", ""4:18.89"", ""4:07.62"", ""4:04.06""]

# Find the index of the time in question
index_2013_time = years.index(2013)

# Get the previous best time
previous_best_time = times_1500m[index_2013_time - 1]

# Print the result
print(f""Final Answer: {previous_best_time}"")
# Done
```"
407,when was the last premier date of academy fantasia ?,"June 23, 2013","```python
# Extracting the relevant data from the table
premiere_dates = [""june 21, 2004"", ""july 18, 2005"", ""july 3, 2006"", ""june 18, 2007"", ""may 12, 2008"", ""june 28, 2009"", ""june 27, 2010"", ""june 26, 2011"", ""june 3, 2012"", ""june 23, 2013""]

# Finding the last premier date of Academy Fantasia
last_premiere_date = max(premiere_dates)

# Print the result
print(f""Final Answer: {last_premiere_date}"")
# Done
```"
408,when was the first away game ?,February 15,"```python
# Extracting the relevant data from the table
dates = [""february 8"", ""february 15"", ""february 21"", ""february 29"", ""march 7"", ""march 13"", ""march 21"", ""march 28"", ""april 4"", None, ""april 17"", ""april 24"", ""may 1"", ""may 8"", ""may 15"", ""may 22"", ""may 30""]
home_away = [""home"", ""away"", ""home"", ""away"", ""home"", ""away"", ""home"", ""away"", ""home"", ""week"", ""away"", ""home"", ""away"", ""home"", ""home"", ""away"", ""away""]

# Find the index of the first away game
first_away_index = home_away.index(""away"")

# Retrieve the date of the first away game
first_away_date = dates[first_away_index]

# Print the result
print(f""Final Answer: {first_away_date}"")
# Done
```"
409,what was the date of the last game of the 1933-1934 season ?,5 May 1934,"```python
# Extracting the relevant data from the table
dates = [""26 august 1933"", ""30 august 1933"", ""2 september 1933"", ""7 september 1933"", ""9 september 1933"", ""16 september 1933"", ""23 september 1933"", ""30 september 1933"", ""7 october 1933"", ""14 october 1933"", ""21 october 1933"", ""28 october 1933"", ""4 november 1933"", ""11 november 1933"", ""18 november 1933"", ""25 november 1933"", ""2 december 1933"", ""9 december 1933"", ""16 december 1933"", ""23 december 1933"", ""25 december 1933"", ""26 december 1933"", ""30 december 1933"", ""6 january 1934"", ""20 january 1934"", ""27 january 1934"", ""3 february 1934"", ""10 february 1934"", ""21 february 1934"", ""24 february 1934"", ""3 march 1934"", ""10 march 1934"", ""17 march 1934"", ""24 march 1934"", ""30 march 1934"", ""31 march 1934"", ""2 april 1934"", ""7 april 1934"", ""14 april 1934"", ""21 april 1934"", ""28 april 1934"", ""5 may 1934""]

# Finding the index of the last game of the 1933-1934 season
last_game_index = len(dates) - 1

# Retrieving the date of the last game
last_game_date = dates[last_game_index]

# Printing the result
print(f""Final Answer: {last_game_date}"")
# Done
```"
410,in what month was the last episode broadcast ?,July,"```python
# Extracting the relevant data from the table
months = [4, 4, 4, 4, 5, 5, 5, 5, 6, 6, 6, 6, 7, None]
broadcast_dates = [""2012-04-08"", ""2012-04-15"", ""2012-04-22"", ""2012-04-29"", ""2012-05-06"", ""2012-05-13"", ""2012-05-20"", ""2012-05-27"", ""2012-06-03"", ""2012-06-10"", ""2012-06-17"", ""2012-06-24"", ""2012-07-01"", None]

# Find the index of the last broadcast date
last_broadcast_index = broadcast_dates.index(None) - 1

# Retrieve the corresponding month of the last episode broadcast
last_broadcast_month = months[last_broadcast_index]

# Print the result
print(f""Final Answer: {last_broadcast_month}"")
# Done
```"
411,what were the number of directors that stayed in office more than three years ?,3,"```python
# Extracting the relevant data from the table
terms_of_office = [""1989 - 1991"", ""march 28, 1991 - january 20, 1993"", ""january 1993 - december 12, 1995"", ""february 29, 1996 - january 4, 2001"", ""december 7, 2001 - january 19, 2009"", ""may 7, 2009 - march 6, 2014"", ""march 6, 2014 -""]

# Calculate the number of directors who stayed in office more than three years
directors_more_than_three_years = 0
for term in terms_of_office:
    term_start = None
    term_end = None
    if ' - ' in term:
        split_term = term.split(' - ')
        term_start = split_term[0]
        term_end = split_term[1]
    else:
        # Assuming the format ""month day, year - month day, year""
        term_dates = term.split(' - ')
        start_date = term_dates[0].split(' ')
        end_date = term_dates[1].split(' ')

        start_month = start_date[0]
        start_day = start_date[1][:-1] if start_date[1][-1] == ',' else start_date[1]
        start_year = start_date[2]

        end_month = end_date[0]
        end_day = end_date[1][:-1] if end_date[1][-1] == ',' else end_date[1]
        end_year = end_date[2]

        term_start = f""{start_year}-{start_month.zfill(2)}-{start_day.zfill(2)}""
        term_end = f""{end_year}-{end_month.zfill(2)}-{end_day.zfill(2)}""

    duration_in_years = int(term_end.split('-')[0]) - int(term_start.split('-')[0])
    if duration_in_years >= 3:
        directors_more_than_three_years += 1

# Print the result
print(f""Final Answer: {directors_more_than_three_years}"")
# Done
```"
412,what was the only year she competed in kenya ?,2010,"```python
# Extracting the relevant data from the table
years = [2003, 2004, 2004, 2007, 2007, 2008, 2008, 2009, 2009, 2009, 2010, 2011, 2011, 2012, 2013, 2013, 2013, 2013, 2013, 2014]
countries = [""sherbrooke, canada"", ""grosseto, italy"", ""grosseto, italy"", ""stuttgart, germany"", ""osaka, japan"", ""valencia, spain"", ""beijing, china"", ""pescara, italy"", ""berlin, germany"", ""beirut, lebanon"", ""nairobi, kenya"", ""daegu, south korea"", ""doha, qatar"", ""istanbul, turkey"", ""mersin, turkey"", ""mersin, turkey"", ""moscow, russia"", ""nice, france"", ""nice, france"", ""sopot, poland""]

# Finding the only year she competed in Kenya
kenya_index = countries.index(""nairobi, kenya"")
kenya_year = years[kenya_index]

# Print the result
print(f""Final Answer: {kenya_year}"")
# Done
```"
413,when was the first year of rugby of the terrapins ?,1968,"```python
# Extracting the relevant data from the table
institutions = [""clemson university"", ""maryland"", ""navy"", ""north carolina"", ""north carolina state"", ""university of virginia"", ""virginia tech"", ""wake forest""]
nicknames = [""tigers"", ""terrapins"", ""midshipmen"", ""tar heels"", ""wolfpack"", ""cavaliers"", ""hokies"", ""demon deacons""]
rugby_since = [1967, 1968, 1963, 1966, 1965, 1961, 1891, 1973]
rugby_length = [1, 1, 1, 1, 1, 1, 2, 1]

# Finding the index of the terrapins
terrapins_index = nicknames.index(""terrapins"")

# Retrieving the first year of rugby for the terrapins based on rugby length
if rugby_length[terrapins_index] == 1:
    first_rugby_year = rugby_since[terrapins_index]
else:
    first_rugby_year = min(rugby_since[terrapins_index])

# Print the result
print(f""Final Answer: {first_rugby_year}"")
# Done
```"
414,which party obtained the largest percentage of votes in the 1996 forum ?,UUP,"```python
# Extracting the relevant data from the table
parties = [""uup"", ""uk unionist"", ""dup"", ""alliance"", ""sdlp"", ""pup"", ""ulster democratic"", ""ni women's coalition"", ""conservative"", ""independent chambers"", ""green (ni)"", ""sinn fein"", ""labour coalition"", ""independent dup"", ""democratic left"", ""workers' party"", ""ulster independence"", ""independent voice"", ""natural law""]
votes = [9270.0, 7579.0, 6699.0, 6186.0, 1798, 1694, 651.0, 496.0, 444.0, 334.0, 283.0, 275.0, 171.0, 97.0, 95.0, 60.0, 49.0, 49.0, 15.0]
percentages = [25.6, 20.9, 18.5, 17.1, 5.0, 4.7, 1.8, 1.4, 1.2, 0.9, 0.8, 0.8, 0.5, 0.3, 0.3, 0.2, 0.1, 0.1, 0.0]

# Finding the index of the party with the maximum percentage of votes in the 1996 forum
max_index = percentages.index(max(percentages))

# Retrieving the party with the largest percentage of votes in the 1996 forum
largest_percentage_party = parties[max_index]

# Print the result
print(f""Final Answer: {largest_percentage_party}"")
# Done
```"
415,what is the first season listed on the table ?,2010-11,"```python
# Extracting the relevant data from the table
seasons = [""2010-11"", ""2011-12"", ""2011-12"", ""2011-12"", ""2012-13"", ""2012-13"", ""2013-14""]

# Finding the first season listed on the table
first_season = seasons[0]

# Print the result
print(f""Final Answer: {first_season}"")
# Done
```"
416,which year -lrb- s -rrb- received the lowest rank in the ratings ?,2008-2010,"```python
# Extracting the relevant data from the table
years = [""1992"", ""1993"", ""1993"", ""1994"", ""1995"", ""1996"", ""1997-1998"", ""1998-1999"", ""1999-2000"", ""2000-2001"", ""2001-2002"", ""2002-2003"", ""2003-2004"", ""2004-2005"", ""2005-2006"", ""2006-2007"", ""2007-2008"", ""2008-2010""]
ranks = [None, None, None, None, None, None, ""5th"", ""6th"", ""5th"", ""6th"", ""7th"", ""8th"", ""10th"", ""10th"", ""8th"", ""11th"", ""15th""]

# Convert the ranks to a format that can be compared numerically
ranks_numeric = [int(rank[:-2]) if rank is not None else None for rank in ranks]

# Find the index of the minimum rank value
min_rank_index = ranks_numeric.index(min(filter(None, ranks_numeric)))

# Retrieve the corresponding year
lowest_rank_year = years[min_rank_index]

# Print the result
print(f""Final Answer: {lowest_rank_year}"")
# Done
```"
417,which year had the most titles released ?,2005,"```python
# Extracting the relevant data from the table
years = [2004, 2005, 2005, 2005, 2006, 2008, 2009, 2009]
titles = [""onna no ehon"", ""the selection of cornerstones 1995-2004"", ""ningen manyoka: yu aku kashishu"", ""love anthem"", ""amore (japanese edition)"", ""music tree"", ""many happy returns"", ""katsuhisa hattori""]

# Counting the number of titles released in each year
year_count = {}
for year, title in zip(years, titles):
    if year in year_count:
        year_count[year] += 1
    else:
        year_count[year] = 1

# Finding the year with the most titles released
most_titles_year = max(year_count, key=year_count.get)

# Print the result
print(f""Final Answer: {most_titles_year}"")
# Done
```  "
418,in what year was the position of 3rd first achieved ?,2001,"```python
# Extracting the relevant data from the table
years = [1996, 1996, 1999, 2001, 2002, 2002, 2003]
positions = [""15th (q)"", ""1st"", ""6th"", ""3rd"", ""3rd"", ""4th"", ""7th""]

# Finding the year when the position of 3rd was first achieved
year_index = positions.index(""3rd"")
year_of_3rd_position = years[year_index]

# Print the result
print(f""Final Answer: {year_of_3rd_position}"")
# Done
```"
419,which prime minister spent the shortest total time in office ?,Frank Forde,"```python
# Extracting the relevant data from the table
prime_ministers = [""edmund barton"", ""alfred deakin"", ""chris watson"", ""george reid"", ""andrew fisher"", ""joseph cook"", ""billy hughes"", ""stanley bruce"", ""james scullin"", ""joseph lyons"", ""earle page"", ""robert menzies"", ""arthur fadden"", ""john curtin"", ""frank forde"", ""ben chifley"", ""harold holt"", ""john mcewen"", ""john gorton"", ""william mcmahon"", ""gough whitlam"", ""malcolm fraser"", ""bob hawke"", ""paul keating"", ""john howard"", ""kevin rudd"", ""julia gillard"", ""tony abbott""]
total_time_in_office_days = [25920, 23074, 27251, 26861, 24160, 31645, 32905, 30812, 27890, 21753, 29718, 30461, 28862, 22092, 33796, 24004, 21683, 29456, 33125, 29257, 35771, 30709, 30872, 25719, 27356, 20724, 19255, 20680]

# Find the index of the prime minister with the shortest total time in office
shortest_time_index = total_time_in_office_days.index(min(total_time_in_office_days))

# Retrieve the corresponding prime minister
shortest_time_pm = prime_ministers[shortest_time_index]

# Print the result
print(f""Final Answer: {shortest_time_pm}"")
# Done
```"
420,what was the only tv show this actor was nominated for a daytime emmy award for ?,All Dogs Go to Heaven: The Series,"```python
# Extracting the relevant data from the table
year = [1955, 1955, 1955, 1955, 1955, 1962, 1979, 1999, 2007, 2009, 2009, 2011]
award = [""academy award"", ""bafta award"", ""golden globe award"", ""nbr award"", ""nyfcc award"", ""emmy award"", ""emmy award"", ""daytime emmy award"", ""golden globe award"", ""emmy award"", ""lifetime achievement award"", ""screen actors guild life achievement award""]
category = [""best actor"", ""best foreign actor"", ""best actor - motion picture drama"", ""best actor"", ""best actor"", ""outstanding continued performance by an actor in a series (lead)"", ""outstanding supporting actor in a limited series or a special"", ""outstanding performer in an animated program"", ""best performance by an actor in a mini-series or a motion picture made for television"", ""outstanding guest actor - drama"", ""from the rhode island international film festival"", ""from the screen actors guild""]
title = [""marty"", ""marty"", ""marty"", ""marty"", ""marty"", ""mchale's navy"", ""all quiet on the western front"", ""all dogs go to heaven: the series"", ""a grandpa for christmas"", ""er"", None, None]
result = [""won"", ""won"", ""won"", ""won"", ""won"", ""nominated"", ""nominated"", ""nominated"", ""nominated"", ""nominated"", ""won"", ""won""]

# Finding the TV show nominated for a daytime emmy award
index = award.index(""daytime emmy award"")
if result[index] == ""nominated"":
    tv_show = title[index]

# Print the result
print(f""Final Answer: {tv_show}"")
# Done
```"
421,what is the only year a title made the peak chart position ?,2007,"```python
# Extracting the relevant data from the table
years = [2003, 2003, 2003, 2004, 2005, 2005, 2005, 2006, 2006, 2007, 2008, 2009, 2010]
titles = [""znaj da znam"", ""naj, najbolja"", ""gorka cokolada"", ""bol do ludila"", ""ponuda"", ""agonija"", ""u nedelju"", ""bez ljubavi"", ""101"", ""molitva"", ""nisam anđeo"", ""sta da zaboravim"", ""jedan vidi sve""]
chart_positions = [None, None, None, None, None, None, None, None, None, 9, None, None, None]

# Find the index of the title that made the peak chart position
chart_position_index = chart_positions.index(min(filter(None, chart_positions)))

# Retrieve the corresponding year
year_with_peak_chart = years[chart_position_index]

# Print the result
print(f""Final Answer: {year_with_peak_chart}"")
# Done
```"
422,when was their first loss of the season ?,"October 6, 1996","```python
# Extracting the relevant data from the table
dates = [""1996-09-01"", ""1996-09-08"", ""1996-09-15"", ""1996-09-23"", None, ""1996-10-06"", ""1996-10-13"", ""1996-10-20"", ""1996-10-27"", ""1996-11-03"", ""1996-11-10"", ""1996-11-17"", ""1996-11-24"", ""1996-12-01"", ""1996-12-05"", ""1996-12-15"", ""1996-12-22""]
results = [""w"", ""w"", ""w"", ""w"", None, ""l"", ""w"", ""l"", ""l"", ""l"", ""l"", ""w"", ""l"", ""w"", ""w"", ""w"", ""l""]

# Finding the index of the first loss
loss_index = results.index(""l"")

# Retrieving the date of the first loss
first_loss_date = dates[loss_index]

# Print the result
print(f""Final Answer: First loss of the season was on {first_loss_date}"")
# Done
```"
423,what were the number of games scheduled in november ?,5,"```python
# Extracting the relevant data from the table
months = [9, 9, 9, 10, 10, 10, 10, 11, 11, 11, 11, 11, 12, 12, 12, 12]
scheduled_games = [1, 1, 1, 1, 1, 1, 1, 1, 1, 1, 1, 1, 1, 1, 1, 1]

# Creating a dictionary to store the number of games scheduled for each month
games_per_month = dict()

# Counting the number of games scheduled for each month
for month, games in zip(months, scheduled_games):
    if month in games_per_month:
        games_per_month[month] += games
    else:
        games_per_month[month] = games

# Finding the number of games scheduled in November
number_of_games_november = games_per_month[11]

# Print the result
print(f""Final Answer: {number_of_games_november}"")
# Done
```"
424,what are the total times ` won ' was listed as the outcome ?,4,"```python
# Extracting the relevant data from the table
outcomes = [""won"", ""nominated"", ""nominated"", ""won"", ""nominated"", ""nominated"", ""nominated"", ""nominated"", ""nominated"", ""nominated"", ""won"", ""won""]

# Finding the total count of 'won' as the outcome
total_won_count = outcomes.count(""won"")

# Print the result
print(f""Final Answer: {total_won_count}"")
# Done
```"
425,how many years before was the film bacchae out before the watermelon ?,6,"```python
# Extracting the relevant data from the table
years = [2002, 2004, 2004, 2007, 2008, 2008, 2008, 2011, 2012, 2012, 2013]
films = [""the bacchae"", ""shakespeare's merchant"", ""the trojan women"", ""schooled"", ""sing*ularity"", ""the watermelon"", ""the audacity of democracy"", ""customer diss-service"", ""beginning blue"", ""the donut shop"", ""i grew up in princeton""]

# Find the release years of ""the bacchae"" and ""the watermelon""
bacchae_year = years[films.index(""the bacchae"")]
watermelon_year = years[films.index(""the watermelon"")]

# Calculate the difference in years
years_difference = watermelon_year - bacchae_year

# Print the result
print(f""Final Answer: {years_difference} years"")
# Done
```"
426,count the number of times the western open has been held at the cog hill golf and country club since 2007 .,4,"```python
# Extracting the relevant data from the table
years = [2014, 2013, 2012, 2011, 2010, 2009, 2008, 2007]
locations = [
    None,
    ""cherry hills country club"",
    ""crooked stick golf club"",
    ""cog hill golf & country club"",
    ""cog hill golf & country club"",
    ""cog hill golf & country club"",
    ""bellerive country club"",
    ""cog hill golf & country club""
]

# Count the number of times the Western Open has been held at Cog Hill Golf & Country Club since 2007
western_open_count = locations.count(""cog hill golf & country club"")
print(f""Final Answer: {western_open_count}"")
# Done
```"
427,how many points did portugal score in the 1994 europeans men 's handball championship preliminary round ?,0,"```python
# Extracting the relevant data from the table
teams = [""sweden"", ""denmark"", ""spain"", ""hungary"", ""slovenia"", ""portugal""]
pts = [10.0, 7.0, 6.0, 4.0, 3.0, 0.0]

# Finding the points scored by Portugal
portugal_points = pts[teams.index(""portugal"")]

# Print the result
print(f""Final Answer: Portugal scored {portugal_points} points in the 1994 Europeans Men's Handball Championship preliminary round."")
# Done
```"
428,how many festivals were held after 2012 ?,1,"```python
# Extracting the relevant data from the table
years = [2011, 2011, 2011, 2011, 2011, 2011, 2011, 2011, 2012, 2012, 2012, 2012, 2012, 2013]
festivals = [""blue mountains film festival"", ""firstglance film festival philadelphia"", ""lucerne international film festival"", ""village roadshow queensland new filmmakers awards"", ""village roadshow queensland new filmmakers awards"", ""village roadshow queensland new filmmakers awards"", ""monaco international film festival"", ""monaco international film festival"", ""milan international film festival"", ""shorts in paradise film festival"", ""worldfest houston international film festival and video festival"", ""janison short sharp film festival"", ""create design awards"", ""st kilda film festival""]

# Finding the number of festivals held after 2012
festivals_after_2012 = [festival for festival, year in zip(festivals, years) if year > 2012]
num_festivals_after_2012 = len(festivals_after_2012)

# Print the result
print(f""Final Answer: {num_festivals_after_2012}"")
# Done
```"
429,which location has the best time other than brussels ?,Ostrava,"```python
# Extracting the relevant data from the table
locations = [""birmingham"", ""brussels"", ""berlin"", ""eugene, oregon"", ""brussels"", ""brussels"", ""ostrava"", ""paris""]
times = [""27:02.59"", ""26:43.16"", ""26:46.31"", ""26:25.97"", ""26:46.19"", ""26:17.53"", ""26:20.31"", ""26:49.57""]

# Find the index of the minimum time excluding Brussels
min_time_index = min((index for index, loc in enumerate(locations) if loc != ""brussels""), key=lambda i: times[i])

# Retrieve the location with the best time (excluding Brussels)
best_time_location = locations[min_time_index]

# Print the result
print(f""Final Answer: {best_time_location}"")
# Done
```"
430,how many games were produced in 1984 ?,4,res
431,the number of times david oliver placed 1st in 100m hurdles between the years 2006-2013 .,4,"```python
# Extracting the relevant data from the table
years = [2006, 2007, 2008, 2008, 2008, 2010, 2010, 2013, 2013]
places = [""5th"", ""4th"", ""4th"", ""3rd"", ""1st"", ""3rd"", ""1st"", ""1st"", ""1st""]
events = [""110 m hurdles"", ""110 m hurdles"", ""60 m hurdles"", ""110 m hurdles"", ""110 m hurdles"", ""60 m hurdles"", ""110 m hurdles"", ""110 m hurdles"", ""110 m hurdles""]

# Filter the data for David Oliver placing 1st in 110m hurdles between 2006-2013
first_places = [1 if places[i] == ""1st"" and events[i] == ""110 m hurdles"" and years[i] >= 2006 and years[i] <= 2013 else 0 for i in range(len(years))]
total_first_places = sum(first_places)

# Print the result
print(f""Final Answer: David Oliver placed 1st in the 110m hurdles {total_first_places} times between 2006-2013."")
# Done
```"
432,what is the number of people in opposition in may 2010 ?,23,"```python
# Extracting the relevant data from the table
dates = [""2010-03"", ""2010-05"", ""2010-06"", ""2010-07"", ""2010-08"", ""2010-08"", ""2010-08"", ""2010-09-02"", ""2010-09"", ""2010-09"", ""2010-09""]
opposition_numbers = [32.0, 36.0, 44.0, 27.0, 50.0, 45.0, 32.0, 43.0, 52.0, 41.0, 54.0]

# Finding the number of people in opposition in May 2010
may_index = dates.index(""2010-05"")
opposition_may_2010 = opposition_numbers[may_index]

# Print the result
print(f""Final Answer: {opposition_may_2010}"")
# Done
```"
433,what are the total number of singles in 1974 ?,3,"# Extracting the relevant data from the table
years = [1969, 1970, 1971, 1971, 1972, 1973, 1973, 1974, 1974, 1974, 1977, 1977, 1979]
singles = [""\""rock & roll holiday\"""", ""\""be-bop confidential\"""", ""\""roadrunner\"""", ""\""that's fine\"""", ""\""the red back spider\"""", ""\""let your yeah be yeah\"""", ""\""smokin' in the boys room\"""", ""\""i'm the leader of the gang\"""", ""\""kings of the party\"""", ""\""i got it bad for you\"""", ""\""lady (put the light on me)\"""", ""\""the martian boogie\"""", ""\""love stealer\""""]
singles_1974 = [single for single, year in zip(singles, years) if year == 1974]

# Finding the total number of singles in 1974
total_singles_1974 = len(singles_1974)

# Print the result
print(f""Total number of singles in 1974: {total_singles_1974}"")
# Done"
434,when did their world cup games take place ?,1997-03-25|1997-06-22|1997-11-01,"```python
# Extracting the relevant data from the table
dates = [""1995-08-06"", ""1995-10-24"", ""1996-12-09"", ""1997-03-25"", ""1997-06-22"", ""1997-11-01"", ""2000-10-14"", ""2000-10-24"", ""2000-10-24""]
venues = [""kyoto, japan"", ""tokyo, japan"", ""al ain, united arab emirates"", ""muscat, oman"", ""tokyo, japan"", ""seoul, korea republic"", ""sidon, lebanon"", ""beirut, lebanon"", ""beirut, lebanon""]
competitions = [""friendly"", ""friendly"", ""1996 afc asian cup group stage"", ""1998 fifa world cup qualification"", ""1998 fifa world cup qualification"", ""1998 fifa world cup qualification"", ""2000 afc asian cup group stage"", ""2000 afc asian cup quarterfinals"", ""2000 afc asian cup quarterfinals""]

# Find the index of the world cup games
world_cup_indices = [i for i, comp in enumerate(competitions) if ""world cup"" in comp.lower()]

# Retrieve the dates of world cup games
world_cup_dates = [dates[i] for i in world_cup_indices]

# Print the result
print(f""Final Answer: {world_cup_dates}"")
# Done
```"
435,what is the total number of times that the team finished in 3rd position or higher ?,6,"```python
# Extracting the relevant data from the table
positions = [""6th"", ""5th"", ""2nd"", ""10th"", ""4th"", ""4th"", ""3rd"", ""6th"", ""4th"", ""1st"", ""12th"", ""2nd"", ""3rd"", ""7th"", ""2nd"", ""4th""]

# Counting the number of times team finished in 3rd position or higher
count_high_positions = sum([1 for position in positions if int(position[0]) <= 3])

# Print the result
print(f""Final Answer: {count_high_positions}"")
# Done
```"
436,which team won the 1994 fifa world cup match with the highest attendance ?,Saudi Arabia,"```python
# Extracting the relevant data from the table
dates = [""1994-06-18"", ""1994-06-23"", ""1994-06-25"", ""1994-06-28"", ""1994-07-05"", ""1994-07-10"", ""1994-07-13""]
teams = [""italy"", ""italy"", ""saudi arabia"", ""republic of ireland"", ""mexico"", ""bulgaria"", ""bulgaria""]
attendance = [75338.0, 74624.0, 76322.0, 72404.0, 71030.0, 72000.0, 74110.0]

# Finding the index of the match with the highest attendance
max_attendance_index = attendance.index(max(attendance))

# Retrieving the team that won the match with the highest attendance
winning_team = teams[max_attendance_index]

# Print the result
print(f""Final Answer: {winning_team}"")
# Done
```"
437,"what was the first year that the romanian population was less than 51,000 ?",1971,"```python
# Extracting the relevant data from the table
years = [1910, 1921, 1931, 1948, 1953, 1961, 1971, 1981, 1991, 2002]
romanians_populations = [358067.0, 374258.0, 423837.0, 434810.0, 424765.0, 423475.0, 477890.0, None, None, None]

# Finding the first year that the Romanian population was less than 51,000
first_year_less_51000 = None
for year, population in zip(years, romanians_populations):
    if population is not None and population < 51000:
        first_year_less_51000 = year
        break

# Print the result
print(f""Final Answer : {first_year_less_51000}"")
# Done
```"
438,"in the 2002 pan pacific swimming championships women 's 100 metre backstroke , which nation placed the most swimmers in the top eight ?",United States,"```python
# Extracting the relevant data from the table
names = [""dyana calub"", ""natalie coughlin"", ""noriko inada"", ""haley cope"", ""diana macmanus"", ""courtney shealy"", ""aya terakawa"", ""giaan rooney"", ""erin gammel"", ""hannah mclean"", ""melissa morgan"", ""reiko nakamura"", ""michelle lischinsky"", ""jennifer fratesi"", ""kelly stefanyshyn"", ""clementine stoney""]
nations = [""australia"", ""united states"", ""japan"", ""united states"", ""united states"", ""united states"", ""japan"", ""australia"", ""canada"", ""new zealand"", ""australia"", ""japan"", ""canada"", ""canada"", ""canada"", ""australia""]

# Find the top 8 nations in the given event
top_nations = [nation for index, nation in enumerate(nations) if index < 8]

# Find the nation with the most swimmers in the top 8
most_common_nation = max(set(top_nations), key = top_nations.count)

# Print the result
print(f""Final Answer: {most_common_nation}"")
# Done
```"
439,how long was the relay at the 1997 world championships that ken harden ran,4x400 m relay,"```python
# Extracting the relevant data from the table
years = [1994, 1995, 1997, 1998, 1998, 1999]
competitions = [""commonwealth games"", ""world championships"", ""world championships"", ""commonwealth games"", ""african championships"", ""all-africa games""]
positions = [6.0, 6.0, 7.0, 3.0, 2.0, 2.0]

# Finding the index of the relevant competition and year
index = [i for i, (year, comp) in enumerate(zip(years, competitions)) if year == 1997 and comp == ""world championships""][0]

# Retrieving the relay distance for the specified competition and year
relay_distance = [""400 m h"", ""400 m h"", ""4x400 m relay"", ""400 m h"", ""400 m h"", ""400 m h""][index]

# Print the result
print(f""Final Answer: {relay_distance}"")
# Done
```  "
440,how many tours took place during january ?,2,"```python
# Extracting the relevant data from the table
dates_start = [""xxxx-01-08"", ""xxxx-01-15"", ""xxxx-03-05"", ""xxxx-04-23"", ""xxxx-06-11"", ""xxxx-06-18"", ""xxxx-09-10"", ""xxxx-09-17"", ""xxxx-10-15"", ""xxxx-10-22"", ""xxxx-11-12"", ""xxxx-11-19"", ""xxxx-12-11""]

# Counting the number of tours that took place in January
january_tours = sum([1 for date in dates_start if date.split(""-"")[1] == '01'])

# Print the result
print(f""Final Answer: {january_tours}"")
# Done
```"
441,how many australian prime ministers were older than 50 at the time they began their first term ?,19,"```python
# Extracting the relevant data from the table
ages_at_beginning = [39, 42, 21, 38, 42, 48, 51, 37, 46, 49, 40, 50, 43, 46, 65, 59, 17, 56, 41, 54, 59, 50, 23, 59, 45, 57, 68, 51]
names = [""edmund barton"", ""alfred deakin"", ""chris watson"", ""george reid"", ""andrew fisher"", ""joseph cook"", ""billy hughes"", ""stanley bruce"", ""james scullin"", ""joseph lyons"", ""earle page"", ""robert menzies"", ""arthur fadden"", ""john curtin"", ""frank forde"", ""ben chifley"", ""harold holt"", ""john mcewen"", ""john gorton"", ""william mcmahon"", ""gough whitlam"", ""malcolm fraser"", ""bob hawke"", ""paul keating"", ""john howard"", ""kevin rudd"", ""julia gillard"", ""tony abbott""]

# Count the number of Australian prime ministers older than 50 at the beginning of their first term
older_than_50 = sum(age > 50 for age in ages_at_beginning)

# Print the result
print(f""The number of Australian Prime Ministers who were older than 50 at the time they began their first term is: {older_than_50}"")
# Done
```"
442,what is the first date listed for the opponent `` reds '' ?,July 3,"```python
# Extracting the relevant data from the table
opponents = [""@ marlins"", ""@ marlins"", ""@ reds"", ""@ reds"", ""@ reds"", ""@ reds"", ""d-backs"", ""d-backs"", ""d-backs"", ""astros"", ""astros"", ""astros"", ""@ braves"", ""@ braves"", ""@ braves"", ""@ giants"", ""@ giants"", ""@ giants"", ""@ dodgers"", ""@ dodgers"", ""@ dodgers"", ""phillies"", ""phillies"", ""phillies""]
dates = [""xxxx-07-01"", ""xxxx-07-02"", ""xxxx-07-03"", ""xxxx-07-04"", ""xxxx-07-05"", ""xxxx-07-06"", ""xxxx-07-08"", ""xxxx-07-09"", ""xxxx-07-10"", ""xxxx-07-11"", ""xxxx-07-12"", ""xxxx-07-13"", ""xxxx-07-18"", ""xxxx-07-19"", ""xxxx-07-20"", ""xxxx-07-22"", ""xxxx-07-23"", ""xxxx-07-24"", ""xxxx-07-25"", ""xxxx-07-26"", ""xxxx-07-27"", ""xxxx-07-29"", ""xxxx-07-30"", ""xxxx-07-31""]
opponent = ""reds""

# Finding the first date listed for the opponent ""reds""
for i in range(len(opponents)):
    if opponents[i] == f""@ {opponent}"":
        first_date = dates[i]
        break

# Print the result
print(f""Final Answer: {first_date}"")
# Done
```  "
443,gresik hosted in 2010 . who hosted the previous year ?,Nakhon Pathom,"```python
# Extracting the relevant data from the table
years = [2005, 2006, 2008, 2009, 2010, 2011, 2012]
hosts = [""ninh binh"", ""manila"", ""vinh phuc"", ""nakhon pathom"", ""gresik"", ""vinh phuc"", ""nakhon ratchasima""]

# Finding the host for the previous year
host_index = years.index(2010) - 1
previous_year_host = hosts[host_index]

# Print the result
print(f""Final Answer: {previous_year_host}"")
# Done
```"
444,what is the name of the last album released by natalia lesz ?,That Girl,"```python
# Extracting the relevant data from the table
years = [2008, 2008, 2008, 2009, 2010, 2010, 2010, 2012]
albums = [""\""fall\"""", ""\""power of attraction\"""", ""\""miss you\"""", ""\""cos za cos\"""", ""\""arabesque\"""", ""\""radioactive\"""", ""\""that girl\"""", ""\""beat of my heart\""""]
artists = [""natalia lesz"", ""natalia lesz"", ""natalia lesz"", ""that girl"", ""natalia lesz"", None, ""that girl"", ""that girl""]

# Finding the name of the last album released by Natalia Lesz
last_album = None
for i in range(len(albums)):
    if artists[i] == ""natalia lesz"":
        last_album = albums[i]

# Print the result
print(f""Final Answer: {last_album}"")
# Done
```"
445,"which of these yachts did not launch in 2007 : chutzpah , impeccable , or bear necessity ?",Impeccable,"```python
# Extracting the relevant data from the table
yachts = [""afr midnight rambler"", ""alacrity"", ""another challenge"", ""another fiasco"", ""aurora"", ""balance"", ""bear necessity"", ""berrimilla"", ""capriccio of rhu"", ""challenge"", ""chutzpah"", ""city index leopard"", ""cougar ii"", ""decosolmarine sailplane"", ""dehler magic"", ""dhl - the daily telegraph"", ""eleni"", ""endorfin"", ""first light"", ""flying fish - arctos"", ""george gregan foundation"", ""georgia"", ""getaway sailing 2"", ""global yacht racing - kioni"", ""goldfinger"", ""helsal iv"", ""huckleberry"", ""hugo boss ii"", ""iataia"", ""ichi ban"", ""imarex"", ""impeccable"", ""inner circle"", ""jazz"", ""knee deep"", ""krakatoa ii"", ""limit"", ""living doll"", ""matangi"", ""morna"", ""mr beaks ribs"", ""mr kite"", ""namadgi"", ""noonmark vi"", ""palandri wines minds eye"", ""papillon"", ""patrice six"", ""phillip's foote witchdoctor"", ""pirelli"", ""pisces"", ""pretty fly ii"", ""pretty woman"", ""quantum racing"", ""quetzalcoatl"", ""ragamuffin"", ""rosebud"", ""rush"", ""sailors with disabilities"", ""salona"", ""scarlet runner"", ""secret men's business #1"", ""sextant"", ""she"", ""sheridan road rail (tartan)"", ""shogun"", ""skandia"", ""spirit of koomooloo"", ""splash gordon"", ""stormy petrel"", ""swan song"", ""swish"", ""the bigger picture"", ""the goat"", ""toyota aurion"", ""True north"", ""wedgetail"", ""wild oats xi"", ""wot yot"", ""wot's next"", ""yendys"", ""zen"", ""zephyr""]
launch_years = [2002, 2004, 2000, 1994, 1983, 2006, 2007, 1977, 1987, 2004, 2007, 2007, 2005, 1999, 2000, 1997, 2003, 2006, 1981, 2001, 2001, 2000, 2000, 2001, 2002, 1986, 1982, 2001, 2004, 2005, 2000, 1980, 1987, 2003, 1999, 2006, 2002, 2005, 1989, 1995, 2004, 2005, 2003, 1998, 2006, 2005, None, 1979, 1989, 1998, 2003, 1996, 2007, 2001, 2004, 2007, 1997, 2000, 2006, 2001, 1996, 1999, 1981, 1984, 2007, 2003, 1968, 1998, 1970, 2000, 2001, 2002, 2003, 1993, 2000, 2005, 2005, 2000, 2005, 2006, 2004, 1984]

# Find the indices of yachts that did not launch in 2007
indices_not_2007 = [i for i, year in enumerate(launch_years) if year != 2007]

# Find the yachts based on the indices
yachts_not_2007 = [yachts[i] for i in indices_not_2007]

# Check for the required yachts
required_yachts = [""chutzpah"", ""impeccable"", ""bear necessity""]
for yacht in required_yachts:
    if yacht not in yachts_not_2007:
        print(f""{yacht} did not launch in 2007."")

# Done
```"
446,she played veronica iturbe montalban in 1995 . what was her previous character ?,Victoria,"```python
# Extracting the relevant data from the table
years = [1994, 1995, 1996, 1997, 1998, 2002, 2004, 2005, 2006, 2007, 2008, 2008, 2010, 2011, 2012, 2013]
characters = [
    ""victoria"", ""veronica iturbe montalban"", ""lucia peralta"", ""valeria garcia mendez de salerno"",
    ""milagros 'mili' esposito-di carlo de miranda (cholito/carlitos)"", ""antonia guerrero (kachorra), alias rosario achaval"",
    ""carmen"", ""renee"", ""esperanza \""la monita\"" munoz"", ""patricia gonzalez"", ""amanda o"", None, None,
    ""leonora bellami"", ""isabel reyes alias mariana"", ""aurora andres""
]

# Find the index of the given character
character_index = characters.index(""veronica iturbe montalban"")
# Get the previous character
previous_character = characters[character_index - 1]

# Print the result
print(f""Final Answer: {previous_character}"")
# Done
```"
447,what is the average number of points scored by opponents in the five games lost this season ?,29.2,"```python
# Extracting the relevant data from the table
results = [""win"", ""win"", ""loss"", ""win"", ""win"", ""win"", ""win"", ""win"", ""loss"", ""loss"", ""win"", ""win"", ""win"", ""win"", ""loss"", ""loss""]
opponent_scores = [21, 0, 25, 26, 16, 4, 20, 35, 11, 28, 16, 19, 35, 16, 17, 21]

# Finding the opponent scores for the games lost
lost_opponent_scores = [score for i, score in enumerate(opponent_scores) if results[i] == ""loss""]

# Calculating the average number of points scored by opponents in the games lost
average_lost_opponent_points = sum(lost_opponent_scores) / len(lost_opponent_scores)

# Print the result
print(f""Final Answer: {average_lost_opponent_points}"")
# Done
```"
448,what is the number of times that they placed 1st ?,2,"```python
# Extracting the relevant data from the table
places = [None, ""2nd"", ""15th"", ""15th"", ""17th"", ""12th"", ""18th"", ""1st"", ""14th"", ""16th"", ""19th"", ""1st"", ""7th"", ""18th""]

# Count the number of times they placed 1st
num_first_places = places.count(""1st"")

# Print the result
print(f""Final Answer: {num_first_places}"")
# Done
```"
449,"which date and opponent is next after june 12,1989","February 22, 1989|Portugal","```python
# Extracting the relevant data from the table
dates = [""1988"", ""1988"", ""1988"", ""1988"", ""1988"", ""1988"", ""1988"", ""1988"", ""june 12, 1989"", ""june 12, 1989"", ""june 12, 1989"", ""february 22, 1989"", ""1989"", ""1989""]
opponents = [""indonesia"", ""south korea"", ""south korea"", ""south korea"", ""south korea"", ""iraq"", ""bahrain"", ""bahrain"", ""guinea"", ""colombia"", ""bahrain"", ""portugal"", ""kuwait"", ""bahrain""]

# Finding the index of the date after June 12, 1989
index_june_12 = dates.index(""june 12, 1989"")
next_date = dates[index_june_12 + 1]
next_opponent = opponents[index_june_12 + 1]

# Print the result
print(f""Final Answer: Date - {next_date}, Opponent - {next_opponent}"")
# Done
```"
450,how many total times has liverpool won ?,8,"```python
# Extracting the relevant data from the table
teams = [""liverpool"", ""aston villa"", ""manchester united"", ""tottenham hotspur"", ""chelsea"", ""nottingham forest"", ""leicester city"", ""manchester city"", ""arsenal"", ""norwich city"", ""birmingham city"", ""wolverhampton wanderers"", ""west bromwich albion"", ""middlesbrough"", ""queens park rangers"", ""leeds united"", ""stoke city"", ""luton town"", ""sheffield wednesday"", ""swindon town"", ""oxford united"", ""blackburn rovers"", ""swansea city"", ""west ham united"", ""everton"", ""bolton wanderers"", ""sunderland"", ""rotherham united"", ""rochdale"", ""newcastle united"", ""southampton"", ""oldham athletic"", ""tranmere rovers"", ""wigan athletic"", ""cardiff city"", ""bradford city""]
years_won = [""1981, 1982, 1983, 1984, 1995, 2001, 2003, 2012"", ""1961, 1975, 1977, 1994, 1996"", ""1992, 2006, 2009, 2010"", ""1971, 1973, 1999, 2008"", ""1965, 1998, 2005, 2007"", ""1978, 1979, 1989, 1990"", ""1964, 1997, 2000"", ""1970, 1976, 2014"", ""1987, 1993"", ""1962, 1985"", ""1963, 2011"", ""1974, 1980"", ""1966"", ""2004"", ""1967"", ""1968"", ""1972"", ""1988"", ""1991"", ""1969"", ""1986"", ""2002"", ""2013"", None, None, None, None, None, None, None, None, None, None, None, None, None]

# Find the index of liverpool in the teams list
liverpool_index = teams.index(""liverpool"")

# Extract the years liverpool has won
liverpool_wins = years_won[liverpool_index]

# If there are multiple years, split them and count total wins
total_wins = 0
if liverpool_wins is not None:
    liverpool_wins_list = liverpool_wins.split("", "")
    total_wins = len(liverpool_wins_list)

# Print the total times liverpool has won
print(f""Total times Liverpool has won: {total_wins}"")
#Done
```"
451,how long did ian armstrong serve ?,26 years,"```python
# Extracting the relevant data from the table
members = [""john ryan"", ""james martin"", ""james watson"", ""james carroll"", ""james carroll"", ""james carroll"", ""andrew kelly"", ""thomas brown"", ""ernest buttenshaw"", ""ernest buttenshaw"", ""griffith evans"", ""john chanter"", ""robert medcalf"", ""ian armstrong""]
parties = [""none"", ""none"", ""none"", ""independent protectionist"", ""protectionist"", ""progressive"", ""labor"", ""labor"", ""nationalist"", ""country"", ""country"", ""labor"", ""country"", ""national""]
terms = [""1859-1864"", ""1864-1869"", ""1869-1880"", ""1894-1895"", ""1895-1901"", ""1901-1904"", ""1904-1913"", ""1913-1917"", ""1917-1920"", ""1927-1938"", ""1938-1943"", ""1943-1947"", ""1947-1950"", ""1981-2007""]

# Finding the term served by Ian Armstrong
ian_armstrong_index = members.index(""ian armstrong"")
ian_armstrong_service = terms[ian_armstrong_index]

# Print the result
print(f""Final Answer: {ian_armstrong_service}"")
# Done
```"
452,how many deputy judges served on the permanent court of international justice after 1930 ?,4,"```python
# Extracting the relevant data from the table
nationalities = [""norway"", ""china"", ""finland"", ""portugal"", ""romania"", ""yugoslavia"", ""austria"", ""yugoslavia""]
terms = [""30 january 1920 - 6 december 1930"", ""30 january 1920 - 6 december 1930"", ""15 january 1931 - 1 february 1936"", ""15 january 1931 - 1 february 1936"", ""30 january 1920 - 6 december 1930"", ""15 january 1931 - 1 february 1936"", ""15 january 1931 - 1 february 1936"", ""30 january 1920 - 6 december 1930""]

# Convert maximum years to integers for comparison
max_years = [1930, 1930, 1936, 1936, 1930, 1936, 1936, 1930]

# Count the number of deputy judges who served after 1930
count = 0
for year in max_years:
    if year > 1930:
        count += 1

# Print the result
print(f""Final Answer: {count}"")
# Done
```"
453,"which had more ger numbers , 1898 or 1893 ?",1898,"```python
# Extracting the relevant data from the table
years = [1893, 1893, 1894, 1894, 1896, 1897, 1897, 1898, 1898]
ger_numbers = [1, 10, 10, 10, 10, 10, 10, 10, 10]
c4_list_lengths = [1, 1, 1, 1, 1, 1, 2, 1, 1]

# Finding the index of 1893 and 1898 in the years list
index_1893 = years.index(1893)
index_1898 = years.index(1898)

# Comparing the lengths of the ger number lists for 1893 and 1898
if c4_list_lengths[index_1893] > c4_list_lengths[index_1898]:
    more_ger_numbers_year = 1893
else:
    more_ger_numbers_year = 1898

# Print the result
print(f""Final Answer: {more_ger_numbers_year}"")
# Done
```"
454,what is the total number of ships the united states launched in 1929 ?,5,"```python
# Extracting the relevant data from the table
countries = [""united states"", ""france"", ""united states"", ""japan"", ""germany"", ""united states"", ""united kingdom"", ""united states"", ""united states"", ""norway"", ""germany"", ""germany"", ""united kingdom"", ""united kingdom"", ""united kingdom"", ""sweden""]
launch_years = [-1, -1, -1, -1, -1, -1, -1, -1, -1, None, None, None, None, None, None, None]
ships = [""pensacola-class cruiser"", ""seaplane carrier and tender"", ""pensacola-class cruiser"", ""minelayer"", ""heavy lift ship"", ""northampton-class cruiser"", ""ocean liner"", ""northampton-class cruiser"", ""northampton-class cruiser"", ""passenger/cargo ship"", ""cargo ship"", ""cargo ship"", ""whaler"", ""whaler"", ""whaler"", ""schooner""]

# Finding the total number of ships launched by the United States in 1929
total_ships = sum([1 for i in range(len(countries)) if countries[i] == ""united states"" and launch_years[i] == 1929])

# Print the result
print(f""Final Answer: {total_ships}"")
# Done
```"
455,what is the next album listed after 1993 ?,Five,"```python
# Extracting the relevant data from the table
years = [1989, 1989, 1991, 1991, 1993, 1994, 1995, 1996, 2005, 2009]
albums = [""good deeds and dirty rags"", ""fish heads and tails"", ""hammer and tongs"", ""goodbye mr. mackenzie"", ""live on the day of storms"", ""five"", ""jezebel"", ""the glory hole"", ""the river sessions"", ""the rattler: live '91'""]

# Finding the next album listed after 1993
next_album_index = years.index(1993) + 1 if 1993 in years else None
next_album = albums[next_album_index] if next_album_index is not None else None

# Print the result
print(f""Final Answer: {next_album}"")
# Done
```"
456,how many reigned more than 50 years ?,4,"```python
# Extracting the relevant data from the table
years_reigned = [68, 62, 55, 54, 46, 45, 43, 42, 42, 40, 40, 39, 38, 32, 30, 28, 25, 25, 24, 23, 23, 20, 18, 16, 15, 15, 15, 15, 14, 14, 13, 12, 9, 9, 9, 8, 8, 8, 7, 7, 5, 5, 5, 4, 4, 3, 3, 3, 2, 1, 1, 0, 0]

# Counting the number of reigns that lasted for more than 50 years
count_reigned_more_than_50_years = sum(1 for year in years_reigned if year > 50)

# Print the result
print(f""Final Answer: {count_reigned_more_than_50_years}"")
# Done
```"
457,when was the last time the team went 0-6 ?,1959-06-21,"```python
# Extracting the relevant data from the table
scores = [""1-5"", ""4-0"", ""1-4"", ""2-1"", ""1-4"", ""0-4"", ""1-5"", ""1-3"", ""3-3"", ""0-2"", ""1-0"", ""3-1"", ""1-2"", ""0-2"", ""3-4"", ""2-1"", ""2-0"", ""3-5"", ""3-2"", ""1-2"", ""1-3"", ""1-3"", ""4-1"", ""4-0"", ""1-0"", ""6-1"", ""1-2 (aet)"", ""2-2"", ""1-1"", ""2-5"", ""0-1"", ""1-1"", ""0-6"", ""2-1"", ""4-0"", ""1-1"", ""1-5"", ""3-3"", ""1-5"", ""2-3"", ""2-5"", ""4-0"", ""1-2"", ""1-1"", ""2-2"", ""2-5"", ""1-4"", ""1-1"", ""0-2"", ""2-0"", ""1-2"", ""6-2"", ""2-2"", ""0-2"", ""3-0"", ""3-2"", ""3-2"", ""1-2"", ""4-1"", ""1-1"", ""1-5"", ""4-4"", ""0-6"", ""4-2"", ""2-1"", ""1-1"", ""4-2"", ""2-2"", ""4-0"", ""1-5"", ""3-1"", ""1-2""]

# Finding the index of the last instance when the team went 0-6
last_0_6_index = len(scores) - 1 - scores[::-1].index(""0-6"")

# Extracting the date for the last time the team went 0-6
dates = [""1950-05-28"", ""1950-06-22"", ""1950-06-25"", ""1950-08-27"", ""1950-09-10"", ""1950-10-15"", ""1950-11-05"", ""1951-05-12"", ""1951-06-17"", ""1951-09-16"", ""1951-09-30"", ""1951-10-21"", ""1952-05-25"", ""1952-06-11"", ""1952-06-22"", ""1952-07-15"", ""1952-07-21"", ""1952-07-25"", ""1952-09-21"", ""1952-10-05"", ""1952-10-19"", ""1953-06-21"", ""1953-06-27"", ""1953-08-09"", ""1953-09-13"", ""1953-10-04"", ""1954-06-04"", ""1954-06-13"", ""1954-09-19"", ""1954-10-10"", ""1954-10-31"", ""1955-03-13"", ""1955-05-15"", ""1955-06-19"", ""1955-06-03"", ""1955-09-11"", ""1955-10-02"", ""1955-10-16"", ""1956-05-23"", ""1956-06-24"", ""1956-07-01"", ""1956-09-16"", ""1956-10-03"", ""1956-10-21"", ""1956-11-04"", ""1956-12-05"", ""1957-05-15"", ""1957-05-26"", ""1957-06-18"", ""1957-06-19"", ""1957-06-30"", ""1957-07-10"", ""1957-09-22"", ""1957-10-02"", ""1957-10-13"", ""1958-05-15"", ""1958-05-25"", ""1958-06-29"", ""1958-09-14"", ""1958-09-24"", ""1958-10-15"", ""1958-10-26"", ""1959-06-21"", ""1959-06-26"", ""1959-07-02"", ""1959-08-18"", ""1959-09-13"", ""1959-09-23"", ""1959-10-04"", ""1959-10-18"", ""195"
458,"who was arrested on jan 7,1956 ?",Melvin Dir,"```python
# Extracting the relevant data from the table
defendants = [""john calvin bartlett"", ""charles brokaw"", ""vernon cassel"", ""ralph cooper"", ""melvin dir"", ""charles herbert gordon"", ""gordon larsen"", ""paris martin"", ""joe moore"", ""charles pruett"", ""reginald shaffer"", ""willard wilson""]
arrest_dates = [""1955-12-11"", ""1955-10-31"", ""1955-10-31"", ""1955-10-31"", ""1956-01-07"", ""1955-12-11"", ""1955-12-11"", ""1955-12-11"", ""1955-11-14"", ""1955-12-11"", ""1955-12-11"", ""1955-12-11""]

# Finding the defendant arrested on January 7, 1956
arrest_index = arrest_dates.index(""1956-01-07"")
arrested_defendant = defendants[arrest_index]

# Print the result
print(f""Final Answer: {arrested_defendant}"")
# Done
```"
459,what are the number of times national progressive democrats lost ?,2,"```python
# Extracting the relevant data from the table
parties_gain = [""fine gael"", ""labour party"", ""labour party"", ""labour party"", ""fianna fail"", ""fianna fail"", ""fine gael"", ""fine gael"", ""labour party""]
parties_loss = [""fine gael"", ""national progressive democrats"", ""national progressive democrats"", ""independent"", ""fianna fail"", ""labour party"", ""fine gael"", ""clann na talmhan"", ""labour party""]

# Count the number of times national progressive democrats lost
n_pd_lost_count = parties_loss.count(""national progressive democrats"")

# Print the result
print(f""Final Answer: {n_pd_lost_count}"")
# Done
```"
460,when did pier ruggero piccio 's term start ?,1 January 1926,"```python
# Extracting the relevant data from the table
names = [""pier ruggero piccio"", ""armando armani"", ""giuseppe valle"", ""antonio bosio"", ""giuseppe valle"", ""francesco pricolo"", ""rino corso fougier"", ""renato sandalli"", ""pietro piacentini"", ""mario ajmone cat"", ""aldo urbani"", ""ferdinando raffaelli"", ""silvio napoli"", ""aldo remondino"", ""duilio s. fanali"", ""vincenzo lucertini"", ""dino ciarlo"", ""alessandro mettimano"", ""lamberto bartolucci"", ""basilio cottone"", ""franco pisano"", ""stelio nardini"", ""adelchi pillinini"", ""mario arpino"", ""andrea fornasiero"", ""sandro ferracuti"", ""leonardo tricarico"", ""vincenzo camporini"", ""daniele tei"", ""giuseppe bernardis"", ""pasquale preziosa""]
start_dates = [""1 january 1926"", ""10 february 1927"", ""22 february 1930"", ""23 november 1933"", ""22 march 1934"", ""10 november 1939"", ""15 november 1941"", ""27 july 1943"", ""19 june 1944"", ""13 december 1944"", ""5 february 1951"", ""10 november 1955"", ""1 february 1958"", ""1 september 1961"", ""28 february 1968"", ""1 november 1971"", ""27 february 1974"", ""20 june 1977"", ""2 april 1980"", ""19 october 1983"", ""18 september 1986"", ""16 april 1990"", ""25 march 1993"", ""4 june 1995"", ""5 february 1999"", ""5 august 2001"", ""5 august 2004"", ""19 september 2006"", ""30 january 2008"", ""25 february 2010"", ""25 february 2013""]

# Finding the start date of the term for Pier Ruggero Piccio
start_date = start_dates[names.index(""pier ruggero piccio"")]

# Print the result
print(f""Final Answer: {start_date}"")
# Done
```"
461,which team did this person play against after portugal in 1989 ?,Kuwait,"```python
# Extracting the relevant data from the table
dates = [""1988"", ""1988"", ""1988"", ""1988"", ""1988"", ""1988"", ""1988"", ""1988"", ""1989-06-12"", ""1989-06-12"", ""1989-06-12"", ""1989-02-22"", ""1989"", ""1989""]
opponents = [""indonesia"", ""south korea"", ""south korea"", ""south korea"", ""south korea"", ""iraq"", ""bahrain"", ""bahrain"", ""guinea"", ""colombia"", ""bahrain"", ""portugal"", ""kuwait"", ""bahrain""]

# Finding the index of the game after playing against Portugal in 1989
index = dates.index(""1989"", dates.index(""portugal"") + 1)
next_opponent = opponents[index]

# Print the result
print(f""Final Answer: {next_opponent}"")
# Done
```"
462,who has the least number of years until their mandatory retirement ?,Federico Hernández Denton,"```python
# Extracting the relevant data from the table
names = [""anabelle rodriguez"", ""edgardo rivera garcia"", ""erick kolthoff caraballo"", ""federico hernandez denton"", ""liana fiol matta"", ""luis estrella martinez"", ""mildred pabon charneco"", ""rafael martinez torres"", ""roberto feliberti cintron""]
years_until_retirement = [6, 11, 17, 0, 2, 27, 13, 15, 19]

# Find the index of the minimum number of years until mandatory retirement
min_years_index = years_until_retirement.index(min(years_until_retirement))

# Retrieve the name of the person with the least years until mandatory retirement
person_least_years = names[min_years_index]

# Print the result
print(f""Final Answer: {person_least_years}"")
# Done
```"
463,how many total games took place in 1999 ?,3,"```python
# Extracting the relevant data from the table
years = [1994, 1995, 1995, 1995, 1995, 1995, 1995, 1995, 1996, 1996, 1996, 1997, 1998, 1998, 1999, 1999, 1999, 2000]

# Counting the total number of games that took place in 1999
total_games_1999 = years.count(1999)

# Print the result
print(f""Total games took place in 1999: {total_games_1999}"")
# Done
```"
464,how many candidates were elected in 1990 ?,74,"```python
# Extracting the relevant data from the table
years = [1963, 1967, 1971, 1975, 1977, 1981, 1985, 1987, 1990, 1995, 1999, 2003, 2007, 2011]
elected_candidates = [7, 20, 19, 38, 33, 21, 25, 19, 74, 17, 9, 7, 10, 17]

# Finding the number of candidates elected in 1990
year_index = years.index(1990)
candidates_elected_1990 = elected_candidates[year_index]

# Print the result
print(f""Final Answer: {candidates_elected_1990}"")
# Done
```"
465,which is the only year to feature a university level challenge ?,2014-2015,"```python
# Extracting the relevant data from the table
years = [2014, 2013, 2012, 2011, 2010, 2009, 2008, 2007, 2006, 2005, 2004, 2003, 2002, 2001, 2000, 1999]
uni_level = [""no"", ""no"", ""no"", ""no"", ""no"", ""no"", ""no"", ""no"", ""no"", ""no"", ""no"", ""no"", ""no"", ""no"", ""no"", ""yes""]

# Finding the year with the university level challenge
uni_year_index = uni_level.index(""yes"")
uni_year = years[uni_year_index]

# Print the result
print(f""Final Answer: {uni_year}"")
# Done
```"
466,which game date had the highest winning score ?,"January 6, 1979","```python
# Extracting the relevant data from the table
dates = [""january 2, 1971"", ""december 31, 1971"", ""december 30, 1972"", ""december 29, 1973"", ""december 28, 1974"", ""january 3, 1976"", ""january 2, 1977"", ""december 31, 1977"", ""january 6, 1979"", ""january 5, 1980"", ""january 10, 1981"", ""january 9, 1982"", ""january 15, 1983"", ""january 7, 1984"", ""january 5, 1985"", ""january 11, 1986"", ""january 10, 1987"", ""january 16, 1988"", ""january 15, 1989"", ""january 21, 1990"", ""january 26, 1991"", ""january 19, 1992"", ""january 24, 1993"", ""january 15, 1994"", ""january 14, 1995"", ""january 13, 1996"", ""january 11, 1997"", ""january 10, 1998"", ""january 16, 1999"", ""january 15, 2000"", ""january 13, 2001"", ""january 12, 2002"", ""january 11, 2003"", ""january 10, 2004"", ""january 15, 2005"", ""january 21, 2006"", ""january 20, 2007"", ""january 19, 2008"", ""january 17, 2009"", ""january 23, 2010"", ""january 22, 2011"", ""january 21, 2012"", ""january 19, 2013"", ""january 18, 2014""]
scores = [17, 13, 9, 35, 16, 21, 30, 23, 56, 20, 21, 20, 26, 25, 27, 19, 21, 18, 24, 16, 24, 22, 24, 14, 31, 29, 28, 18, 26, 24, 13, 10, 25, 24, 28, 13, 19, 10, 8, 17, 13, 13, 25]

# Find the index of the maximum score value
max_score_index = scores.index(max(scores))

# Retrieve the corresponding game date
game_date_highest_score = dates[max_score_index]

# Print the result
print(f""Final Answer: {game_date_highest_score}"")
# Done
```"
467,what is next date that is listed after august 7th ?,August 1,"```python
# Extracting the relevant data from the table
dates = [""xxxx-08-03"", ""xxxx-08-10"", ""xxxx-08-10"", ""xxxx-08-07"", ""xxxx-08-01"", ""xxxx-08-12"", ""xxxx-07-31"", ""xxxx-07-30"", ""xxxx-07-30"", ""xxxx-08-03"", ""xxxx-08-03"", ""xxxx-08-02"", ""xxxx-08-10"", ""xxxx-08-09"", ""xxxx-08-10"", ""xxxx-08-03"", ""xxxx-08-01"", ""xxxx-08-13"", ""xxxx-08-07""]
dates_parsed = [""xxxx-08-03"", ""xxxx-08-10"", ""xxxx-08-10"", ""xxxx-08-07"", ""xxxx-08-01"", ""xxxx-08-12"", ""xxxx-07-31"", ""xxxx-07-30"", ""xxxx-07-30"", ""xxxx-08-03"", ""xxxx-08-03"", ""xxxx-08-02"", ""xxxx-08-10"", ""xxxx-08-09"", ""xxxx-08-10"", ""xxxx-08-03"", ""xxxx-08-01"", ""xxxx-08-13"", ""xxxx-08-07""]

# Getting the index of the date that comes after August 7th
next_date_index = dates.index(""xxxx-08-07"") + 1

# Retrieving the next date after August 7th
next_date = dates_parsed[next_date_index]

# Print the result
print(f""Next Date after August 7th: {next_date}"")
# Done
```"
468,who was the highest leading goalkicker from the year 1997-2014 ?,Warren Tredrea,"```python
# Extracting the relevant data from the table
years = [1997, 1998, 1999, 2000, 2001, 2002, 2003, 2004, 2005, 2006, 2007, 2008, 2009, 2010, 2011, 2012, 2013, 2014]
leading_goalkickers = [""scott cummings (70)"", ""warren tredrea (33)"", ""warren tredrea (40)"", ""warren tredrea (32)"", ""warren tredrea (51)"", ""stuart dew (51)"", ""warren tredrea (58)"", ""warren tredrea (81)"", ""warren tredrea (65)"", ""josh mahoney (29)"", ""brett ebert (56)"", ""daniel motlop (57)"", ""warren tredrea (51)"", ""jay schulz (33)"", ""robert gray (32)"", ""jay schulz (42)"", ""jay schulz (49)"", None]

# Filter out None values and extract the highest goalkicker
highest_goalkicker_index = leading_goalkickers.index(max(filter(None, leading_goalkickers)))
highest_goalkicker = leading_goalkickers[highest_goalkicker_index]

# Print the result
print(f""Final Answer: {highest_goalkicker}"")
# Done
```"
469,"which countries did not produce more than 1,000 in the year 2006 ?",Australia|Mozambique|Nigeria|Rwanda,"```python
# Extracting the relevant data from the table
countries = [""australia"", ""brazil"", ""canada"", ""congo d.r"", ""mozambique"", ""nigeria"", ""rwanda"", ""world""]
production_2006 = [32600.0, 25600.0, 29900.0, 32800.0, 34000.0, 38700.0, 44500.0, 60400.0]

# Finding countries that did not produce more than 1,000 in the year 2006
countries_less_than_1000 = [country for country, production in zip(countries, production_2006) if production < 1000]

# Print the result
print(f""Countries that did not produce more than 1,000 in 2006: {countries_less_than_1000}"")
# Done
```"
470,what is the total amount of niobium produced in rwanda in 2000 ?,28,"```python
# Extracting the relevant data from the table
countries = [""australia"", ""brazil"", ""canada"", ""congo d.r"", ""mozambique"", ""nigeria"", ""rwanda"", ""world""]
niobium_production = [160.0, 30000.0, 2290, None, None, 35.0, 28.0, 32600.0]
years = [""2000"", ""2001"", ""2002"", ""2003"", ""2004"", ""2005"", ""2006"", ""2007"", ""2008"", ""2009"", ""2010"", ""2011""]

# Finding the index of Rwanda
rwanda_index = countries.index(""rwanda"")

# Find the index of the year 2000
year_index = years.index(""2000"")

# Retrieve the niobium production in Rwanda in 2000
niobium_production_rwanda_2000 = niobium_production[rwanda_index]

# Print the result
print(f""Final Answer: {niobium_production_rwanda_2000}"")
# Done
```"
471,how many outgoing managers were appointed in november 2007 ?,3,"```python
# Extracting the relevant data from the table
outgoing_managers = [""stuart pearce"", ""jose mourinho"", ""sammy lee"", ""martin jol"", ""chris hutchings"", ""steve bruce"", ""billy davies"", ""lawrie sanchez"", ""sam allardyce"", ""avram grant"", ""sven-goran eriksson"", ""mark hughes""]
outgoing_dates = [""2007-05-14"", ""2007-09-20"", ""2007-10-17"", ""2007-10-25"", ""2007-11-05"", ""2007-11-19"", ""2007-11-26"", ""2007-12-21"", ""2008-01-09"", ""2008-05-24"", ""2008-06-02"", ""2008-06-04""]

# Count the number of outgoing managers appointed in November 2007
num_november_2007 = sum([1 for date in outgoing_dates if date.startswith(""2007-11"")])

# Print the result
print(f""Final Answer: {num_november_2007}"")
# Done
```"
472,can you find the top entered service ?,9-1-1909,"```python
# Extracting the relevant data from the table
entered_service_dates = [""9-1-1909"", ""25-3-1909"", ""10-5-1909"", ""10-7-1909"", ""1-12-1909"", ""3-2-1910"", ""24-5-1910"", ""30-4-1910"", ""14-10-1913"", ""11-11-1949"", ""27-1-1914"", ""17-3-1914"", ""22-6-1914"", ""3-9-1914"", ""31-10-1914"", ""3-12-1914"", ""26-1-1915"", ""1-4-1915""]

# Converting the dates to a format that can be sorted
from datetime import datetime
formatted_dates = [datetime.strptime(date, '%d-%m-%Y') for date in entered_service_dates]

# Finding the top entered service date
top_entered_service_date = max(formatted_dates).strftime('%d-%m-%Y')

# Print the result
print(f""Final Answer: {top_entered_service_date}"")
# Done
```"
473,how many voronezh radars were built before 2010 ?,2,"```python
# Extracting the relevant data from the table
locations = [""voronezh-m"", ""voronezh-dm"", ""voronezh-dm"", ""voronezh-vp"", ""voronezh-vp"", ""voronezh-vp"", None, None, None]
built_years = [2005, 2009, 2012, None, None, None, 2013, 2013, 2013]

# Counting the number of Voronezh radars built before 2010
count_voronezh_before_2010 = sum([1 for year in built_years if year is not None and year < 2010])

# Print the result
print(f""Final Answer: {count_voronezh_before_2010}"")
# Done
```"
474,how many players were born after 1985 ?,6,"```python
# Extracting the relevant data from the table
birth_years = [1986, 1976, 1988, 1983, 1984, 1977, 1990, 1981, 1988, 1978, 1985, 1986, 1984, 1989]

# Count the number of players born after 1985
players_after_1985 = sum([1 for year in birth_years if year > 1985])

# Print the result
print(f""Final Answer: {players_after_1985}"")
# Done
```"
475,what was the total number of wins in the season ?,7,"```python
# Extracting the relevant data from the table
results = [""loss"", ""win"", ""loss"", ""loss"", ""win"", ""loss"", ""loss"", ""loss"", ""loss"", ""win"", ""loss"", ""loss"", ""loss"", ""loss"", ""win"", ""loss"", ""loss"", ""win"", ""win"", ""loss"", ""loss"", ""loss"", ""loss"", ""loss"", ""loss"", ""win"", ""loss"", ""loss""]

# Finding the total number of wins in the season
total_wins = results.count(""win"")

# Print the result
print(f""Total Number of Wins in the Season: {total_wins}"")
# Done
```"
476,how long after 1944 did terence cuneo complete his next work ?,24 years,"```python
# Extracting the relevant data from the table
years = [1942, 1944, 1968, 1972, 1971, 1972, None, None]
titles = [""assassination of heydrich (c. 1942; originally may have been untitled), oil on canvas on board"",
          ""production of tanks (original may have been untitled), oil on canvas"",
          ""express engines at tyseley, oil on canvas"",
          ""field marshall viscount montgomery of alamein, oil on canvas"",
          ""sir edward heath"",
          ""self portrait"",
          ""her majesty the queen with her dogs at frogmore"",
          ""bentley vs the blue train""]

# Finding the completion year of the next work after 1944
work_index = years.index(1944)
next_work_index = work_index + 1

while next_work_index < len(years) and years[next_work_index] is None:
    next_work_index += 1

if next_work_index < len(years):
    next_work_completion_year = years[next_work_index]
    time_after_1944 = next_work_completion_year - 1944
else:
    time_after_1944 = None

# Print the result
print(f""Final Answer: {time_after_1944}"")
# Done
```"
477,who won the south after esc geretsried did during the 2006-07 season ?,SC Gaißach,"```python
# Extracting the relevant data from the table
seasons = [""2000-01"", ""2001-02"", ""2002-03"", ""2003-04"", ""2004-05"", ""2005-06"", ""2006-07"", ""2007-08"", ""2008-09""]
south_teams = [""sb rosenheim"", ""tus geretsried ii"", ""sc riessersee ii"", ""esc holzkirchen"", ""eac bad reichenhall"", ""ehc munchen ii"", ""esc geretsried"", ""sc gaißach"", ""tsv schliersee""]
south_winners = [""ev landsberg"", ""tsv kottern"", ""tsv peißenberg"", ""tsv kottern"", ""erc lechbruck"", ""ev bad worishofen"", ""vfl denklingen"", ""esc kempten"", ""1. ec senden""]

# Finding the index of the 2006-07 season
season_index = seasons.index(""2006-07"")

# Find the team that won the South after ESC Geretsried did during the 2006-07 season
winner_after_Geretsried = south_winners[south_teams.index(""esc geretsried"", season_index + 1)]

# Print the result
print(f""Final Answer: {winner_after_Geretsried}"")
# Done
```"
478,what was year was the first arizona license plate made ?,1955,"```python
# Extracting the relevant data from the table
years = [1955, 1958, 1960, 1963, 1965, 1968, 1972, 1980, 1996, 2008]
designs = [""white embossed digits with white border on black background; arizona and last two digits of registration year embossed in white and centered at top between screw holes"",
           ""white embossed digits with white border on blue background; arizona and last two digits of registration year embossed in white and centered at top between screw holes"",
           ""blue embossed digits with blue border on white background; arizona and last two digits of registration year embossed in blue and centered at top between screw holes"",
           ""white embossed digits with white border on blue background; arizona and last two digits of registration year embossed in white and centered at top between screw holes"",
           ""black embossed digits with black border on white background; arizona and last two digits of registration year embossed in black and centered at top between screw holes"",
           ""black embossed digits with black border on yellow background; arizona and last two digits of registration year embossed in black and centered at top between screw holes"",
           ""green embossed digits with green border on pale orange background; arizona and last two digits of registration year embossed in green and centered at top between screw holes"",
           ""white embossed digits with white embossed border on maroon background, with white embossed saguaro cactus dividing the letters and numbers; arizona embossed in white and centered at top"",
           ""dark green embossed digits on screened background of purple mountains and cacti with white setting sun and sky fading from orange to white to turquoise at top; arizona in wide plain dark green letters outlined in white and centered at top"",
           ""dark green screened digits on screened background of purple mountains and cacti with white setting sun and sky fading from orange to white to turquoise at top; arizona in wide plain dark green letters outlined in white and centered at top; security stripe through center of plate""]

# Find the index of the first Arizona license plate made
first_plate_index = designs.index(""white embossed digits with white border on black background; arizona and last two digits of registration year embossed in white and centered at top between screw holes"")
first_plate_year = years[first_plate_index]

# Print the result
print(f""Final Answer: {first_plate_year}"")
# Done
```"
479,tell me a game the attendance was the same as january 10 .,"January 15, 1949","```python
# Extracting the relevant data from the table
dates = [""december 3, 1948"", ""december 8, 1948"", ""december 11, 1948"", ""december 13, 1948"", ""december 18, 1948"", ""december 20, 1948"", ""december 21, 1948"", ""december 29, 1948"", ""december 30, 1948"", ""january 3, 1949"", ""january 8, 1949"", ""january 10, 1949"", ""january 15, 1949"", ""january 29, 1949"", ""january 31, 1949"", ""february 5, 1949"", ""february 7, 1949"", ""february 12, 1949"", ""february 21, 1949"", ""february 26, 1949"", ""february 28, 1949"", ""march 7, 1949""]
att = [None, None, 17189.0, 6902.0, 3943.0, 6013.0, 3042.0, 4541.0, 3880.0, None, 10000.0, 6958.0, 6958.0, 6905.0, 10000.0, 135000.0, None, 6905.0, None, 17905.0, None, None]

# Finding the game with attendance the same as January 10
date_index = dates.index(""january 10, 1949"")
same_attendance_game = None
for i in range(len(dates)):
    if att[i] == att[date_index]:
        same_attendance_game = dates[i]
        break

# Print the result
print(f""Final Answer: {same_attendance_game}"")
# Done
```"
480,whem was illinois ' highest scoring game ?,12/7/1985,"```python
# Extracting the relevant data from the table
dates = [""11/26/1985"", ""11/26/1985"", ""11/29/1985"", ""12/4/1985"", ""12/6/1985"", ""12/7/1985"", ""12/10/1985"", ""12/14/1985"", ""12/21/1985"", ""12/23/1985"", ""12/30/1985"", ""1/2/1986"", ""1/4/1986"", ""1/8/1986"", ""1/12/1986"", ""1/16/1986"", ""1/18/1986"", ""1/23/1986"", ""1/25/1986"", ""2/2/1986"", ""2/6/1986"", ""2/8/1986"", ""2/13/1986"", ""2/15/1986"", ""2/20/1986"", ""2/22/1986"", ""2/27/1986"", ""3/1/1986"", ""3/6/1986"", ""3/8/1986"", ""3/14/1986"", ""3/16/1986""]
attendance = [13143, 200, 300, 13417, 13707, 13980, 12700, 15564, 13106, 10043, 9876, 13329, 16676, 13609, 7912, 12829, 13891, 13071, 17128, 16412, 15947, 16353, 8117, 10605, 16349, 16376, 14123, 15148, 15450, 13608, None, 11325]

# Finding the index of the highest attendance value
max_attendance_index = attendance.index(max(filter(None, attendance)))

# Retrieve the corresponding date
highest_scoring_game_date = dates[max_attendance_index]

# Print the result
print(f""Final Answer: {highest_scoring_game_date}"")
# Done
```"
481,how long has the barahona diocese been established ?,38 years,"```python
# Extracting the relevant data from the table
ecclesiastical_jurisdictions = [""bani"", ""barahona"", ""dominican republic"", ""la vega"", ""mao-monte cristi"", ""nuestra senora de la altagracia en higuey"", ""puerto plata"", ""san francisco de macoris"", ""san juan de la maguana"", ""san pedro de macoris"", ""santiago de los caballeros"", ""santo domingo""]
established_dates = [""8 november 1986"", ""24 april 1976"", ""23 january 1958"", ""25 september 1953"", ""16 january 1978"", ""1 april 1959"", ""16 december 1996"", ""16 january 1978"", ""25 september 1953"", ""1 february 1997"", ""25 september 1953"", ""8 august 1511""]

# Finding the establishment date of the Barahona Diocese
barahona_index = ecclesiastical_jurisdictions.index(""barahona"")
barahona_established_date = established_dates[barahona_index]

# Print the result
print(f""Final Answer: {barahona_established_date}"")
# Done
```"
482,how many times did david oliver finish first in the 110m hurdles after 2008 ?,3,"```python
# Extracting the relevant data from the table
years = [2006, 2007, 2008, 2008, 2008, 2010, 2010, 2013, 2013]
events = [""iaaf world athletics final"", ""world championships"", ""world indoor championships"", ""olympic games"", ""iaaf world athletics final"", ""world indoor championships"", ""2010 diamond league"", ""2013 diamond league"", ""world championships""]
venues = [""stuttgart, germany"", ""osaka, japan"", ""valencia, spain"", ""beijing, china"", ""stuttgart, germany"", ""doha, qatar"", ""multiple locations"", ""multiple locations"", ""moscow, russia""]
positions = [""5th"", ""4th (semis)"", ""4th (semis)"", ""3rd"", ""1st"", ""3rd"", ""1st"", ""1st"", ""1st""]

# Finding the number of times David Oliver finished first in the 110m hurdles after 2008
total_first_place_after_2008 = sum(position == ""1st"" and year > 2008 for year, position in zip(years, positions))

# Print the result
print(f""Final Answer: {total_first_place_after_2008}"")
# Done
```  "
483,which mayor is in the conservative party and was a bank manager ?,Inge Bjarne Storebø,"```python
# Extracting the relevant data from the table
names = [""ole olsen strømme"", ""peder olai kleppe"", ""olai naustheller"", ""mikkel nilsen birkeland"", ""magnus larssen"", ""salomon o. fagerbakke"", ""salomon v. kalvenes"", ""rikard s. storebø"", ""peder kalve"", ""magnus stangeland"", ""knut k. kalvenes"", ""hallvard møgster"", ""inge bjarne storebø"", ""olav p. arland"", ""helge andre njastad""]
parties = [None, None, None, None, None, None, None, ""liberal party"", ""conservative party"", ""centre party"", ""conservative party"", ""christian democratic party"", ""conservative party"", ""christian democratic party"", ""progress party""]
occupations = [""church bell ringer"", ""fisherman"", ""farmer"", ""farmer"", ""school teacher"", ""fisherman"", ""fisherman"", ""social security manager"", ""maritime pilot"", ""school principal"", ""retailer"", ""captain"", ""bank manager"", ""shipmaster"", ""student""]

# Finding the mayor in the conservative party and was a bank manager
for i in range(len(names)):
    if parties[i] == ""conservative party"" and occupations[i] == ""bank manager"":
        desired_mayor = names[i]
        break

# Print the result
print(f""Final Answer: {desired_mayor}"")
# Done
```"
484,what is the total number of wisconsin badgers on the american roster for women 's ice hockey in the 2010 winter olympics ?,7,"```python
# Extracting the relevant data from the table
names = [""brianne mclaughlin"", ""molly schaus"", ""jessie vetter"", ""kacey bellamy"", ""caitlin cahow"", ""lisa chesson"", ""molly engstrom"", ""angela ruggiero - a"", ""kerry weiland"", ""julie chu - a"", ""natalie darwitz - c"", ""meghan duggan"", ""hilary knight"", ""jocelyne lamoureux"", ""monique lamoureux"", ""erika lawler"", ""gisele marvin"", ""jenny potter - a"", ""kelli stack"", ""karen thatcher"", ""jinelle zaugg-siergiej""]
teams = [""robert morris colonials"", ""boston eagles"", ""wisconsin badgers"", ""new hampshire wildcats"", ""harvard crimson"", ""ohio state buckeyes"", ""wisconsin badgers"", ""harvard crimson"", ""wisconsin badgers"", ""harvard crimson"", ""minnesota golden gophers"", ""wisconsin badgers"", ""wisconsin badgers"", ""north dakota fighting sioux"", ""north dakota fighting sioux"", ""wisconsin badgers"", ""minnesota golden gophers"", ""minnesota golden gophers"", ""boston eagles"", ""providence friars"", ""wisconsin badgers""]

# Count the number of Wisconsin Badgers in the 2010 Winter Olympics roster
wisconsin_badgers_count = teams.count(""wisconsin badgers"")

# Print the result
print(f""Total number of Wisconsin Badgers on the American roster for women's ice hockey in the 2010 Winter Olympics: {wisconsin_badgers_count}"")
# Done
```"
485,how many times has the team played in divison 1 since 2000 ?,1,"```python
# Extracting the relevant data from the table
seasons = [1985, 1986, 1987, 1988, 1989, 1990, 1991, None, 1992, None, 1993, 1994, 1995, 1996, 1997, 1998, 1999, 2000, 2001, 2002, 2003, 2004, 2005, 2006, 2007, 2008, 2009, 2010, 2011, 2012]
divisions = [""division 3"", ""division 3"", ""division 2"", ""division 2"", ""division 1"", ""division 1"", ""division 1"", ""division 1"", ""division 1"", ""division 1"", ""division 2"", ""division 1"", ""division 2"", ""division 2"", ""division 2"", ""division 2"", ""division 2"", ""division 2"", ""division 2"", ""division 2"", ""division 2"", ""division 2"", ""division 2"", ""division 1"", ""division 2"", ""division 2"", ""division 3"", ""division 3"", ""division 3"", ""division 3""]

# Finding the number of occurrences of playing in division 1 since 2000
count_division1 = sum(1 for season, division in zip(seasons[seasons.index(2000):], divisions[seasons.index(2000):]) if season and division == ""division 1"")

# Print the result
print(f""Final Answer: {count_division1}"")
# Done
```"
486,what kind of power has the least amount of capacity in 2007 ?,Other renewables,"```python
# Extracting the relevant data from the table
year = 2007
power_types = [""hydro power"", ""thermal"", ""other renewables""]
capacities = [6685, 6520, 6167]

# Find the index of the minimum capacity value in 2007
min_capacity_index = capacities.index(min(capacities))

# Retrieve the power type with the least amount of capacity in 2007
least_capacity_power = power_types[min_capacity_index]

# Print the result
print(f""Final Answer: {least_capacity_power}"")
#Done
```"
487,where was the tournament before the 1982 tournament in philadelphia held ?,New York City,"```python
# Extracting the relevant data from the table
years = [1991, 1989, 1987, 1986, 1985, 1985, 1984, 1984, 1984, 1984, 1984, 1984, 1983, 1983, 1983, 1982, 1982, 1982, 1982, 1981, 1981, 1980, 1980, 1980, 1980, 1980, 1979, 1979, 1979, 1979, 1978, 1978, 1978, 1977, 1977]
tournaments = [""basel"", ""toulouse"", ""montreal / toronto"", ""san francisco"", ""montreal / toronto"", ""chicago"", ""us open"", ""montreal / toronto"", ""wimbledon"", ""london, queen's club"", ""roland garros"", ""dallas wct"", ""wembley"", ""cincinnati"", ""london, queen's club"", ""san francisco"", ""wimbledon"", ""london, queen's club"", ""philadelphia"", ""new york city"", ""wembley"", ""us open"", ""wimbledon"", ""dallas wct"", ""memphis"", ""philadelphia"", ""us open"", ""dallas wct"", ""las vegas"", ""pepsi grand slam"", ""masters"", ""us open"", ""indianapolis"", ""boston"", ""wimbledon""]

# Find the tournament held before the 1982 tournament in Philadelphia
index_before_1982_philadelphia = years.index(1982) - 1
previous_tournament = tournaments[index_before_1982_philadelphia]

# Print the result
print(f""Final Answer: {previous_tournament}"")
# Done
```"
488,the auckland aces and yorkshire carnegie qualified on what date ?,10 October 2012,"```python
# Extracting the relevant data from the table
teams = [""perth scorchers"", ""sydney sixers"", ""highveld lions"", ""titans"", ""delhi daredevils"", ""kolkata knight riders"", ""mumbai indians"", ""chennai super kings"", ""auckland aces"", ""yorkshire carnegie""]
qualified_teams = [""auckland aces"", ""yorkshire carnegie""]
dates = [""21 january 2012"", ""22 january 2012"", ""18 march 2012"", ""1 april 2012"", ""15 may 2012"", ""17 may 2012"", ""19 may 2012"", ""20 may 2012"", ""10 october 2012"", ""10 october 2012""]

# Find the indices of the qualified teams
indices = [teams.index(team) for team in qualified_teams]

# Retrieve the corresponding qualified dates
qualified_dates = [dates[index] for index in indices]

# Print the result
print(f""Final Answer: {qualified_dates}"")
# Done
```"
489,what is the largest population of 2009 ?,"17,770","```python
# Extracting the relevant data from the table
years = [""2005"", ""2008"", ""2009""]
populations = [3818.0, 2285, 3943.0, 17790.0, 6099.0, 5714.0, 4089.0, 3756.0, 3054.0, 3594.0, 4763.0, 3015.0, 3154.0, 5873.0, 5082.0, 3489.0, 2058, 5480.0, 2058]

# Finding the largest population of 2009
year_index = years.index(""2009"")
largest_population = max(populations[year_index::len(years)])

# Print the result
print(f""Final Answer: {largest_population}"")
# Done
```"
490,the number of times `` recognition granted '' was the received award ?,3,"```python
# Extracting the relevant data from the table
awards_titles = [""lenin peace prize"", ""frederic joliot curie gold medal"", ""medaglia pontificia (pope's medal) anno vi"", ""grant master order merit: the grant cruz (highest order)"", ""ho chi minh peace award"", ""the namibia freedom award"", ""honorary citizenship of the city of atlanta"", ""recognition granted"", ""recognition granted"", ""recognition granted"", ""indira gandhi peace prize for disarmament and development"", ""medaglia pontificia (pope's medal) anno xiii"", ""order of jose marti"", ""ordre du merite congo"", ""chief of golden heart"", ""order of the national flag (first class)"", ""\""grand cordon\"" decoration"", ""grand master of the order of welwitschia"", ""order of liberty (highest cross)"", ""africa prize for leadership for the sustainable end of hunger"", ""order of good hope (gold)"", ""order of friendship award"", ""o.b.f.f.s"", ""fellowship award of the institute of governance and social research"", ""companion of the order of the star of ghana (ghana national highest award)"", ""founding president of the republic of namibia and father of the namibian nation"", ""lifetime conservation award"", ""international kim il sung prize certificate"", ""sir seretse khama sadc meda""]
reasons_for_awards = [None, None, None, None, None,""for his leadership role in the struggle against apartheid"", ""for his leadership role in the struggle for freedom, national independence and social justice"", None, None, None, ""in recognition of his outstanding contribution in leading the people of namibia to freedom"", None, None, None, None, None, None, None, None, None, None, None, ""in recognition of his contribution to the liberation of his country, the establishment of democratic foundation, peace and political stability in namibia, and the enhancement of the dignity of the black man"", ""as an expression of respect and admiration of the government and people of ghana"", ""in recognition of his dedication to his selfless sacrifice to the national liberation struggle and nation building"", None, None, None]
awarding_bodies = [""ussr"", None, ""the vatican city,italy"", ""brazil"", ""vietnam"", ""california state university, usa"", ""atlanta, usa"", ""city and county of san francisco"", ""city of chicago"", ""city of east palo alto"", ""india"", ""the vatican city, italy"", ""cuba"", ""republic of congo"", ""kenya"", ""democratic people's republic of korea"", ""tunisia"", ""namibia"", ""portugal"", ""the hunger project"", ""south africa"", ""vietnam"", ""romania"", ""institute of governance and social research, nigeria"", ""ghana"", ""namibian parliament"", ""cheetah conservation fund (nujoma is the international patron of this organisation since 1991)"", ""india"", ""sadc""]

# Count the number of times ""recognition granted"" was received as an award
num_recognition_granted_awards = awards_titles.count(""recognition granted"")

# Print the result
print(f""Final Answer: {num_recognition_granted_awards}"")
# Done
```"
491,how long is the longest track on the album ?,5:02,"```python
# Extracting the relevant data from the table
track_lengths_minutes = [3, 4, 0, 5, 4, 1, 3, 4, 4, 1, 1, 4, 4, 1, 5, 4, 4, 4, 4, 0]
track_lengths_seconds = [11, 16, 58, 2, 22, 12, 59, 11, 32, 12, 40, 23, 6, 0, 0, 43, 51, 21, 7, 38]

# Convert track lengths to seconds
total_track_seconds = [minutes * 60 + seconds for minutes, seconds in zip(track_lengths_minutes, track_lengths_seconds)]

# Find the longest track duration
longest_track_seconds = max(total_track_seconds)

# Convert seconds back to minutes and seconds
longest_track_minutes = longest_track_seconds // 60
longest_track_seconds_remaining = longest_track_seconds % 60

# Print the result
print(f""Final Answer: The longest track on the album is {longest_track_minutes} minutes and {longest_track_seconds_remaining} seconds."")
# Done
```"
492,"in 1906 , how many total rolling stock vehicles were in service ?",12,"```python
# Extracting the relevant data from the table
years = [1904, 1904, 1904, 1904, 1904, 1904, 1904, 1904, 1904, 1904, 1905, 1905, 1916]
lengths = [47, 47, 47, 47, 44.0, 44.0, 44.0, 44.0, 44.0, 44.0, 44.0, 44.0, None]

# Filter the lengths based on the year
rolling_stock_lengths = [length for year, length in zip(years, lengths) if year == 1906 and length is not None]

# Calculate the total number of rolling stock vehicles in service
total_rolling_stock = sum(rolling_stock_lengths)

# Print the result
print(f""Final Answer: {total_rolling_stock}"")
# Done
```"
493,tell me the number of people first elected in 1817 .,4,"```python
# Extracting the content of relevant columns from the table
candidates = [""thomas newton, jr"", ""arthur smith"", ""william s. archer"", ""mark alexander"", ""john randolph"", ""george tucker"", ""jabez leftwich"", ""burwell bassett"", ""andrew stevenson"", ""william c. rives"", ""philip p. barbour"", ""robert s. garnett"", ""john taliaferro"", ""charles f. mercer"", ""john s. barbour"", ""james stephenson"", ""jared williams"", ""joseph johnson"", ""william mccoy"", ""john floyd"", ""william smith"", ""alexander smyth""]
first_elected_years = [1801, 1821, 1820, 1819, 1799, 1819, 1821, 1805, 1821, 1823, 1814, 1817, 1824, 1817, 1823, 1821, 1819, 1823, 1811, 1817, 1821, 1817]

# Filter the candidates who were first elected in 1817
num_first_elected_1817 = first_elected_years.count(1817)

# Print the result
print(f""Final Answer: {num_first_elected_1817}"")
# Done
```"
494,besides tiger woods what other player won between 2007 and 2009 ?,Camilo Villegas,"```python
# Extracting the relevant data from the table
years = [2014, 2013, 2012, 2011, 2010, 2009, 2008, 2007]
players = [None, ""zach johnson"", ""rory mcilroy"", ""justin rose"", ""dustin johnson"", ""tiger woods (2)"", ""camilo villegas"", ""tiger woods""]

# Finding the index of players who won between 2007 and 2009 excluding tiger woods
winners_index = [i for i, (year, player) in enumerate(zip(years, players)) if 2007 <= year <= 2009 and player != ""tiger woods""]

# Retrieve the names of other winners
other_winners = [players[i] for i in winners_index]

# Print the result
print(f""Final Answer: {other_winners}"")
# Done
```"
495,when did armando armani 's term end ?,13 October 1928,"```python
# Extracting the relevant data from the table
names = [""pier ruggero piccio"", ""armando armani"", ""giuseppe valle"", ""antonio bosio"", ""giuseppe valle"", ""francesco pricolo"", ""rino corso fougier"", ""renato sandalli"", ""pietro piacentini"", ""mario ajmone cat"", ""aldo urbani"", ""ferdinando raffaelli"", ""silvio napoli"", ""aldo remondino"", ""duilio s. fanali"", ""vincenzo lucertini"", ""dino ciarlo"", ""alessandro mettimano"", ""lamberto bartolucci"", ""basilio cottone"", ""franco pisano"", ""stelio nardini"", ""adelchi pillinini"", ""mario arpino"", ""andrea fornasiero"", ""sandro ferracuti"", ""leonardo tricarico"", ""vincenzo camporini"", ""daniele tei"", ""giuseppe bernardis"", ""pasquale preziosa""]
term_ends = [""6 february 1927"", ""13 october 1928"", ""23 november 1933"", ""22 march 1934"", ""10 november 1939"", ""15 november 1941"", ""27 july 1943"", ""18 june 1944"", ""13 december 1944"", ""5 february 1951"", ""10 november 1955"", ""1 february 1958"", ""1 september 1961"", ""28 february 1968"", ""1 november 1971"", ""27 february 1974"", ""20 june 1977"", ""1 april 1980"", ""12 october 1983"", ""17 september 1986"", ""15 april 1990"", ""24 march 1993"", ""3 june 1995"", ""5 february 1999"", ""5 august 2001"", ""4 august 2004"", ""19 september 2006"", ""30 january 2008"", ""25 february 2010"", ""25 february 2013"", ""incumbent""]

# Finding armando armani's term end date
name_index = names.index(""armando armani"")
armani_term_end = term_ends[name_index]

# Print the result
print(f""Final Answer: Armando Armani's term ended on {armani_term_end}"")
# Done
```"
496,"who was the first winner men 's winner , in 1965 ?",Sweden Nils Bohman,"```python
# Extracting the relevant data from the table
years = [1965, 1966, 1967, 1968, 1969, 1970, 1971, 1972, 1973, 1974, 1975, 1976, 1977, 1978, 1979, 1980, 1981, 1982, 1983, 1984, 1985, 1986, 1987, 1988, 1989, 1990, 1991, 1992, 1993, 1994, 1995, 1996, 1997, 1998, 1999, 2000, 2001, 2002, 2003, 2004, 2005, 2006, 2007, 2008, 2009, 2010, 2011, 2012, 2013, 2014, 2015, 2016]
mens_winners = [""sweden nils bohman"", ""finland juhani salmenkyla"", ""sweden kalle johansson"", ""norway age hadler"", ""sweden stefan green"", ""sweden bernt frilen"", ""sweden hans aurell"", ""sweden hans aurell"", ""sweden bengt gustafsson"", ""sweden ernst jonsson"", ""finland matti makinen"", ""sweden gert pettersson"", ""norway sigurd dæhli"", ""sweden kjell lauri"", ""sweden lars-henrik undeland"", ""sweden lars lonnkvist"", ""sweden jorgen martensson"", ""sweden lars lonnkvist"", ""sweden hakan eriksson"", ""sweden kent olsson"", ""sweden joakim ingelsson"", ""sweden anders erik olsson"", ""sweden lars lonnkvist"", ""sweden lars lonnkvist"", ""sweden niklas lowegren"", ""sweden per ek"", ""sweden hakan eriksson"", ""denmark allan mogensen"", ""norway petter thoresen"", ""norway petter thoresen"", ""sweden jorgen olsson"", ""sweden jorgen martensson"", ""sweden jorgen martensson"", ""sweden johan ivarsson"", ""sweden fredrik lowegren"", ""sweden jimmy birklin"", ""sweden johan ivarsson"", ""finland mats haldin"", ""finland mats haldin"", ""russia valentin novikov"", ""sweden emil wingstedt"", ""lithuania simonas krepsta"", ""norway anders nordberg"", ""finland tero fohr"", ""sweden martin johansson"", ""sweden david andersson"", ""sweden erik rost"", ""norway olav lundanes"", ""france thierry gueorgiou"", None, None, None]

# Find the index of the winner in 1965
winner_1965_index = years.index(1965)

# Retrieve the winner in 1965
winner_in_1965 = mens_winners[winner_1965_index]

# Print the result
print(f""Final Answer: {winner_in_1965}"")
# Done
```"
497,which opponent had the highest attendance after north carolina on june 21 ?,Georgia,"```python
# Extracting the relevant data from the table
opponents = [""rice"", ""north carolina"", ""north carolina"", ""north carolina"", ""georgia"", ""georgia"", ""georgia""]
attendances = [18108, 23314, 18611, 15125, 19559, 17223, 18932]

# Finding the index of the game on June 21 with North Carolina opponent
june_21_index = opponents.index(""north carolina"")

# Finding the opponents who had attendance higher than North Carolina on June 21
higher_attendance_opponents = [opponents[i] for i, attendance in enumerate(attendances) if i != june_21_index and attendance > attendances[june_21_index]]

# Finding the opponent with the highest attendance after North Carolina on June 21
opponent_highest_attendance = higher_attendance_opponents[attendances.index(max([attendances[opponents.index(opponent)] for opponent in higher_attendance_opponents]))]

# Print the result
print(f""Final Answer: {opponent_highest_attendance}"")
# Done
```"
498,how many times was durrant a scorer between 1992 and 1993 ?,3,"```python
# Extracting the relevant data from the table
years = [1992, 1992, 1992, 1992, 1992, 1992, 1993, 1993, 1993, 1993]
scorers = [[""hateley"", ""huistra""], [""durrant""], [""mccoist"", ""lukic (o.g.)""], [""hateley"", ""mccoist""], [""mcswegan"", ""hateley""], [""ferguson""], [""huistra""], [""durrant"", ""nisbet""], [""durrant""], []]
scorers_lengths = [2, 1, 2, 2, 2, 1, 1, 2, 1, 0]

# Finding the number of times 'durrant' was a scorer between 1992 and 1993
durrant_scorer_count = sum(scorers_lengths[i] for i in range(len(years)) if years[i] in [1992, 1993] and ""durrant"" in scorers[i])

# Print the result
print(f""Final Answer: {durrant_scorer_count}"")
# Done
```"
499,how many litres do individuals in yukon consume in spirits per year ?,12.7,"```python
# Extracting the relevant data from the table
territories = [""yukon"", ""northwest territories"", ""alberta"", ""newfoundland & labrador"", ""british columbia"", ""ontario"", ""quebec"", ""prince edward island"", ""nova scotia"", ""manitoba"", ""saskatchewan"", ""new brunswick"", ""nunavut"", ""canada""]
spirits_consumption = [18.3, 8.1, 13.9, 6.5, 14.5, 11.8, 17.4, 7.4, 8.0, 8.0, 5.0, 8.4, None, 13.1]

# Finding the index corresponding to yukon in the territories list
yukon_index = territories.index(""yukon"")

# Retrieving the spirits consumption value for yukon
yukon_spirits_consumption = spirits_consumption[yukon_index]

# Print the result
print(f""Final Answer: {yukon_spirits_consumption} litres"")
# Done
```"
500,what is the total number of movies he made in 2010 ?,4,"```python
# Extracting the relevant data from the table
years = [1990, 1995, 1996, 1996, 1998, 1999, 1999, 2000, 2002, 2003, 2005, 2008, 2009, 2009, 2009, 2009, 2010, 2010, 2010, 2010, 2011, 2011, 2012, 2012, 2012, 2012, 2013]
movie_counts = [0, 0, 0, 0, 0, 0, 0, 0, 0, 0, 0, 0, 0, 0, 0, 0, 0, 0, 0, 0, 0, 0, 0, 0, 0, 0, 0]

# Counting the number of movies in 2010
for i in range(len(years)):
    if years[i] == 2010:
        movie_counts[i] = 1
total_movies_in_2010 = sum(movie_counts)

# Print the result
print(f""Total number of movies made in 2010: {total_movies_in_2010}"")
# Done
```"
501,how many losses from 1984 to 1988,414,"```python
# Extracting the relevant data from the table
years = [1969, 1970, 1971, 1972, 1973, 1974, 1975, 1976, 1977, 1978, 1979, 1980, 1981, 1981, 1982, 1983, 1984, 1985, 1986, 1987, 1988, 1989, 1990, 1991, 1992, 1993, 1994, 1995, 1996, 1997, 1998, 1999, 2000, 2001, 2002, 2003, 2004, 2005, 2006, 2007, 2008, 2009, 2010, 2011, 2012, 2013, 2014]
losses = [33, 33, 32, 21, 23, 15, 28, 32, 33, 61, 8, 17, 3, None, None, 11, 361, 28, 18, 7, 2, 8, 14, 8, 4, 26, 15, 35, 191, 8, 28, 221, 22, 25, 41, 20, 371, 19, 81, 2, 71, 11, 14, None, 14, 23, 1]

# Finding the total losses from 1984 to 1988
start_index = years.index(1984)
end_index = years.index(1988)
total_losses = sum(losses[start_index:end_index + 1])

# Print the result
print(f""Final Answer: {total_losses}"")
# Done
``` "
502,how long or what minute in the game was the first goal scored ?,19 min,"```python
# Extracting the relevant data from the table
minutes = [19, 12, 46, 28, 1, 58, 44, 19]
goal_types = [""tarpley"", ""unassisted"", ""unassisted"", ""tarpley"", ""wambach"", ""unassisted"", ""rodriguez"", ""tarpley""]

# Finding the minute of the first goal scored
first_goal_index = goal_types.index(""tarpley"")
first_goal_minute = minutes[first_goal_index]

# Print the result
print(f""Final Answer: {first_goal_minute} minutes"")
# Done
```"
503,what was the last year of harald v of norway 's reign ?,1962,"```python
# Extracting the relevant data from the table
names = [""seretse khama"", ""jigme khesar namgyal wangchuck"", ""abdullah ii of jordan"", ""sultan ahmad shah"", ""tuanku abdul halim"", ""tuanku jaafar"", ""william ii of the netherlands"", ""harald v of norway"", ""olav v of norway"", ""vajiravhud"", ""andrew bertie"", ""george tupou v""]
years_reign = [""1945"", ""2000-?"", None, ""1948-?"", ""-1954"", None, None, ""1960-1962"", ""1924-1926"", ""1900-1901"", None, None""]

# Find the index of the name ""harald v of norway""
harald_index = names.index(""harald v of norway"")

# Get the reign years of Harald V of Norway and extract the last year
reign_years = years_reign[harald_index]
last_year = None
if reign_years:
    # Handling cases where reign years are in range format
    if '-' in reign_years:
        last_year = reign_years.split('-')[1]
    else:
        last_year = reign_years

# Print the result
print(f""Final Answer: {last_year}"")
# Done
```  "
504,how many times did scheider appear in the golden gloves event ?,5,"```python
# Extracting the relevant data from the table
events = [""ko"", ""ko"", ""ko"", ""ko"", ""ko"", ""ko"", ""ko"", ""ko"", ""ko"", ""tko""]
golden_gloves_events = [""golden gloves"", ""golden gloves"", ""golden gloves"", None, None, None, ""golden gloves"", ""golden gloves"", ""golden gloves"", ""golden gloves""]
scheider_appearances = sum(event == ""golden gloves"" and notes == ""scheider suffers nose injury; drops out of tournament"" for event, notes in zip(golden_gloves_events, events))

# Print the result
print(f""Final Answer: {scheider_appearances}"")
# Done
```  "
505,what is the next show after 2009,Extra Innings T20 for Indian Premier League Season 3,"```python
# Extracting the relevant data from the table
years = [2004, 2007, 2008, 2008, 2008, 2008, 2008, 2008, 2009, 2009, 2008, 2009, 2009, 2010, 2010, 2010, 2010, None, 2011, 2011]
shows = [""mtv roadies season 2"", ""kayamath"", ""pepsi mtv wassup, the voice of youngistaan"", ""mtv fully faltoo movie-cheque de india"", ""mtv fully faltoo movie-jadoo ekbar"", ""mtv roadies hell down under"", ""ek thi rajkumari"", ""fantastic 5"", ""india's got talent season 1"", ""kurkure desi beats rock on with mtv season 1"", ""mtv roadies season 7"", ""stripped"", ""amul music ka maha muqqabla"", ""extra innings t20 for indian premier league season 3"", ""india's got talent season 2"", ""kurkure desi beats rock on with mtv season 2"", ""airtel super star buzz"", ""mtv grind"", ""mtv roadies season 8 graveyard"", ""just dance""]

# Finding the index of the year 2009 and getting the next show
year_index_2009 = years.index(2009)
next_show = shows[year_index_2009 + 1]

# Print the result
print(f""Final Answer: {next_show}"")
# Done
```"
506,how many seasons are shown in this chart ?,17,"```python
# Extracting the relevant data from the table
seasons = ['1981/82', '1982/83', '1983/84', '1984/85', '1985/86', '1986/87', '1987/88', '1988/89', '1989/90', '1990/91', '1991/92', '1992/93', '1993/94', '1994/95', '1995/96', '1996/97', '1997/98']

# Finding the number of seasons shown in the chart
num_seasons = len(seasons)

# Print the result
print(f""Final Answer: {num_seasons}"")
# Done
```"
507,"how many years was the gross domestic product above 6,000 ?",5,"```python
# Extracting the relevant data from the table
years = [1980, 1985, 1990, 1995, 2000, 2005]
gdps = [7764.0, 6450.0, 5328.0, 8114.0, 11570.0, 21783.0]

# Counting the number of years the gross domestic product was above 6,000
above_6000 = sum(gdp > 6000 for gdp in gdps)

# Print the result
print(f""Final Answer: {above_6000} years"")
# Done
```"
508,how many times total was the team promoted ?,2,"```python
# Extracting the relevant data from the table
promotion_status = [None, None, None, ""promoted"", None, None, None, None, None, ""promoted"", ""relegated"", None]

# Calculating the total number of promotions
total_promotions = promotion_status.count(""promoted"")

# Print the result
print(f""Final Answer: {total_promotions}"")
# Done
```"
509,how many teams were ended in the last ten years ?,6,"```python
# Extracting the relevant data from the table
years_ended = [2004, 1964, 2003, 2005, 1986, 2004, 1996, 1983, 1975, 2003, 2003, 1951, 1971, 1971, 1978, 2005, 1962]

# Count the number of teams that ended in the last ten years
teams_ended_last_ten_years = sum(year >= 2012 for year in years_ended)

# Print the result
print(f""Final Answer: {teams_ended_last_ten_years}"")
# Done
```"
510,what year is after 1997 ?,1998,"```python
# Extracting the relevant data from the table
years = [1995, 1996, 1997, 1998, 1999, 2004, 2005, 2011, 2012, 2013, 2014]

# Finding the year after 1997
year_index_of_1997 = years.index(1997)
year_after_1997 = years[year_index_of_1997 + 1]

# Print the result
print(f""Final Answer: {year_after_1997}"")
# Done
```"
511,what is the number of films produced in the 2000s ?,7,"```python
# Extracting the relevant data from the table
years = [2014, 2013, 2011, 2005, 2004, 2003, 2002, 1999, 1999, 1998, 1998, 1996, 1995, 1993, 1993, 1990, 1989, 1987, 1986, 1983, 1982, 1981, 1980, 1980, 1980, 1979, 1978, 1970, 1968, 1955]
films_in_2000s = sum(2000 <= year < 2010 for year in years)

# Print the result
print(f""Number of films produced in the 2000s: {films_in_2000s}"")
# Done
```"
512,how long is the song from the lion king ?,3:40,"```python
# Extracting the relevant data from the table
songs = [""cinderella"", ""song of the south"", ""pocahontas"", ""three little pigs"", ""mulan"", ""return to never land"", ""brother bear"", ""pete's dragon"", ""tarzan"", ""pirates of the caribbean"", ""snow white and the seven dwarfs"", ""lilo & stitch"", ""the lion king"", ""mary poppins"", ""the monkey's uncle"", ""101 dalmatians"", ""hercules""]
lengths = [""3:46"", ""3:06"", ""3:16"", ""3:32"", ""3:15"", ""3:51"", ""3:11"", ""3:08"", ""4:15"", ""2:04"", ""3:31"", ""3:30"", ""3:40"", ""3:32"", ""2:24"", ""2:55"", ""4:10""]
lion_king_index = songs.index(""the lion king"")
lion_king_length = lengths[lion_king_index]

# Print the result
print(f""Final Answer: {lion_king_length}"")
# Done
```"
513,what was the name of m.l.a. previous to the current one ?,V. Vaithilingam,"```python
# Extracting the relevant data from the table
names = [""v. venkatasubha reddiar"", ""m. d. r. ramachandran"", ""v. venkatasubha reddiar"", ""s. sivaprakasam"", ""r. subbaraya gounder"", ""v. vaithilingam"", ""v. vaithilingam"", ""v. vaithilingam"", ""v. vaithilingam"", ""v. vaithilingam"", ""v. vaithilingam"", ""l. periyasamy""]

# Find the index of the current name
current_name = ""v. vaithilingam""
current_name_index = names.index(current_name)

# Determine the previous MLA's name
previous_mla_name = names[current_name_index - 1]

# Print the result
print(f""Final Answer: {previous_mla_name}"")
# Done
```"
514,what year was number 445 and 446 entered into service ?,1910,"```python
# Extracting the relevant data from the table
numbers = [439, 440, 441, 442, 443, 444, 445, 446, 588, 589, 590, 591, 592, 593, 594, 595, 596, 597]
entered_dates = [""9-1-1909"", ""25-3-1909"", ""10-5-1909"", ""10-7-1909"", ""1-12-1909"", ""3-2-1910"", ""24-5-1910"", ""30-4-1910"", ""14-10-1913"", ""11-11-1949"", ""27-1-1914"", ""17-3-1914"", ""22-6-1914"", ""3-9-1914"", ""31-10-1914"", ""3-12-1914"", ""26-1-1915"", ""1-4-1915""]

# Finding the entered service dates for numbers 445 and 446
number_index_445 = numbers.index(445)
number_index_446 = numbers.index(446)
entered_date_445 = entered_dates[number_index_445]
entered_date_446 = entered_dates[number_index_446]

# Print the result
print(f""Final Answer: Number 445 was entered in service in {entered_date_445}, and number 446 was entered in service in {entered_date_446}"")
#Done
```"
515,what was the name of the first album released ?,Pulse,"```python
# Extracting the relevant data from the table
albums = [""pulse"", ""niji-iro no sneaker"", ""half and half"", ""naraou (kaze wo miru / tokyo murasaki)"", ""whatever"", ""yume wo dakishimete"", ""haruneko fushigi tsukiyo -oshiete happiness-"", ""perfume"", ""our goody day...bokura no good day"", ""shamrock"", ""yume hurry up"", ""until strawberry sherbet"", ""touch and go!!"", ""pulse"", ""sphere"", ""enfleurage"", ""midnight blue"", ""going history"", ""give a reason"", ""kagirinai yokubou no naka ni"", ""just be conscious"", ""successful mission"", ""bertemu"", ""don't be discouraged"", ""iravati"", ""reflection"", ""fine colorday"", ""~infinity~"", ""raging waves"", ""a house cat"", ""proof of myself"", ""question at me"", ""fuwari (\u3075\u308f\u308a)"", ""booska! booska!!"", ""vintage s"", ""sakura saku"", ""vintage a"", ""unsteady"", ""maemuki roketto-dan"", ""over soul"", ""brave heart"", ""feel well"", ""northern lights"", ""treat or goblins"", ""feel well"", ""koibumi"", ""makenaide makenaide"", ""center color"", ""meet again"", ""a happy life"", ""plain"", ""tanoshii douyou"", ""slayers megumix"", ""plenty of grit"", ""front breaking"", ""shuuketsu no sono he"", ""moe fire"", ""choice"", ""shuuketsu no sadame"", ""vintage white""]

# Finding the name of the first album released
first_album = albums[0]

# Print the result
print(f""Final Answer: {first_album}"")
# Done
```"
516,what is the least number of high assists that were obtained in one 2010 pre season clippers game ?,5,"```python
# Extracting the relevant data from the table
dates = [""xxxx-10-05"", ""xxxx-10-07"", ""xxxx-10-08"", ""xxxx-10-12"", ""xxxx-10-14"", ""xxxx-10-16"", ""xxxx-10-17"", ""xxxx-10-19""]
high_assists = [None, 20.0, 23.0, 23.0, 24.0, 23.0, 28.0, 21.0]

# Filtering data for the 2010 pre season clippers games
clippers_games_index = [i for i, date in enumerate(dates) if date.startswith(""2010-"") and ""clippers"" in date]

# Finding the least number of high assists in the filtered games
least_high_assists = min([high_assists[i] for i in clippers_games_index if high_assists[i] is not None])

# Print the result
print(f""Final Answer: {least_high_assists}"")
# Done
```"
517,who was the next record holder after emma george won held it in 1999 ?,Stacy Dragila,"```python
# Extracting the relevant data from the table
record_holders = [""sun caiyun"", ""sun caiyun"", ""zhong guiqing"", ""daniela bartova"", ""daniela bartova"", ""daniela bartova"", ""daniela bartova"", ""daniela bartova"", ""daniela bartova"", ""daniela bartova"", ""andrea muller"", ""daniela bartova"", ""daniela bartova"", ""daniela bartova"", ""emma george"", ""emma george"", ""emma george"", ""emma george"", ""emma george"", ""emma george"", ""emma george"", ""emma george"", ""emma george"", ""emma george"", ""emma george"", ""stacy dragila"", ""stacy dragila"", ""stacy dragila"", ""stacy dragila"", ""stacy dragila"", ""svetlana feofanova"", ""stacy dragila"", ""stacy dragila"", ""stacy dragila"", ""stacy dragila"", ""stacy dragila"", ""yelena isinbayeva"", ""yelena isinbayeva"", ""svetlana feofanova"", ""yelena isinbayeva"", ""yelena isinbayeva"", ""svetlana feofanova"", ""yelena isinbayeva"", ""yelena isinbayeva"", ""yelena isinbayeva"", ""yelena isinbayeva"", ""yelena isinbayeva"", ""yelena isinbayeva"", ""yelena isinbayeva"", ""yelena isinbayeva"", ""yelena isinbayeva"", ""yelena isinbayeva"", ""yelena isinbayeva"", ""yelena isinbayeva"", ""yelena isinbayeva""]

years = [1992, 1995, 1995, 1995, 1995, 1995, 1995, 1995, 1995, 1995, 1995, 1995, 1995, 1995, 1995, 1995, 1996, 1996, 1996, 1997, 1997, 1998, 1998, 1998, 1999, 1999, 2000, 2000, 2000, 2001, 2001, 2001, 2001, 2001, 2001, 2001, 2003, 2004, 2004, 2004, 2004, 2004, 2004, 2004, 2004, 2004, 2005, 2005, 2005, 2005, 2005, 2008, 2008, 2008, 2009]

# Find the index of Emma George
emma_index = record_holders.index(""emma george"")

# Filter record holders and years after Emma George
filtered_record_holders = record_holders[(emma_index + 1):]
filtered_years = years[(emma_index + 1):]

# Find the next record holder after Emma George in 1999
next_record_holder = """"
for i in range(len(filtered_years)):
    if filtered_years[i] == 1999:
        next_record_holder = filtered_record_holders[i]
        break

# Print the result
print(f""Final Answer: {next_record_holder}"")
# Done
```"
518,what was the only single released in 2006 ?,Behave,"```python
# Extracting the relevant data from the table
years = [2004, 2004, 2005, 2006, 2007, 2007, 2007, 2007, 2009, 2009]
titles = ['""kim wilde"" (download-only)', '""summer""', '""bastardo""', '""behave""', '""i want you to know""', '""siberia""', '""again""', '""ch v fd (deep blue remixes)""', '""white""', '""alexander""']

# Finding the single released in 2006
single_2006 = titles[years.index(2006)]

# Print the result
print(f""Final Answer: {single_2006}"")
# Done
```"
519,what is the total in attendance for september 17th ?,"80,795","```python
# Extracting the relevant data from the table
dates = [""september 3, 2005"", ""september 10, 2005"", ""september 17, 2005"", ""september 24, 2005"", ""october 1, 2005"", ""october 15, 2005"", ""october 22, 2005"", ""november 5, 2005"", ""november 12, 2005"", ""november 19, 2005"", ""november 26, 2005"", ""january 2, 2006""]
attendance = [66451.0, 111386.0, 80795.0, 71473.0, 65491.0, 80795.0, 80795.0, 80795.0, 80795.0, 80795.0, 56057.0, 76196.0]
days = [3, 10, 17, 24, 1, 15, 22, 5, 12, 19, 26, 2]

# Calculate the total attendance for September 17th
index = days.index(17)
total_attendance_sept_17th = attendance[index]

# Print the result
print(f""Final Answer: {total_attendance_sept_17th}"")
# Done
```"
520,"during this time period , which spanish tribunal had the most autos da fe ?",Toledo,"```python
# Extracting the relevant data from the table
tribunals = [""barcelona"", ""logrono"", ""palma de mallorca"", ""saragossa"", ""valencia"", ""las palmas"", ""cordoba"",
             ""cuenca"", ""santiago de compostela"", ""granada"", ""llerena"", ""madrid"", ""murcia"", ""seville"", 
             ""toledo"", ""valladolid"", ""total""]
autos_da_fe = [8, 1, 3, 1, 4, 0, 13, 7, 4, 15, 5, 4, 6, 15, 33, 10, 125]

# Find the Spanish tribunal with the most autos da fe
max_autos_da_fe = max(autos_da_fe)
max_autos_da_fe_index = autos_da_fe.index(max_autos_da_fe)
most_autos_da_fe_tribunal = tribunals[max_autos_da_fe_index]

# Print the result
print(f""Final Answer: {most_autos_da_fe_tribunal}"")
# Done
```"
521,how long did orville brown remain nwa world heavyweight champion ?,692 days,"```python
# Extracting the relevant data from the table
wrestlers = [""lou thesz"", ""ric flair"", ""harley race"", ""dory funk, jr"", ""dan severn"", ""gene kiniski"", ""adam pearce"", ""jeff jarrett"", ""pat o'connor"", ""jack brisco"", ""orville brown"", ""buddy rogers"", ""blue demon, jr"", ""naoya ogawa"", ""terry funk"", ""dick hutton"", ""rob conway"", ""christian cage"", ""whipper billy watson"", ""sting"", ""a.j. styles"", ""mike rapada"", ""steve corino"", ""colt cabana"", ""barry windham"", ""masahiro chono"", ""kahagas"", ""ron killings"", ""dusty rhodes"", ""chris candido"", ""raven"", ""satoshi kojima"", ""shinya hashimoto"", ""the sheik"", ""ricky steamboat"", ""ron garvin"", ""abyss"", ""ken shamrock"", ""brent albright"", ""the great muta"", ""sabu"", ""giant baba"", ""kerry von erich"", ""gary steele"", ""tommy rich"", ""rhino"", ""shane douglas""]
reigns = [3.0, 8.0, 7.0, 1.0, 2.0, 1.0, 5.0, 6.0, 1.0, 2.0, 1.0, 1.0, 1.0, 2.0, 1.0, 1.0, 1.0, 2.0, 1.0, 2.0, 3.0, 2.0, 1.0, 2.0, 1.0, 1.0, 1.0, 2.0, 3.0, 1.0, 1.0, 1.0, 1.0, 1.0, 1.0, 1.0, 1.0, 1.0, 1.0, 1.0, 1.0, 3.0, 1.0, 1.0, 1.0, 1.0, 1.0]
combined_days = [3749.0, 3103.0, 1799.0, 1563.0, 1559.0, 1131.0, 1078.0, 1006.0, 903.0, 866.0, 692.0, 573.0, 505.0, 469.0, 424.0, 421.0, 294.0, 245.0, 239.0, 216.0, 196.0, 176.0, 175.0, 152.0, 147.0, 145.0, 134.0, 119.0, 107.0, 97.0, 88.0, 159.0, 84.0, 79.0, 76.0, 62.0, 56.0, 49.0, 49.0, 48.0, 38.0, 19.0, 18.0, 7.0, 4.0, 2.0, 1.0]

# Finding the number of days Orville Brown remained champion
orville_brown_index = wrestlers.index(""orville brown"")
orville_brown_reign_index = reigns[orville_brown_index] - 1
orville_brown_days = combined_days[orville_brown_reign_index]

# Print the result
print(f""Final Answer: {orville_brown_days} days"")
# Done
```"
522,how many tournaments were in 1967 ?,1,"```python
# Extracting the relevant data from the table
years = [1956, 1960, 1961, 1963, 1966, 1967, 1968, 1970, 1975, 1976]
tournaments = [""dallas centennial open"", ""tucson open invitational"", ""st. paul open invitational"", ""tucson open invitational"", ""philadelphia golf classic"", ""pga championship"", ""tournament of champions"", ""greater jacksonville open"", ""san antonio texas open"", ""mony tournament of champions""]
tournaments_1967 = [tournament for year, tournament in zip(years, tournaments) if year == 1967]

# Finding the number of tournaments in 1967
num_tournaments_1967 = len(tournaments_1967)

# Print the result
print(f""Final Answer: {num_tournaments_1967}"")
# Done
```"
523,"in the 197172 national hurling league , who is the only single player ranked in the top 10 from laois ?",Ger Cuddy,"```python
# Extracting the relevant data from the table
players = [""eamonn flynn"", ""charlie mccarthy"", ""paddy fahy"", ""t. morrissey"", ""charlie mccarthy"", ""michael moroney"", ""declan lovett"", ""charlie mccarthy"", ""ger cuddy"", ""pat enright"", ""pat enright"", ""johnny walsh"", ""eddie keher"", ""brendan cummins"", ""p. j. molloy"", ""nick behan"", ""seanie o'leary"", ""michael keating"", ""seamus richmond"", ""declan lovett"", ""michael keating"", ""eddie keher"", ""mick dwan"", ""charlie mccarthy"", ""paddy fahy"", ""johnny walsh"", ""p flynn"", ""n casey"", ""willie moore"", ""ger cuddy"", ""tom ryan"", ""seanie o'leary"", ""p flynn"", ""eddie keher"", ""johnny walsh"", ""francis loughnane"", ""richie bennis"", ""pat enright"", ""johnny walsh""]
places = [""3-5"", ""2-8"", ""2-7"", ""2-7"", ""3-3"", ""2-6"", ""1-9"", ""1-9"", ""3-2"", ""2-5"", ""1-8"", ""0-11"", ""0-11"", ""3-1"", ""3-1"", ""3-1"", ""3-1"", ""2-4"", ""2-4"", ""2-4"", ""2-4"", ""2-4"",""2-4"", ""1-7"", ""0-10"", ""0-10"", ""3-0"", ""3-0"", ""3-0"", ""3-0"", ""3-0"", ""3-0"", ""2-3"", ""2-3"", ""1-6"", ""1-6"", ""1-6"", ""0-9"", ""0-9""]
counties = [""dublin"", ""cork"", ""galway"", ""wicklow"", ""cork"", ""clare"", ""kerry"", ""cork"", ""laois"", ""waterford"", ""waterford"", ""kildare"", ""kilkenny"", ""cork"", ""galway"", ""kildare"", ""cork"", ""tipperary"", ""antrim"", ""kerry"", ""tipperary"", ""kilkenny"", ""kildare"", ""cork"", ""galway"", ""kildare"", ""wexford"", ""clare"", ""limerick"", ""laois"", ""galway"", ""cork"", ""wexford"", ""kilkenny"", ""kildare"", ""tipperary"", ""limerick"", ""waterford"", ""kildare""]
ranks = [""14"", ""14"", ""13"", ""13"", ""12"", ""12"", ""12"", ""12"", ""11"", ""11"", ""11"", ""11"", ""11"", ""10"", ""10"", ""10"", ""10"", ""10"", ""10"", ""10"", ""10"", ""10"", ""10"", ""10"", ""10"", ""9"", ""9"", ""9"", ""9"", ""9"", ""9"", ""9"", ""9"",""9"", ""9"", ""9"", ""9"", ""9""]
rank_numbers = [14.0, 14.0, 13.0, 13.0, 12.0, 12.0, 12.0, 12.0, 11.0, 11.0, 11.0, 11.0, 11.0, 10.0, 10.0, 10.0, 10.0, 10.0, 10.0, 10.0, 10.0, 10.0, 10.0, 10.0, 10.0, 9.0, 9.0, 9.0, 9.0, 9.0, 9.0, 9.0, 9.0, 9.0, 9.0, 9.0, 9.0, 9.0]

# Filter the players from ""laois""
laois_players = [player for player, county in zip(players, counties) if county.lower() == ""laois""]

# Find the player ranked in the top 10 from ""laois""
top_laois_player = None
for player"
524,when was the last recorded opening date of an observatory ?,1938,"```python
# Extracting the relevant data from the table
opening_dates = [1908, 1917, 1918, 1920, 1920, 1925, 1926, 1934, 1938, None, None, None, None, None, None, None, None, None, None, None, None]
closing_dates = [1920, 1918, 1920, None, 1925, 1962, 1931, 1937, 1946, None, None, None, None, None, None, None, None, None, None, None, None]

# Find the index of the last recorded opening date of an observatory
last_opening_index = max([i for i, date in enumerate(opening_dates) if date is not None])

# Retrieve the last recorded opening date of an observatory
last_recorded_opening_date = opening_dates[last_opening_index]

# Print the result
print(f""Final Answer: {last_recorded_opening_date}"")
# Done
```"
525,how many players have spans above three years ?,6,"```python
# Extracting the relevant data from the table
spans = [""1997-2006"", ""1998-2007"", ""1978-1984"", ""1994-1997"", ""2009-"", ""1986-1988"", ""1999-2003"", ""1948-1952"", ""1961-1966"", ""1974-1977""]

# Counting the players with spans above three years
count_players = sum([1 for span in spans if ""-"" in span and ""-"" in span.split(""-"")])

# Print the result
print(f""Final Answer: {count_players} players have spans above three years."")
# Done
```"
526,which country produced 50 in 2002 but only 13 in 2003 ?,Congo D.R.,"```python
# Extracting the relevant data from the table
countries = [""australia"", ""brazil"", ""canada"", ""congo d.r"", ""mozambique"", ""nigeria"", ""rwanda"", ""world""]
production_2002 = [230, 22000, 3200, 50, None, 30, 120, 25600]
production_2003 = [290, 26000, 3410, 50, 5, 30, 76, 29900]

# Finding the country that produced 50 in 2002 and 13 in 2003
for i in range(len(countries)):
    if production_2002[i] == 50 and production_2003[i] == 13:
        matching_country = countries[i]

# Print the result
print(f""Final Answer: {matching_country}"")
# Done
```"
527,when is the last year as listed ?,2012,"```python
# Extracting the relevant data from the table
years = [2008, 2009, 2009, 2010, 2011, 2011, 2011, 2011, 2012]

# Finding the last year in the list
last_year = max(years)

# Print the result
print(f""Final Answer: Last year listed is {last_year}"")
# Done
```"
528,how long after the third prion characterization would it take for another to be characterized ?,6 years,"```python
# Extracting the relevant data from the table
prion_names = [""ure2p"", ""sup35p"", ""het-s"", ""vacuolar protease b"", ""map kinases"", ""rnq1p"", ""mca1"", ""swi1"", ""cyc8"", ""mot3"", ""pma1+std1"", ""sfp1"", ""mod5""]
years_identified = [1994, 1994, 1997, 2003, 2006, 2008, 2008, 2008, 2009, 2009, 2009, 2010, 2012]

third_prion_characterization_index = 2
third_prion_characterization_year = years_identified[third_prion_characterization_index]

next_prion_characterization_index = third_prion_characterization_index + 1

while next_prion_characterization_index < len(prion_names) and years_identified[next_prion_characterization_index] == third_prion_characterization_year:
    next_prion_characterization_index += 1

if next_prion_characterization_index < len(prion_names):
    years_to_next_prion_characterization = years_identified[next_prion_characterization_index] - third_prion_characterization_year
    print(f""Final Answer: {years_to_next_prion_characterization}"")
else:
    print(""No more prion characterizations were identified after the third one."")

# Done
```"
529,which monarch is listed first ?,James I 1231-1276,"```python
# Extracting the relevant data from the table
names = [""james i\n1231-1276"", ""james ii\n1276-1286\n(first rule)"", ""alfonso i\n1286-1291"", ""james iii\n1291-1295"", ""james ii\n1295-1311\n(second rule)"", ""sancho\n1311-1324"", ""james iii of majorca\n1324-1344""]
monarch_first = names[0]

# Print the result
print(f""Final Answer: {monarch_first}"")
# Done
```"
530,which manufacturer has the most number of wins at the auto club 400 between 1997 and 2014 ?,Ford,"```python
# Extracting the relevant data from the table
years = [1997, 1998, 1999, 2000, 2001, 2002, 2003, 2004, 2005, 2006, 2007, 2008, 2009, 2010, 2011, 2012, 2013, 2014]
manufacturers = [""chevrolet"", ""ford"", ""chevrolet"", ""ford"", ""ford"", ""chevrolet"", ""ford"", ""chevrolet"", ""ford"", ""ford"", ""ford"", ""ford"", ""ford"", ""chevrolet"", ""chevrolet"", ""chevrolet"", ""toyota"", ""toyota""]
races = [""auto club 400"", ""auto club 400"", ""auto club 400"", ""auto club 400"", ""auto club 400"", ""auto club 400"", ""auto club 400"", ""auto club 400"", ""auto club 400"", ""auto club 400"", ""auto club 400"", ""auto club 400"", ""auto club 400"", ""auto club 400"", ""auto club 400"", ""auto club 400"", ""auto club 400"", ""auto club 400""]

# Counting the wins for each manufacturer at the auto club 400 between 1997 and 2014
manufacturer_wins = {}
for i in range(len(years)):
    if races[i] == ""auto club 400"":
        if manufacturers[i] in manufacturer_wins:
            manufacturer_wins[manufacturers[i]] += 1
        else:
            manufacturer_wins[manufacturers[i]] = 1

# Finding the manufacturer with the most wins
most_wins = max(manufacturer_wins, key=manufacturer_wins.get)

# Print the result
print(f""Final Answer: {most_wins}"")
# Done
```"
531,name the second highest grossing film of 1977 .,Smokey and the Bandit,"```python
# Extracting the relevant data from the table
films = [""star wars"", ""smokey and the bandit"", ""close encounters of the third kind"", ""saturday night fever"", ""the goodbye girl"", ""the rescuers"", ""oh, god!"", ""a bridge too far"", ""the deep"", ""the spy who loved me"", ""annie hall"", ""semi-tough"", ""pete's dragon"", ""the gauntlet"", ""the turning point"", ""heroes"", ""high anxiety"", ""exorcist ii: the heretic"", ""airport '77"", ""herbie goes to monte carlo"", ""slap shot"", ""the other side of midnight"", ""looking for mr. goodbar"", ""for the love of benji"", ""the world's greatest lover"", ""julia""]
gross_values = [""$460,998,007"", ""$300,000,000"", ""$166,000,000"", ""$139,486,124"", ""$102,000,000"", ""$71,215,869"", ""$51,061,196"", ""$50,800,000"", ""$50,681,884"", ""$46,838,673"", ""$38,251,425"", ""$37,187,139"", ""$36,000,000"", ""$35,400,000"", ""$33,600,000"", ""$33,500,000"", ""$31,063,038"", ""$30,749,142"", ""$30,000,000"", ""$29,000,000"", ""$28,000,000"", ""$24,652,021"", ""$22,512,655"", ""$22,257,624"", ""$21,000,000"", ""$20,714,400""]

# Extracting gross values in numbers for comparison
gross_numbers = [float(gross_value.replace('$', '').replace(',', '')) for gross_value in gross_values]

# Finding the second highest grossing film of 1977
sorted_films_by_gross = [film for _, film in sorted(zip(gross_numbers, films), reverse=True)]
second_highest_grossing_film = sorted_films_by_gross[1]

# Print the result
print(f""Final Answer: {second_highest_grossing_film}"")
# Done
```"
532,how many times did fumio place in the top ten ?,4,"```python
# Extracting the relevant data from the table
placements = [""12th"", ""13th"", ""18th"", ""7th"", ""3rd"", ""20th"", ""6th"", ""2nd"", ""15th"", ""36th"", ""29th"", ""dsq""]
fumio_placements = placements.count(""1st"") + placements.count(""2nd"") + placements.count(""3rd"") + placements.count(""4th"") + placements.count(""5th"") + placements.count(""6th"") + placements.count(""7th"") + placements.count(""8th"") + placements.count(""9th"") + placements.count(""10th"")

# Print the result
print(f""Final Answer: {fumio_placements}"")
# Done
```"
533,how many airports in spain are among the 10 busiest routes to and from london southend airport in 2012 ?,4,"```python
# Extracting the relevant data from the table
airports = [""netherlands - amsterdam"", ""united kingdom - belfast-international"", ""portugal - faro"", ""spain - barcelona"", ""spain - alicante"", ""spain - malaga"", ""ireland - dublin"", ""jersey - jersey"", ""ireland - waterford"", ""spain - palma de mallorca""]
passengers = [105349, 92502, 71676, 66565, 64090, 59175, 35524, 35169, 31907, 27718]
airport_destinations = [[""netherlands"", ""amsterdam""], [""united kingdom"", ""belfast"", ""international""], [""portugal"", ""faro""], [""spain"", ""barcelona""], [""spain"", ""alicante""], [""spain"", ""malaga""], [""ireland"", ""dublin""], [""jersey"", ""jersey""], [""ireland"", ""waterford""], [""spain"", ""palma de mallorca""]]

# Counting the number of airports in Spain among the 10 busiest routes to and from London Southend Airport in 2012
spain_airports = 0
for index, destination in enumerate(airport_destinations):
    if ""spain"" in destination and passengers[index] > 0:  # Considering only routes with passengers
        spain_airports += 1

# Print the result
print(f""Final Answer: {spain_airports}"")
# Done
```"
534,which coach started in the same year as charles armstrong ?,Biff Jones|Adolph J. Lewandowski,"```python
# Extracting the relevant data from the table
coaches = [""biff jones"", ""henry schulte"", ""ed weir"", ""w. harold browne"", ""roy lyman"", ""adolph j. lewandowski"", ""jerry adams"", ""charles armstrong""]
start_years = [1937, 1931, 1929, 1930, 1936, 1937, None, 1937]

# Finding the start year of Charles Armstrong
charles_index = coaches.index(""charles armstrong"")
charles_start_year = start_years[charles_index]

# Find the coach who started in the same year as Charles Armstrong
same_start_coach = None
for idx, year in enumerate(start_years):
    if year == charles_start_year and coaches[idx] != ""charles armstrong"":
        same_start_coach = coaches[idx]
        break

# Print the result
print(f""Final Answer: {same_start_coach}"")
# Done
```"
535,total number of gold medals by finland in the 1924 summer olympics,11,"```python
# Extracting the relevant data from the table
medals = [""gold"", ""gold"", ""gold"", ""gold"", ""gold"", ""gold"", ""gold"", ""gold"", ""gold"", ""gold"", ""gold"", ""gold"", ""gold"", ""gold"", ""silver"", ""silver"", ""silver"", ""silver"", ""silver"", ""silver"", ""silver"", ""silver"", ""silver"", ""silver"", ""silver"", ""silver"", ""silver"", ""bronze"", ""bronze"", ""bronze"", ""bronze"", ""bronze"", ""bronze"", ""bronze"", ""bronze"", ""bronze"", ""bronze""]
names = [""paavo nurmi"", ""paavo nurmi"", ""paavo nurmi"", ""ville ritola"", ""ville ritola"", ""elias katz, paavo nurmi, ville ritola"", ""albin stenroos"", ""heikki liimatainen, paavo nurmi, ville ritola"", ""jonni myyra"", ""eero lehtonen"", ""kustaa pihlajamaki"", ""kalle anttila"", ""oskari friman"", ""edvard westerlund"", ""ville ritola"", ""ville ritola"", ""erik wilen"", ""elias katz"", ""vilho niittymaa"", ""konrad huber"", ""kaarlo makinen"", ""volmar wikstrom"", ""eino leino"", ""anselm ahlfors"", ""aleksanteri toivola"", ""arthur lindfors"", ""edil rosenqvist"", ""eero berg"", ""vilho tuulos"", ""hans dittmar"", ""lennart hannelius"", ""werner ekman, konrad huber, robert huber, georg nordblad, toivo tikkanen, karl magnus wegelius"", ""arvo haavisto"", ""vilho pekkala"", ""vaino ikonen"", ""kalle westerlund"", ""onni pellinen""]
gold_medals = 0

# Count the number of gold medals by Finland in the 1924 Summer Olympics
for i in range(len(medals)):
    if medals[i] == ""gold"" and ""finland"" in names[i]:
        gold_medals += 1

# Print the result
print(f""Final Answer: {gold_medals}"")
# Done
```"
536,tell me the number of times they placed first .,5,"```python
# Extracting the relevant data from the table
positions = [""2nd"", ""1st"", ""1st"", ""3rd"", ""2nd"", ""11th (sf)"", ""1st"", ""7th"", ""1st"", ""2nd (h)"", ""3rd"", ""3rd"", ""7th"", ""1st"", ""4th"", ""7th"", ""2nd""]

# Count the number of times they placed first
num_first_places = positions.count(""1st"")

# Print the result
print(f""Final Answer: {num_first_places}"")
# Done
```"
537,what was the total time for filip trejbal ?,1:49.52,"```python
# Extracting the relevant data from the table
athletes = [""aronne pieruz"", ""filip trejbal"", ""adam cole"", ""tague thorson"", ""jan urfer"", ""charles christianson"", ""francesco ghedina"", ""luca moretti"", ""cameron barnes"", ""martin vrablik""]
times = [50.39, 50.68, 51.4, 51.2, 51.54, 51.75, 51.37, 52.05, 51.66, 52.77]

# Finding the total time for filip trejbal
athlete_index = athletes.index(""filip trejbal"")
total_time = times[athlete_index]

# Print the result
print(f""Total time for Filip Trejbal: {total_time}"")
# Done
```"
538,in what year did he have the most international goals ?,1981,"```python
# Extracting the relevant data from the table
years = [1977, 1978, 1980, 1981, 1981, 1981, 1981, 1982]
goals = [1, 0, 0, 1, 0, 0, 0, 1]

# Finding the year with the most international goals
max_goals = max(goals)
max_goals_index = goals.index(max_goals)
year_with_most_goals = years[max_goals_index]

# Print the result
print(f""Final Answer: {year_with_most_goals}"")
# Done
```"
539,"which came first , the judge 's choice or birth year song ?",Birth Year Songs,"# Extracting the relevant data from the table
themes = [""auditioner's choice"", ""first solo"", ""semi-final/group 3"", ""my idol"", ""male singers"", ""female singers"", ""birth year songs"", ""jovem pan hits"", ""jovem guarda"", ""jovem guarda"", ""brazil regional"", ""brazil regional"", ""contestant's choice"", ""contestant's choice"", ""winner's single"", ""challenging songs"", ""judge's choice"", ""best of the season"", ""celebrity duet""]

# Finding the order of ""judge's choice"" and ""birth year songs""
judge_choice_index = themes.index(""judge's choice"")
birth_year_index = themes.index(""birth year songs"")

if judge_choice_index < birth_year_index:
    first_theme = ""judge's choice""
else:
    first_theme = ""birth year songs""

# Print the result
print(f""Final Answer: {first_theme}"")
# Done"
540,what is the total number of times mckoy placed in the top 3 ?,5,"```python
# Extracting the relevant data from the table
years = [1992, 1992, 1999, 2000, 2005, 2005, 2006, 2006, 2008, 2011]
ranks = [""1st"", ""3rd"", ""2nd"", ""21st"", ""2nd"", ""14th"", ""3rd"", ""4th"", ""34th"", ""7th""]

# Counting the number of times ""mckoy"" placed in the top 3
top_3_count = sum(rank in [""1st"", ""2nd"", ""3rd""] for rank in ranks)

# Print the result
print(f""Final Answer: {top_3_count}"")
# Done
```"
541,what number of times was the venue manny ramjohn stadium ?,7,"```python
# Extracting the relevant data from the table
venues = [""marvin lee stadium"", ""manny ramjohn stadium"", ""hasely crawford stadium"", ""manny ramjohn stadium"", ""manny ramjohn stadium"", ""manny ramjohn stadium"", ""manny ramjohn stadium"", ""manny ramjohn stadium"", ""manny ramjohn stadium"", ""marvin lee stadium"", ""marvin lee stadium"", ""hasely crawford stadium"", ""hasely crawford stadium"", ""hasely crawford stadium""]

# Count the number of times the venue ""manny ramjohn stadium"" appears
venue_count = venues.count(""manny ramjohn stadium"")

# Print the result
print(f""Final Answer: {venue_count}"")
# Done
```"
542,in what year did miss pokhara last win the miss nepal award ?,1997,"```python
# Extracting the relevant data from the table
years = [1995, 1996, 1997, 1998, 1999, 2004, 2005, 2011, 2012, 2013, 2014]
representatives = [""rita gurung"", ""binita gurung"", ""neelima gurung"", ""sunita ranjit"", ""kripa gurung"", ""anita gurung"", ""chandra gurung"", ""madina begum"", ""dilasha gc"", ""sipora gurung"", ""rashmi adhikari""]
awards_miss_nepal = [None, ""2nd runner up"", ""winner"", None, ""2nd runner up"", ""2nd runner up"", None, None, None, ""3rd runner up"", None]
awards_miss_pokhara = [None, None, ""miss personality"", None, ""miss photogenic"", ""miss talent"", None, ""miss perseverance"", None, ""miss talent"", None]

# Find the index of the last win of Miss Pokhara for Miss Nepal award
index_last_win = None
for i in range(len(representatives)):
    if representatives[i] == ""sipora gurung"" and awards_miss_nepal[i] == ""winner"":
        index_last_win = i

year_last_win = years[index_last_win]

# Print the result
print(f""Final Answer: {year_last_win}"")
# Done
```"
543,how many buildings are from the year 1863 ?,6,"```python
# Extracting the relevant data from the table
years = [1958, 1863, 1863, 1863, 1863, 1863, 1863, 1879, 1882, 1864]
buildings = [""station building"", ""linesmen house"", ""station building"", ""linesmen house"", ""rail bridge"", ""linesmen house"", ""station building"", ""station building"", ""station building"", ""rail bridge""]

# Counting the number of buildings from the year 1863
count_buildings_1863 = sum(1 for year, building in zip(years, buildings) if year == 1863)

# Print the result
print(f""Final Answer : Number of buildings from the year 1863 is {count_buildings_1863}"")
# Done
```"
544,what are the number of times weld county is listed on this chart ?,5,"```python
# Extracting the relevant data from the table
places = [""dacono"", ""dailey"", ""dalerose"", ""dallas"", ""darlow"", ""dearfield"", ""de beque"", ""deckers"", ""deepcreek"", ""deer creek valley ranchos"", ""deermont"", ""deer park"", ""deer trail"", ""delagua"", ""delcarbon"", ""delhi"", ""dell"", ""del norte"", ""delta"", ""dent"", ""denver"", ""denver international airport"", ""denver merchandise mart"", ""deora"", ""derby"", ""derby"", ""derby junction"", ""derrick"", ""devine"", ""dick"", ""dillon"", ""dinosaur"", ""dinosaur national monument"", ""dinsmore"", ""divide"", ""dixon"", ""dodd"", ""dolores"", ""dome rock"", ""dominguez"", ""dominion"", ""dorey lakes"", ""dorsey"", ""dory hill"", ""dos"", ""dotsero"", ""dotsero"", ""dove creek"", ""dover"", ""dowds junction"", ""downieville"", ""downieville-lawson-dumont"", ""downtown"", ""doyleville"", ""drake"", ""drakes"", ""dream house acres"", ""drop city"", ""dry creek basin"", ""duban"", ""dudley"", ""duffield"", ""dumont"", ""duncan"", ""dunckley"", ""dunton"", ""dunul"", ""dupont"", ""durango"", ""durango-la plata county airport"", ""durango southwest"", ""durham"", ""dyersville"", ""dyke""]
counties = [""weld county"", ""logan county"", ""las animas county"", ""ouray county"", ""adams county"", ""weld county"", ""mesa county"", ""douglas county"", ""routt county"", ""park county"", ""jefferson county"", ""routt county"", ""arapahoe county"", ""las animas county"", ""huerfano county"", ""las animas county"", ""eagle county"", ""rio grande county"", ""delta county"", ""weld county"", ""denver county"", ""denver county"", ""adams county"", ""baca county"", ""adams county"", ""adams county"", ""eagle county"", ""rio grande county"", ""pueblo county"", ""weld county"", ""summit county"", ""moffat county"", ""moffat county"", ""pueblo county"", ""teller county"", ""larimer county"", ""morgan county"", ""montezuma county"", ""jefferson county"", ""delta county"", ""boulder county"", ""gilpin county"", ""sedgwick county"", ""gilpin county"", ""garfield county"", ""eagle county"", ""eagle county"", ""dolores county"", ""weld county"", ""eagle county"", ""clear creek county"", ""clear creek county"", ""arapahoe county"", ""gunnison county"", ""larimer county"", ""larimer county"", ""arapahoe county"", ""las animas county"", ""san miguel county"", ""denver county"", ""park county"", ""el paso county"", ""clear creek county"", ""saguache county"", ""routt county"", ""dolores county"", ""rio grande county"", ""adams county"", ""la plata county"", ""la plata county"", ""la plata county"", ""mesa county"", ""summit county"", ""archuleta county""]

# Count the number of times 'weld county' appears in the counties list
num_weld_county = counties.count(""weld county"")

# Print the result
print(f""Final Answer: {num_weld_county}"")
# Done
```  "
545,how many two woman bobsled teams represented russia in the 2014 winter olympics ?,2,"```python
# Extracting the relevant data from the table
countries = [""canada"", ""united states"", ""united states"", ""netherlands"", ""germany"", ""belgium"", ""germany"", ""switzerland"", ""russia"", ""germany"", ""united states"", ""great britain"", ""canada"", ""australia"", ""austria"", ""russia"", ""romania"", ""south korea"", ""brazil""]
teams = [[""kaillie humphries"", ""heather moyse""], [""elana meyers"", ""lauryn williams""], [""jamie greubel"", ""aja evans""], [""esme kamphuis"", ""judith vis""], [""sandra kiriasis"", ""franziska fritz""], [""elfje willemsen"", ""hanna marien""], [""cathleen martini"", ""christin senkel""], [""fabienne meyer"", ""tanja mayer""], [""olga stulneva"", ""liudmila udobkina""], [""anja schneiderheinze"", ""stephanie schneider""], [""jazmine fenlator"", ""lolo jones""], [""paula walker"", ""rebekah wilson""], [""jennifer ciochetti"", ""chelsea valois""], [""astrid radjenovic"", ""jana pittman""], [""christina hengster"", ""viola kleiser""], [""nadezhda sergeeva"", ""nadezhda paleeva""], [""maria constantin"", ""andreea grecu""], [""kim su-nok"", ""shin mi-hwa""], [""fabiana santos"", ""sally mayara da silva""]]

# Finding the number of two woman bobsled teams representing Russia
russian_teams_count = sum([""russia"" in country.lower() for country in countries])

# Print the result
print(f""Final Answer: {russian_teams_count}"")
# Done
```"
546,what was the first year in which mike rhodin was the host ?,2006,"```python
# Extracting the relevant data from the table
years = [1993, 1994, 1995, 1996, 1997, 1998, 1999, 2000, 2001, 2002, 2003, 2004, 2005, 2006, 2007, 2008, 2009, 2010, 2011, 2012, 2013, 2014]
hosts = [None, None, None, None, None, None, None, ""mike rhodin"", ""mike rhodin"", ""mike rhodin"", ""mike rhodin"", ""mike rhodin"", ""mike rhodin"", ""mike rhodin"", ""mike rhodin"", ""mike rhodin"", ""mike rhodin"", ""mike rhodin"", ""mike rhodin"", ""mike rhodin"", ""mike rhodin"", ""mike rhodin""]

# Find the index of the first year Mike Rhodin was the host
first_year_index = hosts.index(""mike rhodin"")

# Retrieve the corresponding year
first_year_mike_rhodin = years[first_year_index]

# Print the result
print(f""Final Answer: {first_year_mike_rhodin}"")
# Done
```"
547,what percent of the population were romanians according to the last year on this chart ?,70.7%,"```python
# Extracting the relevant data from the table
years = [1850, 1880, 1890, 1900, 1910, 1920, 1930, 1941, 1956, 1966, 1977, 1992, 2002, 2011]
romanians_percentages = [69.3, 63.0, 62.7, 64.3, 64.6, 71.6, 70.5, 78.3, 74.7, 80.9, 78.1, 74.1, 74.4, 70.7]

# Finding the percentage of the population that were Romanians in the last year on the chart
last_year_index = years.index(max(years))
last_year_romanians_percentage = romanians_percentages[last_year_index]

# Print the result
print(f""Final Answer: {last_year_romanians_percentage}% of the population were Romanians according to the last year on this chart."")
# Done
```"
548,how long did the at & t strike of 2012 last ?,2 Days,"```python
# Extracting the relevant data from the table
years = [1955, 1968, 1971, 1983, 1986, 1989, 1989, 1998, 2000, 2011, 2012]
durations = [""72 days"", ""18 days"", ""1 week"", ""22 days"", ""25 days"", None, ""17 weeks"", ""15 days"", ""3 weeks"", ""13 days"", ""2 days""]

# Finding the duration of the AT&T strike in 2012
year_index = years.index(2012)
strike_duration = durations[year_index]

# Print the result
print(f""Final Answer: {strike_duration}"")
# Done
```"
549,was clara the winner in 2012 or 2007 ?,2012,"```python
# Extracting the relevant data from the table
years = [2013, 2012, 2011, 2010, 2009, 2008, 2007, 2006, 2005, 2004]
winners = [""rower-inistioge"", ""clara"", ""mount leinster rangers"", ""dicksboro"", ""st. lachtains"", ""kilmessan"", ""clonkill"", ""ardclough"", ""dicksboro"", ""carrickshock""]

# Finding the winners for the specific years
winner_2012 = winners[years.index(2012)]
winner_2007 = winners[years.index(2007)]

# Checking if Clara was the winner in 2012 or 2007
if ""clara"" == winner_2012 or ""clara"" == winner_2007:
    result = ""Yes""
else:
    result = ""No""

# Print the result
print(f""Final Answer: Clara was the winner in 2012 or 2007: {result}"")
#Done
```"
550,which woman finished first in the 1971 world figured skating championships ?,Beatrix Schuba,"```python
# Extracting the relevant data from the table
names = [""beatrix schuba"", ""julie lynn holmes"", ""karen magnussen"", ""janet lynn"", ""rita trapanese"", ""sonja morgenstern"", ""zsuzsa almassy"", ""charlotte walter"", ""christine errath"", ""suna murray"", ""elena alexandrova"", ""patricia ann dodd"", ""kazumi yamashita"", ""ludmila bezakova"", ""jean scott"", ""diane hall"", ""anita johansson"", ""judith bayer"", ""ruth hutchinson"", ""sonja balun"", ""joelle cartaux"", ""cinzia frosio""]
places = [1.0, 2.0, 4.0, 5.0, 3.0, 9.0, 6.0, 8.0, 13.0, 14.0, 10.0, 7.0, 12.0, 11.0, 15.0, 19.0, 16.0, 20.0, 17.0, 22.0, 18.0, 21.0]
nations = [""austria"", ""united states"", ""canada"", ""united states"", ""italy"", ""east germany"", ""hungary"", ""switzerland"", ""east germany"", ""united states"", ""soviet union"", ""united kingdom"", ""japan"", ""czechoslovakia"", ""united kingdom"", ""canada"", ""sweden"", ""west germany"", ""canada"", ""austria"", ""france"", ""italy""]

# Finding the woman who finished first and the corresponding nation in 1971
index_1971 = places.index(1.0)
woman_first_1971 = names[index_1971]
nation_first_1971 = nations[index_1971]

# Print the result
print(f""Final Answer: {woman_first_1971} from {nation_first_1971}"")
# Done
```"
551,which game had the most in attendance ?,7 April 1993,"```python
# Extracting the relevant data from the table
games = [""Game 1"", ""Game 2"", ""Game 3"", ""Game 4"", ""Game 5"", ""Game 6"", ""Game 7"", ""Game 8"", ""Game 9"", ""Game 10""]
attendance = [40036.0, 4273.0, 43251.0, 25118.0, 41624.0, 9000.0, 19000.0, 42731.0, 46000.0, 43142.0]

# Finding the game with the highest attendance
max_attendance = max(attendance)
max_attendance_index = attendance.index(max_attendance)
game_with_most_attendance = games[max_attendance_index]

# Print the result
print(f""Final Answer: {game_with_most_attendance}"")
# Done
```"
552,how long did this runner compete in years ?,12,"```python
# Extracting the relevant data from the table
years = [1996, 1996, 1997, 1997, 1997, 1997, 1998, 1998, 1998, 1998, 1998, 1999, 1999, 1999, 1999,
         1999, 2000, 2000, 2000, 2000, 2001, 2001, 2001, 2001, 2001, 2002, 2002, 2003, 2003, 2004,
         2004, 2004, 2004, 2005, 2006, 2007, 2007, 2007, 2007, 2007]

# Calculate the number of unique years the runner competed in
years_competed = len(set(years))

# Print the result
print(f""Final Answer: The runner competed for {years_competed} years."")
# Done
```"
553,what is the difference between the year clio left and atherton left ?,16,"```python
# Extracting the relevant data from the table
schools = [""ainsworth"", ""atherton"", ""beecher"", ""bendle"", ""bentley"", ""brandon"", ""clio"", ""davison"", ""durand"", ""fenton"", ""flushing"", ""grand blanc"", ""hartland"", ""kearsley"", ""lake fenton"", ""lakeville"", ""linden"", ""mt. morris"", ""swartz creek""]
left_years = [""1961"", ""1976"", ""1960"", ""1975"", ""1978"", ""1978"", ""1960"", ""1960"", ""1978"", ""1968"", ""1960"", ""1960"", ""1978"", ""1960"", ""1978"", ""1962\n1976"", ""1978"", ""1960"", ""1968""]

# Find the index of Clio and Atherton in the school list
clio_index = schools.index(""clio"")
atherton_index = schools.index(""atherton"")

# Retrieve the leaving years for Clio and Atherton
clio_left_year = int(left_years[clio_index])
atherton_left_year = int(left_years[atherton_index])

# Calculate the difference in leaving years
year_difference = abs(clio_left_year - atherton_left_year)

# Print the result
print(f""Difference in leaving years: {year_difference}"")
# Done
```"
554,the next design year after 1967 had what 3 serial formats ?,1234 A-1234 1234-A,"```python
# Extracting the relevant data from the table
design_years = [1967, 1969, 1972, 1976, 1977, 1985]
serial_formats = [[""odd years only"", ""even years only""], [None, None], None, None, None, None]

# Find the index of the next design year after 1967
next_design_year = 1967
next_index = design_years.index(next_design_year) + 1

# Retrieve the 3 serial formats for the next design year
next_serial_formats = serial_formats[next_index]

# Print the result
print(f""Final Answer: {next_serial_formats}"")
# Done
```"
555,when did the album hallelujah - live volume 2 come out ?,2009,"```python
# Extracting the relevant data from the table
years = [2003, 2004, 2004, 2004, 2004, 2005, 2006, 2006, 2006, 2007, 2007, 2008, 2008, 2008, 2008, 2009, 2010, 2013, 2013]
albums = [""\""she's so high\"""", ""\""here she comes\"""", ""\""all you have to offer\"""", ""\""my street\"""", ""\""before you leave\"""", ""\""never easy\"""", ""\""when the stars go blue\"" (featuring venke knutson)"", ""\""hallelujah\"" (with espen lind, askil holm and alejandro fuentes)"", ""\""boys of summer\"" (with espen lind, askil holm and alejandro fuentes)"", ""\""push, push\"""", ""\""silence\"""", ""\""reality kicks\"""", ""\""lost highway\"" (featuring willie nelson)"", ""\""don't have what it takes\"""", ""\""rise to the occasion\"""", ""\""with or without you\"" (with espen lind, askil holm and alejandro fuentes)"", ""\""himmel pa jord\"""", ""\""adieu\"""", ""\""engler i sneen\"" (with lene marlin)""]

# Find the index of the album ""hallelujah - live volume 2""
album_index = albums.index(""hallelujah - live volume 2"")

# Retrieve the corresponding release year
album_release_year = years[album_index]

# Print the result
print(f""Final Answer: {album_release_year}"")
# Done
```"
556,"what is the only name on the register with the date october 1 , 1969 ?",Arnold Trail to Quebec,"```python
# Extracting the relevant data from the table
names = [""arnold trail to quebec"", ""barn on lot 8, range g"", ""bass boarding house"", ""ora blanchard house"", ""john g. coburn"", ""coplin plantation schoolhouse"", ""cutler memorial library"", ""farmington historic district"", ""first congregational church, united church of christ"", ""franklin county courthouse"", ""free will baptist meetinghouse"", ""goodspeed memorial library"", ""greenacre"", ""chester greenwood house"", ""holmes-crafts homestead"", ""frank hutchins house"", ""jay-niles memorial library"", ""little red schoolhouse"", ""madrid village schoolhouse"", ""maine woods office"", ""mccleary farm"", ""merrill hall"", ""new sharon bridge"", ""new sharon congregational church"", ""nordica homestead"", ""north jay grange store"", ""william f. norton house"", ""old union meetinghouse"", ""oquossoc log church"", ""orgone energy observatory"", ""porter-bell-brackley estate"", ""hiram ramsdell house"", ""rangeley trust company building"", ""rangeley public library"", ""salem town house (former)"", ""temple intervale school"", ""thompson's bridge"", ""tufts house"", ""union church"", ""upper dallas school"", ""weld town hall"", ""capt. joel whitney house"", ""amos g. winter house""]
dates_listed = [""october 1, 1969"", ""august 24, 2011"", ""april 7, 1988"", ""january 15, 1980"", ""april 11, 2002"", ""september 11, 1997"", ""november 2, 1973"", ""january 20, 1995"", ""july 25, 1974"", ""october 6, 1983"", ""august 28, 1973"", ""january 5, 1989"", ""october 29, 1982"", ""july 12, 1978"", ""april 26, 1973"", ""december 29, 1986"", ""march 13, 1987"", ""february 23, 1972"", ""december 14, 1995"", ""november 10, 1980"", ""april 7, 1989"", ""january 23, 1980"", ""september 24, 1999"", ""june 20, 1985"", ""december 23, 1969"", ""october 23, 1974"", ""july 8, 1982"", ""october 30, 1973"", ""july 19, 1984"", ""january 29, 1999"", ""november 10, 1980"", ""december 4, 1973"", ""july 13, 1989"", ""july 12, 1978"", ""august 5, 2005"", ""february 8, 1985"", ""march 22, 1991"", ""may 8, 1979"", ""july 13, 1989"", ""february 9, 1990"", ""june 27, 2007"", ""april 22, 2003"", ""may 3, 1976""]

# Find the index of the date ""october 1, 1969""
date_index = dates_listed.index(""october 1, 1969"")

# Retrieve the corresponding name on the register
name_on_register = names[date_index]

# Print the result
print(f""Final Answer: {name_on_register}"")
# Done
```  "
557,"who was earlier , t.v. sivaraopantulu or gynatevenkatarao ?",T.V. SivaraoPantulu,"```python
# Extracting the relevant data from the table
chairpersons = [""t.v. sivaraopantulu"", ""s. adinarayanarao"", ""d. sankarasastrulu"", ""shilpa bendi"", ""chattipurnayyapantulu"", ""m.v. kamayyashetti"", ""h. suryanarayana"", ""m.v. ranganadham"", ""challanarasimhanaidu"", ""b.v. ramanayyasetty"", ""gynatevenkatarao"", ""ippililaxminarayana"", ""pasagadasuryanarayana"", ""maturiramarao"", ""l. suryalingam"", ""m.a. ravuf"", ""ippilivenkatarao"", ""a.v. narasimham (varam)"", ""dudabhavanisankar"", ""paidisettijayanthi"", ""m.v. padmavathi""]

# Find the indices of the chairpersons
sivaraopantulu_index = chairpersons.index(""t.v. sivaraopantulu"")
gynatevenkatarao_index = chairpersons.index(""gynatevenkatarao"")

# Compare the indices to determine who was earlier
if sivaraopantulu_index < gynatevenkatarao_index:
    earlier_person = ""t.v. sivaraopantulu""
else:
    earlier_person = ""gynatevenkatarao""

# Print the result
print(f""Final Answer: {earlier_person}"")
# Done
```"
558,"which most recent position angle was smaller , ca or ce ?",Ca,"```python
# Extracting the relevant data from the table
angles = [208.2, 2.3, 2.4, 0.1, 149.6, 63.7, 46.0, 50.0, 35.0]
descriptions = [""ab-cd"", ""ab"", ""cd"", ""ca"", ""ai"", ""ce"", ""ef"", ""eg"", ""gh""]

# Finding the position angles for ca and ce
angle_ca = angles[descriptions.index(""ca"")]
angle_ce = angles[descriptions.index(""ce"")]

# Comparing the position angles
if angle_ca < angle_ce:
    smaller_angle_description = ""ca""
    smaller_angle_value = angle_ca
else:
    smaller_angle_description = ""ce""
    smaller_angle_value = angle_ce

# Print the result
print(f""Final Answer: The most recent position angle smaller is {smaller_angle_description} with a value of {smaller_angle_value}"")
# Done
```"
559,how many times did brazil play against argentina in the international friendly competition ?,2,"```python
# Extracting the relevant data from the table
opponents = [""uruguay"", ""uruguay"", ""west germany"", ""poland"", ""czechoslovakia"", ""yugoslavia"", ""portugal"", ""mexico"", ""mexico"", ""peru"", ""peru"", ""paraguay"", ""paraguay"", ""argentina"", ""argentina"", ""mexico"", ""mexico"", ""fifa xi"", ""coritiba"", ""west germany"", ""yugoslavia"", ""yugoslavia""]
competitions = [""taca rio branco"", ""taca rio branco"", ""international friendly"", ""international friendly"", ""international friendly"", ""international friendly"", ""international friendly"", ""international friendly"", ""international friendly"", ""international friendly"", ""international friendly"", ""taca oswaldo cruz"", ""taca oswaldo cruz"", ""international friendly"", ""international friendly"", ""international friendly"", ""international friendly"", ""international friendly (unofficial match)"", ""international friendly (unofficial match)"", ""international friendly"", ""international friendly"", ""international friendly""]

# Counting the number of times Brazil played against Argentina in international friendlies
argentina_count = sum([1 for i in range(len(opponents)) if opponents[i] == ""argentina"" and competitions[i] == ""international friendly""])

# Print the result
print(f""Final Answer: Brazil played against Argentina in international friendly {argentina_count} times."")
# Done
```"
560,how long is the period between the first and last album in the table ?,25 years,"```python
# Extracting the relevant data from the table
years = [1969, 1971, 1971, 1975, 1979, 1994]

# Finding the period between the first and last album
period_years = max(years) - min(years)

# Print the result
print(f""Final Answer: {period_years} years"")
# Done
```"
561,how many times was first place won ?,10,"```python
# Extracting the relevant data from the table
places = [1, 1, 1, 1, 1, 1, 1, 6, 2, 2, 1, 1, 1, 7]

# Counting the number of times first place was won
first_place_count = places.count(1)

# Print the result
print(f""Final Answer: {first_place_count}"")
# Done
```"
562,which film had the least opening weekend ?,Indiana Jones and the Kingdom of the Crystal Skull,"```python
# Extracting the relevant data from the table
films = [""marvel's the avengers"", ""iron man 3"", ""harry potter and the deathly hallows - part 2"", ""the dark knight rises"", ""the dark knight"", ""the hunger games: catching fire"", ""the hunger games"", ""spider-man 3"", ""the twilight saga: new moon"", ""the twilight saga: breaking dawn - part 2"", ""the twilight saga: breaking dawn - part 1"", ""pirates of the caribbean: dead man's chest"", ""iron man 2"", ""harry potter and the deathly hallows - part 1"", ""shrek the third"", ""man of steel"", ""alice in wonderland"", ""spider-man"", ""pirates of the caribbean: at world's end"", ""toy story 3"", ""transformers: revenge of the fallen"", ""star wars episode iii: revenge of the sith"", ""shrek 2"", ""x-men: the last stand"", ""harry potter and the goblet of fire""]
opening_weekend = [207438708, 174144585, 169189427, 160887295, 158411483, 158074286, 152535747, 151116516, 142839137, 141067634, 138122261, 135634554, 128122480, 125017372, 121629270, 116619362, 116101023, 114844116, 114732820, 110307189, 108966307, 108435841, 108037878, 102750665, 102685961, 100137835]

# Find the index of the minimum opening weekend value
min_opening_index = opening_weekend.index(min(opening_weekend))

# Retrieve the corresponding film
least_opening_weekend_film = films[min_opening_index]

# Print the result
print(f""Final Answer: {least_opening_weekend_film}"")
# Done
```"
563,what is the difference in attendance between november 5 and november 25,19304,"```python
# Extracting the relevant data from the table
dates = [""september 3"", ""september 10"", ""september 17"", ""september 24"", ""october 1"", ""october 8"", ""october 22"", ""october 29"", ""november 5"", ""november 12"", ""november 19"", ""november 25"", ""january 6""]
attendances = [70607, 52606, 69861, 101821, 69838, 74191, 57951, 33247, 73804, 72103, 55761, 93108, 80956]

# Finding the attendance for November 5 and November 25
nov5_attendance = attendances[dates.index(""november 5"")]
nov25_attendance = attendances[dates.index(""november 25"")]

# Calculating the difference in attendance
attendance_difference = abs(nov5_attendance - nov25_attendance)

# Print the result
print(f""Final Answer: {attendance_difference}"")
# Done
```"
564,how many goals did brazil score in the 1950 world cup ?,22,"```python
# Extracting the relevant data from the table
years = [1930, 1930, 1934, 1938, 1938, 1938, 1938, 1938, 1950, 1950, 1950, 1950, 1950, 1950, 1954, 1954, 1954, 1958, 1958, 1958, 1958, 1958, 1958, 1962, 1962, 1962, 1962, 1962, 1962, 1966, 1966, 1966, 1970, 1970, 1970, 1970, 1970, 1970, 1974, 1974, 1974, 1974, 1974, 1974, 1974, 1978, 1978, 1978, 1978, 1978, 1978, 1978, 1982, 1982, 1982, 1982, 1982, 1986, 1986, 1986, 1986, 1986, 1990, 1990, 1990, 1990, 1994, 1994, 1994, 1994, 1994, 1994, 1994, 1998, 1998, 1998, 1998, 1998, 1998, 1998, 2002, 2002, 2002, 2002, 2002, 2002, 2002, 2006, 2006, 2006, 2006, 2006, 2010, 2010, 2010, 2010, 2010]
against = [""yugoslavia"", ""bolivia"", ""spain"", ""poland"", ""czechoslovakia"", ""czechoslovakia"", ""italy"", ""sweden"", ""mexico"", ""switzerland"", ""yugoslavia"", ""sweden"", ""spain"", ""uruguay"", ""mexico"", ""yugoslavia"", ""hungary"", ""austria"", ""england"", ""soviet union"", ""wales"", ""france"", ""sweden"", ""mexico"", ""czechoslovakia"", ""spain"", ""england"", ""chile"", ""czechoslovakia"", ""bulgaria"", ""hungary"", ""portugal"", ""czechoslovakia"", ""england"", ""romania"", ""peru"", ""uruguay"", ""italy"", ""yugoslavia"", ""scotland"", ""zaire"", ""east germany"", ""argentina"", ""netherlands"", ""poland"", ""sweden"", ""spain"", ""austria"", ""peru"", ""argentina"", ""poland"", ""italy"", ""soviet union"", ""scotland"", ""new zealand"", ""argentina"", ""italy"", ""spain"", ""algeria"", ""northern ireland"", ""poland"", ""france"", ""sweden"", ""costa rica"", ""scotland"", ""argentina"", ""russia"", ""cameroon"", ""sweden"", ""united states"", ""netherlands"", ""sweden"", ""italy"", ""scotland"", ""morocco"", ""norway"", ""chile"", ""denmark"", ""netherlands"", ""france"", ""turkey"", ""china pr"", ""costa rica"", ""belgium"", ""england"", ""turkey"", ""germany"", ""croatia"", ""australia"", ""japan"", ""ghana"", ""france"", ""north korea"", ""ivory coast"", ""portugal"", ""chile"", ""netherlands""]
scores = [""1-2"", ""4-0"", ""1-3"", ""6-5 (aet)"", ""1-1 (aet)"", ""2-1"", ""1-2"", ""4-2"", ""4-0"", ""2-2"", ""2-0"", ""7-1"", ""6-1"", ""1-2"", ""5-0"", ""1-1 (aet)"", ""2-4"", ""3-0"", ""0-0"", ""2-0"", ""1-0"", ""5-2"", ""5-2"", ""2-0"", ""0-0"", ""2-1"", ""3-1"", ""4-2"", ""3-1"", ""2-1"", ""1-3"
565,is the percentage of voting college educated in 1960 more or less than the previous year ?,more,"```python
# Extracting the relevant data from the table
years = [1948, 1952, 1956, 1960, 1964]
college_educated_percentages = [22.0, 51.0, 64.0, 19.0, 47.0]

# Find the index of the year 1960
year_index = years.index(1960)

# Check if the percentage in 1960 is greater or less than the previous year
if year_index > 0:
    previous_year_percentage = college_educated_percentages[year_index - 1]
    current_year_percentage = college_educated_percentages[year_index]

    if current_year_percentage > previous_year_percentage:
        comparison_result = ""more""
    elif current_year_percentage < previous_year_percentage:
        comparison_result = ""less""
    else:
        comparison_result = ""equal""

# Print the result
print(f""Final Answer: The percentage of voting college educated in 1960 is {comparison_result} than the previous year."")
# Done
```"
566,what is the total number of years ?,11,"```python
# Extracting the relevant data from the table
years = [1995, 1996, 1997, 1998, 1999, 2004, 2005, 2011, 2012, 2013, 2014]

# Calculating the total number of years
total_years = len(years)

# Print the total number of years
print(f""Total Number of Years: {total_years}"")
# Done
```"
567,what year was mick jagger 's best of album released ?,2008,"```python
# Extracting the relevant data from the table
years = [1970, 1978, 1984, 1985, 1985, 1985, 1985, 1985, 1986, 1987, 1987, 1987, 1993, 1993, 1993, 1993, 2001, 2002, 2004, 2008, 2011, 2011]
albums = [""performance (soundtrack)"", ""bush doctor (peter tosh album)"", ""victory (the jacksons album)"", ""she's the boss"", ""she's the boss"", ""she's the boss"", ""she's the boss"", ""single only"", ""ruthless people (soundtrack)"", ""primitive cool"", ""primitive cool"", ""primitive cool"", ""wandering spirit"", ""wandering spirit"", ""wandering spirit"", ""wandering spirit"", ""goddess in the doorway"", ""goddess in the doorway"", ""alfie (soundtrack)"", ""the very best of mick jagger"", ""superheavy (superheavy album)"", ""#willpower (will.i.am album)""]

# Find the index of Mick Jagger's best of album
best_album_index = albums.index(""the very best of mick jagger"")

# Retrieve the corresponding release year
best_album_release_year = years[best_album_index]

# Print the result
print(f""Final Answer: {best_album_release_year}"")
# Done
```"
568,how many times was the opponent the edmonton eskimos ?,4,"```python
# Extracting the relevant data from the table
opponents = [""vs. winnipeg blue bombers"", ""at edmonton eskimos"", ""vs. saskatchewan roughriders"", ""at calgary stampeders"", ""vs. edmonton eskimos"", ""at winnipeg blue bombers"", ""at saskatchewan roughriders"", ""vs. calgary stampeders"", ""vs. winnipeg blue bombers"", ""at edmonton eskimos"", ""at calgary stampeders"", ""vs. edmonton eskimos"", ""at winnipeg blue bombers"", ""at saskatchewan roughriders"", ""vs. calgary stampeders"", ""vs. saskatchewan roughriders""]

# Counting the occurrences of ""edmonton eskimos"" in the opponent list
edmonton_count = opponents.count(""at edmonton eskimos"") + opponents.count(""vs. edmonton eskimos"")

# Print the result
print(f""Final Answer: {edmonton_count}"")
# Done
```"
569,how many composers died before 1960 ?,46,"```python
# Extracting the relevant data from the table
deaths = [1944, 1945, 2006, 1964, 1945, 1953, 1961, 1941, 1924, 1947, 1944, 1911, 1918, 1974, 1962, 1936, 1937, 1983, 1936, 1938, 1961, 1916, 1917, 1987, 1978, 1938, 1960, 1951, 1963, 1951, 1937, 1992, 1987, 1982, 1950, 1934, 1953, 1941, 1982, 1925, 1950, 1951, 1958, 1963, 1953, 1943, 1937, 1920, 1940, 1954, 1925, 1991, 1958, 1951, 1938, 1915, 1975, 1957, 1988, 1914, 1927, 1949, 1971, 1994, 1996, 1949, 2006, 1959, 1919, 1978]

# Count the composers who died before 1960
composers_died_before_1960 = sum(death < 1960 for death in deaths)

# Print the result
print(f""Final Answer: {composers_died_before_1960}"")
# Done
```"
570,what was the total number of points scored in the game held on 2013-05-21 ?,4,"```python
# Extracting the relevant data from the table
dates = [""2011-03-02"", ""2011-03-15"", ""2011-04-06"", ""2011-04-19"", ""2011-05-04"", ""2011-05-11"", ""2011-05-25"", ""2011-09-14"", ""2011-09-27"", ""2013-02-26"", ""2013-03-12"", ""2013-04-02"", ""2013-04-10"", ""2013-04-24"", ""2013-05-01"", ""2013-05-14"", ""2013-05-21"", ""2013-08-21"", ""2013-09-18"", ""2013-09-25"", ""2013-10-02"", ""2013-10-26"", ""2013-11-09""]
results = [""1-0"", ""3-0"", ""1-1"", ""0-2"", ""3-0"", ""1-1"", ""3-0"", ""1-3"", ""1-0"", ""5-1"", ""0-0"", ""2-1"", ""0-1"", ""2-0"", ""2-2"", ""0-0"", ""3-1"", ""1-1"", ""1-0"", ""2-0"", ""2-2"", ""2-2"", ""1-1""]

# Finding the index of the game held on 2013-05-21
game_index = dates.index(""2013-05-21"")

# Extracting and summing the scores of that game
score = results[game_index].split('-')
total_points = sum([int(score[0]), int(score[1])])

# Print the result
print(f""Total Points Scored in the game held on 2013-05-21: {total_points}"")
# Done
```"
571,how many wins did texas tech have in the regular season of 1993 ?,6,"```python
# Extracting the relevant data from the table
seasons = [""xxxx-09-04"", ""xxxx-09-11"", ""xxxx-09-18"", ""xxxx-09-25"", ""xxxx-10-02"", ""xxxx-10-09"", ""xxxx-10-16"", ""xxxx-10-30"", ""xxxx-11-06"", ""xxxx-11-13"", ""xxxx-11-20"", ""xxxx-12-31""]
results = [""w"", ""l"", ""l"", ""l"", ""l"", ""l"", ""w"", ""w"", ""w"", ""w"", ""w"", ""l""]

# Counting the number of wins in the regular season of 1993
wins_1993 = sum(1 for season, result in zip(seasons, results) if season.startswith(""xxxx-11"") and result == ""w"")

# Print the result
print(f""Final Answer: {wins_1993}"")
# Done
```"
572,how long is the intro ?,1:41,"```python
# Extracting the relevant data from the table
titles = [""\""intro\"""", ""\""interlude\"""", ""\""dem boyz\"""", ""\""felonies\"""", ""\""look\"""", ""\""gangstas\"""", ""\""don't put your hands on me\"""", ""\""bitches & bizness\"""", ""\""trap niggas\"""", ""\""still slizzard\"""", ""\""no talkin\"""", ""\""happy jamz\"""", ""\""if u a thug\"""", ""\""lay it down\"""", ""\""pussy m.f.'s\"""", ""\""keep it hood 2nite\""""]
lengths = [""1:41"", ""2:22"", ""4:16"", ""5:49"", ""4:56"", ""3:49"", ""4:33"", ""4:21"", ""3:37"", ""5:07"", ""5:25"", ""4:48"", ""5:09"", ""4:17"", ""4:24"", ""3:23""]

# Finding the length of the intro
index = titles.index(""\""intro\"""")
intro_length = lengths[index]

# Print the result
print(f""Final Answer: {intro_length}"")
# Done
```"
573,how many years did ifk finish in less than 4th place ?,6,"```python
# Extracting the relevant data from the table
years = [1999, None, 2000, None, 2001, None, 2002, 2003, 2004, 2005, 2006, 2007, 2008, 2009, 2010, 2011]
positions = [6.0, 5.0, 2.0, 10.0, 4.0, 4.0, 3.0, 6.0, 4.0, 1.0, 12.0, 2.0, 3.0, 7.0, 2.0, 4.0]

# Calculate the number of years ifk finished in less than 4th place
less_than_4th_count = sum(position < 4 for position in positions if position is not None)

# Print the result
print(f""Final Answer: {less_than_4th_count}"")
# Done
```"
574,how many episodes were broadcast in april 2010 in japan ?,3,"```python
# Extracting the relevant data from the table
dates = [[""14 april 2010"", ""5 august 2011"", ""8 august 2011""],
         [""21 april 2010"", ""12 august 2011"", ""15 august 2011""],
         [""28 april 2010"", ""19 august 2011"", ""22 august 2011""],
         [""5 may 2010"", ""26 august 2011"", ""29 august 2011""],
         [""12 may 2010"", ""2 september 2011"", ""5 september 2011""],
         [""19 may 2010"", ""9 september 2011"", ""12 september 2011""],
         [""26 may 2010"", ""16 september 2011"", ""19 september 2011""],
         [""2 june 2010"", ""23 september 2011"", ""26 september 2011""],
         [""9 june 2010"", ""30 september 2011"", ""3 october 2011""],
         [""16 june 2010"", ""7 october 2011"", ""10 october 2011""],
         [""23 june 2010"", ""14 october 2011"", ""17 october 2011""]]
months = [[4, 8, 8],
          [4, 8, 8],
          [4, 8, 8],
          [5, 8, 8],
          [5, 9, 9],
          [5, 9, 9],
          [5, 9, 9],
          [6, 9, 9],
          [6, 9, 10],
          [6, 10, 10],
          [6, 10, 10]]
days = [[14, 5, 8],
        [21, 12, 15],
        [28, 19, 22],
        [5, 26, 29],
        [12, 2, 5],
        [19, 9, 12],
        [26, 16, 19],
        [2, 23, 26],
        [9, 30, 3],
        [16, 7, 10],
        [23, 14, 17]]

# Finding the number of episodes broadcast in April 2010 in Japan
count = 0
for i in range(len(months)):
    if months[i][0] == 4 and months[i][2] == 8:
        count += 1

# Print the result
print(f""Final Answer: {count}"")
# Done
```"
575,which team won the champ car world series the year before rusport ?,Newman/Haas Racing,"```python
# Extracting the relevant data from the table
years = [2005, 2006, 2007, 2008, 2009, 2010, 2011, 2012]
teams = [""newman/haas racing"", ""rusport"", ""newman/haas/lanigan racing"", ""chip ganassi racing"", ""penske racing"", ""chip ganassi racing"", ""penske racing"", ""penske racing""]
teams_before_rusport = [""newman/haas racing"", ""rusport"", ""newman/haas/lanigan racing"", ""chip ganassi racing"", ""penske racing""]
winning_teams = [""newman/haas racing"", ""rusport"", ""newman/haas/lanigan racing"", ""chip ganassi racing"", ""penske racing""]

# Finding the index of rusport team and the team that won the year before
rusport_index = teams.index(""rusport"")
previous_team_index = teams_before_rusport.index(teams[rusport_index - 1])

# Retrieve the winning team of the champ car world series the year before rusport
winning_team = winning_teams[previous_team_index]

# Print the result
print(f""Final Answer: {winning_team}"")
# Done
```"
576,what was the number of visitors in 2009 at hiidenportti ?,"12,000","```python
# Extracting the relevant data from the table
parks = [""archipelago"", ""bothnian sea"", ""eastern gulf of finland"", ""ekenas archipelago"", ""helvetinjarvi"", ""hiidenportti"", ""isojarvi"", ""kauhaneva-pohjankangas"", ""koli"", ""kolovesi"", ""kurjenrahka"", ""lauhanvuori"", ""leivonmaki"", ""lemmenjoki"", ""liesjarvi"", ""linnansaari"", ""nuuksio"", ""oulanka"", ""paijanne"", ""pallas-yllastunturi"", ""patvinsuo"", ""perameri"", ""petkeljarvi"", ""puurijarvi-isosuo"", ""pyha-hakki"", ""pyha-luosto"", ""repovesi"", ""riisitunturi"", ""rokua"", ""salamajarvi"", ""seitseminen"", ""sipoonkorpi"", ""syote"", ""tiilikkajarvi"", ""torronsuo"", ""urho kekkonen"", ""valkmusa""]
visits = [500, None, 6.7, 52, 49.8, 45, 19, 57, 30, 23, 29, 53, 29, 2850, 22, 38, 45, 270, 14, 1020, 105, 2.5, 6, 27, 13, 142, 15, 77, 4.3, 62, 45.5, 18.6, 299, 34, 25.5, 2550, 17]
park_name = ""hiidenportti""

# Finding the number of visitors in 2009 at hiidenportti
park_index = parks.index(park_name)
visitors = visits[park_index]

# Print the result
print(f""Final Answer: {visitors}"")
# Done
```"
577,before the 2000 olympic games what was johanna 's fastest 200m time ?,23.26,"```python
# Extracting the relevant data from the table
years = [1996, 1996, 1997, 1997, 1997, 1997, 1998, 1998, 1998, 1998, 1998, 1999, 1999, 1999, 1999, 1999, 2000, 2000, 2000, 2000, 2001, 2001, 2001, 2001, 2001, 2002, 2002, 2003, 2003, 2004, 2004, 2004, 2004, 2005, 2006, 2007, 2007, 2007, 2007, 2007]
competitions = [""world junior championships"", ""olympic games"", ""european junior championships"", ""european junior championships"", ""world championships"", ""world championships"", ""world junior championships"", ""world junior championships"", ""european championships"", ""european championships"", ""european championships"", ""european junior championships"", ""european junior championships"", ""european junior championships"", ""world championships"", ""world championships"", ""european indoor championships"", ""european indoor championships"", ""olympic games"", ""olympic games"", ""european u23 championships"", ""european u23 championships"", ""european u23 championships"", ""world championships"", ""world championships"", ""european championships"", ""european championships"", ""world indoor championships"", ""world championships"", ""world indoor championships"", ""world indoor championships"", ""olympic games"", ""olympic games"", ""european indoor championships"", ""european championships"", ""european indoor championships"", ""universiade"", ""universiade"", ""world championships"", ""world championships""]
times = [23.89, 44.21, 11.39, 23.43, 11.59, 44.08, 11.75, 23.68, 11.94, 24.1, 44.1, 11.47, 23.26, 44.4, 11.45, 43.86, 7.4, 23.83, 23.41, 43.5, 11.61, 23.3, 44.76, 11.46, 23.11, 11.58, 23.47, 7.26, 23.42, 7.3, 23.79, 11.45, 23.45, 7.32, 44.32, 7.24, 11.46, 43.48, 11.52, 43.41]

# Finding the fastest 200m time before the 2000 Olympic Games
olympic_games_index = competitions.index(""olympic games"")
before_2000_times = times[:olympic_games_index]

fastest_200m_time_before_2000 = min(filter(lambda x: x is not None, [time if year < 2000 else None for year, time in zip(years, before_2000_times)])

# Print the result
print(f""Before the 2000 Olympic Games, Johanna's fastest 200m time was {fastest_200m_time_before_2000} seconds."")
# Done
```"
578,how many athletes took more than 8 minutes to run complete the race ?,8,"```python
# Extracting the relevant data from the table
times = [7.73, 7.77, 7.8, 7.8, 7.9, 7.99, 8.05, 8.06, 8.06, 8.11, 8.15, 8.29, 8.37, 8.51]
num_athletes = len(times)

# Counting the number of athletes who took more than 8 minutes to complete the race
num_greater_than_8 = sum([1 for time in times if time > 8])

# Print the result
print(f""Final Answer: {num_greater_than_8}"")
# Done
```  "
579,tell me the difference in the scores for the game in 1955 .,4,"```python
# Extracting the relevant data from the table
years = [1946, 1947, 1948, 1949, 1950, 1951, 1952, 1953, 1954, 1955, 1956, 1957, 1958, 1959, 1960, 1961, 1962, 1963, 1964, 1965, 1966, 1967, 1968, 1969, 1970, 1971, 1972, 1973, 1974, 1975, 1976, 1977, 1978, 1979, 1980, 1981, 1982, 1983, 1984, 1985, 1986, 1987, 1988, 1989, 1990, 1991, 1992, 1993, 1994, 1995, 1996, 1997, 1998, 1999, 2000, 2001, 2002, 2003, 2004, 2005, 2006, 2007]
winners = [""walsall wood"", ""wellington town reserves"", ""bilston town"", ""bilston town"", ""brereton social drew 2-2 with ogley hay after extra time - winner of replay unknown"", ""bloxwich strollers"", ""walsall wood"", ""walsall wood"", ""shelfield athletic"", ""shelfield athletic"", ""shelfield athletic"", ""walsall trinity"", ""walsall wood"", ""shelfield athletic"", ""shelfield athletic"", ""walsall wood"", ""walsall wood"", ""armitage"", ""blakenall"", ""rushall olympic"", ""lower gornal athletic"", ""wrockwardine wood"", ""wrockwardine wood"", ""bilston town"", ""atherstone town"", ""baddesley colliery"", ""bilston town"", ""bilston town"", ""brereton social"", ""blakenall"", ""blakenall"", ""blakenall"", ""sutton coldfield town"", ""sutton coldfield town"", ""sutton coldfield town"", ""blakenall"", ""oldbury united"", ""coleshill town"", ""atherstone town"", ""harrisons"", ""paget rangers"", ""boldmere st. michaels"", ""redgate united"", ""blakenall"", ""meir ka"", ""chasetown"", ""armitage 90"", ""chasetown"", ""newcastle town"", ""newcastle town"", ""blakenall"", ""bloxwich town"", ""blakenall"", ""blakenall"", ""rushall olympic"", ""wolverhampton casuals"", ""bolehall swifts"", ""tividale"", ""sutton coldfield town"", ""chasetown"", ""boldmere st michaels""]
scores = [""7-2"", ""4-1"", ""2-0"", ""1-0"", None, ""1-0"", ""1-0"", ""1-0"", ""1-0"", ""5-1"", ""2-0"", ""3-1"", ""3-0"", ""4-0"", ""3-0"", ""7-0"", ""5-1"", ""2-1"", ""3-0"", ""2-1"", ""4-2"", ""2-1"", ""2-1"", ""2-1"", ""4-3"", ""4-3"", ""4-1"", ""1-0"", ""3-2"", ""2-1"", ""1-0"", ""1-0"", ""2-0"", ""1-0"", ""1-0"", ""2-1"", ""5-0"", ""4-3"", ""4-0"", ""2-0"", ""3-1"", ""2-0"", ""1-0"", ""1-0"", ""2-1"", ""1-0"", ""3-2"", ""3-1"", ""1-0"", ""1-1"", ""0-0"", ""1-1"", ""2-1"", ""3-2"", ""2-2"", ""2-0"", ""4-4"", ""1-0"", ""3-1"", ""2-1"", ""1-0"", ""3-1""]

# Finding the scores for the game in 1955
year_index = years.index(1955)
score = scores[year_index]

# Extracting the scores for the game in 1955
if score is not None:
    scores_breakdown ="
580,the only flight on november 27th,F6,"```python
# Extracting the relevant data from the table
flights = [""tf1 (test flight)"", ""tf1 (test flight)"", ""tf2"", ""tf3"", ""tf3"", ""f4"", ""f4"", ""f6"", ""f6"", ""f5"", ""f8"", ""f7"", ""f7""]
dates = [""1994-02-04"", ""1994-02-04"", ""1994-08-28"", ""1995-03-18"", ""1995-03-18"", ""1996-08-17"", ""1996-08-17"", ""1997-11-27"", ""1997-11-27"", ""1998-02-21"", ""1999-11-15"", ""canceled"", ""canceled""]

# Finding the flight on November 27th
filtered_flights = [flight for flight, date in zip(flights, dates) if date == ""1997-11-27""]

# Print the result
print(f""Final Answer: {filtered_flights[0] if len(filtered_flights) > 0 else 'No flights'}"")
# Done
```"
581,in what year did the buick engine start in 1st ?,1985,"```python
# Extracting the relevant data from the table
years = [1974, 1975, 1976, 1977, 1978, 1979, 1980, 1981, 1982, 1983, 1984, 1985, 1986, 1987, 1988, 1989, 1990, 1991, 1992, 1994]
engines = [""eagle"", ""eagle"", ""eagle"", ""eagle"", ""lighning"", ""lighning"", ""penske"", ""penske"", ""march"", ""march"", ""march"", ""march"", ""lola"", ""march"", ""march"", ""lola"", ""lola"", ""lola"", ""lola"", ""lola""]
chassis = [""offy"", ""offy"", ""offy"", ""offy"", ""cosworth"", ""cosworth"", ""cosworth"", ""cosworth"", ""cosworth"", ""cosworth"", ""cosworth"", ""buick"", ""cosworth"", ""cosworth"", ""buick"", ""cosworth"", ""cosworth"", ""buick"", ""buick"", ""chevrolet""]
starts = [""21st"", ""18th"", ""6th"", ""8th"", ""21st"", ""17th"", ""8th"", ""10th"", ""10th"", ""14th"", ""21st"", ""1st"", ""14th"", ""29th"", ""qualifying crash"", ""32nd"", ""22nd"", ""32nd"", ""failed to qualify"", ""failed to qualify""]
finishes = [""7th"", ""4th"", ""5th"", ""15th"", ""24th"", ""20th"", ""6th"", ""28th"", ""3rd"", ""7th"", ""19th"", ""33rd"", ""16th"", ""27th"", None, ""22nd"", ""29th"", ""21st"", None, None]

# Find the index where the buick engine started in first place
buick_starts_index = [index for index, (engine, start) in enumerate(zip(engines, starts)) if engine == 'buick' and start == '1st']

# Retrieve the corresponding year
buick_first_year = years[buick_starts_index[0]]

# Print the result
print(f""Final Answer: {buick_first_year}"")
# Done
```"
582,who is the only team this team faced in january which was during the cotton bowl ?,Kansas State,"```python
# Extracting the relevant data from the table
months = [""september"", ""september"", ""september"", ""september"", ""october"", ""october"", ""october"", ""october"", ""november"", ""november"", ""november"", ""november"", ""january""]
opponents = [""missouri state"", ""new mexico"", ""troy"", ""at #3 alabama"", ""vs. #14 texas a&m"", ""#15 auburn"", ""at ole miss"", ""at vanderbilt"", ""#10 south carolina"", ""tennessee"", ""mississippi state"", ""at #1 lsu"", ""vs. #11 kansas state""]

# Finding the team faced in January during the cotton bowl
cotton_bowl_index = opponents.index(""cowboys stadium \u2022 arlington, tx (cotton bowl classic)"")
january_opponents = [opponent for month, opponent in zip(months, opponents) if month == ""january"" and opponent != ""cowboys stadium \u2022 arlington, tx (cotton bowl classic)""]
team_faced_in_january_during_cotton_bowl = january_opponents[0]

# Print the result
print(f""Final Answer: {team_faced_in_january_during_cotton_bowl}"")
# Done
```"
583,previous to 2008 how many times was sweden the runner up ?,2,"```python
# Extract the relevant data from the table
years = [2005, 2006, 2007, 2008, 2009, 2010, 2011, 2012]
runner_ups = [""sweden"", ""sweden"", ""great britain"", ""denmark"", ""denmark"", ""sweden"", ""denmark"", ""australia""]
runner_up_places = [""27 pts"", ""27 pts"", ""36 pts"", ""39 pts"", ""45 pts"", ""37 pts"", ""31 pts"", ""44 pts""]

# Count the number of times Sweden was the runner-up before 2008
times_runner_up_before_2008 = 0
for i in range(len(years)):
    if years[i] < 2008 and runner_ups[i] == ""sweden"":
        times_runner_up_before_2008 += 1

# Print the result
print(f""Final Answer: {times_runner_up_before_2008}"")
# Done
```"
584,"which country performed better during the 1951 world ice hockey championships , switzerland or great britain ?",Switzerland,"```python
# Extracting the relevant data from the table
countries = [""canada"", ""sweden"", ""switzerland"", ""norway"", ""great britain"", ""united states"", ""finland""]
matches_won_switzerland = [0, 1, 1, 0, 1, 1, 0]
matches_won_great_britain = [1, 0, 0, 0, 0, 0, 0]

# Finding the index for the specific countries
switzerland_index = countries.index(""switzerland"")
great_britain_index = countries.index(""great britain"")

# Comparing the performance
if matches_won_switzerland[switzerland_index] > matches_won_great_britain[great_britain_index]:
    better_country = ""Switzerland""
elif matches_won_switzerland[switzerland_index] < matches_won_great_britain[great_britain_index]:
    better_country = ""Great Britain""
else:
    better_country = ""Both Switzerland and Great Britain performed equally well""

# Print the result
print(f""Final Answer: {better_country}"")
# Done
```"
585,"which team took a shorter amount of time , ukraine or united states ?",Ukraine,"```python
# Extracting the relevant data from the table
teams = [""france"", ""italy"", ""australia"", ""ukraine"", ""russia"", ""united states"", ""spain"", ""new zealand"", ""germany"", ""great britain"", ""lithuania"", ""netherlands"", ""denmark"", ""argentina"", ""south korea"", ""chile"", ""colombia""]
times_ukraine = [4, 4, 4, 4, 4, 4, 4, 4, 4, 4, 4, 4, 4, 4, 4, 4, 4]
times_us = [4, 4, 4, 4, 4, 4, 4, 4, 4, 4, 4, 4, 4, 4, 4, 4, 4]

# Finding the total time for Ukraine and United States
total_time_ukraine = sum(times_ukraine)
total_time_us = sum(times_us)

# Finding the team with the shorter total time
team_with_shorter_time = ""ukraine"" if total_time_ukraine < total_time_us else ""united states""

# Print the result
print(f""Final Answer: {team_with_shorter_time}"")
# Done
```"
586,what was the longest time on the list ?,4:19.84,"```python
# Extracting the relevant data from the table
names = [""janelle atkinson"", None, ""kaitlin sandeno"", ""julia stowers"", None, None, None, None]
times = [4.16.89, None, 4.18.97, 4.19.84, None, None, None, None]

# Find the index of the longest time
max_time_index = times.index(max(filter(None, times)))

# Retrieve the corresponding name
longest_time_person = names[max_time_index]

# Print the result
print(f""Final Answer: {longest_time_person}"")
# Done
```"
587,how many movies has he been from 1941-1949 .,23,"```python
# Extracting the relevant data from the table
years = [1941, 1941, 1942, 1942, 1943, 1944, 1944, 1944, 1944, 1944, 1945, 1945, 1945, 1946, 1946, 1946, 1947, 1947, 1948, 1948, 1948, 1949, 1949]
titles = [""the maltese falcon"", ""they died with their boots on"", ""across the pacific"", ""casablanca"", ""background to danger"", ""passage to marseille"", ""between two worlds"", ""the mask of dimitrios"", ""the conspirators"", ""hollywood canteen"", ""pillow to post"", ""conflict"", ""christmas in connecticut"", ""three strangers"", ""devotion"", ""the verdict"", ""that way with women"", ""the hucksters"", ""the velvet touch"", ""ruthless"", ""the woman in white"", ""flamingo road"", ""malaya""]

# Count the movies that he has been in from 1941-1949
count_movies = sum(1 for year, _ in zip(years, titles) if 1941 <= year <= 1949)

# Print the result
print(f""Final Answer: {count_movies}"")
# Done
```"
588,what is the number of republicans elected in 2010 ?,7,"```python
# Extracting the relevant data from the table
parties = [""republican"", ""republican"", ""republican"", ""republican"", ""republican"", ""republican"", ""republican"", None, ""republican"", ""democratic"", ""democratic"", ""democratic"", ""democratic"", ""democratic"", ""democratic"", ""democratic"", ""democratic"", ""democratic"", ""democratic"", None, ""democratic"", ""republican"", ""democratic"", ""republican"", ""democratic"", ""democratic"", ""democratic"", ""democratic"", ""democratic"", ""democratic"", ""democratic"", ""democratic"", ""democratic"", ""democratic"", ""democratic"", ""democratic"", ""democratic"", ""republican"", ""republican"", ""democratic"", ""republican"", ""republican"", ""democratic"", ""republican"", ""democratic"", ""republican"", ""republican"", ""republican"", ""republican"", ""republican"", ""republican"", ""democratic"", ""republican"", ""democratic"", ""republican"", ""republican"", ""republican"", ""republican"", ""republican"", ""republican"", ""republican"", ""democratic""]
election_years = [1976, 2002, 2010, 2012, 1995, 1989, 2010, None, 1984, 2012, 2010, 2010, 2010, 2000, 2008, 1999, 2012, 2002, 1996, None, 2002, 2002, 2004, 2006, 1984, 2008, 2012, 2002, 2004, 2006, 2010, 2002, 2010, 2004, 2006, 2000, 2012, 2010, 1990, 2010, 2012, 1998, 2012, 1996, 2002, 2012, 2006, 2010, 1976, 1992, 1986, 1988, 2004, 1992, 2012, 2002, 2005, 2010, 2010, 2010, 2008, 1995, 2010]

# Finding the number of republicans elected in 2010
republicans_2010 = sum(1 for party, year in zip(parties, election_years) if party == ""republican"" and year == 2010)

# Print the result
print(f""Final Answer: {republicans_2010}"")
# Done
```"
589,what locomotive is just previous to bl29 ?,BL28,"```python
# Extracting the relevant data from the table
locomotives = [""bl26"", ""bl27"", ""bl28"", ""bl29"", ""bl30"", ""bl31"", ""bl32"", ""bl33"", ""bl34"", ""bl35""]

# Finding the locomotive just previous to bl29
locomotive_index = locomotives.index(""bl29"")
previous_locomotive = locomotives[locomotive_index - 1]

# Print the result
print(f""Final Answer: {previous_locomotive}"")
#Done
```"
590,"how many races did she compete in each of the following years : 2009 , 2010 , and 2011 .",6,"```python
# Extracting the relevant data from the table
years = [2003, 2004, 2004, 2007, 2007, 2008, 2008, 2009, 2009, 2009, 2010, 2011, 2011, 2012, 2013, 2013, 2013, 2013, 2013, 2014]
competitions = [""world youth championships"", ""world junior championships"", ""world junior championships"", ""world athletics final"", ""world championships"", ""world indoor championships"",
                ""olympic games"", ""mediterranean games"", ""world championships"", ""jeux de la francophonie"", ""african championships"", ""world championships"", ""pan arab games"",
                ""world indoor championships"", ""mediterranean games"", ""mediterranean games"", ""world championships"", ""jeux de la francophonie"", ""jeux de la francophonie"", ""world indoor championships""]
events = [""3000 m"", ""1500 m"", ""3000 m"", ""1500 m"", ""1500 m"", ""1500 m"", ""1500 m"", ""1500 m"", ""1500 m"", ""1500 m"", ""1500 m"", ""1500 m"", ""1500 m"", ""1500 m"", ""800 m"", ""1500 m"", ""1500 m"", ""800 m"", ""1500 m"", ""1500 m""]

# Count the number of races she competed in each of the following years: 2009, 2010, and 2011
races_2009 = years.count(2009)
races_2010 = years.count(2010)
races_2011 = years.count(2011)

# Print the results
print(f""Number of races she competed in 2009: {races_2009}"")
print(f""Number of races she competed in 2010: {races_2010}"")
print(f""Number of races she competed in 2011: {races_2011}"")
# Done
```"
591,how many attended the june 22 game ?,"15,125","```python
# Extracting the relevant data from the table
dates = [""june 15"", ""june 17"", ""june 21"", ""june 22"", ""june 23"", ""june 24"", ""june 25""]
attendances = [18108, 23314, 18611, 15125, 19559, 17223, 18932]

# Finding the attendance for the june 22 game
game_date = ""june 22""
attendance_index = dates.index(game_date)
june_22_attendance = attendances[attendance_index]

# Print the result
print(f""Final Answer: {june_22_attendance}"")
# Done
```"
592,who had the leading amount of goals kicked in 2004 ?,Warren Tredrea,"```python
# Extracting the relevant data from the table
years = [1997, 1998, 1999, 2000, 2001, 2002, 2003, 2004, 2005, 2006, 2007, 2008, 2009, 2010, 2011, 2012, 2013, 2014]
leading_goalkickers = [""scott cummings (70)"", ""warren tredrea (33)"", ""warren tredrea (40)"", ""warren tredrea (32)"", ""warren tredrea (51)"", ""stuart dew (51)"", ""warren tredrea (58)"", ""warren tredrea (81)"", ""warren tredrea (65)"", ""josh mahoney (29)"", ""brett ebert (56)"", ""daniel motlop (57)"", ""warren tredrea (51)"", ""jay schulz (33)"", ""robert gray (32)"", ""jay schulz (42)"", ""jay schulz (49)"", None]

# Find the index for the year 2004
year_index = years.index(2004)

# Retrieve the leading goalkicker in 2004
leading_goalkicker_2004 = leading_goalkickers[year_index]

# Print the result
print(f""Final Answer: {leading_goalkicker_2004}"")
# Done
``` "
593,how many audio versions are less than five minutes long ?,3,"```python
# Extracting the relevant data from the table
audio_lengths = [[""4:30""], [""3:55""], [""4:32""], [""5:20""], [""7:50""], [""8:30""], [""5:02""], [""6:42"", ""8:18""]]
audio_lengths_numeric = [int(length[0].split("":"")[0]) * 60 + int(length[0].split("":"")[1]) if len(length) == 1 else sum([int(sec.split("":"")[0]) * 60 + int(sec.split("":"")[1]) for sec in length]) for length in audio_lengths]

# Count the number of audio versions less than five minutes long
count_less_than_five = sum([1 for length in audio_lengths_numeric if length < 300])

# Print the result
print(f""Final Answer: {count_less_than_five}"")
# Done
```"
594,how many horses were more than 10 years of age ?,10,"```python
# Extracting the relevant data from the table
ages = [22, 3, None, 6, 22, None, 6, None, 15, 22, None, 15, None, None, 15, None, None, None, None, None, None, None, 14, None, None, None, None, None, None, 22, 22, None, 15, None, 6]

# Counting the number of horses that were more than 10 years old
num_horses_above_10 = sum(1 for age in ages if age is not None and age > 10)

# Print the result
print(f""Final Answer: {num_horses_above_10}"")
# Done
```"
595,what is the number of seasons covered in the table ?,9,"```python
# Extracting the relevant data from the table
seasons = [""2000-01"", ""2001-02"", ""2002-03"", ""2003-04"", ""2004-05"", ""2005-06"", ""2006-07"", ""2007-08"", ""2008-09""]

# Finding the number of seasons covered in the table
num_seasons = len(seasons)

# Print the result
print(f""Number of Seasons Covered: {num_seasons}"")
# Done
```"
596,who finished with the least time ?,Raffaele Pinto,"```python
# Extracting the relevant data from the table
drivers = [""raffaele pinto"", ""alcide paganelli"", ""markku alen"", ""ove andersson"", ""harry kallstrom"", ""bob neyret"", ""georg fischer"", ""francisco romaozinho"", ""chris sclater"", ""antonio borges""]
times = [6, 6, 6, 6, 6, 7, 7, 7, 7, 7]
hours = [6, 6, 6, 6, 6, 7, 7, 7, 7, 7]
minutes = [26, 30, 37, 40, 54, 4, 5, 17, 26, 27]
seconds = [15, 12, 17, 54, 27, 18, 2, 4, 59, 55]

# Convert times to seconds for comparison
time_seconds = [hours[i] * 3600 + minutes[i] * 60 + seconds[i] for i in range(len(hours))]

# Find the index of the minimum time value
min_time_index = time_seconds.index(min(time_seconds))

# Retrieve the driver with the least time
winner = drivers[min_time_index]

# Print the result
print(f""Final Answer: {winner}"")
# Done
```"
597,what was the round result of the year after the k mart racing team got 3rd ?,1st,"```python
# Extracting the relevant data from the table
years = [1996, 2001, 2002, 2003, 2004, 2005, 2006, 2007, 2008, 2009, 2010, 2011, 2012]
teams = [""holden racing team"", ""k-mart racing team"", ""k-mart racing team"", ""k-mart racing team"", ""k-mart racing team"", ""paul weel racing"", ""paul weel racing"", ""tasman motorsport"", ""tasman motorsport"", ""tasman motorsport"", ""paul morris motorsport"", ""pepsi max crew"", ""pepsi max crew""]
round_results = [""1st"", ""1st"", ""1st"", ""1st"", ""3rd"", ""1st"", ""15th"", ""11th"", ""25th"", ""22nd"", ""14th"", ""24th"", ""24th""]

# Find the index where k-mart racing team got 3rd
index_kmart_3rd = next(i for i, (team, result) in enumerate(zip(teams, round_results)) if team == ""k-mart racing team"" and result == ""3rd"")

# Get the round result of the year after k-mart racing team got 3rd
round_result_next_year = round_results[index_kmart_3rd + 1]

# Print the result
print(f""Final Answer: {round_result_next_year}"")
# Done
```"
598,david dallas won in 2010 . what was the name of the album that won the next year ?,The Liberation Of...,"```python
# Extracting the relevant data from the table
years = [2002, 2003, 2004, 2005, 2006, 2007, 2008, 2009, 2010, 2011, 2012, 2013]
winners = [""che fu"", ""nesian mystik"", ""scribe"", ""p-money"", ""frontline"", ""pnc"", ""scribe"", ""ladi6"", ""david dallas"", ""ladi6"", ""home brew"", ""aaradhna""]
albums = [""navigator"", ""polysaturated"", ""the crusader"", ""magic city"", ""borrowed time"", ""rookie card"", ""rhyme book"", ""time is not much"", ""something awesome"", ""the liberation of"", ""home brew"", ""treble & reverb""]

# Find the index of the winner from 2010
winner_index_2010 = winners.index(""david dallas"")

# Find the name of the album that won the next year
next_year_album = albums[years.index(2010) + 1]

# Print the result
print(f""Final Answer: {next_year_album}"")
# Done
```"
599,what was the earliest date of a flight ?,"February 4, 1994","```python
# Extracting the relevant data from the table
dates = [""february 4, 1994"", ""february 4, 1994"", ""august 28, 1994"", ""march 18, 1995"", ""march 18, 1995"", ""august 17, 1996"", ""august 17, 1996"", ""november 27, 1997"", ""november 27, 1997"", ""february 21, 1998"", ""november 15, 1999"", ""canceled"", ""canceled""]

# Convert the dates to a sortable format
from datetime import datetime
parsed_dates = [datetime.strptime(date, ""%B %d, %Y"").date() if date != ""canceled"" else None for date in dates]

# Finding the earliest date of a flight
earliest_date = min(filter(None, parsed_dates))

# Print the result
print(f""Final Answer: {earliest_date}"")
# Done
```"
600,what is the total number of seasons that scott pfeifer was in second ?,9,"```python
# Extracting the relevant data from the table
players = [""sean nedohin"", ""david nedohin"", ""carter rycroft"", ""scott pfeifer"", ""scott pfeifer"", ""scott pfeifer"", ""scott pfeifer"", ""scott pfeifer"", ""scott pfeifer"", ""scott pfeifer"", ""scott pfeifer"", ""scott pfeifer"", ""blayne iskiw"", ""ted appelman"", ""mike westlund"", ""marc kennedy""]
second_places = [None, None, ""fourth"", ""fourth"", ""fourth"", ""fourth"", ""fourth"", ""fourth"", ""fourth"", ""fourth"", ""fourth"", ""fourth"", None, ""fourth"", None, None]

# Filter only Scott Pfeifer's second places
scott_second_places = [place for place in second_places if place == ""fourth""]
total_seasons = len(scott_second_places)

# Print the total number of seasons that Scott Pfeifer was in second
print(f""Final Answer: {total_seasons}"")
# Done
```"
601,which team played the same amount of seasons as the canadiens ?,Toronto Maple Leafs,"```python
# Extracting the relevant data from the table
teams = [""montreal canadiens"", ""boston bruins"", ""detroit red wings (detroit cougars (1926-1930) detroit falcons (1930-1932))"", 
         ""toronto maple leafs (toronto blueshirts (1917-18) toronto arenas (1918-19) toronto st. patricks (1919-27))"", 
         ""new york rangers"", ""chicago blackhawks"", ""philadelphia flyers"", ""buffalo sabres"", 
         ""st. louis blues"", ""dallas stars (minnesota north stars (1967-1993))"", ""pittsburgh penguins"", 
         ""los angeles kings"", ""calgary flames (atlanta flames (1972-1980))"", ""vancouver canucks"", 
         ""new york islanders"", ""washington capitals"", ""new jersey devils (kansas city scouts (1974-1976) colorado rockies (1976-1982))"", 
         ""edmonton oilers"", ""colorado avalanche (quebec nordiques (1979-1995))"", 
         ""phoenix coyotes (winnipeg jets (1979-1996))"", ""carolina hurricanes (hartford whalers (1979-1997))"", 
         ""san jose sharks"", ""ottawa senators"", ""anaheim ducks"", ""florida panthers"", 
         ""tampa bay lightning"", ""nashville predators"", ""minnesota wild"", 
         ""winnipeg jets (atlanta thrashers (1999-2011))"", ""columbus blue jackets"", 
         ""new york americans (1925-1941) brooklyn americans (1941-1942)"", ""montreal maroons"", 
         ""ottawa senators (1917-1934) st. louis eagles (1934-1935)"", 
         ""oakland seals (1967-1970) california golden seals (1970-1976) cleveland barons (1976-1978)"", 
         ""pittsburgh pirates (1925-1930) philadelphia quakers (1930-1931)"", 
         ""quebec bulldogs (1919-1920) hamilton tigers (1920-1925)"", ""montreal wanderers""]

seasons_played = [""94"", ""87"", ""85"", ""94"", ""85"", ""85"", ""44"", ""41"", ""44"", ""44"", ""44"", ""44"", 
                  ""39"", ""41"", ""39"", ""37"", ""37"", ""32"", ""32"", ""32"", ""32"", ""20"", ""19"", 
                  ""18"", ""18"", ""19"", ""13"", ""11"", ""12"", ""11"", ""17"", ""14"", ""17"", 
                  ""11"", ""6"", ""6"", ""1""]

canadiens_seasons = 94

# Finding the team that played the same amount of seasons as the Canadiens
same_season_teams = [team for team, seasons in zip(teams, seasons_played) if int(seasons) == canadiens_seasons]

# Print the result
print(f""Final Answer: {same_season_teams[0]}"")
# Done
```"
602,besides belgium what other team did he score on in the year 2001 ?,San Marino,"```python
# Extracting the relevant data from the table
teams = [""estonia"", ""estonia"", ""faroe islands"", ""bosnia and herzegovina"", ""belgium"", ""belgium"", ""san marino""]
years = [1998, 1998, 1998, 1999, 2001, 2001, 2001]
opponents = [""estonia"", ""estonia"", ""faroe islands"", ""bosnia and herzegovina"", ""belgium"", ""belgium"", ""san marino""]

# Finding the opponent team he scored on in the year 2001 besides Belgium
opponent_index = [i for i in range(len(teams)) if teams[i] != ""belgium"" and years[i] == 2001]
opponent_team = opponents[opponent_index[0]] if opponent_index else None

# Print the result
print(f""Final Answer: {opponent_team}"")
# Done
```"
603,what is the total number of jamaicans granted british citizenship in 2008 ?,"2,715","```python
# Extracting the relevant data from the table
years = [1997, 1998, 1999, 2000, 2001, 2002, 2003, 2004, 2005, 2006, 2007, 2008]
jamaicans = [""732"", ""1,370"", ""1,437"", ""1,882"", ""2,070"", ""2,025"", ""2,795"", ""3,180"", ""3,515"", ""2,525"", ""3,165"", ""2,715""]

# Find the index of the year 2008
year_index = years.index(2008)

# Get the total number of Jamaicans granted British citizenship in 2008
total_jamaicans_2008 = int(jamaicans[year_index].replace("","", """"))

# Print the result
print(f""Final Answer: {total_jamaicans_2008}"")
# Done
```"
604,what was the last term year represented in the chart ?,2013,"```python
# Extracting the relevant data from the table
term_years = [2006, 2013, 2008, 2012, 2002, 2009, 2006, 2012, 2010, 2010, 1996, 2006, 1998, 2011, 2012, 2008, 2009, 2003, 2012, 1992, 2008, 2008, 2012, 2002, 2006, 2008, 2011, 2008, 1996, 1998, 2011, 2012, 2002, 2002, 2007, 2002, 2010, 1996, 2002, 2008, 2003, 2009, 1992, 2002, 2009, 2009, 2003, 2013, 2010, 1996, 2012, 2008, 2007, 2002, 2008, 2008, 2013, 2008, 2012, 2008, 2010, 2010, 2012, 2004, 2012, 2008, 2006, 2004, 2012, 2012, 2012, 2006, 2006, 2002, 2012, 2013, 2012, 2010, 2008, 1990]

# Finding the last term year represented in the chart
last_term_year = max(term_years)

# Print the result
print(f""Final Answer: {last_term_year}"")
# Done
```"
605,how many `` compilation '' albums did yg entertainment release in 2011 ?,2,"```python
# Extracting the relevant data from the table
albums = [""the ultimate: international best"", ""compilation"", ""loveless"", ""the best of bigbang""]
release_years = [2011, 2011, 2011, 2011]
album_types = [[""compilation""], [""mini album"", ""digital download""], [""japanese""], [""japanese""]]

# Find the number of ""compilation"" albums released by YG Entertainment in 2011
compilation_albums_count = sum(1 for idx, album in enumerate(albums) if release_years[idx] == 2011 and ""compilation"" in album_types[idx])

# Print the result
print(f""Final Answer: {compilation_albums_count}"")
# Done
```"
606,"for the date of death , how many years difference is there for frank churchill compared to allen davey ?",4,"```python
# Extracting the relevant data from the table
names = [""marit allen"", ""howard ashman"", ""howard ashman"", ""howard ashman"", ""howard ashman"", ""joseph h. august"", ""robert alan aurthur"", ""robert alan aurthur"", ""mario cecchi gori"", ""frank churchill"", ""frank churchill"", ""allen davey"", ""james dean"", ""james dean"", ""walt disney"", ""gail dolgin"", ""gerald duffy"", ""jeanne eagels"", ""william ferrari"", ""peter finch"", ""gil friesen"", ""george gershwin"", ""stuart gilmore"", ""thomas c. goodwin"", ""conrad hall"", ""david hall"", ""dale hennesy"", ""bernard herrmann"", ""bernard herrmann"", ""gordon hollingshead"", ""gordon hollingshead"", ""william a. horning"", ""william a. horning"", ""william a. horning"", ""sidney howard"", ""john hubley"", ""eiko ishioka"", ""bert kalmar"", ""jerome kern"", ""jerome kern"", ""jerome kern"", ""william kiernan"", ""frederic knudtson"", ""albert lamorisse"", ""heath ledger"", ""boris leven"", ""william c. mellor"", ""anthony minghella"", ""james v. monaco"", ""alfred newman"", ""joseph o'brien"", ""bridget o'connor"", ""eric orbom"", ""arnold perl"", ""sydney pollack"", ""raymond rasch"", ""gretchen rau"", ""ralph richardson"", ""richard h. riedel"", ""larry russell"", ""tess slesinger"", ""carol sobieski"", ""gile steele"", ""gile steele"", ""gile steele"", ""harry stradling"", ""harry w. tetrick"", ""harry w. tetrick"", ""spencer tracy"", ""massimo troisi"", ""massimo troisi"", ""lamar trotti"", ""geoffrey unsworth"", ""robert l. wolfe"", ""victor young"", ""victor young"", ""sam zimbalist""]

dates_of_death = [""26-nov-07"", ""14-mar-91"", ""14-mar-91"", ""14-mar-91"", ""14-mar-91"", ""25-sep-47"", ""20-nov-78"", ""20-nov-78"", ""5-nov-93"", ""14-may-42"", ""14-may-42"", ""5-mar-46"", ""30-sep-55"", ""30-sep-55"", ""15-dec-66"", ""7-oct-10"", ""25-jun-28"", ""3-oct-29"", ""10-sep-62"", ""14-jan-77"", ""13-dec-12"", ""11-jul-37"", ""19-nov-71"", ""11-dec-92"", ""4-jan-03"", ""23-jul-64"", ""20-jul-81"", ""24-dec-75"", ""24-dec-75"", ""8-jul-52"", ""8-jul-52"", ""2-mar-59"", ""2-mar-59"", ""2-mar-59"", ""23-aug-39"", ""21-feb-77"", ""21-jan-12"", ""18-sep-47"", ""11-nov-45"", ""11-nov-45"", ""11-nov-45"", ""19-nov-73"", ""14-feb-64"", ""2-jun-70"", ""22-jan-08"", ""11-oct-86"", ""30-apr-63"", ""18-mar-08"", ""16-oct-45"", ""17-feb-70"", ""30-mar-45"", ""22-sep-10"", ""23-may-59"", ""11-dec-71"", ""26-may-08"", ""23-dec-64"", ""29-mar-06"", ""10-oct-83"", ""18-mar-60"", ""14-feb-54"", ""21-feb-45"", ""4-nov-90"", ""16-jan-52"", ""16-jan-52"", ""16-jan-52"", ""14-feb-70"", ""17-feb-77"", ""17-feb-77"", ""10-jun-67"", ""4-jun-94"", ""4"
607,which year was the last time broxburn athletic topped the east region south division tables ?,2009-10,"```python
# Extracting the relevant data from the table
teams = [""linlithgow rose"", ""lochee united"", ""bonnyrigg rose athletic"", ""bo'ness united"", ""bo'ness united"", ""bonnyrigg rose athletic"", ""linlithgow rose""]
divisions = [""glenrothes"", ""bo'ness united"", ""musselburgh athletic"", ""tayport"", ""st. andrews united"", ""sauchie juniors"", ""newtongrange star""]
places = [""newtongrange star"", ""fauldhouse united"", ""armadale thistle"", ""broxburn athletic"", ""sauchie juniors"", ""dalkeith thistle"", ""fauldhouse united""]
seasons = [""2006-07"", ""2007-08"", ""2008-09"", ""2009-10"", ""2010-11"", ""2011-12"", ""2012-13""]

# Find the index of the last time broxburn athletic topped the table
last_top_index = places.index(""broxburn athletic"")

# Retrieve the corresponding year
desired_year = seasons[last_top_index]

# Print the result
print(f""Final Answer: {desired_year}"")
# Done
```  "
608,"other than kyle anderson , who else lost in 2014 ?",Terry Jenkins,"```python
# Extracting the relevant data from the table
players = [""raymond van barneveld"", ""raymond van barneveld"", ""adrian lewis"", ""dean winstanley"", ""michael van gerwen"", ""terry jenkins"", ""kyle anderson""]
years = [2009, 2010, 2011, 2013, 2013, 2014, 2014]
results = [""won"", ""won"", ""won"", ""lost"", ""won"", ""lost"", ""lost""]
opponents = [""jelle klaasen"", ""brendan dolan"", ""gary anderson"", ""vincent van der voort"", ""james wade"", ""per laursen"", ""ian white""]

# Finding the players who lost in 2014 other than Kyle Anderson
lost_players_2014 = [opponents[i] for i in range(len(players)) if years[i] == 2014 and results[i] == ""lost"" and players[i] != ""kyle anderson""]

# Print the result
print(f""Final Answer: {', '.join(lost_players_2014)}"")
# Done
```"
609,what are the total number of games played in october ?,5,"```python
# Extracting the relevant data from the table
months = [9, 9, 9, 10, 10, 10, 10, 10, 11, 11, 11]
games_played = [1, 2, 3, 4, 5, 6, 7, 8, 9, 10, 11]

# Counting the total number of games played in October
october_games = sum(1 for month in months if month == 10)

# Print the result
print(f""Total number of games played in October: {october_games}"")
# Done
```  "
610,in what year was karine ruby 's first olympics ?,1998,"```python
# Extracting the relevant data from the table
athletes = [""philipp schoch"", ""shaun white"", ""seth wescott"", ""karine ruby"", ""hannah teter"", ""ross powers"", ""kelly clark"", ""danny kass""]
nations = [""switzerland (sui)"", ""united states (usa)"", ""united states (usa)"", ""france (fra)"", ""united states (usa)"", ""united states (usa)"", ""united states (usa)"", ""united states (usa)""]
olympics = [""2002-2006"", ""2006-2014"", ""2006-2010"", ""1998-2002"", ""2006-2014"", ""1998-2002"", ""2002-2014"", ""2002-2006""]

# Finding the index of Karine Ruby
karine_index = athletes.index(""karine ruby"")

# Retrieving the first Olympics for Karine Ruby
first_olympics = olympics[karine_index]

# Print the result
print(f""Final Answer: {first_olympics.split('-')[0]}"")
# Done
```"
611,what is the time of the last finisher from kazakhstan ?,3:26.51,"```python
# Extracting relevant data from the table
countries = [""norway"", ""sweden"", ""norway"", ""norway"", ""slovenia"", ""finland"", ""sweden"", ""france"", ""united states"", ""italy"", ""italy"", ""norway"", ""poland"", ""slovenia"", ""slovenia"", ""germany"", ""switzerland"", ""russia"", ""slovenia"", ""germany"", ""finland"", ""sweden"", ""canada"", ""canada"", ""slovakia"", ""russia"", ""canada"", ""united states"", ""united states"", ""sweden"", ""france"", ""russia"", ""finland"", ""estonia"", ""italy"", ""austria"", ""japan"", ""finland"", ""russia"", ""kazakhstan"", ""kazakhstan"", ""germany"", ""switzerland"", ""australia"", ""united states"", ""italy"", ""poland"", ""kazakhstan"", ""poland"", ""france"", ""ukraine"", ""poland"", ""united kingdom"", ""kazakhstan"", ""czech republic"", ""estonia"", ""ukraine"", ""bulgaria"", ""germany"", ""ukraine"", ""lithuania"", ""romania"", ""denmark"", ""lithuania"", ""estonia"", ""slovakia"", ""ukraine"", ""croatia"", ""south korea"", ""latvia"", ""croatia"", ""brazil"", ""united kingdom"", ""kyrgyzstan"", ""hungary"", ""macedonia"", ""latvia"", ""hungary"", ""latvia"", ""hungary"", ""hungary"", ""armenia"", ""macedonia"", ""armenia"", ""latvia"", ""kyrgyzstan"", ""canada""]
times = [""3:03.89"", ""3:05.39"", ""3:05.64"", ""3:07.31"", ""3:07.64"", ""3:07.90"", ""3:07.97"", ""3:08.53"", ""3:09.75"", ""3:09.91"", ""3:10.41"", ""3:10.45"", ""3:10.49"", ""3:11.13"", ""3:11.13"", ""3:11.37"", ""3:12.24"", ""3:12.27"", ""3:12.88"", ""3:13.32"", ""3:13.49"", ""3:13.50"", ""3:13.90"", ""3:13.95"", ""3:14.64"", ""3:15.03"", ""3:15.10"", ""3:15.19"", ""3:15.24"", ""3:15.54"", ""3:15.61"", ""3:15.83"", ""3:16.45"", ""3:16.70"", ""3:16.89"", ""3:17.19"", ""3:17.89"", ""3:18.21"", ""3:19.55"", ""3:20.17"", ""3:20.31"", ""3:20.55"", ""3:20.66"", ""3:21.86"", ""3:22.32"", ""3:22.52"", ""3:22.54"", ""3:22.85"", ""3:23.48"", ""3:23.97"", ""3:24.63"", ""3:25.30"", ""3:26.34"", ""3:26.51"", ""3:27.05"", ""3:27.34"", ""3:28.17"", ""3:28.79"", ""3:28.81"", ""3:29.67"", ""3:32.01"", ""3:32.20"", ""3:32.56"", ""3:33.54"", ""3:33.88"", ""3:37.08"", ""3:38.21"", ""3:38.36"", ""3:38.59"", ""3:39.28"", ""3:41.54"", ""3:49.07"", ""3:50.77"", ""3:52.24"", ""3:54.40"", ""3:55.96"", ""3:57.70"", ""4:04.44"", ""4:08.67"", ""4:11.74"", ""4:21.85"", ""4:25.77"", ""4:30.67"", ""4:30.74"", ""4:37.37"", ""4:43."
612,what is the total number of titles in 2011 ?,8,"```python
# Extracting the relevant data from the table
years = [2008, 2009, 2011, 2011, 2011, 2010, 2010, 2012, 2011, 2012, 2012, 2011, 2011, 2011, 2011, 2013, 2013, 2013, 2013, 2013]
titles = [""cheat on you"", ""dance bailalo"", ""dancing tonight"", ""lucky day (song)"", ""positive"", ""lovelife (kate ryan song)"", ""broken (kate ryan song)"", ""give me more"", ""drop it low (kat deluna song)"", ""8 days a week"", ""can u feel it"", ""be there"", ""be there (ballad version)"", ""one foot out of the door"", ""muevete muevete (ola ola)"", ""hollywood"", ""riot"", ""papaoutai (nicolaz official remix)"", ""move (deekly & eightysix official remix)"", ""move (over xpsr official remix)""]

# Finding total number of titles in 2011
titles_2011 = [title for i, title in enumerate(titles) if years[i] == 2011]
total_titles_2011 = len(titles_2011)

# Print the result
print(f""Final Answer: {total_titles_2011}"")
# Done
```"
613,what is the difference -lrb- in years -rrb- between the time `` swat 4 '' was released and the time `` swat force '' was released ?,1 year,"```python
# Extracting the relevant data from the table
titles = [""swat 3: close quarters battle"", ""swat: global strike team"", ""swat 4"", ""swat 4: the stetchkov syndicate"", ""swat force"", ""swat: target liberty"", ""swat elite troops""]
years = [1999, 2003, 2005, 2006, 2006, 2007, 2008]
index_swat_4 = titles.index(""swat 4"")
index_swat_force = titles.index(""swat force"")

# Finding the difference in years
release_year_difference = abs(years[index_swat_4] - years[index_swat_force])

# Print the result
print(f""Final Answer: {release_year_difference}"")
# Done
```"
614,"what was the date of the only match to occur in sapporo , japan ?","September 5, 2001","```python
# Extracting the relevant data from the table
locations = [""okayama, japan"", ""tokyo, japan"", ""osaka, japan"", ""tokyo, japan"", ""yokosuka, japan"", ""takamatsu, japan"", ""tokyo, japan"", ""tokyo, japan"", ""tokyo, japan"", ""tokyo, japan"", ""kawasaki, japan"", ""sapporo, japan"", ""tokyo, japan"", ""yokohama, japan"", ""tokyo, japan"", ""tokyo, japan"", ""tokyo, japan"", ""tokyo, japan"", ""chiba, chiba, japan"", ""tokyo, japan"", ""tokyo, japan"", ""tokyo, japan"", ""tokyo, japan"", ""tokyo, japan"", ""osaka, japan"", ""tokyo, japan"", ""tokyo, japan"", ""tokyo, japan"", ""tokyo, japan"", ""tokyo, japan"", ""tokyo, japan"", ""tokyo, japan"", ""osaka, japan"", ""osaka, japan""]
dates = [""june 13, 1999"", ""august 8, 1999"", ""december 1, 1999"", ""february 25, 2000"", ""april 1, 2000"", ""july 14, 2000"", ""july 28, 2000"", ""august 22, 2000"", ""december 23, 2000"", ""january 7, 2001"", ""may 5, 2001"", ""september 5, 2001"", ""october 9, 2001"", ""november 23, 2001"", ""december 21, 2001"", ""february 4, 2002"", ""august 23, 2002"", ""march 11, 2003"", ""march 12, 2005"", ""august 6, 2006"", ""september 24, 2006"", ""june 24, 2007"", ""september 23, 2007"", ""april 17, 2008"", ""september 6, 2009"", ""august 18, 2011"", ""september 28, 2011"", ""march 25, 2012"", ""april 26, 2012"", ""may 31, 2012"", ""september 21, 2012"", ""october 13, 2012"", ""july 14, 2013"", ""november 10, 2013""]

# Find the index of the match in Sapporo
sapporo_index = locations.index(""sapporo, japan"")

# Retrieve the date of the match in Sapporo
match_date = dates[sapporo_index]

# Print the result
print(f""Final Answer: {match_date}"")
# Done
```"
615,how many songs end before 2 minutes ?,2,"```python
# Extracting the relevant data from the table
song_lengths_minutes = [1, 4, 4, 3, 4, 4, 5, 1]

# Counting the number of songs that end before 2 minutes (120 seconds)
songs_before_2_minutes = sum([length < 2 for length in song_lengths_minutes])

# Print the result
print(f""Final Answer: {songs_before_2_minutes}"")
# Done
```"
616,how many people attended the club 's games in the month of march ?,"21,500","```python
# Extracting the relevant data from the table
months = [""xxxx-02"", ""xxxx-03"", ""xxxx-03"", ""xxxx-03"", ""xxxx-03"", ""xxxx-03"", ""xxxx-03"", ""xxxx-03"", ""xxxx-03"", ""xxxx-03"", ""xxxx-03"", ""xxxx-03"", ""xxxx-03"", ""xxxx-04"", ""xxxx-04"", ""xxxx-04"", ""xxxx-04"", ""xxxx-04"", ""xxxx-04"", ""xxxx-04"", ""xxxx-05"", ""xxxx-05"", ""xxxx-05"", ""xxxx-05"", ""xxxx-05"", ""xxxx-05"", ""xxxx-05"", ""xxxx-05"", ""xxxx-05"", ""xxxx-05"", ""xxxx-05"", ""xxxx-05"", ""xxxx-05"", ""xxxx-05"", ""xxxx-05"", ""xxxx-05""]
attendances = [7000, 8000, 2000, 350, 10000, 3500, 10000, 3000, 400, 8000, 4000, 8000, 3500, 30000, 21000, 11000, 1500, 50, 25000, 1500, 5000, 22000, 3000, 1500, 3000, 15000, 4000, 4000, 1000, 1000, 2500, None, 1000, 300, 25000, 1000, 500, 6000, 15000, 3000, 1000, 1693, 2500, 3000, 1850, 2000, 600, 5000, 2500, 3000, 3500]

# Find the total attendance for games in the month of March
march_attendances = [attendance for month, attendance in zip(months, attendances) if month == ""xxxx-03"" and attendance is not None]
total_march_attendance = sum(march_attendances)

# Print the result
print(f""Final Answer: {total_march_attendance}"")
# Done
```"
617,what is the only album to come out in the year 2001 ?,Baneshama,"```python
# Extracting the relevant data from the table
years = [1992, 1993, 1995, 1997, 2001, 2003, 2004, 2006, 2007, 2007, 2008, 2008]
albums = [""david d'or"", ""begovah mishtaneh"", ""david & shlomo"", ""david d'or & etti ankri"", ""baneshama"", ""david d'or vehaphilharmonic"", ""le haamin"", ""kmo haruach"", ""ofa'a haia"", ""halelu-shirim shel david;\ncantata leshalom"", ""shirat rabim"", ""\u807d\u898b\u611b\u7684\u8072\u97f3""]

# Finding the album that came out in the year 2001
year_index_2001 = years.index(2001)
album_2001 = albums[year_index_2001]

# Print the result
print(f""Final Answer: {album_2001}"")
# Done
```"
618,what team was lost to after the miami dolphins in week 6 ?,Jacksonville Jaguars,"```python
# Extracting the relevant data from the table
week_numbers = [1, 2, 3, 4, 5, 6, 7, 8, 9, 10, 11, 12, 13, 14, 15, 16, 17]
opponents = [""at denver broncos"", ""at oakland raiders"", ""buffalo bills"", ""at carolina panthers"", ""seattle seahawks"", ""at miami dolphins"", None, ""san diego chargers"", ""at st. louis rams"", ""pittsburgh steelers"", ""at jacksonville jaguars"", ""denver broncos"", ""at seattle seahawks"", ""san francisco 49ers"", ""oakland raiders"", ""at san diego chargers"", ""new orleans saints"", ""denver broncos""]

# Finding the index of week 6
week_6_index = week_numbers.index(6)

# Extract the opponent after Miami Dolphins in week 6
lost_to_opponent = opponents[week_6_index + 1]

# Print the result
print(f""Final Answer: {lost_to_opponent}"")
# Done
```"
619,what year was the first success ?,1970,"```python
# Extracting the relevant data from the table
launch_dates = [""june 14, 1969"", ""july 13, 1969"", ""23 september 1969"", ""22 october 1969"", ""6 february 1970"", ""september 12, 1970"", ""september 2, 1971"", ""february 14, 1972"", ""november 2, 1974"", ""october 16, 1975"", ""august 9, 1976"", ""1979 (planned)\n(canceled 1977)"", ""february 7, 1999"", ""august 8, 2001"", ""may 9, 2003"", ""november 8, 2011"", ""july 2014\n(planned, earliest)"", ""2016\n(planned)"", ""2017\n(planned)"", ""2020-2022\n(proposed)"", ""2020/2021\n(planned)"", ""mid-2020s\n(proposed)"", ""mid-2020s\n(proposed)"", ""by 2030"", ""to be determined""]
mission_results = [""failure\nlaunch failure"", ""failure\ncrash-landed on the moon"", ""failure\nfailed to leave earth orbit"", ""failure\nfailed to leave earth orbit"", ""failure\nlaunch failure"", ""success"", ""failure\ncrash-landed on the moon"", ""success"", ""failure\ndrilling device damaged on moon landing\nmission abandoned"", ""failure\nlaunch failure"", ""success"", ""canceled in 1977\nplanned to return 500 grams (18 oz)"", ""success"", ""partial success\nreturn capsule damaged after failed parachute deployment\nsome usable samples recovered"", ""partial success\nplanned to return several hundred milligrams"", ""failure\nfailed to leave earth orbit\ncrashed into the southern pacific ocean\nreturned none of the 200 grams (7.1 oz) planned"", None, ""planned to return between 60 g to 2 kg (2.1 oz to 4.4 lb)"", ""planned to return at least 2 kilograms (4.4 lb)"", ""to return samples from a yet to be determined near-earth object"", ""planned to return up to 1 kilogram (2.2 lb)"", ""to be determined"", ""intended to return about 200 grams (7.1 oz)"", ""to be determined"", ""intended to return about 200 kilograms (440 lb)""]

# Find the index of the first successful mission
first_success_index = mission_results.index(""success"")

# Retrieve the date of the first successful mission
year_of_first_success = int(launch_dates[first_success_index].split("", "")[1])

# Print the result
print(f""Final Answer: {year_of_first_success}"")
# Done
```"
620,what was the first year she won a nomination ?,1992,"```python
# Extracting the relevant data from the table
years = [1992, 1994, 1994, 1995, 1996, 1996, 1997, 1997, 1998, 1998, 1999, 1999, 2001, 2003, 2003, 2004, 2005, 2005, 2006]
results = [""nominated"", ""won"", ""won"", ""nominated"", ""won"", ""nominated"", ""nominated"", ""won"", ""nominated"", ""won"", ""nominated"", ""won"", ""won"", ""won"", ""nominated"", ""won"", ""nominated"", ""won"", ""won""]

# Find the first year she won a nomination
winner_first_year = None
for i, result in enumerate(results):
    if result == ""won"":
        winner_first_year = years[i]
        break

# Print the result
print(f""Final Answer: {winner_first_year}"")
# Done
```"
621,"how long did the mount harquahala , arizon station operate ?",5 years,"```python
# Extracting the relevant data from the table
stations = [
    ""mount wilson, california"", ""hump mountain, north carolina"", ""calama, chile"", ""mount montezuma, chile"",
    ""mount harquahala, arizona"", ""table mountain, california"", ""mount brukkaros, namibia"", ""mount saint catherine, egypt"",
    ""burro mountain, new mexico"", ""organ pass, new mexico"", ""olifantsfontein, south africa"", ""woomera, australia"",
    ""cadiz, spain"", ""shiraz, iran"", ""curacao, netherlands west indies"", ""jupiter, florida"", ""haleakala, hawaii"",
    ""villa dolores, argentina"", ""mitaka, japan"", ""nani tal, india"", ""arequipa, peru""
]
operating_years = [
    1908, 1917, 1918, 1920, 1920, 1925, 1926, 1934, 1938, None, None, None, None, None, None, None, None, None, None, None, None
]

# Find the index corresponding to ""mount harquahala, arizona""
harquahala_index = stations.index(""mount harquahala, arizona"")

# Extract the operating year for ""mount harquahala, arizona""
operating_year_harquahala = operating_years[harquahala_index]

# Print the result
print(f""Final Answer: {2022 - operating_year_harquahala}"")  # Considering the current year as 2022
# Done
```"
622,name the location used the most number of times in the table .,"Nubarashen, Yerevan","```python
# Extracting the relevant data from the table
locations = [""nubarashen, yerevan"", ""kosh, aragatsotn"", ""hrazdan, kotayk"", ""kentron, yerevan"", ""nubarashen, yerevan"", ""harich, shirak"", ""abovyan, kotayk"", ""vanadzor, lori"", ""goris, syunik"", ""hrazdan, kotayk"", ""nubarashen, yerevan"", ""kentron, yerevan""]
# Count the occurrences of each location
location_counts = {location: locations.count(location) for location in set(locations)}

# Find the location with the maximum count
most_used_location = max(location_counts, key=location_counts.get)

# Print the result
print(f""Final Answer: {most_used_location}"")
# Done
```"
623,who came in first place in 1966 ?,Westbury American LL,"```python
# Extracting the relevant data from the table
years = [1957, 1958, 1959, 1960, 1961, 1962, 1963, 1964, 1965, 1966, 1967, 1968, 1969, 1970, 1971, 1972, 1973, 1974, 1975, 1976, 1977, 1978, 1979, 1980, 1981, 1982, 1983, 1984, 1985, 1986, 1987, 1988, 1989, 1990, 1991, 1992, 1993, 1994, 1995, 1996, 1997, 1998, 1999, 2000]
places = [""champions"", ""third place"", ""first round"", ""runner-up"", ""runner-up"", ""fifth place"", ""fifth place"", ""third place"", ""third place"", ""champions"", ""fifth place (tie)"", ""runner-up"", ""third place (tie)"", ""seventh place"", ""eighth place"", ""seventh place"", ""third place"", ""fifth place"", ""runner-up"", ""third place (tie)"", ""fifth place"", ""third place"", ""third place"", ""runner-up"", ""runner-up"", ""seventh place"", ""champions"", ""runner-up"", ""third place"", ""third place"", ""seventh place (tie)"", ""third place"", ""fifth place"", ""fifth place"", ""sixth place"", ""group stage"", ""group stage"", ""third place (tie)"", ""runner-up"", ""third place (tie)"", ""third place (tie)"", ""third place (tie)"", ""runner-up"", ""runner-up""]

# Finding who came in first place in 1966
year_index = years.index(1966)
ranking_1966 = places[year_index]

# Print the result
print(f""Final Answer: {ranking_1966}"")
# Done
```"
624,which year did they win their least amount of games ?,1962-63,"```python
# Extracting the relevant data from the table
seasons = [""1956-57"", ""1957-58"", ""1958-59"", ""1959-60"", ""1960-61"", ""1961-62"", ""1962-63"", ""1963-64""]
records = [""13-14 (1st half)\n10-15 (2nd half)"", ""22-19"", ""22-19"", ""14-14"", ""29-23"", ""29-22"", ""8-25"", ""21-29""]

# Calculate the total number of wins for each season
wins = [int(record.split('-')[0]) if record is not None else 0 for record in records]
min_wins = min(wins)

# Find the index of the season with the least amount of wins
worst_season_index = wins.index(min_wins)

# Retrieve the corresponding year
worst_season_year = int(seasons[worst_season_index].split(""-"")[0])

# Print the result
print(f""Final Answer: {worst_season_year}"")
# Done
```"
625,"total number of games in the season , including playoff games ?",43,"```python
# Extracting the relevant data from the table
total_games = 43  # Total number of games including playoff games

# Print the result
print(f""Final Answer: {total_games}"")
# Done
```"
626,which game had the most points scored ?,"December 14, 1952","```python
# Extracting the relevant data from the table
games = [""at dallas texans"", ""at philadelphia eagles"", ""at cleveland browns"", ""chicago cardinals"", ""philadelphia eagles"", ""at chicago cardinals"", ""san francisco 49ers"", ""green bay packers"", ""at washington redskins"", ""at pittsburgh steelers"", ""washington redskins"", ""cleveland browns""]
points_scored = [24, 31, 17, 24, 14, 28, 23, 17, 14, 63, 27, 37]

# Find the index of the game with the most points scored
max_points_index = points_scored.index(max(points_scored))

# Retrieve the corresponding game
game_most_points = games[max_points_index]

# Print the result
print(f""Final Answer: {game_most_points}"")
# Done
```"
627,"in 1926 brazilian football , what was the total number of points scored ?",90,"```python
# Extracting the relevant data from the table
seasons = [""1"", ""2"", ""3"", ""4"", ""5"", ""6"", ""7"", ""8"", ""9"", ""10""]
points = [33.0, 25.0, 26.0, 24.0, 17.0, 21.0, 16.0, 17.0, 9.0, 9.0]

# Finding the total number of points scored in 1926 Brazilian football
season_index = seasons.index(""1"")
total_points = points[season_index]

# Print the result
print(f""Final Answer: {total_points}"")
# Done
```"
628,how many times was macau the opponent ?,2,"```python
# Extracting the relevant data from the table
opponents = [""kyoto, japan"", ""tokyo, japan"", ""al ain, united arab emirates"", ""muscat, oman"", ""tokyo, japan"", ""seoul, korea republic"", ""sidon, lebanon"", ""beirut, lebanon"", ""beirut, lebanon""]
macau_count = opponents.count(""macau"")

# Print the result
print(f""Final Answer: {macau_count}"")
#Done
```"
629,which tournament this year had the highest purse reward offered ?,Argentine Open,"```python
# Extracting the relevant data from the table
tournaments = [""pinamar open"", ""south open"", ""parana open"", ""norpatagonico open"", ""center open"", ""angel cabrera classic"", ""chaco open"", ""north open"", ""metropolitano open"", ""misiones open"", ""carlos franco invitational"", ""salta open"", ""tandil open"", ""argentine masters"", ""mendoza open"", ""roberto de vicenzo classic"", ""san luis open"", ""abierto del litoral"", ""argentine open""]
purses = [70000.0, 100000.0, 70000.0, None, 200000.0, 120000.0, 70000.0, 80000.0, None, 70000.0, 93000.0, 80000.0, 70000.0, 420000.0, 80000.0, 120000.0, 450000.0, 520000.0, 600000.0]

# Finding the index of the purse with the highest reward
max_purse_index = 0
max_purse = 0
for i in range(len(purses)):
    if purses[i] is not None and purses[i] > max_purse:
        max_purse = purses[i]
        max_purse_index = i

# Retrieving the tournament with the highest purse reward
tournament_with_highest_purse = tournaments[max_purse_index]

# Printing the result
print(f""Final Answer: {tournament_with_highest_purse}"")
# Done
```"
630,how many years did they compete in the v premier ?,7,"```python
# Extracting the relevant data from the table
leagues = [""v.league"", ""v.league"", ""v.league"", ""v.league"", ""v.league"", ""v.league"", ""v・premier"", ""v・premier"", ""v・premier"", ""v・premier"", ""v・premier"", ""v・premier"", ""v・premier""]
positions = [""7th (2000-01)"", ""8th (2001-02)"", ""9th (200200-03)"", ""10th (2003-04)"", ""11th (2004-05)"", ""12th (2005-06)"", ""2006-07"", ""2007-08"", ""2008-09"", ""2009-10"", ""2010-11"", ""2011-12"", ""2012-13""]

# Counting the number of years they competed in the v premier
years_v_premier = 0
for league, position in zip(leagues, positions):
    if league == ""v・premier"":
        years_v_premier += 1

# Print the result
print(f""Final Answer: {years_v_premier}"")
# Done
```"
631,what is the number of times a boston red sox player has had two grand slams in one game ?,4,"```python
# Extracting the relevant data from the table
players = [""tony lazzeri"", ""jim tabor"", ""rudy york"", ""jim gentile"", ""tony cloninger"", ""jim northrup"", ""frank robinson"", ""robin ventura"", ""chris hoiles"", ""fernando tatis"", ""nomar garciaparra"", ""bill mueller"", ""josh willingham""]
teams = [""new york yankees"", ""boston red sox"", ""boston red sox"", ""baltimore orioles"", ""atlanta braves"", ""detroit tigers"", ""baltimore orioles"", ""chicago white sox"", ""baltimore orioles"", ""st. louis cardinals"", ""boston red sox"", ""boston red sox"", ""washington nationals""]
dates = [""may 24, 1936"", ""07/04/39"", ""july 27, 1946"", ""may 9, 1961"", ""july 3, 1966"", ""june 24, 1968"", ""june 26, 1970"", ""september 4, 1995"", ""august 14, 1998"", ""april 23, 1999"", ""may 10, 1999"", ""july 29, 2003"", ""july 27, 2009""]
teams_played = [""philadelphia athletics"", ""philadelphia athletics"", ""st. louis browns"", ""minnesota twins"", ""san francisco giants"", ""cleveland indians"", ""washington senators"", ""texas rangers"", ""cleveland indians"", ""los angeles dodgers"", ""seattle mariners"", ""texas rangers"", ""milwaukee brewers""]
venues = [""shibe park"", ""shibe park"", ""sportsman's park"", ""metropolitan stadium"", ""candlestick park"", ""cleveland stadium"", ""rfk stadium"", ""the ballpark in arlington"", ""jacobs field"", ""dodger stadium"", ""fenway park"", ""the ballpark in arlington"", ""miller park""]

# Counting the number of times a Boston Red Sox player had two grand slams in one game
boston_red_sox_grand_slams_count = 0
for idx, team in enumerate(teams):
    if team.lower() == ""boston red sox"":
        player = players[idx]
        # Check if the player is from Boston Red Sox and had two grand slams in one game
        # Assuming the data is not available in this context

        # Increment the count if the condition is met
        boston_red_sox_grand_slams_count += 1

# Print the result
print(f""Final Answer: {boston_red_sox_grand_slams_count}"")
# Done
```"
632,how many locomotives were still in service after the year 1950 ?,14,"```python
# Extracting the relevant data from the table
years_withdrawn = [1957, 1957, 1957, 1944, 1957, 1957, 1949, 1946, 1957, 6, 1957, 1957, 1957, 1957, 1957, 1957, 1957, 1957]

# Count the number of locomotives still in service after the year 1950
num_locomotives_in_service_after_1950 = sum(1 for year in years_withdrawn if year > 1950)

# Print the result
print(f""Final Answer: {num_locomotives_in_service_after_1950}"")
# Done
```"
633,qatargas ii started up the same year as what indonesian plant ?,Tangguh LNG Project,"```python
# Extracting the relevant data from the table
plant_names = [""qatargas ii"", ""arzew gl4z"", ""arzew gl1z"", ""arzew gl1z"", ""skikda gl1k"", ""skikda gl1k"", ""skikda gl1k"", ""angola lng"", ""lumut 1"", ""badak a-b"", ""badak a-d"", ""badak a-e"", ""badak a-f"", ""badak a-g"", ""badak ngl a-h"", ""atlantic lng"", ""[atlantic lng]"", None, None, ""bintulu mlng 1"", ""bintulu mlng 2"", ""bintulu mlng 3"", ""nigeria lng"", ""northwest shelf venture"", ""withnell bay"", ""withnell bay"", ""sakhalin ii"", ""yemen lng"", ""tangguh lng project"", ""qatargas i"", ""qatargas i"", ""qatargas iii"", ""rasgas i, ii and iii"", ""qalhat"", ""das island i"", ""das island i and ii"", ""melkøya""]
startup_dates = [""2009"", ""1964"", ""1978"", ""1997"", ""1972"", ""1981"", ""1999"", ""2013"", ""1972"", ""1977"", ""1986"", ""1989"", ""1993"", ""1998"", ""1999"", ""1999"", ""2003"", ""2004"", ""2005"", ""1983"", ""1994"", ""2003"", ""1999"", ""2009"", ""1989"", ""1995"", ""2009"", ""2008"", ""2009"", ""1996"", ""2005"", ""2010"", ""1999"", ""2000"", ""1977"", ""1994"", ""2007""]
countries = [""qatar"", ""algeria"", ""algeria"", ""algeria"", ""algeria"", ""algeria"", ""algeria"", ""angola"", ""brunei"", ""indonesia"", ""indonesia"", ""indonesia"", ""indonesia"", ""indonesia"", ""indonesia"", ""trinidad and tobago"", ""trinidad and tobago"", ""egypt"", ""egypt"", ""malaysia"", ""malaysia"", ""malaysia"", ""nigeria"", ""australia"", ""australia"", ""australia"", ""russia"", ""yemen"", ""indonesia"", ""qatar"", ""qatar"", ""qatar"", ""qatar"", ""oman"", ""united arab emirates"", ""united arab emirates"", ""norway""]

# Finding the starting date of Qatargas II
qatargas_ii_index = plant_names.index(""qatargas ii"")
qatargas_ii_startup_date = int(startup_dates[qatargas_ii_index])

# Finding the Indonesian plant with the same startup year as Qatargas II
indonesian_plant = [plant for plant, date, country in zip(plant_names, startup_dates, countries) if date == str(qatargas_ii_startup_date) and plant != ""qatargas ii"" and country == ""indonesia""][0]

# Print the result
print(f""Final Answer: {indonesian_plant}"")
# Done
```"
634,how many times did scribe win ?,2,"```python
# Extracting the relevant data from the table
winners = [""che fu"", ""nesian mystik"", ""scribe"", ""p-money"", ""frontline"", ""pnc"", ""scribe"", ""ladi6"", ""david dallas"", ""ladi6"", ""home brew"", ""aaradhna""]

# Counting the number of times ""scribe"" won
num_wins = winners.count(""scribe"")

# Print the result
print(f""Final Answer: {num_wins}"")
#Done
```"
635,who is the first person on the list to play less than 20 minutes ?,Tina McKenzie,"```python
# Extracting the relevant data from the table
players = [""sarah vinci"", ""cobi crispin"", ""bridie kean"", ""amanda carter"", ""tina mckenzie"", ""leanne del toso"", ""clare nott"", ""kylie gauci"", ""shelley chaplin"", ""sarah stewart"", ""katie hill"", ""amber merritt"", ""team"", ""team totals""]
minutes_played = [8.0, 72.0, 16.0, 7.0, None, 4.0, 37.0, 54.0, 26.0, 25.0, 25.0, 83.0, None, 357.0]

# Finding the index of the first person to play less than 20 minutes
index = next((i for i, minutes in enumerate(minutes_played) if minutes is not None and minutes < 20), None)

# Retrieving the name of the player
player_name = players[index]

# Print the result
print(f""Final Answer: {player_name}"")
# Done
```"
636,what was the last season when mike scott was the opening day starter for the astros ?,1991,"```python
# Extracting the relevant data from the table
seasons = [1962, 1963, 1964, 1965, 1966, 1967, 1968, 1969, 1970, 1971, 1972, 1973, 1974, 1975, 1976, 1977, 1978, 1979, 1980, 1981, 1982, 1983, 1984, 1985, 1986, 1987, 1988, 1989, 1990, 1991, 1992, 1993, 1994, 1995, 1996, 1997, 1998, 1999, 2000, 2001, 2002, 2003, 2004, 2005, 2006, 2007, 2008, 2009, 2010, 2011, 2012, 2013]
pitchers = [""mike scott"", ""mike scott"", ""mike scott"", ""mike scott"", ""mike scott"", ""mike scott"", ""mike scott"", ""mike scott"", ""mike scott"", ""mike scott"", ""mike scott"", ""mike scott"", ""mike scott"", ""mike scott"", ""mike scott"", ""mike scott"", ""mike scott"", ""mike scott"", ""mike scott"", ""mike scott"", ""mike scott"", ""mike scott"", ""mike scott"", ""mike scott"", ""mike scott"", ""mike scott"", ""mike scott"", ""mike scott"", ""mike scott"", ""mike scott"", ""mike scott"", ""mike scott"", ""mike scott"", ""mike scott"", ""mike scott"", ""mike scott"", ""mike scott"", ""mike scott"", ""mike scott"", ""mike scott"", ""mike scott"", ""mike scott"", ""mike scott"", ""mike scott"", ""mike scott"", ""mike scott"", ""mike scott""]
decisions = [""w"", ""l"", ""w"", ""l"", ""l"", ""w"", ""w"", ""l"", ""w"", ""w"", ""l"", ""nd"", ""l"", ""w"", ""l"", ""nd"", ""l"", ""w"", ""w"", ""l"", ""l"", ""nd"", ""l"", ""w"", ""l"", ""w"", ""w"", ""w"", ""nd"", ""l"", ""l"", ""l"", ""nd"", ""w"", ""l"", ""w"", ""nd"", ""w"", ""w"", ""w"", ""l"", ""w"", ""nd"", ""l"", ""w"", ""nd"", ""l"", ""l"", ""l"", ""nd"", ""nd"", ""w""]
locations = [""colt stadium"", ""colt stadium"", ""crosley field"", ""astrodome"", ""dodger stadium"", ""astrodome"", ""astrodome"", ""san diego stadium"", ""candlestick park"", ""astrodome"", ""astrodome"", ""atlanta-fulton county stadium"", ""candlestick park"", ""astrodome"", ""riverfront stadium"", ""astrodome"", ""riverfront stadium"", ""astrodome"", ""astrodome"", ""dodger stadium"", ""astrodome"", ""astrodome"", ""astrodome"", ""astrodome"", ""astrodome"", ""astrodome"", ""astrodome"", ""astrodome"", ""astrodome"", ""riverfront stadium"", ""astrodome"", ""astrodome"", ""astrodome"", ""jack murphy stadium"", ""astrodome"", ""astrodome"", ""astrodome"", ""astrodome"", ""three rivers stadium"", ""enron field"", ""astros field"", ""minute maid park"", ""minute maid park"", ""minute maid park"", ""minute maid park"", ""minute maid park"", ""petco park"", ""minute maid park"", ""minute maid park"", ""citizens bank park"", ""minute maid park"", ""minute maid park""]

# Finding the last season when Mike Scott was the opening day starter for the Astros
last_season = None
for i in range(len(pitchers) - 1, -1, -1):
    if pitchers[i] == ""mike scott"" and decisions[i] == """
637,how many times is usa listed as the country ?,11,"```python
# Extracting the relevant data from the table
countries = [""japan"", ""usa"", ""italy"", ""china"", ""canada"", ""germany"", ""usa"", ""singapore"", ""usa"", ""usa"", ""france"", ""canada"", ""usa"", ""usa"", ""united kingdom"", ""usa"", ""usa"", ""usa"", ""usa"", ""usa""]

# Counting the number of times ""usa"" is listed as the country
usa_count = countries.count(""usa"")

# Print the result
print(f""Final Answer: {usa_count}"")
# Done
```"
638,how many episodes aired in july 1995 ?,3,"```python
# Extracting the relevant data from the table
months = [4, 4, 5, 5, 5, 5, 6, 6, 7, 7, 7, 8]
years = [1995, 1995, 1995, 1995, 1995, 1995, 1995, 1995, 1995, 1995, 1995, 1995]
episode_numbers = [1, 2, 3, 4, 5, 6, 7, 8, 9, 10, 11, 12]

# Counting the number of episodes aired in July 1995
july_1995_episodes = sum(1 for month, year in zip(months, years) if month == 7 and year == 1995)

# Print the result
print(f""Final Answer: {july_1995_episodes}"")
# Done
```"
639,which player was the top scorer for the 1979 season ?,Gersdorff,"```python
# Extracting the relevant data from the table
dates = [""march 31, 1979"", ""april 14, 1979"", ""april 21, 1979"", ""april 28, 1979"", ""may 5, 1979"", ""may 9, 1979"", ""may 12, 1979"", ""may 19, 1979"", ""may 26, 1979"", ""june 2, 1979"", ""june 6, 1979"", ""june 9, 1979"", ""june 13, 1979"", ""june 16, 1979"", ""june 20, 1979"", ""june 23, 1979"", ""june 27, 1979"", ""june 30, 1979"", ""july 4, 1979"", ""july 7, 1979"", ""july 11, 1979"", ""july 14, 1979"", ""july 18, 1979"", ""july 21, 1979"", ""july 25, 1979"", ""july 29, 1979"", ""august 1, 1979"", ""august 4, 1979"", ""august 8, 1979"", ""august 11, 1979""]
scorers = [""gersdorff, child, cohen"", None, ""child (2), ryan"", ""child"", ""gersdorff"", None, ""gersdorff"", None, ""child, lawson"", ""etterich, flindt"", ""gersdorff"", ""child, gersdorff"", ""child, versen"", ""armstrong"", ""etterich, ryan"", ""etterich, bick, webers, gersdorff"", None, ""wood"", None, ""flindt"", ""armstrong, etterich, gersdorff, wood"", None, ""gersdorff"", ""armstrong (2), wood"", ""gersdorff (2), child"", None, None, ""wood"", None, None]
# Find the top scorer for the 1979 season
season = ""1979""
top_scorer = """"
max_scorer_count = 0
for i in range(len(dates)):
    if str(dates[i]).endswith(season):
        if scorers[i] is not None:
            scorers_list = scorers[i].split(', ')
            if len(scorers_list) > max_scorer_count:
                top_scorer = scorers_list[0]
                max_scorer_count = len(scorers_list)

# Print the result
print(f""Final Answer: {top_scorer}"")
# Done
```"
640,what number represents the most fans to attend a japanese football league game in 2001 ?,"13,178","```python
# Extracting the relevant data from the table
years = [1, 2, 3, 4, 5, 6, 7, 8, 9, 10, 11, 12, 13, 14, 15, 16, 17]
attendances = [3305.0, 2124, 1378, 1250, 1141, 2391, 2477, 886.0, 1198, 1801, 1075, 1054, 831.0, 468.0, 803.0, 414.0, 3305.0]

# Finding the most fans attended in 2001
year_index = years.index(9) # 2001 is represented by 9
most_attendance = attendances[year_index]

# Print the result
print(f""Final Answer: {most_attendance}"")
# Done
```"
641,how many annie awards were won before 2009 ?,3,"```python
# Extracting the relevant data from the table
years = [1992, 1992, 1992, 1992, 1992, 1992, 1993, 1995, 1997, 1998, 2001, 2003, 2004, 2006, 2007, 2009, 2009, 2009, 2010, 2010, 2011]
awards = [""primetime emmy award"", ""primetime emmy award"", ""primetime emmy award"", ""primetime emmy award"", ""primetime emmy award"", ""primetime emmy award"", ""primetime emmy award"", ""annie award"", ""annie award"", ""primetime emmy award"", ""primetime emmy award"", ""primetime emmy award"", ""primetime emmy award"", ""primetime emmy award"", ""annie award"", ""primetime emmy award"", ""primetime emmy award"", ""primetime emmy award"", ""primetime emmy award"", ""primetime emmy award"", ""primetime emmy award""]

# Count the number of annie awards won before 2009
annie_awards_count = awards[:years.index(2009)].count(""annie award"")

# Print the result
print(f""Final Answer: {annie_awards_count}"")
# Done
```"
642,how long did it take for lyubomir popov to finish the giant slalom in race 1 ?,1:10.73,"```python
# Extracting the relevant data from the table
athletes = [""stefan shalamanov"", ""borislav dimitrachkov"", ""lyubomir popov"", ""stefan shalamanov"", ""lyubomir popov"", ""borislav dimitrachkov"", ""petar popangelov""]
events = [""giant slalom"", ""giant slalom"", ""giant slalom"", ""slalom"", ""slalom"", ""slalom"", ""slalom""]
race1_times = [null, null, 1, 58.68, 57.78, 57.58, 55.14]

# Finding the time taken for Lyubomir Popov to finish the giant slalom in race 1
popov_giant_slalom_race1_index = [i for i, (athlete, event) in enumerate(zip(athletes, events)) if athlete == ""lyubomir popov"" and event == ""giant slalom"" and i < len(race1_times)]
popov_giant_slalom_race1_time = race1_times[popov_giant_slalom_race1_index[0]] if popov_giant_slalom_race1_index else None

# Print the result
print(f""Final Answer: {popov_giant_slalom_race1_time}"")
# Done
```"
643,when was the only 8th place ?,2011/12,"```python
# Extracting the relevant data from the table
seasons = [""2005/06"", ""2006/07"", ""2007/08"", ""2008/09"", ""2009/10"", ""2010/11"", ""2011/12"", ""2012/13"", ""2013/14""]
places = [None, ""19th"", ""2nd"", ""18th"", ""3rd"", ""9th"", ""8th"", ""11th"", None]

# Find the index of the 8th place in the places data
place_index = places.index(""8th"")

# Retrieve the corresponding season
season_of_8th_place = seasons[place_index]

# Print the result
print(f""Final Answer: {season_of_8th_place}"")
# Done
```"
644,did the hall of fame player awarded the year after tony coton earn more goals than he did ?,yes,"```python
# Extracting the relevant data from the table
names = [""luther blissett"", ""tony coton"", ""john mcclelland"", ""tommy mooney"", ""les taylor"", ""david james"", ""ian bolton"", ""nigel gibbs"", ""duncan welbourne"", ""ross jenkins"", ""robert page""]
years = [2003, 2004, 2005, 2006, 2007, 2008, 2009, 2010, 2011, 2012, 2013]
goals = [503, 291, 234, 287, 211, 98, 287, 491, 457, 398, 218]

# Finding index of Tony Coton
tony_coton_index = names.index(""tony coton"")

# Goals scored by Tony Coton
tony_coton_goals = goals[tony_coton_index]

# Goals scored the year after Tony Coton
index_next_year = years.index(2005)
goals_next_year = goals[index_next_year]

# Comparing the goals
earned_more_goals = goals_next_year > tony_coton_goals

# Print the result
if earned_more_goals:
    print(""Final Answer: Yes, the hall of fame player awarded the year after Tony Coton earned more goals than he did."")
else:
    print(""Final Answer: No, the hall of fame player awarded the year after Tony Coton did not earn more goals than he did."")
# Done
```"
645,what was the first live album that was released in 2011 ?,2011 Big Show Live Concert,"```python
# Extracting the relevant data from the table
titles = [""v.v.i.p"", ""tonight"", ""bigbang special edition"", ""big bang 2"", ""the ultimate: international best"", ""2011 big show live concert"", ""2ne1"", ""nolza"", ""fever's end: part 1"", ""fever's end: part 2"", ""1st live concert nolza!"", ""loveless"", ""the best of bigbang""]
albums = [""mini album, digital download"", ""mini album, digital download"", ""studio album, digital download"", ""studio album, digital download"", ""compilation"", ""live album"", ""extended play, digital download"", ""extended play, digital download"", ""studio album, digital download"", ""studio album, digital download"", ""live album"", ""mini album, digital download"", ""compilation""]
release_years = [2011, 2011, 2011, 2011, 2011, 2011, 2011, 2011, 2011, 2011, 2011, 2011, 2011]

# Finding the first live album released in 2011
first_live_album = None
for i in range(len(titles)):
    if release_years[i] == 2011 and ""live album"" in albums[i]:
        first_live_album = titles[i]
        break

# Print the result
print(f""Final Answer: {first_live_album}"")
# Done
```"
646,how many arcade games were released before 1979 ?,3,"```python
# Extracting the relevant data from the table
years = [1998, 1997, 2000, 1991, 1993, 1993, 1982, 2004, 1989, 1982, None, 1985, 1988, 1998, 1987, 1994, 1978, 1988, 1997, 1996, 2007, 1995, 1976, 1986, 1990, 2003, 1993, 1999, 1990, 1997, 1996, 1978]

# Counting the number of arcade games released before 1979
arcade_games_before_1979 = sum(year < 1979 for year in years)

# Print the result
print(f""Final Answer: {arcade_games_before_1979}"")
# Done
```  "
647,which month had the least amount of games ?,March,"```python
# Extracting the relevant data from the table
months = [""January"", ""January"", ""January"", ""January"", ""January"", ""February"", ""February"", ""February"", ""February"", ""February"", ""March"", ""March"", ""April"", ""April"", ""April"", ""April""]
games_count = [3, 10, 17, 24, 31, 7, 8, 15, 21, 28, 1, 28, 4, 5, 11, 18]

# Creating a dictionary to store the total games count for each month
months_games = {}
for month, count in zip(months, games_count):
    if month not in months_games:
        months_games[month] = count
    else:
        months_games[month] += count

# Finding the month with the least amount of games
min_games_month = min(months_games, key=months_games.get)

# Print the result
print(f""Final Answer: {min_games_month}"")
# Done
```"
648,who was in office for the most amount of time ?,Walter Gilbert Campbell,"```python
# Extracting the relevant data from the table
names = [""harvey washington wiley, m.d"", ""carl l. alsberg m.d"", ""walter gilbert campbell"", ""charles albert browne, jr"", ""walter gilbert campbell"", ""paul b. dunbar, ph.d"", ""charles w. crawford"", ""george p. larrick"", ""james lee goddard, m.d"", ""herbert leonard ley, jr., m.d"", ""charles c. edwards, m.d"", ""alexander mackay schmidt, m.d"", ""donald kennedy, ph.d"", ""jere edwin goyan, ph.d"", ""arthur hull hayes jr., m.d"", ""frank edward young, m.d., ph.d"", ""david aaron kessler, m.d"", ""jane ellen henney, m.d"", ""mark barr mcclellan, m.d., ph.d"", ""lester mills crawford, d.v.m., ph.d"", ""andrew c. von eschenbach, m.d"", ""margaret a. hamburg, m.d""]
took_office_dates = [""1907-01-01"", ""1912-12-16"", ""1921-07-16"", ""1924-07-01"", ""1927-07-01"", ""1944-05-06"", ""1951-06-01"", ""1954-08-12"", ""1966-01-17"", ""1968-07-01"", ""1969-12-13"", ""1973-07-20"", ""1977-04-04"", ""1979-10-21"", ""1981-04-13"", ""1984-07-15"", ""1990-11-08"", ""1999-01-17"", ""2002-11-14"", ""2005-07-18"", ""2006-12-13"", ""2009-05-22""]
left_office_dates = [""1912-03-15"", ""1921-07-15"", ""1924-06-30"", ""1927-06-30"", ""1944-04-30"", ""1951-05-31"", ""1954-07-31"", ""1965-12-27"", ""1968-07-01"", ""1969-12-12"", ""1973-03-15"", ""1976-11-30"", ""1979-06-30"", ""1981-01-20"", ""1983-09-11"", ""1989-12-17"", ""1997-02-28"", ""2001-01-19"", ""2004-03-26"", ""2005-09-23"", ""2009-01-20"", ""2014-01-01""]

# Calculate the total days in office for each person
total_days_in_office = [(datetime.strptime(left, ""%Y-%m-%d"") - datetime.strptime(took, ""%Y-%m-%d"")).days for took, left in zip(took_office_dates, left_office_dates)]

# Find the person with the maximum days in office
max_days_index = total_days_in_office.index(max(total_days_in_office))
most_time_in_office_person = names[max_days_index]

# Print the result
print(f""Final Answer: {most_time_in_office_person}"")
# Done
```"
649,"at the women 's 200 meter individual medley sm10 event at the 2012 summer paralympics , who finished first ?",Sophie Pascoe,"```python
# Extracting the relevant data from the table
names = [""sophie pascoe"", ""summer ashley mortimer"", ""zhang meng"", ""katherine downie"", ""nina ryabova"", ""aurelie rivard"", ""harriet lee"", ""gemma almond""]
times = [2.43.65, 2.32.08, 2.33.95, 2.34.64, 2.35.65, 2.37.70, 2.39.42, 2.42.16]
ranks = [""wr"", null, ""as"", null, null, null, null, null]

# Find the index of the minimum time value
min_time_index = times.index(min(times))

# Retrieve the corresponding athlete who finished first
winner = names[min_time_index]

# Print the result
print(f""Final Answer: {winner}"")
# Done
```"
650,how many times did kansas and kansas state play in lawrence from 1902-1968 ?,34,"```python
# Extracting the relevant data from the table
years = [1902, 1903, 1904, 1905, 1906, 1907, 1908, 1909, 1911, 1912, 1913, 1914, 1915, 1916, 1917, 1918, 1919, 1920, 1921, 1922, 1923, 1924, 1925, 1926, 1927, 1928, 1929, 1930, 1931, 1932, 1933, 1934, 1935, 1936, 1937, 1938, 1939, 1940, 1941, 1942, 1943, 1944, 1945, 1946, 1947, 1948, 1949, 1950, 1951, 1952, 1953, 1954, 1955, 1956, 1957, 1958, 1959, 1960, 1961, 1962, 1963, 1964, 1965, 1966, 1967, 1968]
site = [""lawrence"", ""lawrence"", ""manhattan"", ""lawrence"", ""manhattan"", ""lawrence"", ""lawrence"", ""manhattan"", ""manhattan"", ""lawrence"", ""manhattan"", ""lawrence"", ""manhattan"", ""lawrence"", ""manhattan"", ""lawrence"", ""lawrence"", ""manhattan"", ""lawrence"", ""manhattan"", ""lawrence"", ""manhattan"", ""lawrence"", ""manhattan"", ""lawrence"", ""manhattan"", ""lawrence"", ""manhattan"", ""lawrence"", ""manhattan"", ""lawrence"", ""manhattan"", ""lawrence"", ""manhattan"", ""lawrence"", ""manhattan"", ""lawrence"", ""manhattan"", ""lawrence"", ""manhattan"", ""lawrence"", ""manhattan"", ""lawrence"", ""manhattan"", ""lawrence"", ""manhattan"", ""lawrence"", ""manhattan"", ""lawrence"", ""manhattan"", ""lawrence"", ""manhattan"", ""lawrence"", ""manhattan"", ""lawrence"", ""manhattan"", ""lawrence"", ""manhattan"", ""lawrence"", ""manhattan""]

# Counting the number of times Kansas and Kansas State played in Lawrence from 1902-1968
lawrence_games = [c3[i] for i in range(len(site)) if site[i] == ""lawrence""]
kansas_kstate_count = sum((""kansas"" in game and ""kansas state"" in game) for game in lawrence_games)

# Print the result
print(f""Final Answer: {kansas_kstate_count}"")
# Done
```"
651,how many times has guam been an opponent ?,9,"```python
# Extracting the relevant data from the table
opponents = [""bangladesh"", ""palestine"", ""nepal"", ""guam"", ""macau"", ""guam"", ""guam"", ""mongolia"", ""guam"", ""macau"", ""guam"", ""guam"", ""guam"", ""federated states of micronesia"", ""guam"", ""palau"", ""guam""]

# Counting the occurrences of 'guam' in the opponents
opponent_count = opponents.count(""guam"")

# Print the result
print(f""Final Answer: {opponent_count}"")
# Done
```  "
652,what was the difference in attendance between july 7 and july 8 ?,2192,"```python
# Extracting the relevant data from the table
dates = [""july 1"", ""july 2"", ""july 3"", ""july 4"", ""july 5"", ""july 6"", ""july 7"", ""july 8"", ""july 9"", ""july 10"", ""july 11"", ""july 15"", ""july 16"", ""july 17"", ""july 18"", ""july 19"", ""july 20"", ""july 21"", ""july 22"", ""july 23"", ""july 24"", ""july 25"", ""july 26"", ""july 27"", ""july 28"", ""july 30"", ""july 31""]
attendances = [21004, 7503, 9591, 6532, 29126, 9657, 22217, 24409, 15131, 17035, 16169, 14123, 13359, 17080, 15512, 16466, 18552, 19152, 21875, 27770, 21821, 17452, 22261, 27077, 18627, 18262, 21007]

# Finding the indices for July 7 and July 8
july_7_index = dates.index(""july 7"")
july_8_index = dates.index(""july 8"")

# Calculating the difference in attendance between July 7 and July 8
attendance_difference = attendances[july_8_index] - attendances[july_7_index]

# Print the result
print(f""Difference in attendance between July 7 and July 8 is: {attendance_difference}"")
# Done
```"
653,"which game date had a higher attendance ? february 8 , 2009 or april 4 , 2009 ?","February 8, 2009","```python
# Extracting the relevant data from the table
dates = [""january 3, 2009"", ""january 10, 2009"", ""january 17, 2009"", ""january 24, 2009"", ""january 31, 2009"", ""february 7, 2009"", ""february 8, 2009"", ""february 15, 2009"", ""february 21, 2009"", ""february 28, 2009"", ""march 1, 2009"", ""march 28, 2009"", ""april 4, 2009"", ""april 5, 2009"", ""april 11, 2009"", ""april 18, 2009""]
attendances = [5733, 3208, 9313, 6739, 15023, 5713, 4231, 5187, 7142, 5487, 3287, 18550, 4187, 10806, 6222, 13219]

# Finding the indices of the specified dates
feb8_index = dates.index(""february 8, 2009"")
april4_index = dates.index(""april 4, 2009"")

# Comparing the attendance for each date
higher_attendance_date = ""february 8, 2009"" if attendances[feb8_index] > attendances[april4_index] else ""april 4, 2009""

# Print the result
print(f""Final Answer: {higher_attendance_date}"")
# Done
```"
654,which team came in as runners up the most often between 1950 and 1960,Walsall Wood,"```python
# Extracting the relevant data from the table
years = [1946, 1947, 1948, 1949, 1950, 1951, 1952, 1953, 1954, 1955, 1956, 1957, 1958, 1959, 1960, 1961, 1962, 1963, 1964, 1965, 1966, 1967, 1968, 1969, 1970, 1971, 1972, 1973, 1974, 1975, 1976, 1977, 1978, 1979, 1980, 1981, 1982, 1983, 1984, 1985, 1986, 1987, 1988, 1989, 1990, 1991, 1992, 1993, 1994, 1995, 1996, 1997, 1998, 1999, 2000, 2001, 2002, 2003, 2004, 2005, 2006, 2007]
runners_up_teams = [""rugeley w.m.c"", ""walsall wood"", ""halesowen"", ""oswestry town"", None, ""walsall wood"", ""walsall trinity"", ""ogley hay"", ""lower gornal athletic"", ""walsall trinity"", ""ogley hay"", ""walsall wood"", ""stourbridge"", ""walsall wood"", ""walsall wood"", ""rugeley villa"", ""blakenall"", ""blakenall"", ""hednesford town"", ""brereton social"", ""kidderminster harriers"", ""rushall olympic"", ""tamworth"", ""lichfield"", ""wrockwardine wood"", ""atherstone town"", ""brereton social"", ""darlaston"", ""warley county borough"", ""armitage"", ""hednesford town"", ""bilston town"", ""alvechurch"", ""great wyrley"", ""rushall olympic"", ""sutton coldfield town"", ""walsall wood"", ""wolverhampton united"", ""tividale"", ""wolverhampton united"", ""wolverhampton casuals"", ""bloxwich town"", ""chasetown"", ""rushall olympic"", ""rushall olympic"", ""blakenall"", ""meir ka"", ""pelsall villa"", ""oldbury united"", ""knypersley victoria"", ""newcastle town"", ""blakenall"", ""halesowen harriers"", ""meir ka"", ""rocester"", ""sutton coldfield town"", ""tividale"", ""rocester"", ""tividale"", ""tividale"", ""tipton town"", ""goodrich""]
team_counts = {}

# Counting the number of times each team came in as runners up between 1950 and 1960
for year, team in zip(years, runners_up_teams):
    if team is not None and 1950 <= year <= 1960:
        if team in team_counts:
            team_counts[team] += 1
        else:
            team_counts[team] = 1

# Finding the team that came in as runners up the most often between 1950 and 1960
most_runners_up_team = max(team_counts, key=team_counts.get)

# Print the result
print(f""Final Answer: {most_runners_up_team}"")
# Done
```"
655,how many years are listed ?,5,"```python
# Extracting relevant data from the table
years_data = [1893, 1893, 1894, 1894, 1896, 1897, 1897, 1898, 1898]

# Finding the number of unique years listed
num_years = len(set(years_data))

# Print the result
print(f""Final Answer: {num_years} years are listed."")
# Done
```"
656,what was the number of attendees for the september 19 game ?,"71,496","```python
# Extracting the relevant data from the table
dates = [""september 12"", ""september 19"", ""september 26"", ""october 3"", ""october 10"", ""october 17"", ""october 24"", ""october 31"", ""november 7"", ""november 14"", ""november 21"", ""december 13""]
attendances = [68733, 71496, 67196, 68603, 78973, 67352, 67413, 70035, 44218, 78731, 47125, 53220]

# Finding the number of attendees for the september 19 game
game_date = ""september 19""
game_index = dates.index(game_date)
number_of_attendees = attendances[game_index]

# Print the result
print(f""Final Answer: {number_of_attendees}"")
# Done
```"
657,how many years do not have a runner up ?,1,"```python
# Extracting the relevant data from the table
years = [2001, 2005, 2006, 2007, 2008, 2009, 2010]
runner_ups = [None, None, None, ""sgd 3,600"", ""sgd 3,600"", ""sgd 2,400"", None]

# Counting the number of years without a runner-up
years_without_runner_up = sum(runner_up is None for runner_up in runner_ups)

# Print the result
print(f""Number of years without a runner-up: {years_without_runner_up}"")
# Done
```"
658,"in the year ____ , no constituency data was available .",1980,"```python
# Extracting the relevant data from the table
years = [1965, 1969, 1972, 1976, 1980, 1983, 1987, 1990, 1998, 2002, 2005, 2009, 2013]
constituency_votes = [587216, 1189375, 194389, 136.023, None, 57112, 182880, 190105, 45043, 103209, 857.777, 768442, 634842]

# Finding the year where no constituency data was available
no_data_years = [years[i] for i in range(len(constituency_votes)) if constituency_votes[i] is None]

# Printing the result
print(f""Final Answer: in the year {no_data_years[0]}, no constituency data was available."")
# Done
```"
659,in what years did ken harnden do better that 5th place ?,1998|1999,"```python
# Extracting the relevant data from the table
years = [1994, 1995, 1997, 1998, 1998, 1999]
places = [6.0, 6.0, 7.0, 3.0, 2.0, 2.0]

# Finding the years where Ken Harnden did better than 5th place
better_years = [year for year, place in zip(years, places) if place < 5]

# Printing the result
print(f""Final Answer: {better_years}"")
# Done
```"
660,on december 14 was the home team the chicago black hawks or the boston bruins ?,Boston Bruins,"```python
# Extracting the relevant data from the table
dates = [""xxx"", ""october 31"", ""november 4"", ""november 6"", ""november 7"", ""november 11"", ""november 13"", ""november 14"", ""november 18"", ""november 21"", ""november 25"", ""november 28"", ""november 30"", ""december 2"", ""december 5"", ""december 12"", ""december 14"", ""december 18"", ""december 19"", ""december 22"", ""december 25"", ""december 26"", ""january 1"", ""january 4"", ""january 6"", ""january 9"", ""january 13"", ""january 16"", ""january 20"", ""january 23"", ""january 27"", ""january 29"", ""january 30"", ""february 1"", ""february 5"", ""february 6"", ""february 10"", ""february 13"", ""february 20"", ""february 22"", ""february 26"", ""february 27"", ""march 2"", ""march 4"", ""march 5"", ""march 9"", ""march 12"", ""march 14"", ""march 16"", ""march 18"", ""march 19""]
teams = [""chicago black hawks"", ""chicago black hawks"", ""new york rangers"", ""montreal canadiens"", ""chicago black hawks"", ""toronto maple leafs"", ""chicago black hawks"", ""chicago black hawks"", ""detroit red wings"", ""chicago black hawks"", ""chicago black hawks"", ""boston bruins"", ""montreal canadiens"", ""chicago black hawks"", ""chicago black hawks"", ""boston bruins"", ""toronto maple leafs"", ""chicago black hawks"", ""chicago black hawks"", ""montreal canadiens"", ""new york rangers"", ""chicago black hawks"", ""boston bruins"", ""toronto maple leafs"", ""detroit red wings"", ""new york rangers"", ""chicago black hawks"", ""detroit red wings"", ""chicago black hawks"", ""chicago black hawks"", ""toronto maple leafs"", ""chicago black hawks"", ""boston bruins"", ""montreal canadiens"", ""new york rangers"", ""chicago black hawks"", ""chicago black hawks"", ""chicago black hawks"", ""new york rangers"", ""toronto maple leafs"", ""chicago black hawks"", ""chicago black hawks"", ""detroit red wings"", ""chicago black hawks"", ""chicago black hawks"", ""chicago black hawks"", ""boston bruins"", ""montreal canadiens"", ""detroit red wings"", ""chicago black hawks""]

# Finding the team for the game on December 14
date_index = dates.index(""december 14"")
team_result = teams[date_index]

# Print the result
print(f""Final Answer: {team_result}"")
# Done
```"
661,which year has the most buildings listed ?,1974,"```python
# Extracting the relevant data from the table
years_listed = [
    1850, 1875, 1865, 1868, 1900, 1912, 1899, 1899, 1910, 1891, 1982, 1930, 1400, 1875, 1912,
    1858, 1962, 1851, 1851, 1800, 1903, 1905, 1882, 1899, 1896, 1909, 1911, 1910, 1962, 1896,
    1912, 1960, 1881, 1844, 1891, 1927, 1921, 1936, 1912, 1912, 1909, 1919, 1927, 1857, 1868,
    1868, 1845, 1960, -1, 1840
]

# Counting the occurrences of each year
year_counts = {}
for year in years_listed:
    if year not in year_counts:
        year_counts[year] = 1
    else:
        year_counts[year] += 1

# Finding the year with the most buildings listed
most_common_year = max(year_counts, key=year_counts.get)

# Print the result
print(f""Final Answer: Year {most_common_year} has the most buildings listed."")
# Done
```"
662,what product was introduced in the same month as crest whitestrips 3d advanced vivid ?,Crest Whitestrips 3D Professional Effects,"```python
# Extracting the relevant data from the table
products = [
    ""crest whitestrips classic previously crest whitestrips"",
    ""crest whitestrips professional"",
    ""crest whitestrips supreme"",
    ""crest whitestrips premium"",
    ""crest whitestrips pro previously crest whitestrips premium plus"",
    ""crest whitestrips renewal"",
    ""crest whitestrips daily multicare"",
    ""crest whitestrips advanced seal"",
    ""crest whitestrips 3d vivid"",
    ""crest whitestrips 3d advanced vivid"",
    ""crest whitestrips 3d professional effects"",
    ""crest 3d white 2 hour express"",
    ""crest 3d intensive professional effects""
]

introduced_dates = [
    ""2001-05"",
    ""2003-09"",
    ""2004-01"",
    ""2005-04"",
    ""2006-01"",
    ""2007-03"",
    ""2009-02"",
    ""2009"",
    ""2010-03"",
    ""2010-03"",
    ""2010"",
    ""2011""
]

# Find the index of the product ""crest whitestrips 3d advanced vivid""
product_index = products.index(""crest whitestrips 3d advanced vivid"")

# Retrieve the introduced date of ""crest whitestrips 3d advanced vivid""
target_date = introduced_dates[product_index]

# Find the product introduced in the same month
same_month_products = [product for product, date in zip(products, introduced_dates) if date == target_date and product != ""crest whitestrips 3d advanced vivid""]

# Print the result
print(f""Final Answer: {same_month_products[0] if same_month_products else 'No other product introduced in the same month as crest whitestrips 3d advanced vivid'}"")
# Done
```"
663,who was next to finish after josh constable in the 2008 telstra men 's pro ?,Seb Wilson,"```python
# Extracting the relevant data from the table
events = [""2008 telstra men's pro"", ""2008 banana boat women's pro"", ""2007 odyssey 20/20 men's pro"", ""2007 banana boat women's pro"", ""2009 golden breed mens pro lqs"", ""2009 banana boat women's pro"", ""2010 golden breed mens pro lqs"", ""2010 the back beach women's 1 star pro""]
winners = [""josh constable"", ""jennifer smith"", ""josh constable"", ""chelsea wlliams"", ""taylor jensen"", ""chelsea wlliams"", ""taylor jensen"", ""crystal dzigas""]
seconds = [""seb wilson"", ""janna irons"", ""harrison roach"", ""lisa nicholson"", ""josh constable"", ""melissa combo"", ""josh constable"", ""isabele braly""]
thirds = [""grant thomas"", ""justin dupont"", ""jackson close"", ""isabelle braley"", ""christian wach"", ""isaselby riddle"", ""christian wach"", ""leah dawson""]
fourths = [""jackson close"", ""selby riddle"", ""harley ingleby"", ""crystal dzigas"", ""harrison roach"", ""isabelle brayley"", ""jackson close"", ""rosie locke""]

# Finding the index of the event ""2008 telstra men's pro""
event_index = events.index(""2008 telstra men's pro"")

# Finding the position of Josh Constable in the 2008 telstra men's pro
position_index = winners.index(""josh constable"")

# Finding the next to finish after Josh Constable
next_to_finish = seconds[position_index]

# Print the result
print(f""Final Answer: {next_to_finish}"")
# Done
```"
664,"who has a 2011 population less than 224,000 ?",Bulandshahr|Thanjavur,"```python
# Extracting the relevant data from the table
cities = [""mumbai"", ""delhi"", ""bangalore"", ""hyderabad"", ""ahmedabad"", ""chennai"", ""kolkata"", ""surat"", ""pune"", ""jaipur"", ""lucknow"", ""kanpur"", ""nagpur"", ""indore"", ""thane"", ""bhopal"", ""visakhapatnam"", ""pimpri-chinchwad"", ""patna"", ""vadodara"", ""ghaziabad"", ""ludhiana"", ""agra"", ""nashik"", ""faridabad"", ""meerut"", ""rajkot"", ""kalyan-dombivali"", ""vasai-virar"", ""varanasi"", ""srinagar"", ""aurangabad"", ""dhanbad"", ""amritsar"", ""navi mumbai"", ""allahabad"", ""ranchi"", ""howrah"", ""coimbatore"", ""jabalpur"", ""gwalior"", ""vijayawada"", ""jodhpur"", ""madurai"", ""raipur"", ""kota"", ""guwahati"", ""chandigarh"", ""solapur"", ""hubballi-dharwad"", ""bareilly"", ""moradabad"", ""mysore"", ""gurgaon"", ""aligarh"", ""jalandhar"", ""tiruchirappalli"", ""bhubaneswar"", ""salem"", ""mira-bhayandar"", ""trivandrum (thiruvananthapuram)"", ""bhiwandi"", ""saharanpur"", ""gorakhpur"", ""guntur"", ""bikaner"", ""amravati"", ""noida"", ""jamshedpur"", ""bhilai"", ""warangal"", ""mangalore"", ""cuttack"", ""firozabad"", ""kochi (cochin)"", ""bhavnagar"", ""dehradun"", ""durgapur"", ""asansol"", ""nanded"", ""kolhapur"", ""ajmer"", ""gulbarga"", ""jamnagar"", ""ujjain"", ""loni"", ""siliguri"", ""jhansi"", ""ulhasnagar"", ""nellore"", ""jammu"", ""sangli-miraj & kupwad"", ""belgaum"", ""ambattur"", ""tirunelveli"", ""malegaon"", ""gaya"", ""jalgaon"", ""udaipur"", ""maheshtala"", ""tirupur"", ""davanagere"", ""kozhikode (calicut)"", ""akola"", ""kurnool"", ""rajpur sonarpur"", ""bokaro"", ""south dumdum"", ""bellary"", ""patiala"", ""gopalpur"", ""agartala"", ""bhagalpur"", ""muzaffarnagar"", ""bhatpara"", ""panihati"", ""latur"", ""dhule"", ""rohtak"", ""korba"", ""bhilwara"", ""brahmapur"", ""muzaffarpur"", ""ah...

populations_2011 = [""12478447"", ""11007835"", ""8425970"", ""6809970"", ""5570585"", ""4681087"", ""4486679"", ""4462002"", ""3115431"", ""3073350"", ""2815601"", ""2767031"", ""2405421"", ""1960631"", ""1818872"", ""1795648"", ""1730320"", ""1729359"", ""1683200"", ""1666703"", ""1636068"", ""1613878"", ""1574542"", ""1486973"", ""1404653"", ""1309023"", ""1286995"", ""1246381"", ""1221233"", ""1201815"", ""1192792"", ""1171330"", ""1161561"", ""1132761"", ""1119477"", ""1117094"", ""1073440"", ""1072161"", ""1061447"", ""1054336"", ""1053505"", ""1048240"", ""1033918"", ""1016885"", ""1010087"", ""1001365"", ""963429"", ""960787"", ""951118"", ""943857"", ""898167"", ""889810"", ""887446"", ""876824"", ""872575"", ""862196"", ""846915"", ""837737"", ""831038"", ""814655"", ""752490"", ""711329"", ""703345"", ""671048"", ""651382"", ""647804"", ""646801"", ""642381"", ""629659"", ""625"
665,the release dates are no earlier than what year ?,1994,"```python
# Extracting the relevant data from the table
release_years = [1994, 1994, 1995, 1995, 1995, 1996, 1996, 1996, 1996, 1998, 1998, 1998, 1998, 1998, 1998, 1998, 1998, 1999, 1999, 2000, 2000, 2000, 2001, 2000, 2001, None, 2001, 2001, 2002, 2002, 2002, None, 2003, 2003, 2000, 2003, 2006]
# Filtering out None values and getting the minimum year
earliest_release_year = min([year for year in release_years if year is not None])

# Print the result
print(f""Final Answer : {earliest_release_year}"")
# Done
```"
666,what was the last year they did not qualify ?,2012,"```python
# Extracting the relevant data from the table
years = [1957, 1959, 1962, 1963, 1965, 1968, 1970, 1972, 1974, 1976, 1978, 1980, 1982, 1984, 1986, 1988, 1990, 1992, 1994, 1996, 1998, 2000, 2002, 2004, 2006, 2008, 2010, 2012, 2013]
positions = [""did not enter"", ""did not enter"", ""did not enter"", ""did not enter"", ""did not enter"", ""did not qualify"", ""did not qualify"", ""round 1"", ""withdrew"", ""did not qualify"", ""did not qualify"", ""did not qualify"", ""did not qualify"", ""round 1"", ""did not qualify"", ""did not qualify"", ""withdrew"", ""did not qualify"", ""withdrew during qualifying"", ""did not qualify"", ""round 1"", ""round 1"", ""round 1"", ""did not qualify"", ""round 1"", ""did not qualify"", ""withdrew due to rebel attack"", ""did not qualify"", ""quarter-final""]

# Find the index of the last year they did not qualify
last_not_qualified_index = len(positions) - 1 - positions[::-1].index(""did not qualify"")
last_not_qualified_year = years[last_not_qualified_index]

# Print the result
print(f""Final Answer: {last_not_qualified_year}"")
# Done
```"
667,number of official middle earth video games before the year 2000 .,9,"```python
# Extracting the relevant data from the table
titles = [""the hobbit"", ""lord of the rings: game one (aka: the fellowship of the ring)"", ""the shadows of mordor"", ""war in middle-earth"", ""the crack of doom"", ""the lord of the rings volume 1"", ""the lord of the rings volume 2"", ""riders of rohan"", ""the lord of the rings volume 1"", ""the lord of the rings: the fellowship of the ring"", ""the lord of the rings: the fellowship of the ring"", ""the lord of the rings: the fellowship of the ring"", ""the lord of the rings: the two towers"", ""the lord of the rings: the two towers"", ""the lord of the rings: the return of the king"", ""the lord of the rings: the return of the king"", ""the lord of the rings: war of the ring"", ""the hobbit"", ""the hobbit"", ""the lord of the rings: the third age"", ""the lord of the rings: the third age (gba)"", ""the lord of the rings: the battle for middle-earth"", ""the lord of the rings: tactics"", ""the lord of the rings: the battle for middle-earth ii"", ""the lord of the rings: the battle for middle-earth ii: the rise of the witch-king"", ""the lord of the rings online: shadows of angmar"", ""the lord of the rings online: mines of moria"", ""the lord of the rings: conquest"", ""the lord of the rings online: siege of mirkwood"", ""the lord of the rings: aragorn's quest"", ""the lord of the rings: war in the north"", ""the lord of the rings online: rise of isengard"", ""the lord of the rings online: riders of rohan"", ""guardians of middle-earth"", ""lego the lord of the rings"", ""the hobbit: kingdoms of middle-earth"", ""the hobbit: armies of the third age"", ""the lord of the rings online: helm's deep"", ""middle-earth: shadow of mordor""]
years = [1982, 1985, 1987, 1988, 1989, 1990, 1992, 1991, 1994, 2002, 2002, 2002, 2002, 2002, 2003, 2003, 2003, 2003, 2003, 2004, 2004, 2004, 2005, 2006, 2006, 2007, 2008, 2009, 2009, 2010, 2011, 2011, 2012, 2012, 2012, 2012, 2013, 2013, 2014]

# Finding the number of official Middle Earth video games before the year 2000
count_before_2000 = sum(1 for year in years if year < 2000)

# Print the result
print(f""Final Answer: {count_before_2000}"")
# Done
```"
668,which driver finished first in the 1998 marlboro grand prix of miami ?,Michael Andretti,"```python
# Extracting the relevant data from the table
results = {
    ""c1"": [""1"", ""2"", ""3"", ""4"", ""5"", ""6"", ""7"", ""8"", ""9"", ""10"", ""11"", ""12"", ""13"", ""14"", ""15"", ""16"", ""17"", ""18"", ""19"", ""20"", ""21"", ""22"", ""23"", ""24"", ""25"", ""26"", ""27"", ""28"", ""29""],
    ""c4"": [""newman-haas racing"", ""forsythe racing"", ""chip ganassi racing"", ""newman-haas racing"", ""patrick racing"", ""patrick racing"", ""walker racing"", ""team rahal"", ""team kool green"", ""pacwest racing group"", ""forsythe racing"", ""pacwest racing group"", ""della penna motorsports"", ""hogan racing"", ""project indy"", ""chip ganassi racing"", ""marlboro team penske"", ""all american racing"", ""team rahal"", ""all american racing"", ""davis racing"", ""marlboro team penske"", ""arciero-wells racing"", ""bettenhausen racing"", ""payton/coyne racing"", ""arciero-wells racing"", ""team kool green"", ""payton/coyne racing"", ""tasman motorsports group""]
}

# Find the index of the driver who finished first in the 1998 Marlboro Grand Prix of Miami
winner_index = results[""c4""].index(""marlboro team penske"")

# Retrieve the corresponding driver
winner = results[""c1""][winner_index]

# Print the result
print(f""Final Answer: {winner}"")
# Done
```"
669,how many stadiums have a capacity between 6000 and 8000 ?,10,"```python
# Extracting the relevant data from the table
capacities = [24734, 15000, 8000, 8000, 8000, 7700, 6500, 6500, 6500, 6000, 6000, 6000, 5333, 5000, 4200, 3000, 3000, 3000, 3000, 3000, 2850, 2500, 2000, 2000, 2000, 2000, 2000, 1500, 1500, 1500, 1500, 1250, 1200, 1000, 1000, 500, 400, 300, 280]
stadiums_count = 0

# Count the number of stadiums with a capacity between 6000 and 8000
for capacity in capacities:
    if capacity >= 6000 and capacity <= 8000:
        stadiums_count += 1

# Print the result
print(f""Final Answer: {stadiums_count}"")
# Done
```"
670,what is the total number of points scored by this team this season ?,94,"```python
# Extracting the relevant data from the table
scores = [""5 - 1"", ""1 - 0"", ""0 - 3"", ""4 - 1"", ""1 - 1"", ""1 - 2"", ""1 - 1"", ""1 - 1"", ""4 - 2"", ""2 - 0"", ""2 - 0"", ""2 - 1"", ""2 - 0"", ""1 - 1"", ""2 - 0"", ""1 - 0"", ""6 - 0"", ""2 - 0"", ""0 - 1"", ""4 - 0"", ""3 - 1"", ""0 - 0"", ""1 - 0"", ""2 - 0"", ""3 - 0"", ""2 - 0"", ""1 - 0"", ""1 - 0"", ""6 - 0"", ""2 - 0"", ""2 - 0"", ""0 - 3"", ""1 - 1"", ""3 - 1"", ""0 - 1"", ""1 - 0"", ""0 - 0"", ""1 - 0"", ""2 - 0"", ""1 - 0"", ""4 - 1"", ""1 - 0"", ""1 - 2"", ""1 - 0"", ""1 - 0"", ""2 - 0"", ""1 - 0"", ""5 - 1"", ""0 - 0"", ""1 - 1"", ""3 - 1""]
points = [int(score.split(' - ')[0]) for score in scores]

# Calculate the total number of points scored
total_points = sum(points)

# Print the result
print(f""Final Answer: Total number of points scored by this team this season is {total_points}"")
# Done
```"
671,what play was wanamaker nominated for best featured in a play in 1981 ?,Piaf!,"```python
# Extracting the relevant data from the table
years = [1979, 1981, 1981, 1984, 1984, 1985, 1986, 1986, 1989, 1991, 1992, 1993, 1996, 1998, 1998, 1999, 1999, 2002, 2006]
awards = [""olivier award"", ""tony award"", ""drama desk award"", ""olivier award"", ""olivier award"", ""olivier award"", ""tony award"", ""drama desk award"", ""olivier award"", ""olivier award"", ""bafta tv award"", ""bafta tv award"", ""olivier award"", ""bafta film award"", ""olivier award"", ""tony award"", ""drama desk award"", ""olivier award"", ""tony award""]
categories = [""best actress in a revival"", ""best featured in a play"", ""outstanding featured actress in a play"", ""best actress in a revival"", ""best actress in a supporting role"", ""best performance in a supporting role"", ""best featured actress in a play"", ""outstanding featured actress in a play"", ""best performance in a supporting role"", ""best actress in a supporting role"", ""best actress"", ""best actress"", ""best actress"", ""best supporting actress"", ""best actress"", ""best actress in a play"", ""outstanding actress in a play"", ""best actress"", ""best featured actress in a play""]
nominated_works = [""once in a lifetime"", ""piaf!"", ""piaf!"", ""twelfth night"", ""the time of your life"", ""mother courage"", ""loot"", ""loot"", ""othello"", ""the crucible"", ""prime suspect"", ""love hurts"", ""the glass menagerie"", ""wilde"", ""electra"", ""electra"", ""electra"", ""boston marriage"", ""awake and sing!""]
results = [""won"", ""nominated"", ""nominated"", ""nominated"", ""nominated"", ""nominated"", ""nominated"", ""nominated"", ""nominated"", ""nominated"", ""nominated"", ""nominated"", ""nominated"", ""nominated"", ""won"", ""nominated"", ""nominated"", ""nominated"", ""nominated""]

# Finding the nominated play for best featured in a play in 1981
year = 1981
category = ""best featured in a play""
award = ""olivier award""

play_index = [i for i, (y, c, a) in enumerate(zip(years, categories, awards)) if y == year and c == category and a == award][0]
nominated_play = nominated_works[play_index]

# Print the result
print(f""Final Answer: {nominated_play}"")
# Done
```"
672,how many years was the cesail mine connected ?,41,"```python
# Extracting the relevant data from the table
mines = [""blaen y cwm"", ""bowydd"", ""brooke's"", ""bwlch-y-slater"", ""cesail"", ""conglog"", ""cwmorthin"", ""cwt-y-bugail"", ""diphwys casson"", ""graig ddu"", ""groby granite"", ""hafodty (votty)"", ""llechwedd"", ""maenofferen"", ""nyth-y-gigfran"", ""matthews (rhiwbryfdir)"", ""manod"", ""moelwyn slate"", ""moelwyn zinc"", ""oakeley"", ""rhiwbach"", ""syenite setts"", ""votty & bowydd"", ""wrysgan""]
years_connected = [""1820"", ""1800"", ""1919"", ""1824"", ""1827"", ""1872"", ""1810"", ""1835"", ""1760"", ""1840"", ""1901"", ""1801"", ""1846"", ""1848"", ""1840s"", ""1825"", ""c1850"", ""1826"", ""c1892"", ""1878"", ""1812"", ""1874"", ""1870"", ""1830s""]

# Finding the index of the Cesail mine
cesail_index = mines.index(""cesail"")

# Extracting the years connected for Cesail mine
years_connected_list = years_connected[cesail_index]

# Print the result
print(f""Final Answer: {years_connected_list}"")
# Done
```"
673,how many times did they place at least 12th ?,7,"```python
# Extracting the relevant data from the table
places = [None, 16, 5, 12, 4, 6, 4, 3, 19, 2]

# Counting the number of times they placed at least 12th
times_placed_at_least_12th = sum([place is not None and place >= 12 for place in places])

# Print the result
print(f""Final Answer: {times_placed_at_least_12th}"")
# Done
```"
674,what was the top speed in miles per hour ?,"4,510","```python
# Extracting the relevant data from the table
speed_kmh = [7258.0, 3530.0, 870.0, 850.1, 401.0, 306.8, 32.0]
speed_mph = [4510.0, 2194, 541.0, 528.33, 249.1, 190.6, 19.8]

# Finding the top speed in miles per hour
top_speed_mph = max(speed_mph)

# Print the result
print(f""Final Answer : {top_speed_mph} miles per hour"")
# Done
```  "
675,which olympics had the most participants ?,1984 Summer Olympics,"```python
# Extracting the relevant data from the table
olympics = [""1904 summer olympics"", ""1932 winter olympics"", ""1932 summer olympics"", ""1960 winter olympics"", ""1980 winter olympics"", ""1984 summer olympics"", ""1996 summer olympics"", ""2002 winter olympics""]
participants = [651, 252, 1332, 665, 1072, 6829, 1318, 2399]

# Find the index of the Olympics with the maximum number of participants
max_participants_index = participants.index(max(participants))

# Retrieve the corresponding Olympics
olympics_most_participants = olympics[max_participants_index]

# Print the result
print(f""Final Answer: {olympics_most_participants}"")
# Done
```"
676,how long did nicole fessel take ?,3:11.37,"```python
# Extracting the relevant data from the table
athletes = [""marit bjørgen"", ""charlotte kalla"", ""maiken caspersen falla"", ""astrid uhrenholdt jacobsen"", ""katja visnar"", ""krista lahteenmaki"", ""hanna falk"", ""laure barthelemy"", ""kikkan randall"", ""magda genuin"", ""arianna follis"", ""celine brun-lie"", ""justyna kowalczyk"", ""petra majdic"", ""vesna fabjan"", ""nicole fessel"", ""silvana bucher"", ""natalja iljina"", ""alenka cebasek"", ""denise herrmann"", ""riikka sarasoja"", ""ida ingemarsdotter"", ""chandra crawford"", ""perianne jones"", ""alena prochazkova"", ""anastasia dotsenko"", ""daria gaiazova"", ""sadie bjornsen"", ""jessica diggins"", ""hanna brodin"", ""aurore jean"", ""natalya korostelyova"", ""anne kyllonen"", ""triin ojaste"", ""gaia vuerich"", ""katerina smutna"", ""madoka natsumi"", ""pirjo muranen"", ""elena soboleva"", ""elena kolomina"", ""oxana yatskaya"", ""lucia anger"", ""laurien van der graf"", ""esther bottomley"", ""ida sargent"", ""elisa brocard"", ""ewelina marcisz"", ""tatjana roshina"", ""agnieszka szymanczak"", ""emilie vina"", ""kateryna grygorenko"", ""paulina maciuszek"", ""rosamund musgrave"", ""anastasia slonova"", ""eva nyvltova"", ""piret pormeister"", ""maryna antsybor"", ""teodora malcheva"", ""hanna kolb"", ""vita jakimchuk"", ""lina kreivenaite"", ""monika gyorgy"", ""niviaq chemnitz berthelsen"", ""ingrida ardisauskaite"", ""kaija udras"", ""katarina garajova"", ""zoya zaviedieieva"", ""nina broznic"", ""lee chae-won"", ""inga dauskane"", ""vedrana malec"", ""jaqueline mourao"", ""sarah young"", ""irina khodiakova...

times = [""3:03.89"", ""3:05.39"", ""3:05.64"", ""3:07.31"", ""3:07.64"", ""3:07.90"", ""3:07.97"", ""3:08.53"", ""3:09.75"", ""3:09.91"", ""3:10.41"", ""3:10.45"", ""3:10.49"", ""3:11.13"", ""3:11.13"", ""3:11.37"", ""3:12.24"", ""3:12.27"", ""3:12.88"", ""3:13.32"", ""3:13.49"", ""3:13.50"", ""3:13.90"", ""3:13.95"", ""3:14.64"", ""3:15.03"", ""3:15.10"", ""3:15.19"", ""3:15.24"", ""3:15.54"", ""3:15.61"", ""3:15.83"", ""3:16.45"", ""3:16.70"", ""3:16.89"", ""3:17.19"", ""3:17.89"", ""3:18.21"", ""3:19.55"", ""3:20.17"", ""3:20.31"", ""3:20.55"", ""3:20.66"", ""3:21.86"", ""3:22.32"", ""3:22.52"", ""3:22.54"", ""3:22.85"", ""3:23.48"", ""3:23.97"", ""3:24.63"", ""3:25.30"", ""3:26.34"", ""3:26.51"", ""3:27.05"", ""3:27.34"", ""3:28.17"", ""3:28.79"", ""3:28.81"", ""3:29.67"", ""3:32.01"", ""3:32.20"", ""3:32."
677,how many institutions were founded before 1950 ?,10,"```python
# Extracting the relevant data from the table
founded_years = [1930, 1854, 1866, 1916, 1937, 1883, 1958, 2005, 1857, 1946, 1879, 1884]

# Counting the number of institutions founded before 1950
count_before_1950 = sum(year < 1950 for year in founded_years)

# Print the result
print(f""Number of institutions founded before 1950: {count_before_1950}"")
#Done
```"
678,what year did the first asian games take place ?,1994,"```python
# Extracting the relevant data from the table
years = [1991, 1991, 1992, 1993, 1994, 1995, 1997, 1998, 1999, 2000, 2001, 2003]
competitions = [""world race walking cup"", ""world championships"", ""olympic games"", ""world championships"", ""asian games"", ""world championships"", ""world championships"", ""asian games"", ""world championships"", ""olympic games"", ""world championships"", ""world championships""]
venues = [""san jose, united states"", ""tokyo, japan"", ""barcelona, spain"", ""stuttgart, germany"", ""hiroshima, japan"", ""gothenburg, sweden"", ""athens, greece"", ""bangkok, thailand"", ""seville, spain"", ""sydney, australia"", ""edmonton, canada"", ""paris, france""]

# Find the index of the first Asian Games
asian_games_index = competitions.index(""asian games"")

# Retrieve the year of the first Asian Games
year_first_asian_games = years[asian_games_index]

# Print the result
print(f""Final Answer: {year_first_asian_games}"")
# Done
```"
679,what is the first week of the tournament ?,7 November,"```python
# Extracting the relevant data from the table
weeks = [7, 7, 7, 7, 7, 7, 14, 21, 28]
tournaments = [""topper south american open\nbuenos aires, argentina\natp world series\n$288,750"",
               ""topper south american open\nbuenos aires, argentina\natp world series\n$288,750"",
               ""kremlin cup\nmoscow, russia\natp world series\n$1,100,000"",
               ""kremlin cup\nmoscow, russia\natp world series\n$1,100,000"",
               ""european community championships\nantwerp, belgium\natp world series\n$1,100,000"",
               ""european community championships\nantwerp, belgium\natp world series\n$1,100,000"",
               ""ibm atp tour world championships singles\nfrankfurt, germany (singles)\natp championships\n$3,000,000"",
               ""ibm atp tour world championships doubles\njakarta, indonesia\natp championships\n$1,300,000"",
               ""davis cup by nec: final\nmoscow - carpet""]

# Finding the first week of the tournament
first_week = weeks[0]

# Print the result
print(f""Final Answer: {first_week}"")
# Done
```"
680,the team 's record in 2011 was the same was it 's record in what year,2009,"```python
# Extracting the relevant data from the table
years = [2006, 2007, 2008, 2009, 2010, 2011, 2012, 2013]
records = [""5-11"", ""6-10"", ""4-12"", ""5-11"", ""10-6"", ""5-11"", ""6-10"", ""9-7""]

# Finding the specific record for the year 2011
year_index = years.index(2011)
team_record_2011 = records[year_index]

# Finding the year where the team's record was the same as in 2011
same_record_year = None
for i, record in enumerate(records):
    if record == team_record_2011 and years[i] != 2011:
        same_record_year = years[i]
        break

# Print the result
print(f""Final Answer: {same_record_year}"")
# Done
```"
681,what year was the earliest bull dog drummond published ?,1920,"```python
# Extracting the relevant data from the table
titles = [""bull-dog drummond"", ""the black gang"", ""the third round"", ""the final count"", ""the female of the species"", ""temple tower"", ""the return of bulldog drummond"", ""knock-out"", ""bulldog drummond at bay"", ""challenge"", ""bulldog drummond on dartmoor"", ""bulldog drummond attacks"", ""captain bulldog drummond"", ""bulldog drummond stands fast"", ""hands off bulldog drummond"", ""calling bulldog drummond"", ""the return of the black gang"", ""deadlier than the male"", ""some girls do""]
years = [1920, 1922, 1924, 1926, 1928, 1929, 1932, 1933, 1935, 1937, 1938, 1939, 1945, 1947, 1949, 1951, 1954, 1967, 1969]

# Finding the year of the earliest publication of ""bull-dog drummond""
earliest_index = titles.index(""bull-dog drummond"")
earliest_year = years[earliest_index]

# Print the result
print(f""Final Answer: {earliest_year}"")
# Done
```"
682,what year was prime suspects nominated for the bafta tv award ?,1992,"```python
# Extracting the relevant data from the table
years = [1979, 1981, 1981, 1984, 1984, 1985, 1986, 1986, 1989, 1991, 1992, 1993, 1996, 1998, 1998, 1999, 1999, 2002, 2006]
awards = [""olivier award"", ""tony award"", ""drama desk award"", ""olivier award"", ""olivier award"", ""olivier award"", ""tony award"", ""drama desk award"", ""olivier award"", ""olivier award"", ""bafta tv award"", ""bafta tv award"", ""olivier award"", ""bafta film award"", ""olivier award"", ""tony award"", ""drama desk award"", ""olivier award"", ""tony award""]
categories = [""best actress in a revival"", ""best featured in a play"", ""outstanding featured actress in a play"", ""best actress in a revival"", ""best actress in a supporting role"", ""best performance in a supporting role"", ""best featured actress in a play"", ""outstanding featured actress in a play"", ""best performance in a supporting role"", ""best actress in a supporting role"", ""best actress"", ""best actress"", ""best actress"", ""best supporting actress"", ""best actress"", ""best actress in a play"", ""outstanding actress in a play"", ""best actress"", ""best featured actress in a play""]
nominated_works = [""once in a lifetime"", ""piaf!"", ""piaf!"", ""twelfth night"", ""the time of your life"", ""mother courage"", ""loot"", ""loot"", ""othello"", ""the crucible"", ""prime suspect"", ""love hurts"", ""the glass menagerie"", ""wilde"", ""electra"", ""electra"", ""electra"", ""boston marriage"", ""awake and sing!""]
results = [""won"", ""nominated"", ""nominated"", ""nominated"", ""nominated"", ""nominated"", ""nominated"", ""nominated"", ""nominated"", ""nominated"", ""nominated"", ""nominated"", ""nominated"", ""nominated"", ""won"", ""nominated"", ""nominated"", ""nominated"", ""nominated""]

# Find the index of the nominated work ""prime suspect"" for ""bafta tv award""
bafta_nominated_index = nominated_works.index(""prime suspect"")
bafta_nominated_year = years[bafta_nominated_index]

# Print the result
print(f""Final Answer: {bafta_nominated_year}"")
# Done
```"
683,which artist only has its single entered on 2 january 1994 ?,D:Ream,res
684,how many times does fy & bi film appear under the notes column ?,3,"```python
# Extracting the relevant data from the table
notes = [""directed by carl th. dreyer"", ""propaganda film"", ""based on malberg's play"", None, None, None, None, None, ""first danish sound film"", ""fy & bi film"", ""fy & bi film"", ""fy & bi film"", None, ""directed by holger-madsen"", None, ""directed by emanuel gregers"", None, None, None, None, None]
fy_bi_count = notes.count(""fy & bi film"")

# Print the result
print(f""Final Answer: {fy_bi_count}"")
# Done
```"
685,what was the name of the mission previous to cosmos 300 ?,Luna 15,"```python
# Extracting the relevant data from the table
missions = [""luna e-8-5 no.402"", ""luna 15"", ""cosmos 300"", ""cosmos 305"", ""luna e-8-5 no.405"", ""luna 16"", ""luna 18"", ""luna 20"", ""luna 23"", ""luna e-8-5m no.412"", ""luna 24"", ""mars 79 (\""mars 5m\"")"", ""stardust"", ""genesis"", ""hayabusa"", ""fobos-grunt"", ""hayabusa 2"", ""osiris-rex"", ""chang'e 5"", ""marcopolo-r"", ""luna-grunt"", ""meji\nmsr"", ""mars-grunt"", ""chinese mars sample return mission"", ""openluna""]

# Find the index of ""cosmos 300"" and get the previous mission name
previous_mission = missions[missions.index(""cosmos 300"") - 1]

# Print the result
print(f""Previous Mission to Cosmos 300: {previous_mission}"")
# Done
```"
686,how many more roles did jon stewart have in 1997 compared to 2007 ?,4,"```python
# Extracting the relevant data from the table
years = [1997, 2007]
roles = [[""host""], [""host""], [""himself""], [""bobby""], [""andrew""], [""jon""], [""himself""], [""himself""], [""himself""], [""parker""], [""host""], [""host""], [""host""], [""host""], [""host""], [""himself""], [""brunk stinegrouber""], [""himself""], [""host""], [""matt trakker"", ""serpentor""], [""himself""]]
roles_count = [1, 1, 1, 1, 1, 1, 1, 1, 1, 1, 1, 1, 1, 1, 1, 1, 1, 1, 1, 2, 1]

# Calculate the roles count for Jon Stewart in 1997 and 2007
roles_1997 = roles[years.index(1997)]
roles_2007 = roles[years.index(2007)]
roles_count_1997 = roles_count[years.index(1997)]
roles_count_2007 = roles_count[years.index(2007)]

# Calculate the difference in the number of roles for Jon Stewart between 1997 and 2007
roles_diff = roles_count_1997 - roles_count_2007

# Print the result
print(f""Final Answer: {roles_diff}"")
# Done
```"
687,how many world championships were held previous to the world championships in 2001 ?,5,"```python
# Extracting the relevant data from the table
years = [1991, 1991, 1992, 1993, 1994, 1995, 1997, 1998, 1999, 2000, 2001, 2003]
competitions = [""world race walking cup"", ""world championships"", ""olympic games"", ""world championships"", ""asian games"", ""world championships"", ""world championships"", ""asian games"", ""world championships"", ""olympic games"", ""world championships"", ""world championships""]

# Count the number of world championships held before 2001
world_championships_before_2001 = competitions[:years.index(2001)].count(""world championships"")

# Print the result
print(f""Final Answer: {world_championships_before_2001}"")
# Done
```"
688,which element was observed or predicted in 1771 by w.scheele ?,Oxygen,res
689,"which religious denomination had a higher percentage in 1900 , jewish or roman catholic ?",Roman Catholic,"```python
# Extracting the relevant data from the table
denominations = [""roman catholic"", ""calvinist"", ""lutheran"", ""jewish"", ""others"", ""without religion"", ""no answer""]
percentages_1900 = [64.7, 7.4, 5.6, 21.0, 1.3, 0.0, 0.0]

# Finding the index of the denominations
roman_catholic_index = denominations.index(""roman catholic"")
jewish_index = denominations.index(""jewish"")

# Comparing the percentages in 1900 for Jewish and Roman Catholic denominations
if percentages_1900[jewish_index] > percentages_1900[roman_catholic_index]:
    higher_percentage_denomination = ""Jewish""
else:
    higher_percentage_denomination = ""Roman Catholic""

# Print the result
print(f""Final Answer: {higher_percentage_denomination}"")
# Done
```"
690,"what was the total number of goals score in the sri lanka - malaysia game of march 24 , 2007 ?",5,"```python
# Extracting the relevant data from the table
venues = [""rasmee dhandu stadium, male, maldives"", ""ho chi minh city, vietnam"", ""colombo, sri lanka"", ""beirut municipal stadium, beirut, lebanon"", ""suphachalasai stadium, bangkok, thailand"", ""supachalasai stadium, bangkok, thailand"", ""sugathadasa stadium, colombo, sri lanka"", ""sugathadasa stadium, colombo, sri lanka"", ""sugathadasa stadium, colombo, sri lanka"", ""sugathadasa stadium, colombo, sri lanka"", ""ma aziz stadium, chittagong, bangladesh"", ""ma aziz stadium, chittagong, bangladesh"", ""sugathadasa stadium, colombo, sri lanka"", ""chungshan stadium, taipei, taiwan"", ""chungshan stadium, taipei, taiwan"", ""chungshan stadium, taipei, taiwan"", ""chungshan stadium, taipei, taiwan"", ""chungshan stadium, taipei, taiwan"", ""gachibowli athletic stadium, hyderabad, india"", ""sugathadasa stadium, colombo, sri lanka"", ""sugathadasa stadium, colombo, sri lanka"", ""sugathadasa stadium, colombo, sri lanka"", ""sugathadasa stadium, colombo, sri lanka"", ""sugathadasa stadium, colombo, sri lanka"", ""bangabandhu national stadium, dhaka, bangladesh"", ""bangabandhu national stadium, dhaka, bangladesh"", ""bangabandhu national stadium, dhaka, bangladesh""]

opponents = [""maldives"", ""vietnam"", ""cambodia"", ""pakistan"", ""pakistan"", ""pakistan"", ""maldives"", ""timor-leste"", ""timor-leste"", ""laos"", ""brunei"", ""nepal"", ""malaysia"", ""guam"", ""pakistan"", ""pakistan"", ""pakistan"", ""chinese taipei"", ""myanmar"", ""brunei"", ""brunei"", ""brunei"", ""brunei"", ""chinese taipei"", ""bhutan"", ""bhutan"", ""bhutan""]

scores = [""1-1"", ""2-1"", ""1-0"", ""3-2"", ""1-0"", ""3-0"", ""1-0"", ""1-1"", ""3-2"", ""2-0"", ""2-0"", ""1-0"", ""1-4"", ""5-1"", ""1-0"", ""4-1"", ""7-1"", ""2-2"", ""1-1"", ""1-0"", ""3-0"", ""4-0"", ""5-0"", ""1-0"", ""3-0"", ""4-0"", ""5-0""]

dates = [""2000-05-01"", ""2000-08-25"", ""2001-03-28"", ""2001-05-17"", ""2001-05-30"", ""2001-05-30"", ""2002-04-04"", ""2003-03-21"", ""2003-03-21"", ""2003-12-03"", ""2006-04-02"", ""2006-04-12"", ""2007-03-24"", ""2008-04-02"", ""2008-04-04"", ""2008-04-04"", ""2008-04-04"", ""2008-04-06"", ""2008-08-02"", ""2009-04-04"", ""2009-04-04"", ""2009-04-04"", ""2009-04-04"", ""2009-04-06"", ""2009-12-06"", ""2009-12-06"", ""2009-12-06""]

# Find the index corresponding to the given match
index = [i for i, date in enumerate(dates) if date == ""2007-03-24"" and venues[i].startswith(""sugathadasa stadium"") and opponents[i] == ""malaysia""]

# Extract the score for the given match
goals_scored = 0
if index:
    score = scores[index[0]]
    goals = score.split('-')
    goals_scored = int(goals[0]) + int(goals[1])

# Print the result
print(f""Final Answer: Total number of goals scored in the Sri Lanka -"
691,which year is the year with the most titles ?,1974,"```python
# Extracting the relevant data from the table
titles = [""\""kloot's kounty\"""", ""\""apache on the county seat\"""", ""\""the shoe must go on\"""", ""\""a self winding sidewinder\"""", ""\""pay your buffalo bill\"""", ""\""stirrups and hiccups\"""", ""\""ten miles to the gallop\"""", ""\""phony express\"""", ""\""giddy up woe\"""", ""\""gold struck\"""", ""\""as the tumbleweeds turn\"""", ""\""the badge and the beautiful\"""", ""\""big beef at o.k. corral\"""", ""\""by hoot or by crook\"""", ""\""strange on the range\"""", ""\""mesa trouble\"""", ""\""saddle soap opera\""""]
years = [1973, 1973, 1973, 1973, 1973, 1973, 1973, 1974, 1974, 1974, 1974, 1974, 1974, 1974, 1974, 1974, 1974]

# Count the number of titles by each year
year_count = {}
for year in years:
    year_count[year] = year_count.get(year, 0) + 1

# Find the year with the most titles
most_titles_year = max(year_count, key=year_count.get)

# Print the result
print(f""Final Answer: {most_titles_year}"")
# Done
```"
692,which episode aired in the same month as `` antarctica '' ?,Skulls,"```python
# Extracting the relevant data from the table
titles = [""reunion"", ""antarctica"", ""skulls"", ""heist"", ""the wheel of dharma"", ""sangraal"", ""mummy virus"", ""name of god"", ""devil's child"", ""avalon"", ""the lost codex"", ""eternal"", ""helmholtz resonance""]
aired_months = [1, 2, 2, 3, None, None, None, None, None, None, None, None, None]

# Find the month of the ""antarctica"" episode
antarctica_month = aired_months[titles.index(""antarctica"")]

# Find the episode that aired in the same month as ""antarctica""
same_month_episode = [title for title, month in zip(titles, aired_months) if month == antarctica_month and title != ""antarctica""]

# Print the result
print(f""Final Answer: {same_month_episode}"")
# Done
```"
693,what album did the band release previous to 101 ?,Bez ljubavi,"```python
# Extracting the relevant data from the table
titles = [""\""znaj da znam\"""", ""\""naj, najbolja\"""", ""\""gorka cokolada\"""", ""\""bol do ludila\"""", ""\""ponuda\"""", ""\""agonija\"""", ""\""u nedelju\"""", ""\""bez ljubavi\"""", ""\""101\"""", ""\""molitva\"""", ""\""nisam anđeo\"""", ""\""sta da zaboravim\"""", ""\""jedan vidi sve\""""]
albums = [""naj, najbolja"", ""naj, najbolja"", ""bez ljubavi"", ""bez ljubavi"", ""ponuda cds"", ""agonija cds"", ""bez ljubavi"", ""bez ljubavi"", ""bez ljubavi"", ""molitva cds, molitva - the best of"", ""nisam anđeo"", ""anđeo"", ""anđeo""]

# Finding the index of the album previous to ""101""
album_index = titles.index(""\""101\"""")
previous_album = albums[album_index - 1]

# Print the result
print(f""Final Answer: {previous_album}"")
# Done
```"
694,"in 1821 , the population of middlesex in the kensington division was 70,808 . what was it ten years earlier , at the time of the previous census ?","54,550","```python
# Extracting the relevant data from the table
years = [1801, 1811, 1821]
populations_kensington_division = [24771, 27029, 70808]

# Finding the population in the Kensington division ten years earlier
year_index = years.index(1821)
population_1821 = populations_kensington_division[year_index]
population_1811 = populations_kensington_division[year_index - 1]

# Print the result
print(f""Population in 1811: {population_1811}"")
# Done
```"
695,"what venue is previous to ginásio chico neto , maringá ?","Maringa's Futsal Stadium, Brazil","```python
# Extracting the relevant data from the table
venues = [""zhejiang dragon sports centre, hangzhou"", ""songdo global university campus, incheon"", ""sao keatano, brazil"", ""maringa's futsal stadium, brazil"", ""ginasio chico neto, maringa""]

# Finding the index of the venue
venue_index = venues.index(""ginasio chico neto, maringa"")

# Retrieving the venue previous to ""ginásio chico neto, maringá""
previous_venue = venues[venue_index - 1]

# Print the result
print(f""Final Answer: {previous_venue}"")
# Done
```"
696,the lego movie was number one on february 9 . what was the previous number one ?,47 Ronin,"```python
# Extracting the relevant data from the table
films = [""frozen"", ""frozen"", ""¿que le dijiste a dios?"", ""i, frankenstein"", ""47 ronin"", ""the lego movie"", ""casese quien pueda"", ""casese quien pueda"", ""mr. peabody & sherman"", ""300: rise of an empire"", ""300: rise of an empire"", ""noah"", ""captain america: the winter soldier""]
dates = [""january 5, 2014"", ""january 12, 2014"", ""january 19, 2014"", ""january 26, 2014"", ""february 2, 2014"", ""february 9, 2014"", ""february 16, 2014"", ""february 23, 2014"", ""march 2, 2014"", ""march 9, 2014"", ""march 16, 2014"", ""march 23, 2014"", ""march 30, 2014""]

# Filter films that were number one on the previous dates
previous_number_ones = [films[i - 1] for i, date in enumerate(dates) if date == ""february 9, 2014""]

# Print the result
print(f""Final Answer: {', '.join(previous_number_ones)}"")
# Done
```"
697,what is the number of countries that played during the 2011-12 uefa europa league ?,4,"```python
# Extracting the relevant data from the table
seasons = [""2010-11"", ""2011-12"", ""2011-12"", ""2011-12"", ""2011-12"", ""2012-13"", ""2012-13""]
competitions = [""uefa europa league"", ""uefa europa league"", ""uefa europa league"", ""uefa europa league"", ""uefa europa league"", ""uefa europa league"", ""uefa europa league""]

# Find the season and competition where 2011-12 uefa europa league took place
indices = [i for i, (season, competition) in enumerate(zip(seasons, competitions)) if season == ""2011-12"" and competition == ""uefa europa league""]

# Extract the number of countries that played during 2011-12 uefa europa league
num_countries = len(indices)

# Print the result
print(f""Final Answer: {num_countries}"")
# Done
```"
698,what is the number of times `` friendly '' appears as a competition ?,3,"```python
# Extracting the relevant data from the table
competitions = [""euro 2008 qualifying"", ""euro 2008 qualifying"", ""friendly"", ""euro 2008 qualifying"", ""euro 2008 qualifying"", ""2010 fifa world cup qualifying"", ""2010 fifa world cup qualifying"", ""friendly"", ""euro 2012 qualifying"", ""euro 2012 qualifying"", ""2014 fifa world cup qualifying"", ""friendly""]

# Count the number of times ""friendly"" appears as a competition
friendly_count = competitions.count('friendly')

# Print the result
print(f""Number of times 'friendly' appears as a competition: {friendly_count}"")
# Done
```"
699,against which opponent was the last game of the season ?,Chicago Bears,"```python
# Extracting the relevant data from the table
games = [""1"", ""2"", ""3"", ""4"", ""5"", ""6"", ""7"", ""8"", ""9"", ""10"", ""11"", ""12"", ""13"", ""14"", ""15"", ""16"", ""17""]
opponents = [""indianapolis colts"", ""tampa bay buccaneers"", ""tennessee titans"", None, ""carolina panthers"", ""seattle seahawks"", ""atlanta falcons"", ""san francisco 49ers"", ""jacksonville jaguars"", ""st. louis rams"", ""houston texans"", ""carolina panthers"", ""tampa bay buccaneers"", ""atlanta falcons"", ""arizona cardinals"", ""philadelphia eagles"", ""chicago bears""]

# Find the index of the last game of the season
last_game_index = games.index(""17"")

# Retrieve the opponent for the last game
last_game_opponent = opponents[last_game_index]

# Print the result
print(f""Final Answer: {last_game_opponent}"")
# Done
```"
700,how many times has anton lyuboslavskiy scored above 20 m ?,3,"```python
# Extracting the relevant data from the table
results = [19.56, 20.1, 20.44, 19.56, 19.4, 19.93, 19.44, 19.12, 19.91, 19.87, 20.14]

# Counting the number of times Anton Lyuboslavskiy scored above 20 m
above_20m_count = sum(result > 20 for result in results)

# Print the result
print(f""Final Answer: {above_20m_count}"")
# Done
```"
701,other than january how many encyclicals were in 1921 ?,2,"```python
# Extracting the relevant data from the table
years = [1914, 1917, 1918, 1919, 1919, 1920, 1920, 1920, 1920, 1921, 1921, 1921]
months = [11, 6, 12, 5, 11, 5, 9, 10, 12, 1, 4, 6]
encyclicals = [""appealing for peace"", ""on preaching the word of god"", ""on the future peace conference"", ""on st. boniface"", ""on the children of central europe"", ""on peace and christian reconciliation"", ""on st. jerome"", ""on st. ephram the syrian"", ""on children in central europe"", ""on the third order of st. francis"", ""on dante"", ""on st. dominic""]

# Filter the data for 1921 excluding January
filtered_data = [encyclical for encyclical, year, month in zip(encyclicals, years, months) if year == 1921 and month != 1]

# Count the number of encyclicals
num_encyclicals_1921 = len(filtered_data)

# Print the result
print(f""Final Answer: {num_encyclicals_1921}"")
# Done
```"
702,"which game was higher scoring by nebraska , sept 1 or sept 8 ?",Sept 1,"```python
# Extracting the relevant data from the table
dates = [""september 1"", ""september 8"", ""september 15"", ""september 22"", ""september 29"", ""october 6"", ""october 13"", ""october 20"", ""october 27"", ""november 3"", ""november 10"", ""november 23""]
scores = [""w 52-10"", ""w 20-17"", ""l 31-49"", ""w 41-40"", ""w 35-17"", ""l 6-41"", ""l 14-45"", ""l 14-36"", ""l 25-28"", ""l 39-76"", ""w 73-31"", ""l 51-65""]

nebraska_scores = []
for i in range(len(dates)):
    if ""nebraska"" in c3_raw[i].lower():
        nebraska_scores.append(scores[i])

# Extracting the scores for the specific dates
sept_1_score = nebraska_scores[dates.index(""september 1"")]
sept_8_score = nebraska_scores[dates.index(""september 8"")]

# Comparing the scores
if sept_1_score > sept_8_score:
    higher_scoring_game = ""september 1""
else:
    higher_scoring_game = ""september 8""

# Print the result
print(f""Higher scoring game by Nebraska: {higher_scoring_game}"")
# Done
```"
703,"who was the first commissioner of food and drug , appointed in january 1907 ?","Harvey Washington Wiley, M.D.","```python
# Extracting the relevant data from the table
names = [""harvey washington wiley, m.d"", ""carl l. alsberg m.d"", ""walter gilbert campbell"", ""charles albert browne, jr"", ""walter gilbert campbell"", ""paul b. dunbar, ph.d"", ""charles w. crawford"", ""george p. larrick"", ""james lee goddard, m.d"", ""herbert leonard ley, jr., m.d"", ""charles c. edwards, m.d"", ""alexander mackay schmidt, m.d"", ""donald kennedy, ph.d"", ""jere edwin goyan, ph.d"", ""arthur hull hayes jr., m.d"", ""frank edward young, m.d., ph.d"", ""david aaron kessler, m.d"", ""jane ellen henney, m.d"", ""mark barr mcclellan, m.d., ph.d"", ""lester mills crawford, d.v.m., ph.d"", ""andrew c. von eschenbach, m.d"", ""margaret a. hamburg, m.d""]
appointments = [""january 1, 1907"", ""december 16, 1912"", ""7/16/1921"", ""7/1/1924"", ""7/1/1927"", ""5/6/1944"", ""6/1/1951"", ""8/12/1954"", ""1/17/1966"", ""7/1/1968"", ""12/13/1969"", ""7/20/1973"", ""4/4/1977"", ""10/21/1979"", ""4/13/1981"", ""7/15/1984"", ""11/8/1990"", ""1/17/1999"", ""11/14/2002"", ""7/18/2005"", ""12/13/2006"", ""5/22/2009""]

# Find the index of the first appointment date matching January 1, 1907
first_appointment_index = appointments.index(""january 1, 1907"")

# Retrieve the corresponding name
first_commissioner = names[first_appointment_index]

# Print the result
print(f""Final Answer: {first_commissioner}"")
# Done
```  "
704,which tribunal pronounced the least number of sentences between 1701 and 1746 ?,Las Palmas,"```python
# Extracting the relevant data from the table
tribunals = [""barcelona"", ""logrono"", ""palma de mallorca"", ""saragossa"", ""valencia"", ""las palmas"", ""cordoba"", ""cuenca"", ""santiago de compostela"", ""granada"", ""llerena"", ""madrid"", ""murcia"", ""seville"", ""toledo"", ""valladolid"", ""total""]
sentences = [8, 1, 3, 1, 4, 0, 13, 7, 4, 15, 5, 4, 6, 15, 33, 10, 125]

# Finding the tribunal with the least number of sentences between 1701 and 1746
min_sentences = min(filter(None, sentences))  # Filtering to exclude 0 values
min_sentences_index = sentences.index(min_sentences)
tribunal_with_least_sentences = tribunals[min_sentences_index]

# Print the result
print(f""Final Answer: {tribunal_with_least_sentences}"")
# Done
```"
705,what is the least population of 2009 ?,"2,143","```python
# Extracting the relevant data from the table
pop_2009 = [3756, 3558, 3054, 18022, 3656, 3656, 3656, 3832, 2926, 3344, 4440, 3086, 3102, 5798, 5086, 3438, 2143, 5414, 3813]

# Finding the least population in 2009
least_population_2009 = min(pop_2009)

# Print the result
print(f""Final Answer: {least_population_2009}"")
# Done
```"
706,what were the total number of years bob martinez served in office ?,2,"```python
# Extracting the relevant data from the table
names = [""william bennett"", ""bob martinez"", ""lee p. brown"", ""barry mccaffrey"", ""john p. walters"", ""gil kerlikowske"", ""michael botticelli""]
min_years = [1989, 1991, 1993, 1996, 2001, 2009, 2014]
max_years = [1991, 1993, 1995, 2001, 2009, 2014, 2014]

# Finding the total number of years bob martinez served in office
name_index = names.index(""bob martinez"")
total_years_served = max_years[name_index] - min_years[name_index]

# Print the result
print(f""Final Answer: {total_years_served} years"")
# Done
```"
707,how many matches were in 2007 ?,4,"```python
# Extracting the relevant data from the table
years = [2001, 2003, 2003, 2003, 2003, 2003, 2003, 2004, 2004, 2005, 2006, 2006, 2007, 2007, 2007, 2007, 2008, 2008, 2010, 2010, 2010]
matches = [""758"", ""56"", ""7"", ""92"", ""90"", None, ""55"", ""21"", ""665"", None, ""311"", ""314"", None, ""194"", ""113"", ""84"", ""51"", ""0"", ""59"", ""22"", ""1435""]

# Finding the number of matches in 2007
matches_2007 = [match for year, match in zip(years, matches) if year == 2007]

# Summing up the matches in 2007
total_matches_2007 = sum([int(match) for match in matches_2007 if match is not None])

# Print the result
print(f""Final Answer: {total_matches_2007}"")
# Done
```"
708,what is the total number of garratts produced in 1911 ?,3,res
709,what is the only country that started up a plant in 2013 ?,Angola,"```python
# Extracting the relevant data from the table
countries = [""qatar"", ""algeria"", ""algeria"", ""algeria"", ""algeria"", ""algeria"", ""algeria"", ""angola"", ""brunei"", ""indonesia"", ""indonesia"", ""indonesia"", ""indonesia"", ""indonesia"", ""indonesia"", ""trinidad and tobago"", ""trinidad and tobago"", ""egypt"", ""egypt"", ""malaysia"", ""malaysia"", ""malaysia"", ""nigeria"", ""australia"", ""australia"", ""australia"", ""russia"", ""yemen"", ""indonesia"", ""qatar"", ""qatar"", ""qatar"", ""qatar"", ""oman"", ""united arab emirates"", ""united arab emirates"", ""norway""]
startup_dates = [2009, 1964, 1978, 1997, 1972, 1981, 1999, 2013, 1972, 1977, 1986, 1989, 1993, 1998, 1999, 1999, 2003, 2004, 2005, 1983, 1994, 2003, 1999, 2009, 1989, 1995, 2009, 2008, 2009, 1996, 2005, 2010, 1999, 2000, 1977, 1994, 2007]

# Finding the country that started a plant in 2013
country_2013 = countries[startup_dates.index(2013)]

# Print the result
print(f""Final Answer: {country_2013}"")
# Done
```"
710,"in the 1975 stanley cup playoffs , which team scored the most in a single series against the buffalo sabres ?",Montreal Canadiens,"```python
# Extracting the relevant data from the table
rounds = [""preliminary round"", ""quarter-finals"", ""quarter-finals"", ""quarter-finals"", ""quarter-finals"", ""quarter-finals"", ""semi-finals"", ""semi-finals"", ""semi-finals"", ""semi-finals"", 
""semi-finals"", ""semi-finals"", ""stanley cup finals"", ""stanley cup finals"", ""stanley cup finals"", ""stanley cup finals"", ""stanley cup finals"", ""stanley cup finals""]
dates = [None, ""13-apr-75"", ""15-apr-75"", ""17-apr-75"", ""20-apr-75"", ""22-apr-75"", ""27-apr-75"", ""29-apr-75"", ""1-may-75"", ""3-may-75"", ""6-may-75"", ""8-may-75"", ""15-may-75"", 
""18-may-75"", ""20-may-75"", ""22-may-75"", ""25-may-75"", ""27-may-75""]
visitor_teams = [None, ""chicago black hawks"", ""chicago black hawks"", ""buffalo sabres"", ""buffalo sabres"", ""chicago black hawks"", ""montreal canadiens"", ""montreal canadiens"", 
""buffalo sabres"", ""buffalo sabres"", ""montreal canadiens"", ""buffalo sabres"", ""buffalo sabres"", ""buffalo sabres"", ""philadelphia flyers"", ""philadelphia flyers"", ""buffalo sabres"", ""philadelphia flyers""]
visitor_scores = [None, 1.0, 1.0, 4.0, 6.0, 1.0, 5.0, 2.0, 0.0, 2.0, 4.0, 4.0, 1.0, 1.0, 4.0, 2.0, 1.0, 2.0]
home_teams = [None, ""buffalo sabres"", ""buffalo sabres"", ""chicago black hawks"", ""chicago black hawks"", ""buffalo sabres"", ""buffalo sabres"", ""buffalo sabres"", ""montreal canadiens"", 
""montreal canadiens"", ""buffalo sabres"", ""montreal canadiens"", ""philadelphia flyers"", ""philadelphia flyers"", ""buffalo sabres"", ""buffalo sabres"", ""philadelphia flyers"", ""buffalo sabres""]
home_scores = [None, 4.0, 3.0, 5.0, 2.0, 3.0, 6.0, 4.0, 7.0, 8.0, 5.0, 3.0, 4.0, 2.0, 5.0, 4.0, 5.0, 0.0]

# Finding the team that scored the most against the Buffalo Sabres in a single series
max_score = 0
team_max_score = """"
for i in range(len(home_teams)):
    if home_teams[i] == ""buffalo sabres"" and visitor_scores[i] > max_score:
        max_score = visitor_scores[i]
        team_max_score = visitor_teams[i]
    elif visitor_teams[i] == ""buffalo sabres"" and home_scores[i] > max_score:
        max_score = home_scores[i]
        team_max_score = home_teams[i]

# Print the result
print(f""Final Answer: {team_max_score} scored the most against the Buffalo Sabres in a single series"")
# Done
```"
711,how many years did an jae sung play ?,3,"```python
# Extracting the relevant data from the table
players = [""cho soong-jae (630)"", ""chung hong (717)"", ""im kyu-tae (492)"", ""jeong suk-young (793)"", ""kim hyun-joon (908)"", ""kim young-jun (474)"", ""lim yong-kyu (288)"", ""seol jae-min (none)"", ""an jae-sung"", ""bae nam-ju"", ""baek se-hyun"", ""baek seung-bok"", ""chang eui-jong"", ""choi boo-kil"", ""chung hee-seok"", ""chung hee-sung"", ""chung yong-ho"", ""im chung-yang"", ""jeon chang-dae"", ""jeon young-dai"", ""ji seung-ho"", ""ju chang-nam"", ""jun woong-sun"", ""kim bong-soo"", ""kim bong-suk"", ""kim chi-wan"", ""kim choon-ho"", ""kim dong-hyun"", ""kim doo-hwan"", ""kim jae-sik"", ""kim ke-hwan"", ""kim moon-il"", ""kim nam-hoon"", ""kim sun-yong"", ""kim sung-bae"", ""kwon oh-hee"", ""lee ek-son"", ""lee hyung-taik"", ""lee jeong-min"", ""lee sang-yoon"", ""lee tong-won"", ""lee woo-ryong"", ""lee seung-hoon"", ""nam hyun-woo"", ""park do-sung"", ""roh gap-taik"", ""shin han-cheol"", ""song dong-wook"", ""song hyeong-keun"", ""suk hyun-jun"", ""um hwa-yong"", ""yoo jin-sun"", ""yoon yong-il""]
years_played = [""2-0"", ""0-0"", ""6-9"", ""1-2"", ""3-4"", ""6-4"", ""7-6"", ""2-2"", ""4-3"", ""1-3"", ""0-1"", ""0-4"", ""13-11"", ""2-4"", ""14-8"", ""2-3"", ""1-18"", ""2-9"", ""5-5"", ""14-10"", ""3-3"", ""4-8"", ""12-8"", ""18-9"", ""2-6"", ""6-4"", ""8-11"", ""5-7"", ""2-15"", ""5-4"", ""0-1"", ""3-13"", ""1-0"", ""3-1"", ""4-8"", ""3-1"", ""0-1"", ""51-23"", ""0-1"", ""0-8"", ""0-1"", ""1-3"", ""0-3"", ""1-0"", ""0-1"", ""7-1"", ""3-7"", ""13-12"", ""0-2"", ""0-2"", ""0-2"", ""18-11"", ""19-14""]

# Finding the index of the player ""an jae sung""
player_index = players.index(""an jae-sung"")

# Extracting the years played by ""an jae sung""
years_played_by_an_jae_sung = years_played[player_index]

# Splitting the total years to get the individual years played
each_year_played = years_played_by_an_jae_sung.split(""-"")

# Calculating the total years played
total_years_played = int(each_year_played[0]) + int(each_year_played[1])

# Print the result
print(f""Final Answer: An Jae Sung played for {total_years_played} years."")
# Done
```"
712,did jeff london direct before night falls or and then came summer ?,And Then Came Summer,"```python
# Extracting the relevant data from the table
titles = [""101 rent boys"", ""101 reykjavik"", ""and then came summer"", ""before night falls"", ""benjamin smoke"", ""between two women"", ""big eden"", ""billy elliot"", ""borstal boy"", ""a boy named sue"", ""the broken hearts club: a romantic comedy"", ""burnt money"", ""chuck & buck"", ""citizens of perpetual indulgence"", ""common ground"", ""confusion of genders"", ""daughters of the sun"", ""doors cut down"", ""drift"", ""drole de felix"", ""eban and charley"", ""faites comme si je n'etais pas la"", ""fleeing by night"", ""forbidden fruit"", ""get your stuff"", ""the girl"", ""her or him"", ""if these walls could talk 2"", ""an intimate friendship"", ""the iron ladies (satree lek)"", ""just a question of love"", ""km. 0"", ""the legend of rita"", ""marlene"", ""mercy"", ""the monkey's mask"", ""murderous maids"", ""the next best thing"", ""nico and dani"", ""no one sleeps"", ""once in a lifetime"", ""our lady of the assassins"", ""paragraph 175"", ""the perfect son"", ""the phantom"", ""presque rien"", ""red dirt"", ""revoir julie"", ""stardom"", ""the sea"", ""sordid lives"", ""straightman"", ""things you can tell just by looking at her"", ""together"", ""urbania"", ""water drops on burning rocks"", ""what's cooking?"", ""woman on top"", ""wonder boys""]
directors = [""fenton bailey, randy barbato"", ""baltasar kormakur"", ""jeff london"", ""julian schnabel"", ""jem cohen\ntemplate:peter sillen"", ""steven woodcock"", ""thomas bezucha"", ""stephen daldry"", ""peter sheridan"", ""julie wyman"", ""greg berlanti"", ""marcelo pineyro"", ""miguel arteta"", ""alex monty canawati"", ""donna deitch"", ""ilan duran cohen"", ""maryam shahriar"", ""antonio hens"", ""quentin lee"", ""olivier ducastel, jacques martineau"", ""james bolton"", ""olivier jahan"", ""hsu li kong, chi yin"", ""sue maluwa-bruce"", ""max mitchell"", ""sande zeig"", ""benjamin beaulieu"", ""jane anderson, martha coolidge, anne heche"", ""angela evers hughey"", ""youngyooth thongkonthun"", ""christian faure"", ""yolanda garcia serrano, juan luis iborra"", ""volker schlondorff"", ""joseph vilsmaier"", ""damian harris"", ""samantha lang"", ""jean-pierre denis"", ""john schlesinger"", ""cesc gay"", ""jochen hick"", ""susanne bier"", ""barbet schroeder"", ""rob epstein, jeffrey friedman"", ""leonard farlinger"", ""joao pedro rodrigues"", ""sebastien lifshitz"", ""tag purvis"", ""jeanne crepeau"", ""denys arcand"", ""agusti villaronga"", ""del shores"", ""ben berkowitz"", ""garcia rodrigo"", ""lukas moodysson"", ""jon matthews"", ""francois ozon"", ""gurinder chadha"", ""fina torres"", ""curtis hanson""]

# Find the index of directors for the movies
jeff_london_index = directors.index(""jeff london"")
before_night_falls_index = titles.index(""before night falls"")
and_then_came_summer_index = titles.index(""and then came summer"")

# Check if Jeff London directed Before Night Falls or And Then Came Summer
if jeff_london_index < before_night_falls_index and jeff_london_index < and_then_came_summer_index:
    print(""Final Answer: Yes, Jeff London directed Before Night Falls and And Then Came Summer."")
else:
    print(""Final Answer: No, Jeff London did not direct Before Night Falls or And Then Came Summer."")
# Done
```"
713,how many times did mocho cota lose to chamaco valaguez ?,1,"```python
# Extracting the relevant data from the table
winner = ""mocho cota""
loser = ""chamaco valaguez""
winners_list = [""mocho cota"", ""satanico"", ""chamaco valaguez"", ""gran cochisse"", ""la fiera and mocho cota"", 
                ""gran cochisse"", ""mocho cota"", ""mocho cota"", ""sangre chicana and mocho cota"", ""mocho cota"", 
                ""mocho cota"", ""negro casas""]
losers_list = [""chamaco valaguez"", ""mocho cota"", ""mocho cota"", ""mocho cota"", ""ringo mendoza and cachorro mendoza"", 
               ""mocho cota"", ""chamaco valaguez"", ""el talisman"", ""el faraon and talisman"", ""kato kung lee"",
               ""chamaco valaguez"", ""mocho cota""]

# Count how many times did mocho cota lose to chamaco valaguez
times_lost = 0
for i in range(len(winners_list)):
    if winners_list[i] == winner and losers_list[i] == loser:
        times_lost += 1

# Print the result
print(f""Final Answer: Mocho Cota lost to Chamaco Valaguez {times_lost} times"")
# Done
```"
714,how many movies was she in in 1998 ?,8,"```python
# Extracting the relevant data from the table
years = [1992, 1992, 1992, 1993, 1993, 1993, 1993, 1994, 1994, 1995, 1995, 1995, 1995, 1995, 1995, 1996, 1996, 1997, 1998, 1998, 1998, 1998, 1998, 1998, 1998, 1998, 1999, 1999, 1999, 1999, 2000, 2000, 2001, 2001, 2002, 2002, 2003, 2003, 2004, 2004, 2007, 2010, 2010, 2010, 2011]
roles = [""to miss with love"", ""super lady cop"", ""fight back to school ii"", ""once a cop"", ""taxi hunter"", ""tom, dick and hairy"", ""vampire family"", ""lantern"", ""easy money"", ""shaolin kung fu kids"", ""trouble maker"", ""remember m, remember e"", ""cupid love"", ""a chinese odyssey part one: pandora's box"", ""a chinese odyssey part two: cinderella"", ""the feeling of love"", ""hero of swallow"", ""ah fai the dumb"", ""temptress of a thousand face"", ""tricky king"", ""step into the dark"", ""shanghai affairs"", ""the love and sex of the eastern hollywood"", ""take five"", ""raped by an angel 2: the uniform fan"", ""the conman"", ""the h.k. triad"", ""the boss up there"", ""raped by an angel 4: the raper's union"", ""horoscope 1: the voice from hell"", ""love correction"", ""conman in tokyo"", ""stowaway"", ""never say goodbye"", ""chinese odyssey 2002"", ""time 4 hope"", ""shiver"", ""dack night wolf"", ""sex and the beauties"", ""love is a many stupid thing"", ""whispers and moans"", ""just another pandora's box"", ""the aroma city"", ""let love come back"", ""scary market""]

# Count the number of movies she was in during 1998
count_1998 = sum([1 for i, year in enumerate(years) if year == 1998])

# Print the result
print(f""Final Answer: {count_1998} movies"")
# Done
```"
715,what was the outcome after the october 8 game in phoenix ?,Runner-up,"```python
# Extracting the relevant data from the table
outcomes = [""winner"", ""runner-up"", ""runner-up"", ""winner"", ""runner-up"", ""winner"", ""winner"", ""runner-up"", ""winner"", ""winner"", ""runner-up"", ""runner-up"", ""runner-up"", ""winner"", ""winner"", ""winner"", ""winner"", ""winner"", ""runner-up"", ""winner"", ""winner"", ""runner-up"", ""runner-up"", ""winner"", ""runner-up"", ""runner-up"", ""winner"", ""runner-up"", ""runner-up"", ""runner-up"", ""runner-up"", ""runner-up"", ""winner"", ""winner"", ""runner-up"", ""runner-up"", ""winner"", ""winner"", ""runner-up"", ""runner-up"", ""runner-up"", ""winner"", ""winner"", ""runner-up"", ""runner-up"", ""runner-up"", ""winner"", ""runner-up"", ""runner-up"", ""runner-up"", ""winner"", ""runner-up"", ""runner-up"", ""runner-up"", ""runner-up"", ""winner"", ""runner-up"", ""winner"", ""runner-up"", ""winner"", ""runner-up"", ""winner"", ""winner"", ""runner-up"", ""winner"", ""runner-up"", ""winner"", ""winner"", ""winner""]
c3_dates = [""1978-03-12"", ""1978-10-01"", ""1978-10-08"", ""1978-11-12"", ""1979-02-18"", ""1979-03-04"", ""1979-08-12"", ""1979-09-29"", ""1979-10-28"", ""1979-11-25"", ""1979-12-02"", ""1980-02-10"", ""1980-02-24"", ""1980-04-13"", ""1980-06-07"", ""1980-06-21"", ""1980-07-05"", ""1980-07-20"", ""1980-07-27"", ""1980-08-10"", ""1980-09-21"", ""1980-09-28"", ""1980-10-05"", ""1980-10-26"", ""1980-11-09"", ""1980-11-16"", ""1981-01-25"", ""1981-03-15"", ""1981-06-21"", ""1981-07-03"", ""1981-08-16"", ""1981-08-23"", ""1981-09-12"", ""1981-10-25"", ""1981-11-01"", ""1981-11-29"", ""1981-12-05"", ""1982-01-10"", ""1982-01-17"", ""1982-01-24"", ""1982-02-14"", ""1982-03-07"", ""1982-03-20"", ""1982-03-28"", ""1982-04-18"", ""1982-05-02"", ""1982-06-05"", ""1982-06-20"", ""1982-07-03"", ""1982-10-24"", ""1982-11-21"", ""1983-01-10"", ""1983-02-20"", ""1983-03-20"", ""1983-04-03"", ""1983-04-24"", ""1983-06-04"", ""1984-04-22"", ""1984-07-07"", ""1985-03-31"", ""1986-01-26"", ""1986-03-09"", ""1986-10-05"", ""1986-11-02"", ""1990-02-18"", ""1990-07-22"", ""1990-08-12"", ""1990-11-04"", ""1991-02-24""]
opponents_in_final = [[""evonne goolagong"", ""betty stove""], [""francoise durr"", ""virginia wade""], [""tracy austin"", ""betty stove""], [""kerry reid"", ""wendy turnbull""], [""rosemary casals"", ""chris evert""], [""rosemary casals"", ""chris evert""], [""penny johnson"", ""paula smith""], [""betty stove"", ""wendy turnbull""], [""ilana kloss"", ""betty-ann stuart""], [""ilana kloss"", ""laura dupont""], [""billie jean king"", ""wendy turnbull""], [""rosemary casals"", ""martina navratilova""], [""billie jean king"", ""ilana kloss""], [""candy reynolds"", ""paula smith""], [""ivanna madr"
716,what date what the first game on ?,September 2,"```python
# Extracting the relevant data from the table
dates = [""september 2"", ""september 9"", ""september 16"", ""september 23"", ""september 30"", ""october 7"", ""october 14"", ""october 21"", ""october 28"", ""november 4"", ""november 11"", ""november 25"", ""december 30""]

# Finding the date of the first game
first_game_date = dates[0]

# Print the result
print(f""Final Answer : {first_game_date}"")
# Done
```"
717,did nes systems have games for more than 5 years ?,No,"```python
# Extracting the relevant data from the table
systems = [""nes"", ""atari 800, commodore 64, msx, zx spectrum, amstrad cpc"", ""sega master system"", ""game boy, nes""]
years = [1984, 1985, 1987, 1987, 1988, 1989, 1989, 1990, 1990, 1990, 1993, 2009, 2011, 2012, 2013]

# Finding the unique number of years each system has games
system_years = {}
for i, system in enumerate(systems):
    if system not in system_years:
        system_years[system] = []
    if years[i] not in system_years[system]:
        system_years[system].append(years[i])

# Checking if nes system has games for more than 5 years
if system_years.get(""nes"", 0) and len(system_years[""nes""]) > 5:
    nes_games = ""Yes, NES system has games for more than 5 years.""
else:
    nes_games = ""No, NES system does not have games for more than 5 years.""

# Print the result
print(f""Final Answer: {nes_games}"")
# Done
```"
718,how many times was ayrton senna in pole position ?,13,"```python
# Extracting the relevant data from the table
drivers = [""ayrton senna"", ""ayrton senna"", ""ayrton senna"", ""ayrton senna"", ""ayrton senna"", ""alain prost"", ""alain prost"", ""ayrton senna"", ""ayrton senna"", ""riccardo patrese"", ""ayrton senna"", ""ayrton senna"", ""ayrton senna"", ""ayrton senna"", ""ayrton senna"", ""ayrton senna""]
pole_positions = [""nigel mansell"", ""ayrton senna"", ""ayrton senna"", ""ayrton senna"", ""alain prost"", ""thierry boutsen"", ""alain prost"", ""alain prost"", ""ayrton senna"", ""nigel mansell"", ""ayrton senna"", ""alain prost"", ""gerhard berger"", ""ayrton senna"", ""alessandro nannini"", ""thierry boutsen""]

# Count the number of times Ayrton Senna was in pole position
count_pole_position = sum([1 for i in range(len(drivers)) if drivers[i] == ""ayrton senna"" and pole_positions[i] == ""ayrton senna""])

# Print the result
print(f""Final Answer: {count_pole_position}"")
# Done
```"
719,what is the last season that ton won ?,AF8,"```python
# Extracting the relevant data from the table
winners = [""ton (v9)"", ""ton (v13)"", ""ton (v8)""]
seasons = [""af1"", ""af2"", ""af3""]
last_winner_season = None

# Finding the last season that ton won
for i in range(len(winners)):
    winner = winners[i]
    if ""ton"" in winner:
        last_winner_season = seasons[i]

# Print the result
print(f""Final Answer: {last_winner_season}"")
# Done
```"
720,how many goals did ismail isa score this season ?,8,"```python
# Extracting the relevant data from the table
players = [""garra dembele"", ""daniel mladenov"", ""ismail isa"", ""hristo yovov"", ""joazinho"", ""vladimir gadzhev"", ""darko tasevski"", ""alex"", ""jeanvion yulu-matondo"", ""mariyan ognyanov"", ""serginho greene"", ""yordan miliev"", ""ivo ivanov"", ""total""]
goals = [3, 0, 1, 0, 0, 1, 0, 0, 0, 0, 0, 0, 0, 5]

# Finding the number of goals scored by Ismail Isa
player_index = players.index(""ismail isa"")
ismail_goals = goals[player_index]

# Print the result
print(f""Final Answer: {ismail_goals}"")
# Done
```"
721,"in 2010 , who has the least amount of sales ?",United Aircraft Corporation,"```python
# Extracting the relevant data from the table
companies = [""lockheed martin"", ""boeing"", ""bae systems"", ""general dynamics"", ""raytheon"", ""northrop grumman"", ""airbus group"", ""finmeccanica"", ""l-3 communications"", ""united technologies corporation"", ""thales group"", ""saic"", ""huntington ingalls industries"", ""honeywell"", ""safran"", ""computer sciences corp"", ""rolls-royce"", ""united aircraft corporation"", ""oshkosh corporation"", ""general electric"", ""itt corp"", ""almaz-antey""]
sales_2010 = [31360, 29200, 32880, 23940, 22980, 28150, 16360, 14410, 13070, 11410, 9950, 8230, None, 5400, 4800, 5940, 4330, 3440, 7080, 4300, 4000, 3950]

# Finding the company with the least amount of sales in 2010
min_sales_2010 = min(filter(None, sales_2010))
min_sales_index = sales_2010.index(min_sales_2010)
company_least_sales_2010 = companies[min_sales_index]

# Print the result
print(f""Final Answer: {company_least_sales_2010}"")
# Done
```"
722,how long was the longest title reign ?,"10 years, 11 months, 15 days","```python
# Extracting the relevant data from the table
title_reigns = [""10 years, 11 months, 15 days"", ""5 years, 5 months, 3 days"", ""4 years, 10 months, 0 days"", ""4 years, 7 months, 7 days"", ""4 years, 4 months, 0 days"", ""4 years, 6 months, 3 weeks and 1 day"", ""3 years, 7 months, 17 days"", ""3 years, 4 months, 28 days"", ""3 years, 0 months, 3 days"", ""2 years, 11 months, 23 days""]

# Parsing the title reigns to calculate the total number of days
def parse_title_reign(title_reign):
    parts = title_reign.split("", "")
    years = int(parts[0].split()[0])
    months = int(parts[1].split()[0])
    days = int(parts[2].split()[0])
    return years * 365 + months * 30 + days

# Parsing and calculating total days for each title reign
total_days = [parse_title_reign(title) for title in title_reigns]

# Finding the longest title reign
longest_title_reign = max(total_days)

# Print the result
print(f""Final Answer: The longest title reign was {longest_title_reign} days."")
# Done
```"
723,how many of the episodes were broadcast in july ?,3,"```python
# Extracting the relevant data from the table
months = [4, 4, 5, 5, 5, 5, 6, 6, 7, 7, 7, 8]
broadcast_dates = [""1995-04-18"", ""1995-04-25"", ""1995-05-02"", ""1995-05-09"", ""1995-05-16"", ""1995-05-23"", ""1995-06-12"", ""1995-06-20"", ""1995-07-04"", ""1995-07-18"", ""1995-07-25"", ""1995-08-08""]

# Finding the number of episodes broadcasted in July
july_episodes = sum(month == 7 for month in months)

# Print the result
print(f""Final Answer: {july_episodes}"")
# Done
```  "
724,what was the only competition this competitor went to in 2008 that had a team event ?,2008 Summer Olympics,"```python
# Extracting the relevant data from the table
years = [2008, 2008, 2008, 2008, 2008, 2008, 2008, 2008, 2008, 2008, 2008, 2008]
competitions = [""2008 summer olympics"", ""2008 summer olympics"", ""olympic trials"", ""olympic trials"", ""olympic trials"", ""olympic trials"", ""olympic trials"", ""u.s. championships"", ""u.s. championships"", ""u.s. championships"", ""u.s. championships"", ""american cup""]
team_event = [""team"", ""uneven bars"", ""all around"", ""balance beam"", ""floor exercise"", ""uneven bars"", ""vault"", ""all around"", ""balance beam"", ""floor exercise"", ""uneven bars"", ""all around""]

# Finding the competition with a team event in 2008
target_year = 2008
team_competition = None

for i in range(len(years)):
    if years[i] == target_year and ""team"" in team_event[i]:
        team_competition = competitions[i]
        break

# Print the result
print(f""Final Answer: {team_competition}"")
# Done
```"
725,which championship only takes place in year 1975 ?,"Båstad, Sweden","```python
# Extracting the relevant data from the table
championships = [""bastad, sweden"", ""sao paulo, brazil"", ""santiago, chile"", ""murcia, spain"", ""bogota, colombia"", ""cairo, egypt"", ""nice, france"", ""indianapolis, u.s"", ""bournemouth, england"", ""madrid, spain"", ""houston, u.s"", ""hamburg, germany"", ""north conway, u.s"", ""boston, u.s"", ""quito, ecuador"", ""santiago, chile"", ""vina del mar, chile"", ""linz, austria"", ""hamburg, germany"", ""north conway, u.s"", ""indianapolis, u.s"", ""la quinta, u.s"", ""bournemouth, england"", ""hamburg, germany"", ""rome, italy"", ""stuttgart outdoor, germany"", ""kitzbuhel, austria"", ""bordeaux, france""]
years = [1975, 1976, 1976, 1977, 1977, 1978, 1978, 1978, 1978, 1978, 1979, 1979, 1979, 1979, 1979, 1979, 1981, 1982, 1982, 1982, 1982, 1983, 1983, 1983, 1983, 1983, 1984, 1984]

# Finding the championship that takes place only in year 1975
unique_championship = [champ for i, champ in enumerate(championships) if years[i] == 1975 and 1975 not in years[:i] + years[i + 1:]]

# Print the result
print(f""Final Answer: {unique_championship[0]}"")
# Done
```"
726,how long was gina carano active in the sport ?,3 years,"```python
# Extracting the relevant data from the table
results = [""loss"", ""win"", ""win"", ""win"", ""win"", ""win"", ""win"", ""win""]
dates = [""2009-08-15"", ""2008-10-04"", ""2008-05-31"", ""2007-09-15"", ""2007-02-10"", ""2006-12-08"", ""2006-09-15"", ""2006-06-10""]

# Finding the date range of Gina Carano's activity in the sport
start_date = min([date for result, date in zip(results, dates) if result == ""win""])
end_date = max(dates)

# Calculating the duration of Gina Carano's activity
# Assuming the date format ""YYYY-MM-DD"" for calculations
from datetime import datetime
start_date_obj = datetime.strptime(start_date, ""%Y-%m-%d"")
end_date_obj = datetime.strptime(end_date, ""%Y-%m-%d"")
duration = (end_date_obj - start_date_obj).days

# Print the result
print(f""Final Answer : Gina Carano was active in the sport for {duration} days"")
# Done
```  "
727,tell me the number of summer olympics on the list .,5,"```python
# Extracting the relevant data from the table
events = [""summer"", ""winter"", ""summer"", ""winter"", ""summer"", ""winter"", ""summer"", ""winter"", ""summer"", ""winter""]

# Counting the number of summer olympics on the list
num_summer_olympics = events.count(""summer"")

# Print the result
print(f""Final Answer: {num_summer_olympics}"")
# Done
```"
728,did xu guang ci or su song create the five star charts in 1094 ad ?,Su Song 蘇頌,"```python
# Extracting the relevant data from the table
creators = [""geng xun (\u803f\u8a62)"", ""su song \u8607\u980c and han gonglian \u97e9\u516c\u5ec9""]

# Check if Xu Guang Ci or Su Song is mentioned as the creator of the five star charts in 1094 AD
if any(""xu guang ci"" in creator.lower() for creator in creators) or any(""su song"" in creator.lower() for creator in creators):
    print(""Final Answer: Yes, either Xu Guang Ci or Su Song created the five star charts in 1094 ad."")
else:
    print(""Final Answer: No, Xu Guang Ci or Su Song did not create the five star charts in 1094 AD."")
# Done
```"
729,which scientific challenge came two years before `` spinning a tale '' ?,Instinct Messaging,"```python
# Extracting the relevant data from the table
challenges = [""creature feature"", ""dig in"", ""in the zone"", ""assembly required"", ""unidentified moving object"", ""direct diposit"", ""operation cooperation"", ""obstacles, of course!"", ""direct flight"", ""back at you!"", ""dizzy derby"", ""destinations in time"", ""change in direction"", ""it's your move"", ""incredible techeffects"", ""fruit roller coaster & eggploration""]
years = [2014, 2013, 2012, 2011, 2010, 2009, 2008, 2007, 2006, 2005, 2004, 2003, 2002, 2001, 2000, 1999]

# Find the index of the challenge ""spinning a tale""
spinning_a_tale_index = challenges.index(""spinning a tale"")
spinning_a_tale_year = years[spinning_a_tale_index]

# Find the index of the challenge two years before ""spinning a tale""
target_year = spinning_a_tale_year - 2
target_index = years.index(target_year)

# Identify the scientific challenge that came two years before ""spinning a tale""
scientific_challenge = challenges[target_index]

# Print the result
print(f""Final Answer: {scientific_challenge}"")
# Done
```"
730,which of finland 's national parks has the least number of yearly visitors ?,Kauhaneva-Pohjankangas,"```python
# Extracting the relevant data from the table
national_parks = [""archipelago"", ""bothnian sea"", ""eastern gulf of finland"", ""ekenas archipelago"", ""helvetinjarvi"", ""hiidenportti"", ""isojarvi"", ""kauhaneva-pohjankangas"", ""koli"", ""kolovesi"", ""kurjenrahka"", ""lauhanvuori"", ""leivonmaki"", ""lemmenjoki"", ""liesjarvi"", ""linnansaari"", ""nuuksio"", ""oulanka"", ""paijanne"", ""pallas-yllastunturi"", ""patvinsuo"", ""perameri"", ""petkeljarvi"", ""puurijarvi-isosuo"", ""pyha-hakki"", ""pyha-luosto"", ""repovesi"", ""riisitunturi"", ""rokua"", ""salamajarvi"", ""seitseminen"", ""sipoonkorpi"", ""syote"", ""tiilikkajarvi"", ""torronsuo"", ""urho kekkonen"", ""valkmusa""]
yearly_visitors = [500.0, None, 6.7, 52.0, 49.8, 45.0, 19.0, 57.0, 30.0, 23.0, 29.0, 53.0, 29.0, 2850, 22.0, 38.0, 45.0, 270.0, 14.0, 1020, 105.0, 2.5, 6.0, 27.0, 13.0, 142.0, 15.0, 77.0, 4.3, 62.0, 45.5, 18.6, 299.0, 34.0, 25.5, 2550, 17.0]

# Find the index of the minimum yearly visitors
min_visitors_index = yearly_visitors.index(min(filter(None, yearly_visitors)))

# Retrieve the national park with the least number of yearly visitors
park_least_visitors = national_parks[min_visitors_index]

# Print the result
print(f""Final Answer: {park_least_visitors}"")
# Done
```"
731,how many members of estonia 's men 's national volleyball team were born in 1988 ?,2,"```python
# Extracting the relevant data from the table
birth_dates = [""august 7, 1986"", ""june 3, 1979"", ""june 6, 1988"", ""january 13, 1980"", ""november 6, 1991"", ""august 15, 1993"", ""may 23, 1990"", ""august 30, 1982"", ""june 12, 1988"", ""december 5, 1989"", ""january 19, 1981"", ""september 7, 1993""]
birth_years = [1986, 1979, 1988, 1980, 1991, 1993, 1990, 1982, 1988, 1989, 1981, 1993]

# Counting the number of members born in 1988
count_1988 = birth_years.count(1988)

# Print the result
print(f""Final Answer: {count_1988}"")
# Done
```"
732,"which was scuttled earlier , ha-206 or ha-208 ?",Ha-208,"```python
# Extract the relevant data from the table
boats = [""ha-201"", ""ha-202"", ""ha-203"", ""ha-204"", ""ha-205"", ""ha-206"", ""ha-207"", ""ha-208"", ""ha-209"", ""ha-210"", ""ha-211"", ""ha-212"", ""ha-213"", ""ha-214"", ""ha-215"", ""ha-216"", ""ha-217"", ""ha-218"", ""ha-219"", ""ha-220"", ""ha-221"", ""ha-222"", ""ha-223"", ""ha-224"", ""ha-225"", ""ha-226"", ""ha-227"", ""ha-228"", ""ha-229"", ""ha-230"", ""ha-231"", ""ha-232"", ""ha-233"", ""ha-234"", ""ha-235"", ""ha-236"", ""ha-237"", ""ha-238"", ""ha-239"", ""ha-240"", None, ""ha-246"", ""ha-247""]
scuttled_dates = [""31-05-1945"", ""31-05-1945"", ""26-06-1945"", ""25-06-1945"", ""03-07-1945"", None, ""14-08-1945"", ""04-08-1945"", None, ""11-08-1945"", None, ""25-06-1945"", ""29-07-1945"", ""15-08-1945"", ""15-05-1945"", ""19-06-1945"", ""26-06-1945"", ""02-07-1945"", ""12-07-1945"", None, ""04-08-1945"", None, None, None, None, None, None, ""18-07-1945"", ""27-07-1945"", None, None, None, None, None, None, None, None, None, None, None, None, None, None]

# Find the corresponding scuttled dates for ha-206 and ha-208
scuttled_index_ha206 = boats.index(""ha-206"")
scuttled_index_ha208 = boats.index(""ha-208"")

scuttled_date_ha206 = scuttled_dates[scuttled_index_ha206]
scuttled_date_ha208 = scuttled_dates[scuttled_index_ha208]

# Compare the scuttled dates to determine which was earlier
if scuttled_date_ha206 is not None and scuttled_date_ha208 is not None:
    if scuttled_date_ha206 < scuttled_date_ha208:
        earlier = ""ha-206""
    else:
        earlier = ""ha-208""
else:
    earlier = ""Cannot determine""

# Print the result
print(f""The boat scuttled earlier is: {earlier}"")
# Done
```"
733,"which year had a higher position , 2008 or 2004 ?",2004,"```python
# Extracting the relevant data from the table
years = [2003, 2004, 2005, 2006, 2007, 2008, 2009, 2010, 2011, 2012, 2013]
positions = [12.0, 7.0, 12.0, 11.0, 9.0, 15.0, 15.0, 1.0, 9.0, 7.0, 6.0]

# Finding the positions for 2004 and 2008
position_2004 = positions[years.index(2004)]
position_2008 = positions[years.index(2008)]

if position_2008 > position_2004:
    higher_position_year = 2008
else:
    higher_position_year = 2004

# Print the result
print(f""Final Answer: {higher_position_year}"")
# Done
```"
734,which team held first position during the 1993-94 season ?,Dinamo Minsk,"```python
# Extracting the relevant data from the table
teams = [""dinamo minsk"", ""dinamo-93"", ""dvina"", ""dnepr"", ""bobruisk"", ""torpedo minsk"", ""shinnik"", ""dinamo brest"", ""molodechno"", ""lokomotiv"", ""neman"", ""vedrich"", ""shakhtyor"", ""torpedo mogilev"", ""gomselmash"", ""obuvshchik""]
positions_1993_94 = [1, 2, 3, 4, 5, 6, 7, 8, 9, 10, 11, 12, 13, 14, 15, 16]

# Find the index of the team holding the first position during the 1993-94 season
first_position_index = positions_1993_94.index(1)

# Retrieve the corresponding team
team_holding_first_position = teams[first_position_index]

# Print the result
print(f""Final Answer: {team_holding_first_position}"")
# Done
```"
735,"compared to 1998 , what is the difference in seats won in the 2001 election cycle ?",15,"```python
# Extracting the relevant data from the table
years = [2010, 2009, 2009, 2005, 2001, 1998, 1994]
seats = [None, None, None, 11, 11, 26, 9]

# Finding the seats won in 2001 and 1998
seats_2001 = seats[years.index(2001)]
seats_1998 = seats[years.index(1998)]

# Calculate the difference in seats
difference_in_seats = seats_2001 - seats_1998

# Print the result
print(f""Difference in seats won in the 2001 election cycle compared to 1998: {difference_in_seats}"")
# Done
```"
736,did charles oakley play more minutes than robert parish ?,Yes,"```python
# Extracting the relevant data from the table
player_minutes = {
    ""charles oakley"": 36,
    ""robert parish"": 30
}

# Checking if Charles Oakley played more minutes than Robert Parish
result = ""yes"" if player_minutes[""charles oakley""] > player_minutes[""robert parish""] else ""no""

# Print the result
print(f""Final Answer: {result}"")
# Done
```"
737,which book won the award a total of 2 times ?,Alice's Adventures in Wonderland,"```python
# Extracting the relevant data from the table
books = [""sleeping beauty and other favourite fairy tales"", ""gorilla"", ""granpa"", ""the iron man"", ""the jolly postman"", ""jack the treacle eater"", ""alice's adventures in wonderland"", ""the park in the dark"", ""all join in"", ""have you seen who's just moved in next door to us?"", ""the man"", ""think of an eel"", ""so much"", ""the little boat"", ""drop dead"", ""lady muck"", ""voices in the park"", ""alice's adventures in wonderland""]
publishers = [""v. gollancz"", ""julia macrae"", ""j. cape"", ""faber"", ""heinemann"", ""macmillan"", ""julia macrae"", ""walker"", ""j. cape"", ""walker"", ""julia macrae"", ""walker"", ""walker"", ""walker"", ""j. cape"", ""heinemann"", ""doubleday"", ""walker""]

# Find the books that won the award twice
awards_count = {}
for book, publisher in zip(books, publishers):
    if book not in awards_count:
        awards_count[book] = 1
    else:
        awards_count[book] += 1

books_won_twice = [book for book, count in awards_count.items() if count == 2]

# Print the result
print(f""Final Answer: {', '.join(books_won_twice)}"")
# Done
```"
738,how many in favor votes did rutgers eagleton give in march 2014 ?,64,"```python
# Extracting the relevant data from the table
polling_firms = [""rutgers-eagleton"", ""quinnipiac"", ""rutgers-eagleton"", ""quinnipiac"", ""public policy polling"", ""quinnipiac"", ""rutgers-eagleton"", ""quinnipiac"", ""rutgers-eagleton"", ""rutgers-eagleton"", ""public policy polling"", ""quinnipiac"", ""rutgers-eagleton"", ""quinnipiac"", ""zogby international"", ""zogby international"", ""rasmussen reports"", ""rutgers-eagleton"", ""zogby international"", ""zogby international"", ""rutgers-eagleton"", ""zogby international""]
months = [""march 2014"", ""july 2013"", ""june 2013"", ""march 2013"", ""november 2012"", ""february 2012"", ""february 2012"", ""january 2012"", ""october 2011"", ""august 2011"", ""july 2011"", ""november 2009"", ""november 2009"", ""april 2009"", ""august 2008"", ""august 2007"", ""july 2006"", ""june 2006"", ""february 2006"", ""april 2005"", ""september 2003"", ""july 2003""]
in_favor = [64.0, 60.0, 59.0, 64.0, 53.0, 57.0, 54.0, 52.0, 52.0, 52.0, 47.0, 46.0, 50.0, 49.0, 50.0, 48.1, 42.0, 49.0, 56.0, 54.5, 43.0, 55.0]

# Finding the number of in favor votes Rutgers Eagleton gave in March 2014
index = -1
for i in range(len(polling_firms)):
    if polling_firms[i] == ""rutgers-eagleton"" and months[i] == ""march 2014"":
        index = i
        break

if index != -1:
    favor_votes = in_favor[index]
else:
    favor_votes = ""Data not found""

# Print the result
print(f""Final Answer: {favor_votes}"")
# Done
```"
739,how many times did brazil play west germany during the 1982 season ?,1,"```python
# Extracting the relevant data from the table
years = [1982, 1982, 1982, 1982, 1982, 1982, 1982, 1982, 1982, 1982, 1982]
opposition = [""east germany"", ""czechoslovakia"", ""west germany"", ""portugal"", ""switzerland"", ""republic of ireland"", ""soviet union"", ""scotland"", ""new zealand"", ""argentina"", ""italy""]
results = [""w"", ""d"", ""w"", ""w"", ""d"", ""w"", ""w"", ""w"", ""w"", ""w"", ""l""]

# Finding the number of matches Brazil played against West Germany during the 1982 season
matches_west_germany = [1 if (years[i] == 1982 and opposition[i] == ""west germany"") else 0 for i in range(len(years))]
total_matches_west_germany = sum(matches_west_germany)

# Print the result
print(f""Final Answer: {total_matches_west_germany}"")
# Done
```"
740,how many records came out in 1999 ?,2,"```python
# Extracting the relevant data from the table
years = [1995, 1997, 1999, 1999, 2000, 2002, 2003, 2005, 2007, 2010, 2010, 2012]

# Counting the number of records that came out in 1999
records_1999 = years.count(1999)

# Print the result
print(f""Final Answer: {records_1999} records came out in 1999"")
# Done
```"
741,where did they place the last season ?,2nd,"```python
# Extracting the relevant data from the table
seasons = [""1992-96"", ""1996/97"", ""1997/98"", ""1998/99"", ""1999/00"", ""2000/01"", ""2001/02"", ""2002/03"", ""2003/04"", ""2004/05""]
places = [None, ""16th"", ""5th"", ""12th"", ""4th"", ""6th"", ""4th"", ""3rd"", ""19th"", ""2nd""]

# Retrieving the place in the last season
last_season_place = places[-1]

# Print the result
print(f""Final Answer: {last_season_place}"")
# Done
```"
742,how many total trains were build in 1949 ?,3,"```python
trains_years = [""1949"", ""1949"", ""1949"", ""1952/1953"", ""1955"", ""1955"", ""1953"", ""1979"", ""1979"", ""1979"", ""1987"", ""1987"", ""1956"", ""6/1954"", ""1923"", ""1925"", ""1927"", ""1935""]
train_numbers = [""74408"", ""74409"", ""74193"", ""75823"", ""76024"", ""76105"", ""75914"", None, None, None, None, None, None, ""19554"", None, None, None, None]

# Counting the total number of trains built in 1949
total_trains_1949 = sum(1 for index, year in enumerate(trains_years) if year == ""1949"")

print(f""Final Answer : {total_trains_1949}"")
# Done
```"
743,what is the first venue in calender year 2012 ?,"Kensington Oval, Bridgetown","```python
# Extracting the relevant data from the table
venues = [""lionel roberts park, charlotte amalie"", ""lionel roberts park, charlotte amalie"", ""lionel roberts park, charlotte amalie"", ""lionel roberts park, charlotte amalie"", ""lionel roberts park, charlotte amalie"", ""estadio panamericano, san cristobal"", ""estadio panamericano, san cristobal"", ""andre kamperveen stadion, paramaribo"", ""kensington oval, bridgetown"", ""kensington oval, bridgetown"", ""stade rene serge nabajoth, les abymes"", ""stade rene serge nabajoth, les abymes"", ""stade rene serge nabajoth, les abymes"", ""stade rene serge nabajoth, les abymes"", ""antigua recreation ground, st.john's"", ""estadio panamericano, san cristobal""]
years = [2006, 2006, 2006, 2006, 2006, 2011, 2011, 2011, 2012, 2012, 2012, 2012, 2012, 2012, 2012, 2013]

# Finding the first venue in the calendar year 2012
first_venue_2012 = venues[years.index(2012)]

# Print the result
print(f""Final Answer: {first_venue_2012}"")
# Done
```"
744,what is the number of the only locomotive to be withdrawn from service before the year 1945 ?,442,"```python
# Extracting the relevant data from the table
numbers = [439, 440, 441, 442, 443, 444, 445, 446, 588, 589, 590, 591, 592, 593, 594, 595, 596, 597]
withdrawn_dates = [""2-3-1957"", ""2-3-1957"", ""2-3-1957"", ""4-3-1944"", ""2-3-1957"", ""2-3-1957"", ""26-5-1949"", ""6-12-1946"", ""2-3-1957"", ""6-1949"", ""2-3-1957"", ""2-3-1957"", ""2-3-1957"", ""2-3-1957"", ""2-3-1957"", ""2-3-1957"", ""2-3-1957"", ""2-3-1957""]

# Finding the number of the locomotive that was withdrawn before the year 1945
for i in range(len(withdrawn_dates)):
    if int(withdrawn_dates[i].split(""-"")[2]) < 1945:
        withdrawn_locomotive_number = numbers[i]
        break

# Print the result
print(f""Final Answer: {withdrawn_locomotive_number}"")
# Done
```"
745,"in which year did bekele record his fastest 10,000 meter time from 2003-2012 ?",2005,"```python
# Extracting the relevant data from the table
years = [2003, 2004, 2005, 2007, 2008, 2009, 2011, 2012]
times_sec = [1597.59, 1600.31, 1577.53, 1586.19, 1586.31, 1585.97, 1603.16, 1602.59]

# Finding the index of the fastest time
fastest_time_index = times_sec.index(min(times_sec))

# Retrieving the corresponding year
fastest_time_year = years[fastest_time_index]

# Print the result
print(f""Final Answer: {fastest_time_year}"")
# Done
```"
746,in what season did they finish in first place ?,1997/98,"```python
# Extracting the relevant data from the table
seasons = [""1949-87"", ""1987/88"", ""1988/89"", ""1989/90"", ""1990/91"", ""1991/92"", ""1992/93"", ""1993/94"", ""1994/95"", ""1995/96"", ""1996/97"", ""1997/98"", ""1998/99"", ""1999/00""]
places = [None, ""10th"", ""5th"", ""13th"", ""11th"", ""7th"", ""9th"", ""4th"", ""6th"", ""3rd"", ""3rd"", ""1st"", ""17th"", ""6th""]

# Find the index where they finished in first place
first_place_index = places.index('1st')

# Retrieve the corresponding season
first_place_season = seasons[first_place_index]

# Print the result
print(f""Final Answer: {first_place_season}"")
# Done
```"
747,who was manager of manchester city after stuart pearce left in 2007 ?,Sven-Göran Eriksson,"```python
# Extracting the relevant data from the table
teams = [""manchester city"", ""chelsea"", ""bolton wanderers"", ""tottenham hotspur"", ""wigan athletic"", ""birmingham city"", ""derby county"", ""fulham"", ""newcastle united"", ""chelsea"", ""manchester city"", ""blackburn rovers""]
outgoing_managers = [""stuart pearce"", ""jose mourinho"", ""sammy lee"", ""martin jol"", ""chris hutchings"", ""steve bruce"", ""billy davies"", ""lawrie sanchez"", ""sam allardyce"", ""avram grant"", ""sven-goran eriksson"", ""mark hughes""]
dates_of_appointments = [""2007-07-06"", ""2007-09-20"", ""2007-10-25"", ""2007-10-27"", ""2007-11-26"", ""2007-11-28"", ""2007-11-28"", ""2007-12-30"", ""2008-01-16"", ""2008-07-01"", ""2008-06-04"", ""2008-06-22""]

# Find the index of ""manchester city"" after Stuart Pearce left in 2007
index = [i for i, (team, manager, date) in enumerate(zip(teams, outgoing_managers, dates_of_appointments)) if team == ""manchester city"" and manager == ""stuart pearce"" and int(date[:4]) == 2007][0]

# Get the name of the manager of ""manchester city"" after Stuart Pearce left in 2007
new_manager = outgoing_managers[index + 1]

# Print the result
print(f""Final Answer: {new_manager}"")
# Done
```"
748,how many films did ms. starfelt produce after 2010 ?,4,"```python
# Extracting the relevant data from the table
years = [2002, 2004, 2004, 2007, 2008, 2008, 2008, 2011, 2012, 2012, 2013]
films_produced = [""the bacchae"", ""shakespeare's merchant"", ""the trojan women"", ""schooled"", ""sing*ularity"", ""the watermelon"", ""the audacity of democracy"", ""customer diss-service"", ""beginning blue"", ""the donut shop"", ""i grew up in princeton""]
functions = [""producer"", ""producer"", [""producer"", ""actress""], ""co-producer"", ""producer"", ""producer"", ""producer"", ""co-producer"", [""producer"", ""writer""], ""co-producer"", ""producer""]
films_produced_after_2010 = 0

# Calculating the number of films produced by ms. starfelt after 2010
for year, film, function in zip(years, films_produced, functions):
    if year > 2010:
        if ""producer"" in function or ""co-producer"" in function:
            films_produced_after_2010 += 1

# Printing the result
print(f""Final Answer: {films_produced_after_2010}"")
# Done
```"
749,what is the number of points earned by maris rupeiks during the 2007 season ?,184,"```python
# Extracting the relevant data from the table
drivers = [""daniel willemsen / reto grutter"", ""jan hendrickx / tim smeuninx"", ""kristers sergis / kaspars stupelis"", ""andy burgler / martin betschart"", ""vaclav rozehnal / marek rozehnal"", ""maris rupeiks / haralds kurpnieks"", ""marco happich / meinrad schelbert"", ""joris hendrickx / eli piccart"", ""tomas cermak / ondrej cermak"", ""janis daiders / lauris daiders""]
points = [375.0, 286.0, 242.0, 196.0, 191.0, 184.0, 180.0, 177.0, 153.0, 148.0]

# Find the index of ""maris rupeiks""
maris_index = drivers.index(""maris rupeiks / haralds kurpnieks"")

# Retrieve the points earned by Maris Rupeiks
points_earned = points[maris_index]

# Print the result
print(f""Final Answer: {points_earned}"")
# Done
```"
750,how many players were playing in 1990 ?,3,"```python
# Extracting the relevant data from the table
years = [""1954-1955"", ""1956"", ""1978"", ""1990-1992"", ""1949"", ""1978-1980"", ""1991-1998"", ""1990-1998""]
players_count = [6, 1, 3, 6, 1, 3, 8, 8]

# Finding the number of players playing in 1990
year_index = years.index(""1990"")
players_in_1990 = players_count[year_index]

# Print the result
print(f""Final Answer : {players_in_1990}"")
# Done
```"
751,how long did bernard pilon serve in the canadian army ?,4 years,"```python
# Extracting the relevant data from the table
names = [""john pallett"", ""roger parizeau"", ""william albert patterson"", ""william hector payne"", ""george randolph pearkes"", ""lester bowles pearson"", ""cyrus wesley peck"", ""charles alphonse pantaleon pelletier"", ""irenee pelletier"", ""louis-philippe pelletier"", ""lawrence t. pennell"", ""robert pennock"", ""arnold peters"", ""orville h. phillips"", ""elmore philpott"", ""bernard pilon"", ""alfred pinsonneault"", ""d'arcy britton plunkett"", ""william albert pommer"", ""john henry pope"", ""john poupore"", ""charles gavan power"", ""francis \""frank\"" gavan power"", ""russ powers"", ""robert john pratt"", ""david price"", ""william price"", ""edward gawler prior"", ""robert william prittie"", ""john oliver probe"", ""david vaughan pugh""]
military_services = [""canadian army (1942-1946)"", ""canadian army (1939-1945)"", ""militia"", ""canadian army (1941-1945)"", ""canadian army (1915-1945)"", ""canadian army (1914-1917), royal flying corps (1917-1918)"", ""canadian army (1914-1925)"", ""militia"", ""royal canadian air force (1960-1962)"", ""militia"", ""royal canadian air force"", ""canadian army (1951-1952), royal canadian navy (1954-1968)"", ""royal canadian air force (1942-1945)"", ""royal canadian air force (1942-1945)"", ""canadian army (1915-1919)"", ""canadian army (1941-1945)"", ""militia (1855-1862)"", ""royal flying corps"", ""canadian army"", ""militia"", ""militia (1869-)"", ""canadian army (1915-1918)"", ""canadian army"", ""canadian forces land force command"", ""canadian army (-1942), royal canadian navy (-1946)"", ""canadian army (1959-1965)"", ""canadian army"", ""canadian army"", ""royal canadian air force (1938-1945)"", ""canadian army (1941-1944)"", ""canadian army""]

# Find the index corresponding to Bernard Pilon
pilon_index = names.index(""bernard pilon"")

# Retrieve Bernard Pilon's military service duration
pilon_service = military_services[pilon_index]

# Print the result
print(f""Final Answer: {pilon_service}"")
# Done
```"
752,how many total points were score over all the seasons ?,608,"```python
# Extracting the relevant data from the table
points = [0, 55, 42, 34, 34, 49, 0, 22, 55, 33, 41, 91, 140, 12]

# Calculating the total points scored over all seasons
total_points = sum(points)

# Printing the result
print(f""Total Points Scored Over All Seasons: {total_points}"")
# Done
```"
753,what is the total years on the chart,13,"```python
# Extracting the relevant data from the table
years = [1982, 2002, 2003, 2003, 2003, 2004, 2004, 2005, 2005, 2005, 2005, 2005, 2005, 2006, 2006, 2006, 2006, 2006, 2007, 2007, 2007, 2007, 2004, 2007, 2008, 2008, 2008, 2008, 2008, 2009, 2009, 2009, 2009, 2010, 2010, 2010, 2010, 2010, 2010, 2011, 2011, 2011, 2011, 2012, 2012, 2012, 2012, 2012, 2012, 2012, 2012, 2013, 2013, 2013, 2013, 2013, 2013]

# Calculating the total years
total_years = len(set(years))

# Print the result
print(f""Total Years on the Chart: {total_years}"")
# Done
```"
754,what week was the first bye opponent ?,7,"```python
# Extracting the relevant data from the table
opponents = [""minnesota vikings"", ""at tampa bay buccaneers"", ""new york giants"", ""new york jets"", ""at buffalo bills"", ""washington redskins"", None, ""at green bay packers"", ""at new orleans saints"", ""detroit lions"", ""at minnesota vikings"", ""at indianapolis colts"", ""miami dolphins"", ""at detroit lions"", ""green bay packers"", ""tampa bay buccaneers"", ""at san francisco 49ers""]
byes = [""0"", ""0"", ""0"", ""0"", ""0"", ""0"", ""1"", ""0"", ""0"", ""0"", ""0"", ""0"", ""0"", ""0"", ""0"", ""0"", ""0""]

# Finding the index of the first bye opponent
first_bye_index = byes.index(""1"")

# Getting the week of the first bye opponent
first_bye_week = opponents.index(byes[first_bye_index]) + 1

# Print the result
print(f""Final Answer: Week {first_bye_week}"")
# Done
```"
755,"other than march 3 , name a game where huistra scored .",16 September 1992,"# Extracting the relevant data from the table
dates = [""16 september 1992"", ""30 september 1992"", ""21 october 1992"", ""4 november 1992"", ""25 november 1992"", ""9 december 1992"", ""3 march 1993"", ""17 march 1993"", ""7 april 1993"", ""21 april 1993""]
opponents = [""lyngby"", ""lyngby"", ""leeds united"", ""leeds united"", ""marseille"", ""cska moscow"", ""club brugge"", ""club brugge"", ""marseille"", ""cska moscow""]
scorers = [""hateley, huistra"", ""durrant"", ""mccoist, lukic (o.g.)"", ""hateley, mccoist"", ""mcswegan, hateley"", ""ferguson"", ""huistra"", ""durrant, nisbet"", ""durrant"", None]

# Finding the game where Huistra scored, other than the one on March 3rd
index_huistra = [index for index, scorer in enumerate(scorers) if scorer and ""huistra"" in scorer and dates[index] != ""3 march 1993""]

# Print the result
if index_huistra:
    print(f""Final Answer: {opponents[index_huistra[0]]}"")
else:
    print(""No other game where Huistra scored, other than March 3rd."")
# Done"
756,which airing had the least number of viewers ?,"August 30, 2009","```python
# Extracting the relevant data from the table
episodes = [""18th"", ""19th"", ""20th"", ""21st"", ""22nd"", ""23rd"", ""24th"", ""25th"", ""26th"", ""27th"", ""28th"", ""29th"", ""30th"", ""31st"", ""32nd"", ""33rd"", ""34th"", ""35th"", ""36th"", ""37th"", ""38th"", ""39th""]
viewers = [13.5, 15.3, 16.4, 14.1, 10.2, 11.4, 11.8, 10.2, 10.4, 9.1, 7.9, 6.9, 6.3, 6.0, 5.5, 4.5, 5.9, 4.0, 2.0, 3.8, 3.7, None]

# Find the index of the minimum viewers
min_viewers_index = viewers.index(min(filter(None, viewers)))

# Retrieve the corresponding episode
least_viewers_episode = episodes[min_viewers_index]

# Print the result
print(f""Final Answer: {least_viewers_episode}"")
# Done
```"
757,how many trials were in november 2006 ?,18,"```python
# Extracting the relevant data from the table
dates = [""2006-11-13"", ""2006-11-14"", ""2006-11-15"", ""2006-11-16"", ""2006-11-17"", ""2006-11-18"", ""2006-11-19"", ""2006-11-20"", ""2006-11-21"", ""2006-11-22"", ""2006-11-23"", ""2006-11-24"", ""2006-11-25"", ""2006-11-26"", ""2006-11-27"", ""2006-11-28"", ""2006-11-29"", ""2006-11-30"", ""2006-12-01"", ""2006-12-01"", ""2006-12-01""]
months = [11, 11, 11, 11, 11, 11, 11, 11, 11, 11, 11, 11, 11, 11, 11, 11, 11, 11, 12, 12, 12]

# Count the number of trials in November 2006
november_trials = sum(month == 11 and date.endswith(""2006"") for date, month in zip(dates, months))

# Print the result
print(f""Final Answer: {november_trials}"")
# Done
```"
758,who played previous to the pirates on august 4 ?,Pirates,"```python
# Extracting the relevant data from the table
dates = [""august 2"", ""august 3"", ""august 4"", ""august 5"", ""august 6"", ""august 7"", ""august 8"", ""august 9"", ""august 10"", ""august 11""]
opponents = [""pirates"", ""pirates"", ""pirates"", ""expos"", ""expos"", ""expos"", ""mets"", ""mets"", ""mets"", ""mets""]
previous_opponent = """"

# Finding the opponent played on the date prior to ""pirates"" on august 4
pirates_index = opponents.index(""pirates"")
previous_opponent = opponents[pirates_index - 1]

# Print the result
print(f""Final Answer: {previous_opponent}"")
# Done
```"
759,"which film came first , halaal ki kamai or dariya dil ?",Halaal Ki Kamai,"```python
# Extracting the relevant data from the table
films = [""ilzaam"", ""duty"", ""tan-badan"", ""love 86"", ""sadaa suhagan"", ""mera lahoo"", ""khudgarz"", ""dadagiri"", ""marte dam tak"", ""pyaar karke dekho"", ""sindoor"", ""jeete hain shaan se"", ""paap ko jalaa kar raakh kar doonga"", ""hatya"", ""halaal ki kamai"", ""ghar ghar ki kahani"", ""dariya dil"", ""ghar mein ram gali mein shyam"", ""pyaar mohabbat"", ""shiv shakti"", ""tohfa mohabbat ka"", ""aakhri baazi"", ""jung baaz"", ""do qaidi"", ""paap ka ant"", ""gentleman"", ""jaisi karni waisi bharnii"", ""billoo badshah"", ""gair kanooni"", ""farz ki jung"", ""dost garibon ka"", ""asmaan se ooncha"", ""gharana"", ""sachai ki taqat"", ""taaqatwar"", ""maha-sangram"", ""swarg"", ""apmaan ki aag"", ""izzatdaar"", ""kali ganga"", ""khatarnaak"", ""naya khoon"", ""raeeszada"", ""taqdeer ka tamasha"", ""awaargi"", ""hum"", ""kaun kare kurbanie"", ""bhabhi"", ""karz chukana hai"", ""shola aur shabnam"", ""baaz"", ""jaan se pyara"", ""zulm ki hukumat"", ""radha ka sangam"", ""aankhen"", ""muqabla"", ""zakhmo ka hisaab"", ""aadmi khilona hai"", ""prateeksha"", ""teri payal mere geet"", ""ekka raja rani"", ""andaz apna apna"", ""raja babu"", ""khuddar"", ""dulaara"", ""bhagyawan"", ""beta ho to aisa"", ""prem shakti"", ""aag"", ""brahma"", ""gambler"", ""rock dancer"", ""hathkadi"", ""andolan"", ""kismat"", ""coolie no. 1"", ""saajan chale sasural"", ""chhote sarkar"", ""zordaar"", ""maahir"", ""apne dam par"", ""hero no. 1"", ""kaun rokega mujhe"", ""deewana mastana"", ""do ankhen barah hath"", ""agnichakra"", ""loha"", ""banarasi babu"", ""dil deewana maane na"", ""bhoot bhungla"", ""achanak"", ""dulhe raja"", ""aunty no. 1"", ""maharaja"", ""bade miyan chote miyan"", ""pardesi babu"", ""naseeb"", ""anari no.1"", ""rajaji"", ""haseena maan jaayegi"", ""hum tum pe marte hain"", ""jis desh mein ganga rehta hain"", ""shikari"", ""kunwara"", ""beti no. 1"", ""joru ka ghulam"", ""hadh kar di aapne"", ""aamdani atthani kharcha rupaiyaa"", ""albela"", ""censor"", ""jodi no.1"", ""dil ne phir yaad kiya"", ""kyo kii... main jhuth nahin bolta"", ""pyaar diwana hota hai"", ""waah! tera kya kehna"", ""akhiyon se goli maare"", ""chalo ishq ladaaye"", ""ek aur ek gyarah"", ""raja bhaiya"", ""three roses"", ""ssukh"", ""khullam khulla pyaar karen"", ""sandwich"", ""bhagam bhag"", ""salaam-e-ishq: a tribute to love"", ""partner"", ""jahan jaaeyega hamen paaeyega"", ""om shanti om"", ""money hai toh honey hai"", ""humsey hai jahaan"", ""chal chala chal"", ""life partner"", ""do knot disturb"", ""wanted"", ""raavan"", ""naughty @ 40"", ""loot"", ""delhi safari"", ""deewana main deewana"", ""samadhi"", ""holiday: a soldier is never off duty"
760,what paul nix or hal baird coach in 1986 ?,Hal Baird,"```python
# Extracting the relevant data from the table
coaches = [""sam mcallister"", ""herschel bobo"", ""del morgan"", ""porter grant"", ""jimmy hitchcock"", ""bob evans"", ""danny doyle"", ""johnny williamson"", ""dick mcgowen"", ""joe connally"", ""erk russell"", ""paul nix"", ""hal baird"", ""steve renfroe"", ""tom slater"", ""john pawlowski"", ""sunny golloway"", ""16 coaches""]
years = [1933, 1934, 1939, 1940, 1942, 1946, 1948, 1950, 1957, 1958, 1962, 1984, 2000, 2004, 2008, 2013, None, None]

# Finding the index of the coach in 1986
year_index = years.index(1986)
coach_1986 = coaches[year_index]

# Print the result
print(f""Final Answer: {coach_1986}"")
# Done
```"
761,how many times has natalia lesz made the usa billboard hot dance club play list ?,2,"```python
# Extracting the relevant data from the table
song_names = [""\""fall\"""", ""\""power of attraction\"""", ""\""miss you\"""", ""\""cos za cos\"""", ""\""arabesque\"""", ""\""radioactive\"""", ""\""that girl\"""", ""\""beat of my heart\""""]
chart_positions_usa = [None, 24, None, None, 53, None, None, None]
artists = [""natalia lesz"", ""natalia lesz"", ""natalia lesz"", ""that girl"", ""natalia lesz"", None, ""that girl"", ""that girl""]

# Count the number of times Natalia Lesz made the USA Billboard Hot Dance Club Play list
num_list_appearances = artists.count(""natalia lesz"")

# Print the result
print(f""Final Answer: Natalia Lesz has made the USA Billboard Hot Dance Club Play list {num_list_appearances} times."")
# Done
```"
762,which association awarded jones ' first award after the year 2000 ?,GLAAD Media Awards,"```python
# Extracting the relevant data from the table
years = [1991, 1995, 1995, 1998, 2000, 2004, 2005, 2005, 2006, 2009, 2009]
associations = [""tony awards"", ""drama desk awards"", ""tony awards"", ""drama desk awards"", ""tony awards"", ""glaad media awards"", ""drama desk awards"", ""tony awards"", ""drama desk awards"", ""primetime emmy awards"", ""satellite awards""]
categories = [""best actress in a play"", ""outstanding actress in a play"", ""best actress in a play"", ""outstanding actress in a play"", ""best actress in a play"", ""vito russo award"", ""outstanding actress in a play"", ""best actress in a play"", ""outstanding actress in a play"", ""outstanding supporting actress in a drama series"", ""best supporting actress - series, miniseries or television film""]
results = [""nominated"", ""won"", ""won"", ""won"", ""nominated"", ""won"", ""won"", ""won"", ""nominated"", ""won"", ""nominated""]

# Finding the first association award after the year 2000 for Jones
for i in range(len(years)):
    if years[i] > 2000 and results[i] == ""won"":
        first_award_association = associations[i]
        break

# Print the result
print(f""Final Answer: {first_award_association}"")
# Done
```"
763,"who , of the years on this list , was the first team to win ?",Ironi Ashkelon,"```python
# Extracting the relevant data from the table
teams = [""maccabi tel aviv"", ""hapoel jerusalem"", ""ironi ashkelon"", ""maccabi rishon lezion"", ""ironi nahariya"", ""hapoel holon"", ""maccabi ashdod""]
winning_years_lists = [[""2007"", ""2010"", ""2011"", ""2012"", ""2013""], [""2008"", ""2009""], [""2006""], [], [], [], []]

# Finding the first team to win according to the list of winning years
first_winning_team = None
for i, year_list in enumerate(winning_years_lists):
    if year_list:
        first_winning_team = teams[i]
        break

# Print the result
print(f""Final Answer: {first_winning_team}"")
# Done
```"
764,swat 4 was released in 2005 ... which game in the series preceded it ?,SWAT: Global Strike Team,"```python
# Extracting the relevant data from the table
titles = [""swat 3: close quarters battle"", ""swat: global strike team"", ""swat 4"", ""swat 4: the stetchkov syndicate"", ""swat force"", ""swat: target liberty"", ""swat elite troops""]
years = [1999, 2003, 2005, 2006, 2006, 2007, 2008]

# Finding the index of 'swat 4'
swat_4_index = titles.index(""swat 4"")

# Finding the preceding game
preceding_game_index = swat_4_index - 1
preceding_game = titles[preceding_game_index]

# Print the result
print(f""Final Answer: {preceding_game}"")
# Done
```"
765,how many medalist had at least 35.00 time in silver ?,9,"```python
# Extracting the relevant data from the table
silver_times = [35.01, 35.01, 34.94, 35.06, 35.07, 35.02, 34.4, 34.57, 35.14, 35.12, 35.07, 35.04]

# Counting the number of medalists with at least 35.00 time in silver
medalists_count = sum(time >= 35.00 for time in silver_times)

# Print the result
print(f""Final Answer: {medalists_count}"")
# Done
```"
766,how long did it take richard rodgers to complete egot ?,17 years,"```python
# Extracting the relevant data from the table
names = [""richard rodgers"", ""helen hayes"", ""rita moreno"", ""john gielgud"", ""audrey hepburn"", ""marvin hamlisch"", ""jonathan tunick"", ""mel brooks"", ""mike nichols"", ""whoopi goldberg"", ""scott rudin"", ""robert lopez""]
egot_completed = [""1962 (17 years)"", ""1977 (45 years)"", ""1977 (16 years)"", ""1991 (30 years)"", ""1994 (41 years)"", ""1995 (23 years)"", ""1997 (20 years)"", ""2001 (34 years)"", ""2001 (40 years)"", ""2002 (17 years)"", ""2012 (28 years)"", ""2014 (10 years)""]

# Finding the time taken for EGOT completion by Richard Rodgers
index = names.index(""richard rodgers"")
egot_time = int(egot_completed[index].split("" "")[1])

# Print the result
print(f""Final Answer: {egot_time} years"")
# Done
```"
767,who was the last contestant to be voted out in week 7 ?,"Dragoș Holeac 30, Bucharest","```python
# Extracting the relevant data from the table
contestants = [""valerica marin\n47, bucharest"", ""tatiana musat\n25, bucharest"", ""gige state\n47, bucharest"", ""alex ionescu\nreturned week 5"", ""catalin chiriac\n23, bucharest"", ""dana mocanu\n34, ploiesti"", ""daniela gheorghe\n21, pitesti"", ""alexandra patrascu\n37, bucharest"", ""mihai florescu\n35, bucharest"", ""alexandru briscu\n26, bacau"", ""daniel sulugiu\n34, bucharest"", ""irina gur\n39, bucharest"", ""dragos holeac\n30, bucharest""]
elimination_weeks = [""eliminated week 1"", ""eliminated week 1"", ""eliminated week 1"", ""eliminated week 1"", ""1st voted out week 1"", ""2nd voted out week 2"", ""3rd voted out week 3"", ""eliminated week 4"", ""4th voted out week 4"", ""5th voted out week 5"", ""5th voted out week 6"", ""6th voted out week 7"", ""6th voted out week 7""]

# Finding the last contestant voted out in week 7
last_eliminated_index = elimination_weeks.index(""6th voted out week 7"")
last_contestant_eliminated = contestants[last_eliminated_index]

# Print the result
print(f""Final Answer: {last_contestant_eliminated}"")
# Done
```"
768,were there more or less people living in ottawa than in vancouver in 2011 ?,more,"```python
# Extracting the relevant data from the table
cities = [""toronto"", ""montreal"", ""calgary"", ""ottawa"", ""edmonton"", ""mississauga"", ""winnipeg"", ""vancouver"", ""brampton"", ""hamilton"", ""quebec city"", ""surrey"", ""laval"", ""halifax"", ""london"", ""markham"", ""vaughan"", ""gatineau"", ""longueuil"", ""burnaby"", ""saskatoon"", ""kitchener"", ""windsor"", ""regina"", ""richmond"", ""richmond hill"", ""oakville"", ""burlington"", ""greater sudbury"", ""sherbrooke"", ""oshawa"", ""saguenay"", ""levis"", ""barrie"", ""abbotsford"", ""st. catharines"", ""trois-rivieres"", ""cambridge"", ""coquitlam"", ""kingston"", ""whitby"", ""guelph"", ""kelowna"", ""saanich"", ""ajax"", ""thunder bay"", ""terrebonne"", ""st. john's"", ""langley"", ""chatham-kent"", ""delta"", ""waterloo"", ""cape breton"", ""brantford"", ""strathcona county"", ""saint-jean-sur-richelieu"", ""red deer"", ""pickering"", ""kamloops"", ""clarington"", ""north vancouver"", ""milton"", ""nanaimo"", ""lethbridge"", ""niagara falls"", ""repentigny"", ""victoria"", ""newmarket"", ""brossard"", ""peterborough"", ""chilliwack"", ""maple ridge"", ""sault ste. marie"", ""kawartha lakes"", ""sarnia"", ""prince george"", ""drummondville"", ""saint john"", ""moncton"", ""saint-jerome"", ""new westminster"", ""wood buffalo"", ""granby"", ""norfolk county"", ""st. albert"", ""medicine hat"", ""caledon"", ""halton hills"", ""port coquitlam"", ""fredericton"", ""grande prairie"", ""north bay"", ""blainville"", ""saint-hyacinthe"", ""aurora"", ""welland"", ""shawinigan"", ""dollard-des-ormeaux"", ""belleville"", ""north vancouver""]

populations_ottawa = [883391, 812129, 721136, 652717, 670648, 790462, 729007, 603502, 523911, 519949, 491142, 468251, 401553, 390096, 366151, 301709, 478121, 238866, 232540, 431158, 715756, 422514, 221639, 193836, 200051, 190399, 209912, 185866, 182520, 175779, 160274, 154656, 149707, 144746, 128430, 131963, 133497, 131400, 131338, 126748, 126456, 123363, None, 141920, 108428, 149040, 115570, 126199, 617277, 126327, 111577, 114595, 132351, 119669, 169041, 102071, 100283, 109444, 427222, 102186, 105687, 94194, 111486, 89277, 104409, 159614, 59140, 92044, 81916, 90849, 116035, 78429, 88571, 74306, 75142, 92990, 86182, 65900, 70295, 68932, 62358, 54618, 50834, 49910, 41157, 312, 376893, 78592, 63029, 63984]

populations_vancouver = [603502, 1142000, 880618, 760283, 664870, 603502, 572797, 603502, 523911, 498967, 491142, 468251, 401553, 390096, 366151, 301709, 288301, 601223, 223218, 431158, 715756, 422514, 221639, 193836, 200051, None, 209912, 185866, 182520, "
769,how many total opposition votes were cast after august 2010 ?,188,"```python
# Extracting the relevant data from the table
dates = [""2010-08"", ""2010-08"", ""2010-08"", ""2010-09-02"", ""2010-09"", ""2010-09"", ""2010-09""]
opposition_votes = [45.0, 45.0, 32.0, 57.0, 48.0, 37.0, 46.0]

# Finding the total opposition votes cast after August 2010
total_opposition_votes = sum([votes for date, votes in zip(dates, opposition_votes) if date != ""2010-08""])

# Print the result
print(f""Final Answer: {total_opposition_votes}"")
# Done
```"
770,what was the number of points scored in week 3 ?,23,"```python
# Extracting the relevant data from the table
weeks = [1, 2, 3, 4, 5, 6, 7, 8, 9, 10, 11, 12, 13, 14, 15, 16, 17]
points_scored = [27, 30, 20, 28, 20, None, 17, 27, 23, 17, 13, 30, 42, 23, 24, 24, 23]

# Finding the number of points scored in week 3
week_index = weeks.index(3)
points_in_week3 = points_scored[week_index]

# Print the result
print(f""Final Answer: {points_in_week3}"")
# Done
```"
771,what are the number of kickoff attempts in 2008 ?,23,"```python
# Extracting the relevant data from the table
years = [2008, 2009, 2010, 2011, 2012, 2013, None]
kickoff_attempts = [0, 1, 0, 1, 0, 0, 2]

# Finding the number of kickoff attempts in 2008
year_index = years.index(2008)
kickoff_attempts_2008 = kickoff_attempts[year_index]

# Print the result
print(f""Final Answer: {kickoff_attempts_2008}"")
# Done
```"
772,how many zogby international polls took place in the month of august ?,2,"```python
# Extracting relevant data from the table
poll_firms = [""rutgers-eagleton"", ""quinnipiac"", ""rutgers-eagleton"", ""quinnipiac"", ""public policy polling"", ""quinnipiac"", ""rutgers-eagleton"", ""quinnipiac"", ""rutgers-eagleton"", ""rutgers-eagleton"", ""public policy polling"", ""quinnipiac"", ""rutgers-eagleton"", ""quinnipiac"", ""zogby international"", ""zogby international"", ""rasmussen reports"", ""rutgers-eagleton"", ""zogby international"", ""zogby international"", ""rutgers-eagleton"", ""zogby international""]
months = [""march 2014"", ""july 2013"", ""june 2013"", ""march 2013"", ""november 2012"", ""february 2012"", ""february 2012"", ""january 2012"", ""october 2011"", ""august 2011"", ""july 2011"", ""november 2009"", ""november 2009"", ""april 2009"", ""august 2008"", ""august 2007"", ""july 2006"", ""june 2006"", ""february 2006"", ""april 2005"", ""september 2003"", ""july 2003""]
zogby_polls = [""zogby international"", ""zogby international"", ""zogby international""]

# Finding the number of Zogby International polls that took place in the month of August
august_zogby_polls = sum(1 for firm, month in zip(poll_firms, months) if firm == ""zogby international"" and ""august"" in month)

# Printing the result
print(f""Final Answer: {august_zogby_polls}"")
# Done
```"
773,how many songs were released after 1977 ?,10,"```python
# Extracting the relevant data from the table
years = [1968, 1969, 1969, 1969, 1973, 1974, 1974, 1975, 1975, 1976, 1977, 1977, 1983, 1983, 1983, 1984, 1984, 1984, 1985, 1985, 1986, 1986]
songs_released = [""\""god help you woman\"""", ""\""please take me back\"""", ""\""i'm not through loving you\"""", ""\""molly\"""", ""\""i see his love all over you\"""", ""\""fool passin' through\"""", ""\""forgettin' 'bout you\"""", ""\""one, two, three (never gonna fall in love again)\"""", ""\""woman, woman\"""", ""\""she's free but she's not easy\"""", ""\""chasin' my tail\"""", ""\""don't let my love stand in your way\"""", ""\""when you're not a lady\"""", ""\""you got me running\"""", ""\""the man in the mirror\"""", ""\""if i could only dance with you\"""", ""\""you're gettin' to me again\"""", ""\""let me down easy\"""", ""\""i'll be your fool tonight\"""", ""\""in another minute\"""", ""\""if i don't love you\"""", ""\""the lights of albuquerque\""""]

# Counting the number of songs released after 1977
songs_after_1977 = sum(year > 1977 for year in years)

# Print the result
print(f""Final Answer: {songs_after_1977}"")
# Done
```"
