index,question,answer,response
0,"among the black canadian-born population aged 25 to 59, which group of people had a higher educational attainment for all countries of ancestry considered, and for both postsecondary diplomas as a whole and university diplomas only? women or men?",['women'],"```python
# Data from the table
women_non_university_postsecondary_diploma = [78.1, 79.6, 59.8, 75.5, 84.5, 76.1, 79.4, 74.8, 76.1, 78.0, 81.7, 86.4, 63.9, 71.9, 56.5]
women_university_degree_only = [34.8, 50.8, 19.1, 31.3, 37.1, 36.5, 39.2, 32.5, 35.0, 34.3, 49.8, 63.3, 23.2, 32.0, 16.0]
men_non_university_postsecondary_diploma = [59.5, 63.6, 46.8, 54.6, 65.8, 61.4, 64.4, 57.6, 58.3, 62.0, 65.7, 75.3, 49.2, 53.9, 44.8, ]
men_university_degree_only = [18.4, 35.3, 14.1, 15.8, 18.3, 20.4, 22.8, 20.6, 17.5, 21.4, 31.4, 51.5, 17.7, 22.1, 11.8]

women_total = [sum(x) for x in zip(women_non_university_postsecondary_diploma, women_university_degree_only)]
men_total = [sum(x) for x in zip(men_non_university_postsecondary_diploma, men_university_degree_only)]

# Compare the total attainment for both women and men
if sum(women_total) > sum(men_total):
    print(""Women had a higher educational attainment."")
else:
    print(""Men had a higher educational attainment."")

# Compare the attainment for both postsecondary diplomas as a whole and university diplomas only
if sum(women_non_university_postsecondary_diploma) + sum(women_university_degree_only) > sum(men_non_university_postsecondary_diploma) + sum(men_university_degree_only):
    print(""Women had a higher educational attainment for both postsecondary diplomas as a whole and university diplomas only."")
else:
    print(""Men had a higher educational attainment for both postsecondary diplomas as a whole and university diplomas only."")

# Done
```"
1,how many percent of university graduates among second-generation black women who originated from jamaica was higher than that of men in 2016?,[15.5],"```python
# Data from the table
jamaica_women_university_deg = 31.3
jamaica_men_university_deg = 15.8

# Calculate the difference
higher_university_graduates = jamaica_women_university_deg - jamaica_men_university_deg

# Print the result
print(f""Final Answer: {higher_university_graduates} percentage points"")

# Done
```"
2,"in 2016, which region of ancestry had a higher percentage of second-generation black women with a university degree? second-generation women with other regions of ancestry or women of african ancestry?",['africa'],"```python
# Data from the table
percent_university_degree_only_other_regions = 19.1
percent_university_degree_only_africa = 50.8

# Determine which region had a higher percentage of women with a university degree
higher_degree_region = ""African ancestry"" if percent_university_degree_only_africa > percent_university_degree_only_other_regions else ""Other regions of ancestry""

# Print the result
print(f""In 2016, {higher_degree_region} had a higher percentage of second-generation black women with a university degree."")

# Done
```"
3,how many percent of second-generation women with african ancestry had a university degree in 2016?,[50.8],"```python
# Data from the table
percentage_women_african_ancestry_university_degree = 50.8

# Print the result
print(f""Final Answer: {percentage_women_african_ancestry_university_degree}%"")

# Done
```"
4,how many percent of second-generation women with caribbean and latin american ancestry had a university degree in 2016?,[34.8],"```python
# Data from the table
percent_women_caribbean_univ_degree = 34.8  # Percentage of women with caribbean and latin america ancestry having a university degree
percent_women_caribbean_non_univ_degree = 78.1  # Percentage of women with caribbean and latin america ancestry having a non-university postsecondary diploma

# Calculate the percentage of second-generation women with a university degree from caribbean and latin america
percent_univ_degree_women_caribbean = percent_women_caribbean_univ_degree / (percent_women_caribbean_univ_degree + percent_women_caribbean_non_univ_degree) * 100

# Print the result
print(f""Final Answer: {percent_univ_degree_women_caribbean}"")

# Done
```"
5,how many percent of second-generation women with other regions of ancestry had a university degree in 2016?,[19.1],"```python
# Data from the table
percent_women_other_regions_uni_degree = 19.1
percent_women_other_regions_non_uni_diploma = 59.8

# Calculate the percentage of women with a university degree among second-generation women with other regions of ancestry
percent_women_uni_degree = percent_women_other_regions_uni_degree / (percent_women_other_regions_uni_degree + percent_women_other_regions_non_uni_diploma) * 100

# Print the result
print(f""Final Answer: {percent_women_uni_degree}%"")

# Done
```"
6,which sedentary time has the largest beta coefficients?,['weekend'],"```python
#Python
# Data from the table
beta_screen_time = 0.128
beta_sedentary_time_total = 0.124
beta_sedentary_time_weekday = 0.079
beta_sedentary_time_weekend = 0.170
beta_lpa_total = 0.096
beta_lpa_weekday = 0.067
beta_lpa_weekend = 0.103
beta_mvpa_total = 0.002
beta_mvpa_weekday = 0.002
beta_mvpa_weekend = 0.002

# Create a dictionary to map sedentary time to beta coefficients
sedentary_times = {
    ""total"": beta_sedentary_time_total,
    ""weekday"": beta_sedentary_time_weekday,
    ""weekend"": beta_sedentary_time_weekend
}

# Find the sedentary time with the largest beta coefficient
largest_beta_sedentary_time = max(sedentary_times, key=sedentary_times.get)

# Print the result
print(f""The sedentary time with the largest beta coefficient is: {largest_beta_sedentary_time} ({sedentary_times[largest_beta_sedentary_time]})"")

# Done
```  "
7,how many million dollars did for-profit businesses perform in software r&d in 2016?,[120824.0],"```python
# Data from the table
software_rd_2016 = 120824

# Convert the expenditure from thousand dollars to million dollars
software_rd_2016_million = software_rd_2016 / 1000

# Print the result
print(f""Final Answer: {software_rd_2016_million} million dollars"")

# Done
```
"
8,how many million dollars did total bussiness r&d perform in domestic business r&d in 2016?,[374685.0],"```python
# Data from the table
total_business_rnd_2016 = 374685  # Total business R&D expenditure in 2016

# Convert the total business R&D expenditure to million dollars
total_business_rnd_2016_million = total_business_rnd_2016 / 1000  

# Print the result
print(f""Final Answer: {total_business_rnd_2016_million} million dollars"")

# Done
```"
9,"over the past 10 years, how many percentage points did software r&d increase annually compound at average growth rate?",[9.6],"```python
# Data from the table
software_rd_2006 = 48299
software_rd_2016 = 120824
growth_rate = 9.6

# Calculate the compound annual growth
annual_growth_rate = ((1 + growth_rate/100) ** 10) - 1
software_rd_increase = software_rd_2006 * annual_growth_rate

# Print the result
print(f""Final Answer: {software_rd_increase}"")

# Done
```"
10,"over the past 10 years, how many percentage points did total business r&d increase annually at compound average growth rate?",[4.2],"```python
# Data from the table
annual_growth_rate_total_business_rd = 4.2
# Calculate compound average annual growth rate increase in percentage points
compound_avg_growth_rate_increase = annual_growth_rate_total_business_rd

# Print the result
print(f""Final Answer: {compound_avg_growth_rate_increase}"")

# Done
```"
11,which club did lodge play for in 1985-86?,['stockport county'],"```python
# Data from the table
club_played_for_1985_86 = ""stockport county""

# Print the result
print(f""Final Answer: {club_played_for_1985_86}"")

# Done
```"
12,how many passing yards did ryan tannehill get in 2018?,[1979.0],"```python
# Data from the table
passing_yards_2018 = 1_979  # Passing yards in 2018 for Ryan Tannehill

# Print the result
print(f""Final Answer: {passing_yards_2018}"")

# Done
```"
13,which group of people is least likely to have engaged in health risk behaviours such as binge drinking and drug use in the 12 months preceding the sspps?,['heterosexual'],"```python
# Data from the table
percent_binge_drinking_heterosexual = 44.1
percent_binge_drinking_gay_or_lesbian = 52.7
percent_binge_drinking_bisexual = 55.3
percent_binge_drinking_sexual_orientation_nec = 38.3

percent_cannabis_use_heterosexual = 15.3
percent_cannabis_use_gay_or_lesbian = 28.5
percent_cannabis_use_bisexual = 46.3
percent_cannabis_use_sexual_orientation_nec = 20.8

percent_drug_use_heterosexual = 2.6
percent_drug_use_gay_or_lesbian = 6.6
percent_drug_use_bisexual = 14.0
percent_drug_use_sexual_orientation_nec = 10.3

# Calculate the average percentage of health risk behaviors for each group
avg_percentages = {
    ""heterosexual"": (percent_binge_drinking_heterosexual + percent_cannabis_use_heterosexual + percent_drug_use_heterosexual) / 3,
    ""gay_or_lesbian"": (percent_binge_drinking_gay_or_lesbian + percent_cannabis_use_gay_or_lesbian + percent_drug_use_gay_or_lesbian) / 3,
    ""bisexual"": (percent_binge_drinking_bisexual + percent_cannabis_use_bisexual + percent_drug_use_bisexual) / 3,
    ""sexual_orientation_nec"": (percent_binge_drinking_sexual_orientation_nec + percent_cannabis_use_sexual_orientation_nec + percent_drug_use_sexual_orientation_nec) / 3
}

# Find the group least likely to engage in health risk behaviors
least_likely_group = min(avg_percentages, key=avg_percentages.get)

# Print the result
print(f""Final Answer: {least_likely_group} group is least likely to have engaged in health risk behaviors such as binge drinking and drug use."")

# Done
```"
14,how many percent of heterosexual canadians reported that they had engaged in binge drinking on at least one occasion in the past 12 months?,[44.1],"```python
# Data from the table for binge drinking among heterosexual individuals
binge_drinking_heterosexual = 44.1  # Percentage of heterosexual individuals who engaged in binge drinking
confidence_interval_low = 43.4
confidence_interval_high = 44.8

# Print the results
print(f""Percentage of heterosexual Canadians who reported binge drinking: {binge_drinking_heterosexual}%"")
print(f""Confidence interval: {confidence_interval_low}% - {confidence_interval_high}%"")

# Done
```"
15,"how many times of gay or lesbian canadians were more likely as heterosexual canadians to report having used other non-prescribed drugs such as magic mushrooms, cocaine or heroin in the past year?",[2.538462],"```python
# Data from the table
non_prescribed_drug_heterosexual = 2.6
non_prescribed_drug_gay_or_lesbian = 6.6

# Calculate the ratio
drug_use_ratio = non_prescribed_drug_gay_or_lesbian / non_prescribed_drug_heterosexual

# Print the result
print(f""Final Answer: {drug_use_ratio} times more likely"")
#Done
```"
16,how many percent of bisexual canadians have reported that they have used non-prescribed drugs in the past 12 months?,[14.0],"```python
# Data from the table
percentage_non_prescribed_drug_use_bisexual = 14.0

# Print the result
print(f""Final Answer: {percentage_non_prescribed_drug_use_bisexual}"")

# Done
```"
17,"how many percent of heterosexual canadians who had experienced abuse or violence in their lifetimes, have reported that they had used alcohol or drugs as a coping mechanism for these experiences?",[10.4],"```python
# Data from the table
hetero_lifetime_abuse_percentage = 10.4
hetero_lifetime_drug_coping_percentage = 18.2

# Calculate the percentage of heterosexual Canadians who used drugs or alcohol to cope with abuse or violence in their lifetime
percentage_used_coping_mechanism = (hetero_lifetime_drug_coping_percentage / hetero_lifetime_abuse_percentage) * 100

# Print the result
print(f""Final Answer: {percentage_used_coping_mechanism}%"")

# Done
```"
18,"how many percent of bisexual canadians who had experienced abuse or violence in their lifetimes, have reported that they had used drugs or alcohol to cope with their lifetime experiences of abuse or violence?",[29.5],"```python
# Data from the table
percent_bisexual_abuse_lifetime = 29.5
percent_bisexual_alcohol_cope_lifetime = 20.2

# Calculate the percentage of bisexual Canadians using drugs or alcohol to cope with lifetime abuse or violence
percent_bisexual_coping = (percent_bisexual_abuse_lifetime * percent_bisexual_alcohol_cope_lifetime) / 100

# Print the result
print(f""Final Answer: {percent_bisexual_coping}"")

# Done
```"
19,"according to brdis, what was the total number of employees at r&d-performing companies in 2015?",[18913.0],"```python
# Data from the table
total_employment_2015 = 18913
total_rnd_employment_2015 = 1544
total_rnd_employment_percent = 100  # Total percentage of r&d employment

# Calculate the total number of employees at r&d-performing companies in 2015
total_employees_rnd_performing_2015 = (total_rnd_employment_2015 / (total_rnd_employment_percent/100))

# Print the result
print(f""Total Number of Employees at R&D-Performing Companies in 2015: {total_employees_rnd_performing_2015}"")

# Done
```"
20,how many million dollars did funding for research and development to universities and colleges increase in 2017?,[29796.0],"```python
# Data from the table
research_dev_2017 = 29796
research_dev_2012 = 27700

# Calculate the increase
increase_in_funding = research_dev_2017 - research_dev_2012

# Print the result
print(f""Final Answer: {increase_in_funding} million dollars"")

# Done
```"
21,"how many percent of the total number of enterprises in canada has increased from 1,028,397 in 2008 to 1,089,136 in 2014?",[5.9],"```python
# Data from the table
enterprises_2008 = 1028397
enterprises_2014 = 1089136

# Calculate the percentage increase
percentage_increase = ((enterprises_2014 - enterprises_2008) / enterprises_2008) * 100

# Print the result
print(f""Final Answer: {percentage_increase}%"")

# Done
```"
22,which enterprise size class has the highest share of enterprises in 2008 and in 2014?,['between 1 and 4'],"```python
# Data from the table
share_2008 = {
    ""1-4"": 64.4,
    ""5-9"": 17.9,
    ""10-19"": 9.5,
    ""20-49"": 5.5,
    ""50-99"": 1.7,
    ""100-249"": 0.7,
    ""250-499"": 0.2,
    ""500-999"": 0.1,
    ""1000+"": 0.1,
}

share_2014 = {
    ""1-4"": 64.9,
    ""5-9"": 17.2,
    ""10-19"": 9.4,
    ""20-49"": 5.6,
    ""50-99"": 1.7,
    ""100-249"": 0.8,
    ""250-499"": 0.2,
    ""500-999"": 0.1,
    ""1000+"": 0.1,
}

# Find the enterprise size class with the highest share in 2008
max_share_2008 = max(share_2008, key=share_2008.get)

# Find the enterprise size class with the highest share in 2014
max_share_2014 = max(share_2014, key=share_2014.get)

# Print the result
print(f""Enterprise size class with the highest share in 2008: {max_share_2008}"")
print(f""Enterprise size class with the highest share in 2014: {max_share_2014}"")

# Done
```"
23,how many receiving yards did rex burkhead get in 2016?,[145.0],"```python
# Data for the question
receiving_yards_2016 = 145

# Print the receiving yards for Rex Burkhead in 2016
print(f""Receiving yards for Rex Burkhead in 2016: {receiving_yards_2016}"")

# Done
```  "
24,how many receving yards did braylon get in 2009?,[541.0],"```python
# Data from the table
receiving_yards_2009_cleveland_browns = 139
receiving_yards_2009_new_york_jets = 541

# Calculate the total receiving yards in 2009 for Braylon
total_receiving_yards_2009 = receiving_yards_2009_cleveland_browns + receiving_yards_2009_new_york_jets

# Print the result
print(f""Final Answer: Braylon received {total_receiving_yards_2009} receiving yards in 2009."")

# Done
```"
25,which age group of women has the highest surgical rates?,['50 to 69 years'],"```python
# Data from the table
surgical_intervention_19_49 = 9355
surgical_intervention_50_69 = 23020
surgical_intervention_70_and_older = 11930

# Comparing the surgical rates
if surgical_intervention_19_49 > surgical_intervention_50_69 and surgical_intervention_19_49 > surgical_intervention_70_and_older:
    age_group_highest_surgical_rates = ""19 to 49 years""
elif surgical_intervention_50_69 > surgical_intervention_19_49 and surgical_intervention_50_69 > surgical_intervention_70_and_older:
    age_group_highest_surgical_rates = ""50 to 69 years""
else:
    age_group_highest_surgical_rates = ""70 years and older""

# Print the result
print(f""The age group of women with the highest surgical rates is: {age_group_highest_surgical_rates}"")

# Done
```"
26,"natural land for pasture is largely found in western canada, what was the percentage of alberta reporting the most amount of natural pasture area in 2011?",[6435825.0],"```python
# Data from the table
percent_alberta_pasture = 31.5

# Print the result
print(f""Final Answer: {percent_alberta_pasture}"")

# Done
```"
27,"natural land for pasture is largely found in western canada, what was the percentage of manitoba reporting the amount of natural pasture area in 2011?",[1466968.0],"```python
# Data from the table
natural_pasture_manitoba_percent = 20.1

# Print the result
print(f""Percentage of natural pasture area in Manitoba: {natural_pasture_manitoba_percent}%"")

# Done
```"
28,"natural land for pasture is largely found in western canada, what was the percentage of british columbia reporting the amount of natural pasture area in 2011?",[1385359.0],"```python
# Data from the table
natural_land_bc = 1,385,359  # Hectares of natural land for pasture in British Columbia
total_natural_land_bc = 2,611,382  # Total hectares of natural land in British Columbia

# Calculate the percentage of natural pasture area in British Columbia
percentage_natural_pasture_bc = (natural_land_bc / total_natural_land_bc) * 100

# Print the result
print(f""Percentage of Natural pasture area in British Columbia: {percentage_natural_pasture_bc:.2f}%"")

# Done
```"
29,"natural land for pasture is largely found in western canada, what was the percentage of saskatchewan reporting the amount of natural pasture area in 2011?",[4816782.0],"```python
# Data from the table
natural_pasture_percentage_saskatchewan = 19.3

# Print the result
print(f""Final Answer: {natural_pasture_percentage_saskatchewan}"")

# Done
```"
30,what was the percentage of agricultural land in the atlantic provinces reported as woodlands and wetlands in 2011?,[42.3],"```python
# Data from the table
atlantic_provinces_agricultural_land = 1063343  # Area of agricultural land in Atlantic provinces in hectares
woodlands_wetlands_percent = 42.3  # Percentage of woodlands and wetlands in Atlantic provinces

# Calculate the area of woodlands and wetlands in hectares
woodlands_wetlands_area = (woodlands_wetlands_percent / 100) * atlantic_provinces_agricultural_land

# Print the answer
print(f""Final Answer: {woodlands_wetlands_percent}%"")

# Done
```"
31,what was the percentgae of agricultural land in the quebec provinces reported as woodlands and wetlands in 2011?,[31.6],"```python
# Data from the table
quebec_agricultural_land = 3,341,333  # Hectares of agricultural land in Quebec
woodlands_wetlands_percent = 31.6  # Percentage of woodlands and wetlands in Quebec agricultural land

# Calculate the area of woodlands and wetlands in hectares
woodlands_wetlands_hectares = (woodlands_wetlands_percent / 100) * quebec_agricultural_land

# Print the result
print(f""Final Answer : {woodlands_wetlands_percent}%"")

# Done
```"
32,what was the percentage of agricultural land in the ontario provinces reported as woodlands and wetlands in 2011?,[12.6],"```python
# Data from the table
ontario_agricultural_land_hectares = 5,126,653
ontario_woodlands_wetlands_hectares = 646,578

# Calculate the percentage of woodlands and wetlands in Ontario
percentage_woodlands_wetlands_ontario = (ontario_woodlands_wetlands_hectares / ontario_agricultural_land_hectares) * 100

# Print the result
print(f""Final Answer: {percentage_woodlands_wetlands_ontario:.2f}%"")

# Done
```"
33,how many hectares did quebec report the area of woodland and wetland in 2011?,[1057417.0],"```python
# Data from the table
quebec_woodlands_and_wetlands_hectares = 1,057,417

# Print the result
print(f""Final Answer: {quebec_woodlands_and_wetlands_hectares} hectares"")

# Done
```"
34,how many hectares did saskatchewan report the area of woodland and wetland in 2011?,[1009381.0],"```python
# Data from the table
hectares_woodlands_wetlands_saskatchewan = 1,009,381

# Print the result
print(f""Final Answer: {hectares_woodlands_wetlands_saskatchewan}"")

# Done
```"
35,how many hectares did alberta report the area of woodland and wetland in 2011?,[893436.0],"```python
# Data from the table
hectares_woodlands_wetlands_alberta = 893436

# Print the area of woodlands and wetlands reported by Alberta
print(f""Final Answer: {hectares_woodlands_wetlands_alberta} hectares"")

# Done
```"
36,which age group has the lowest surgical rate?,['70 years and older'],"```python
# Data from the table
surgical_rates = {
    ""19 to 49 years"": 94.7,
    ""50 to 69 years"": 93.3,
    ""70 years and older"": 86.1
}

# Find age group with the lowest surgical rate
lowest_surgical_rate_age_group = min(surgical_rates, key=surgical_rates.get)

# Print the result
print(f""Age group with the lowest surgical rate: {lowest_surgical_rate_age_group}"")

# Done
```"
37,"what is the percentge of new mothers were in the first situation(with pre-birth-year, birth-year, or post-birth-year roe; and received ei in the birth year)in 2012?",[40.6],"```python
# Data from the table
percentage_2012_mothers_first_situation = 40.6  # Percentage of new mothers in the first situation in 2012

# Print the result
print(f""Percentage of new mothers in the first situation in 2012: {percentage_2012_mothers_first_situation}%"")

# Done
```"
38,"what is the percentge of new mothers were in the second situation(with pre-birth-year, birth-year, or post-birth-year roe; and received ei after the birth year)in 2012?",[2.8],"```python
# Data from the table
percentage_new_mothers_2012 = 2.8

# Print the result
print(f""Final Answer: {percentage_new_mothers_2012}%"")

# Done
```"
39,"what is the percentage of new mothers took parental leave, according to the roe-based definition in 2012?",[43.4],"```python
# Data from the table
percentage_mothers_with_roe_2012 = 40.6
percentage_total_mothers_2012 = 63.8

# Calculate the percentage of new mothers who took parental leave according to the roe-based definition in 2012
percentage_new_mothers_with_roe_2012 = (percentage_mothers_with_roe_2012 / percentage_total_mothers_2012) * 100

# Print the result
print(f""Final Answer: {percentage_new_mothers_with_roe_2012}"")

# Done
```"
40,what is the percentage of new mothers who received ei benefits in 2012 were issued an roe for temporary leave other than parental leave?,[6.5],"```python
# Data from the table
mothers_temporary_leave_2012 = 6.4
mothers_received_ei_2012 = 63.8

# Calculate the percentage of new mothers with temporary leave other than parental leave
percentage_temporary_leave = (mothers_temporary_leave_2012 / mothers_received_ei_2012) * 100

# Print the result
print(f""Final Answer: {percentage_temporary_leave}"")

# Done
```"
41,what is the percentage of new mothers who received ei benefits in 2012 quit the jobs they held before the leave?,[0.9],"```python
# Data from the table
percentage_quit_mothers_2012 = 0.9
total_new_mothers_2012 = 28.0

# Calculate the percentage of new mothers who quit their jobs before the leave in 2012
percentage_new_mothers_quit_2012 = (percentage_quit_mothers_2012 / total_new_mothers_2012) * 100

# Print the result
print(f""Final Answer: {percentage_new_mothers_quit_2012}%"")

# Done
```"
42,what is the percentage of new mothers who received ei benefits in 2012 were issued an roe for reasons other than parental leave and did not go back to the same employer?,[2.4],"```python
# Data from the table
percentage_no_roe_other_permanent_leave_mothers_2012 = 2.4
percentage_total_mothers_2012 = 63.8

# Calculate the percentage of new mothers meeting the condition
percentage_condition_met = (percentage_no_roe_other_permanent_leave_mothers_2012 / percentage_total_mothers_2012) * 100

# Print the result
print(f""Final Answer: {percentage_condition_met}"")

# Done
```"
43,what is the percentage of new mothers who received ei benefits in 2012 were not issued an roe at all?,[10.5],"```python
# Data from the table
percentage_no_roe_mothers_2012 = 10.5
total_percentage_mothers_2012 = 63.8

# Calculate the percentage of new mothers who received ei benefits in 2012 but were not issued an roe at all
percentage_no_roe_new_mothers_2012 = (percentage_no_roe_mothers_2012 / total_percentage_mothers_2012) * 100

# Print the result
print(f""Final Answer: {percentage_no_roe_new_mothers_2012}%"")

# Done
```"
44,which club did aladji mansour ba play for in 2017-18?,['kapaz'],"```python
# Data from the table
club1 = ""kac kenitra""  # Club 1 name
club2 = ""kapaz""  # Club 2 name

# Identify the club Aladji Mansour Ba played for in 2017-18
aladji_club_2017_18 = club2  # Aladji Mansour Ba played for Kapaz in 2017-18

# Print the result
print(f""Final Answer: Aladji Mansour Ba played for {aladji_club_2017_18} in 2017-18."")

# Done
```"
45,what was the percentage of all farms reported woodlands and wetlands in 2011?,[49.9],"```python
# Data from the table
all_farms_total = 205730
farms_with_woodlands_and_wetlands = 102744
percentage_woodlands_and_wetlands = 49.9

# Calculate the percentage of all farms reported woodlands and wetlands
percentage_all_farms_with_woodlands_and_wetlands = (farms_with_woodlands_and_wetlands / all_farms_total) * 100

# Print the result
print(f""Final Answer: {percentage_all_farms_with_woodlands_and_wetlands}"")

# Done
```"
46,what is the proportion of people who reported having seen their friends a few times or more a week in 2003?,[56.0],"```python
# Data from the table
percentage_2003_total = 56

# Print the result
print(f""Proportion in 2003: {percentage_2003_total}%"")

# Done
```"
47,what is the proportion of people who reported having seen their friends a few times or more a week in 2013?,[44.0],"```python
# Data from the table
percentage_2013 = 44

# Print the result
print(f""Proportion of people in 2013 who saw their friends a few times or more a week: {percentage_2013}%"")

# Done
```"
48,how much did the proportion of people who reported having seen their friends a few times or more a week fall from 2003 to 2013?,[12],"```python
# Data from the table
percentage_2003 = 56
percentage_2013 = 44

# Calculate the difference
fall_in_percentage = percentage_2003 - percentage_2013

# Print the result
print(f""Final Answer : {fall_in_percentage}"")

# Done
```"
49,how many goals did jack holliday score for brentford in 1934-35?,[25.0],"```python
# Data from the table
goals_1934_35 = 25

# Print the result
print(f""Jack Holliday scored {goals_1934_35} goals for Brentford in 1934-35"")

# Done
```"
50,what was the percentage of admissions to correctional services in the nine reporting jurisdictions made up by aboriginal youth in 2017/2018?,[43.0],"```python
# Data from the table
total_jurisdictions = 100  # Total percentage of all jurisdictions
percentage_aboriginal_youth = 43  # Percentage of admissions made up by aboriginal youth

# Calculate the percentage of admissions made up by aboriginal youth in the reporting jurisdictions
percentage_aboriginal_jurisdictions = (percentage_aboriginal_youth / total_jurisdictions) * 100

# Print the result
print(f""Final Answer: {percentage_aboriginal_jurisdictions}"")

# Done
```"
51,what was the percentage of custody admissions made up by aboriginal youth in 2017/2018?,[48.0],"```python
# Data from the table
total_custody_admissions = 7,361
aboriginal_custody_admissions = 3,541

# Calculate the percentage of custody admissions made up by aboriginal youth
percentage_aboriginal_custody = (aboriginal_custody_admissions / total_custody_admissions) * 100

# Print the result
print(f""Final Answer: {percentage_aboriginal_custody}"")

# Done
```"
52,what was the percentage of community admissions made up by aboriginal youth in 2017/2018?,[39.0],"```python
# Data from the table
total_community_supervision_abo = 3,653  # Number of Aboriginal youth in community supervision
total_community_supervision_all = 9,303  # Total number of youth in community supervision

# Calculate the percentage
percentage_community_abo = (total_community_supervision_abo / total_community_supervision_all) * 100

# Print the result
print(f""Final Answer: {percentage_community_abo}"")

# Done
```"
53,what is the percentage of youth admitted into correctional services were male in 2017/2018?,[76.0],"```python
# Data from the table
total_youth_admitted = 16664
male_youth_admitted = 12738

# Calculate the percentage of male youth admitted
percentage_male = (male_youth_admitted / total_youth_admitted) * 100

# Print the result
print(f""Final Answer: {percentage_male}%"")

# Done
```"
54,what is the percentage of youth admitted into custody were male in 2017/2018?,[76.0],"```python
# Data from the table
total_custody_male = 5625
total_custody_all = 7361

# Calculate the percentage of male youth admitted into custody
percentage_male_custody = (total_custody_male / total_custody_all) * 100

# Print the result
print(f""Percentage of male youth admitted into custody: {percentage_male_custody}%"")

# Done
```"
55,what is the percentage of youth admitted into community supervision were male in 2017/2018?,[76.0],"```python
# Data from the table
total_community_supervision = 9303
male_community_supervision = 7113

# Calculate the percentage
percentage_male_community_supervision = (male_community_supervision / total_community_supervision) * 100

# Print the result
print(f""Final Answer: {percentage_male_community_supervision}"")

# Done
```"
56,what was the percentage of youth admissions to correctional services in 2017/2018 involved youth aged 16 to 17 years at the time of admission?,[54],"```python
# Data from the table
total_youth_admissions = 16664  # Total number of youth admissions to correctional services
youth_16_to_17_years = 4877  # Number of youth aged 16 to 17 years at the time of admission

# Calculate the percentage
percentage_youth_16_to_17 = (youth_16_to_17_years / total_youth_admissions) * 100

# Print the result
print(f""Final Answer: {percentage_youth_16_to_17}%"")

# Done
```"
57,what was the percentage of youth admitted to custody aged 16 and 17 years old in 2017/2018?,[60],"```python
# Data from the table
total_custody_16_years = 2020
total_custody_17_years = 2397
total_all_jurisdictions = 16664

# Calculate the total number of youth admitted to custody aged 16 and 17
total_custody_16_17 = total_custody_16_years + total_custody_17_years

# Calculate the percentage
percentage_admitted_16_17 = (total_custody_16_17 / total_all_jurisdictions) * 100

# Print the result
print(f""Percentage of youth admitted to custody aged 16 and 17 years old: {percentage_admitted_16_17}%"")

# Done
```"
58,what was the percentage of youth admitted to community supervision aged 16 and 17 years old in 2017/2018?,[49],"```python
# Data from the table
community_supervision_16_years = 2066
community_supervision_16_percent = 22
community_supervision_17_years = 2480
community_supervision_17_percent = 27

# Calculate total youth admitted to community supervision aged 16 and 17 years
total_community_supervision_16_17 = community_supervision_16_years + community_supervision_17_years

# Calculate total percentage of youth
total_youth_percent = community_supervision_16_percent + community_supervision_17_percent

# Calculate the percentage of youth admitted to community supervision aged 16 and 17 years
percentage_community_supervision_16_17 = (total_community_supervision_16_17 / total_youth_percent) * 100

# Print the result
print(f""Final Answer: {percentage_community_supervision_16_17} %"")

# Done
```"
59,what was the mean absolute revision to the annual growth in nominal gdp between 1981 and 2014?,[0.13],"```python
# Data from the table
mean_absolute_revision_nominal_1982_to_2014 = 0.13

# Print the result
print(f""Final Answer: {mean_absolute_revision_nominal_1982_to_2014}"")

# Done
```"
60,what was the the mean absolute revision to annual nominal gdp for the period 2010 to 2014?,[0.2],"```python
# Data from the table
mean_revision_2010_2014_gdp = 0.20

# Print the result
print(f""Mean Absolute Revision to Annual Nominal GDP for 2010 to 2014: {mean_revision_2010_2014_gdp}"")

# Done
```"
61,what was the mean absolute revision to the annual growth in real gdp between 1981 and 2014?,[0.11],"```python
# Data from the table
mean_revision_1982_1989 = 0.13
mean_revision_1990_1999 = 0.08
mean_revision_2000_2009 = 0.14
mean_revision_2010_2014 = 0.20
mean_revision_1982_2014 = 0.13

# Calculate the mean absolute revision for 1982 to 2014
mean_revision_1981_2014 = (mean_revision_1982_1989 + mean_revision_1990_1999 + mean_revision_2000_2009 + mean_revision_2010_2014 + mean_revision_1982_2014) / 5

# Print the result
print(f""Final Answer: {mean_revision_1981_2014}"")

# Done
```"
62,what was the annual real growth over the 1981 to 2013 period was in alberta?,[3.13],"```python
# Data from the table
revised_estimate_alberta = 3.13
previously_published_estimate_alberta = 3.14

# Calculate the annual real growth in Alberta
annual_real_growth_alberta = (revised_estimate_alberta + previously_published_estimate_alberta) / 2

# Print the result
print(f""Annual Real Growth in Alberta: {annual_real_growth_alberta}"")

# Done
```"
63,what was the percentage of french-speaking people in canada in 2011?,[22.9],"```python
# Data from the table
percentage_french_canada_2011 = 22.9  # Percentage of French-speaking people in Canada in 2011

# Print the result
print(f""Final Answer: {percentage_french_canada_2011}"")

# Done
```"
64,what is the low boundary of percentage of french-speaking people in canada is projected to be in 2036 ?,[20.2],"```python
# Data from the table
low_boundary_french_2011 = 22.9
low_boundary_french_2036 = 20.4

# Low boundary of percentage of french-speaking people in canada projected for 2036
low_boundary_french_2036_projection = low_boundary_french_2036

# Print the result
print(f""Low boundary of percentage of French-speaking people in Canada projected for 2036: {low_boundary_french_2036_projection}"")

# Done
```"
65,what is the high boundary of percentage of french-speaking people in canada is projected to be in 2036 ?,[20.9],"```python
# Data from the table
french_percentage_2036_canada = 20.4
french_percentage_2036_quebec = 82.4
french_percentage_2036_canada_outside_quebec = 3.2

# Calculate the high boundary of percentage of french-speaking people in Canada in 2036
high_boundary_percentage_french_canada_2036 = max(french_percentage_2036_canada, french_percentage_2036_quebec, french_percentage_2036_canada_outside_quebec)

# Print the result
print(f""High boundary of percentage of French-speaking people in Canada projected to be in 2036: {high_boundary_percentage_french_canada_2036}"")

# Done
```"
66,what was the percentage of french-speaking people in quebec in 2011?,[85.4],"```python
# Data from the table
percentage_french_quebec_2011 = 85.4

# Print the result
print(f""Final Answer : {percentage_french_quebec_2011}"")

# Done
```"
67,what is the low boundary of percentage of french-speaking people in quebec is projected to be in 2036 ?,[82.0],"```python
# Data from the table
percentage_french_2011 = 22.9
low_boundary_french_2036 = 20.4

# Print the low boundary of percentage of French-speaking people in Quebec projected for 2036
print(f""Low boundary of percentage of French-speaking people in Quebec projected for 2036: {low_boundary_french_2036}%"")

# Done
```"
68,what is the high boundary of percentage of french-speaking people in quebec is projected to be in 2036 ?,[83.0],"```python
# Data from the table
high_boundary_french_speaking_2036 = 82.0  # High boundary of percentage of French-speaking people in Quebec in 2036

# Print the result
print(f""Final Answer: {high_boundary_french_speaking_2036}"")

# Done
```"
69,what was the percentage of french-speaking people outside quebec in 2011?,[3.9],"```python
# Data from the table
percentage_french_outside_quebec_2011 = 3.9

# Print the result
print(f""Final Answer: {percentage_french_outside_quebec_2011}"")

# Done
```"
70,what is the percentage of rc-prs from the 1999 cohort collected social assistance one year after initiating their claim?,[73.8],"```python
# Data from the table
percentage_rc_prs_1999_1year = 73.8

# Print the result
print(f""Final Answer: {percentage_rc_prs_1999_1year}"")

# Done
```"
71,what is the percentage of rc-prs from the 1999 cohort reported receiving social assistance after six years?,[20.5],"```python
# Data from the table
percentage_rc_prs_1999_after_six_years = 20.5

# Print the final answer
print(f""Percentage of RC-PRS from 1999 cohort receiving social assistance after six years: {percentage_rc_prs_1999_after_six_years}%"")

# Done
```"
72,what is the percentage of rc-prs from the 2010 cohort registered social assistance one years after their initial claim?,[71.1],"```python
# Data from the table
percentage_2010_first_year_rc_prs = 80

# Print the result
print(f""Final Answer: {percentage_2010_first_year_rc_prs}"")

# Done
```"
73,what is the percentage of gars who landed in 1999 reported to have social assistance income one year later?,[90.8],"```python
# Data from the table
percent_1999_gars_year_1 = 90.8

# Print the result
print(f""Final Answer: {percent_1999_gars_year_1}"")

# Done
```"
74,what is the percentage of gars from the 1999 cohort reported to have social assistance income six years after landing?,[22.2],"```python
# Data from the table
percentage_gars_1999_six_years = 18.2  # Percentage of GARS from the 1999 cohort reported to have social assistance income six years after landing

# Print the result
print(f""Final Answer: {percentage_gars_1999_six_years}"")

# Done
```"
75,what is the percentage of gars from the 2010 cohort reported to have social assistance income one years after landing?,[96.7],"```python
# Data from the table
percentage_2010_gars_year1 = 80.0

# Print the result
print(f""Final Answer: {percentage_2010_gars_year1}"")

# Done
```"
76,what is the percentage of gars from the 2010 cohort reported to have social assistance income six years after landing?,[48.4],"```python
# Data from the table
percentage_gars_2010_six_years = 21.0

# Print the result
print(f""Final Answer: {percentage_gars_2010_six_years} percent"")

# Done
```"
77,"from the 1999 cohort to the 2010 cohort,how many percentage points of rc-prs who received social assistance income six years after making their initial claim have declined?",[0.7],"```python
# Data from the table
percentage_1999_rc_prs = 20.5
percentage_2010_rc_prs = 19.8

# Calculate the difference
decline_in_percentage_rc_prs = percentage_1999_rc_prs - percentage_2010_rc_prs

# Print the result
print(f""Final Answer: {decline_in_percentage_rc_prs}"")

# Done
```"
78,what is the margin point of gars who received social assistance income six years after landing between the 1999 and 2010 cohorts?,[26.2],"```python
# Data from the table
gars_1999 = 20.5
gars_2010 = 19.8

# Calculate the margin point
margin_point = gars_1999 - gars_2010

# Print the result
print(f""Final Answer: {margin_point}"")

# Done
```"
79,which club did luke rodgers play for in 2012?,['lillestrøm sk'],"```python
# Data from the table
luke_rodgers_club_2012 = ""lillestrøm sk""

# Print the result
print(f""Luke Rodgers played for {luke_rodgers_club_2012} in 2012."")

# Done
```"
80,how many rushing yards did matt asiata get in 2008?,[707.0],"```python
# Data from the table
rushing_yards_2008 = 707

# Print the result
print(f""Final Answer: Matt Asiata got {rushing_yards_2008} rushing yards in 2008"")

# Done
```"
81,what is the percentage of canadians aged 15 to 19 volunteering their time in 2013?,[66.0],"```python
# Data from the table
percentage_15_to_19_2013 = 66

# Print the result
print(f""Final Answer: {percentage_15_to_19_2013}"")

# Done
```"
82,which age group is the lowest rate of volunteering recorded among in 2013?,['75 years and older'],"```python
# Data from the table
volunteer_rate_2013 = {
    '15 to 19': 66,
    '20 to 24': 42,
    '25 to 34': 42,
    '35 to 44': 48,
    '45 to 54': 45,
    '55 to 64': 41,
    '65 to 74': 38,
    '75 years and older': 27
}

# Find the age group with the lowest volunteer rate in 2013
lowest_volunteer_rate_age_group = min(volunteer_rate_2013, key=volunteer_rate_2013.get)

# Print the result
print(f""Final Answer: {lowest_volunteer_rate_age_group}"")

# Done
```"
83,what is the percentage of canadians with a school-aged child in the household volunteering their time in 2013?,[59.0],"```python
# Data from the table
percentage_school_aged_children_volunteering = 59

# Print the result
print(f""Final Answer: {percentage_school_aged_children_volunteering}%"")

# Done
```"
84,what is the percentage of canadians with both preschool and school-aged children in the household volunteering their time in 2013?,[52.0],"```python
# Data from the table
percentage_both_children_2013 = 52

# Print the result
print(f""Final Answer: {percentage_both_children_2013}%"")

# Done
```"
85,what is the volunteer rate for those without children in 2013?,[38.0],"```python
# Data from the table
volunteer_rate_no_children_2013 = 38

# Print the volunteer rate for those without children in 2013
print(f""Volunteer rate for those without children in 2013: {volunteer_rate_no_children_2013}"")

# Done
```"
86,which kind of household income of volunteers dedicate the fewest number of hours?,"['$120,000 and over']","```python
# Data from the table
less_than_20K_hours = 182
$20K_to_$39K_hours = 172
$40K_to_$59K_hours = 165
$60K_to_$79K_hours = 179
$80K_to_$99K_hours = 148
$100K_to_$119K_hours = 171
$120K_and_over_hours = 130

# Find the household income category with the fewest number of hours
household_income_categories = ['less than $20,000', '$20,000 to $39,999', '$40,000 to $59,999', 
                               '$60,000 to $79,999', '$80,000 to $99,999', '$100,000 to $119,999', '$120,000 and over']

hours_list = [less_than_20K_hours, $20K_to_$39K_hours, $40K_to_$59K_hours, $60K_to_$79K_hours, 
              $80K_to_$99K_hours, $100K_to_$119K_hours, $120K_and_over_hours]

min_hours = min(hours_list)
fewest_hours_category = household_income_categories[hours_list.index(min_hours)]

# Print the result
print(f""Final Answer: {fewest_hours_category}"")

# Done
```  "
87,"how many hours do the volunteers with a household income of $120,000 or more contribute over the course of a year?",[130.0],"```python
# Data from the table
mean_hours_high_income = 130  # Mean number of hours for household income $120,000 and over

# Print the result
print(f""Final Answer: Volunteers with household income of $120,000 or more contribute {mean_hours_high_income} hours over the course of a year"")

# Done
```"
88,"how many hours do the volunteers with a household income of less than $20,000 contribute over the course of a year?",[182.0],"```python
# Data from the table
mean_hours_less_than_20000 = 182  # Mean number of hours for household income less than $20,000

# Print the result
print(f""Final Answer: {mean_hours_less_than_20000}"")

# Done
```"
89,"what is the percentage of volunteers organizing, supervising or coordinating events in 2013?",[46.0],"```python
# Data from the table
percentage_organizing_events_2013 = 46

# Print the result
print(f""Final Answer: {percentage_organizing_events_2013}"")

# Done
```"
90,what is the percentage of volunteers helping with fundraising in 2013?,[45.0],"```python
# Data from the table
percentage_fundraising_2013 = 45

# Print the result
print(f""Final Answer: {percentage_fundraising_2013}"")

# Done
```"
91,what is the percentage of volunteers sitting on a committee or board in 2004?,[36.0],"```python
# Data from the table
percentage_committee_board_2004 = 36

# Print the result
print(f""Final Answer: {percentage_committee_board_2004}"")

# Done
```"
92,what is the percentage of volunteers sitting on a committee or board in 2013?,[33.0],"```python
# Data from the table
percentage_sitting_on_committee_or_board_2013 = 33

# Print the result
print(f""Percentage of volunteers sitting on a committee or board in 2013: {percentage_sitting_on_committee_or_board_2013}%"")

# Done
```"
93,"in which year is the prevalence of sitting on a committee or board less , 2004 or 2013?",['2013'],"```python
# Data from the table
percentage_2004 = 36
percentage_2013 = 33

# Compare the prevalence to determine the year with less participation
if percentage_2004 < percentage_2013:
    year_with_less_participation = 2004
else:
    year_with_less_participation = 2013

# Print the result
print(f""Final Answer: {year_with_less_participation}"")

# Done
```"
94,"which group of decedents were less likely to experience continuous employment, made less in employment income, and were more likely to be reliant on social assistance, those who had contact with police in 24 months prior to death or those who had no contact with police in 24 months prior to death?",['at least one contact with police in 24 months prior to death'],"```python
# Python code to answer the question

# Data from the table
percent_none_police_contact = 34
percent_police_contact = 34
percent_continued_employment_none = 29
percent_continued_employment_police = 20
mean_income_none = 25207
mean_income_police = 15325
mean_social_assistance_none = 7875
mean_social_assistance_police = 7173

# Calculation for none police contact group
less_continued_employment_none = percent_none_police_contact - percent_continued_employment_none
less_income_none = mean_income_none
more_social_assistance_none = percent_none_police_contact - percent_continued_employment_none

# Calculation for police contact group
less_continued_employment_police = percent_police_contact - percent_continued_employment_police
less_income_police = mean_income_police
more_social_assistance_police = percent_police_contact - percent_continued_employment_police

# Compare the values for each group
if less_continued_employment_none > less_continued_employment_police and less_income_none > less_income_police and more_social_assistance_none > more_social_assistance_police:
    print(""Final Answer: Group with no police contact in 24 months prior to death"")
else:
    print(""Final Answer: Group with at least one contact with police in 24 months prior to death"")

# Done
```
"
95,"among decedents who had contact with police in 24 months prior to deaths, what is the percentage of those who were employed in each of the 5 years prior to their fatal overdose?",[20.0],"```python
# Data from the table
percent_one_to_four_none_contact_police = 37
percent_one_to_four_at_least_one_contact_police = 47

percent_all_five_none_contact_police = 29
percent_all_five_at_least_one_contact_police = 20

# Calculate the percentage of those employed in all 5 years prior to death among those who had at least one contact with police
percent_employed_all_five_at_least_one_contact_police = (percent_all_five_at_least_one_contact_police / (percent_one_to_four_at_least_one_contact_police + percent_all_five_at_least_one_contact_police)) * 100

# Calculate the percentage of those employed in one to four years prior to death among those who had at least one contact with police
percent_employed_one_to_four_at_least_one_contact_police = (percent_one_to_four_at_least_one_contact_police / (percent_one_to_four_at_least_one_contact_police + percent_all_five_at_least_one_contact_police)) * 100

# Calculate the percentage of those employed in none of the years prior to death among those who had at least one contact with police
percent_employed_none_at_least_one_contact_police = 100 - percent_employed_all_five_at_least_one_contact_police - percent_employed_one_to_four_at_least_one_contact_police

# Print the results
print(f""Percentage of those employed in all five years: {percent_employed_all_five_at_least_one_contact_police}%"")
print(f""Percentage of those employed in one to four years: {percent_employed_one_to_four_at_least_one_contact_police}%"")
print(f""Percentage of those employed in none of the years: {percent_employed_none_at_least_one_contact_police}%"")

# Done
```"
96,"among decedents who had did not contact with police in 24 months prior to deaths, what is the percentage of those who were employed in each of the 5 years prior to their fatal overdose?",[29.0],"```python
# Data from the table
percent_years_none_contact = 34
percent_years_one_contact = 37
percent_years_all_contact = 29

# Calculate the percentage for each category
percent_years_none_employed = percent_years_none_contact
percent_years_one_employed = percent_years_one_contact
percent_years_all_employed = percent_years_all_contact

# Print the results
print(f""Percentage employed in none of the 5 years prior to death: {percent_years_none_employed}%"")
print(f""Percentage employed in 1 to 4 years prior to death: {percent_years_one_employed}%"")
print(f""Percentage employed in all 5 years prior to death: {percent_years_all_employed}%"")

# Done
```"
97,"which group of decedents earned less in the 2 years preceding their overdose death, those who had contact with the police or those who did not have contact with police?",['at least one contact with police in 24 months prior to death'],"```python
# Data from the table
income_mean_no_police_contact = 25207
income_mean_police_contact = 15325

# Check which group earned less
if income_mean_no_police_contact < income_mean_police_contact:
    result = ""Group of decedents who did not have contact with police earned less.""
else:
    result = ""Group of decedents who had contact with police earned less.""

# Print the result
print(f""Final Answer: {result}"")

# Done
```"
98,what is the mean total income of decedents who had contact with police for the last year they were employed?,[15325.0],"```python
# Python code to answer the question

# Data from the table
mean_income_no_police_contact = 25207  # Mean total income for decedents with no police contact
mean_income_police_contact = 15325  # Mean total income for decedents with police contact

# Print the result
print(f""Mean total income of decedents with police contact: {mean_income_police_contact}"")

# Done
```"
99,what is the mean total income of decedents who did not have contact with police for the last year they were employed?,[25207.0],"```python
# Data from the table
mean_income_no_police_contact = 25207  # Mean total income for decedents with no police contact
mean_income_with_police_contact = 15325  # Mean total income for decedents with police contact

# Print the result
print(f""Final Answer: {mean_income_no_police_contact}"")

# Done
```"
100,"which one has been growing more rapidly during these three years, the production of dried cannabis or the sales?",['production'],"```python
# Data from the table
production_2015 = 9659
production_2017 = 80535
sales_2015 = 8446
sales_2017 = 46186

# Calculate the growth rates
production_growth_rate = ((production_2017 - production_2015) / production_2015) * 100
sales_growth_rate = ((sales_2017 - sales_2015) / sales_2015) * 100

# Determine which one has been growing more rapidly
if production_growth_rate > sales_growth_rate:
    print(""Production of dried cannabis has been growing more rapidly."")
else:
    print(""Sales of dried cannabis have been growing more rapidly."")

# Done
```"
101,how many rusing yards did alexander get in 2006?,[896.0],"```python
# Data from the table
rushing_yds_alexander_2006 = 896  # Rushing yards gained by Alexander in 2006

# Print the result
print(f""Final Answer: {rushing_yds_alexander_2006}"")

# Done
```"
102,"in 2019, what was the number of incidents per 100,000 population of police-reported child pornography?",[23.0],"```python
# Data from the table
total_child_pornography_2019 = 8815  # Number of incidents for child pornography in 2019
total_population = 1000000  # Total population (in this case, assumed to be 1,000,000 for easier calculations)

# Calculate the incidents per 100,000 population
incidents_per_100k = (total_child_pornography_2019 / total_population) * 100000

# Print the result
print(f""In 2019, the number of incidents of police-reported child pornography per 100,000 population was: {incidents_per_100k}"")

# Done
```"
103,"in 2019, what was the national rate of police-reported child pornography increased?",[46.0],"```python
# Data from the table
rate_child_pornography_2018 = 16
rate_child_pornography_2019 = 23

# Calculate the increase
increase_child_pornography = rate_child_pornography_2019 - rate_child_pornography_2018

# Print the result
print(f""Final Answer: {increase_child_pornography}"")

# Done
```"
104,"in 2019, the national rate of police-reported child pornography increased 46%, what was an increase of incidents from 2018?",[2881],"```python
# Data from the table
child_pornography_rate_2018 = 16
child_pornography_rate_2019 = 23

# Calculate the percentage increase
percent_increase = 46
increase_rate = (child_pornography_rate_2018 * percent_increase) / 100

# Print the result
print(f""Increase in incidents from 2018 to 2019: {increase_rate}"")

# Done
```"
105,what was the number of violent offences specific to firearms increased by in 2019?,[642],"```python
# Data from the table
violent_offences_firearms_2018 = 2861
violent_offences_firearms_2019 = 3503

# Calculate the increase
increase_in_firearms_offences = violent_offences_firearms_2019 - violent_offences_firearms_2018

# Print the result
print(f""Number of violent offences specific to firearms increased by in 2019: {increase_in_firearms_offences}"")

# Done
```"
106,"the number of violent offences specific to firearms increased by 642 incidents in 2019 (from 2,861 in 2018 to 3,503 in 2019), what was the increase in rate?",[21.0],"```python
# Data from the table
rate_firearms_2018 = 8
rate_firearms_2019 = 9

# Calculate the increase in rate
increase_in_rate_firearms = rate_firearms_2019 - rate_firearms_2018

# Print the result
print(f""Increase in rate for violent offences specific to firearms: {increase_in_rate_firearms}"")

# Done
```"
107,"in 2019, what was combined total of the immigration and refugee protection act (irpa)?",[170.0],"```python
# Data from the table
total_immigration_and_refugee_protection_act_2019 = 170

# Print the result
print(f""Final Answer: {total_immigration_and_refugee_protection_act_2019}"")

# Done
```"
108,"in total, how many drug-impaired driving violations in 2019?",[6453.0],"```python
# Data from the table
drug_impaired_driving_violations_2019 = 6453

# Print the result
print(f""Final Answer: {drug_impaired_driving_violations_2019}"")

#Done
```"
109,what was the percent of the national rate of major assault (level 2 and 3) increased in 2019 for the fifth consecutive year due to higher rates of assault with a weapon or causing bodily harm (level 2)?,[8.0],"```python
# Data from the table
national_major_assault_rate_2018 = 63
national_major_assault_rate_2019 = 117

# Calculate the increase in percentage
percentage_increase_major_assault = ((national_major_assault_rate_2019 - national_major_assault_rate_2018) / national_major_assault_rate_2018) * 100

# Print the result
print(f""Final Answer: {percentage_increase_major_assault}%"")

# Done
```"
110,"for the fourth consecutive year, how many homicides per 100,000 population did thunder bay have which recorded the highest homicide rate among cmas?",[5.56],"```python
# Data from the table
homicide_rate_thunder_bay = 7
population_thunder_bay = 121596
homicides_per_100k = (homicide_rate_thunder_bay / population_thunder_bay) * 100000

# Print the result
print(f""Homicides per 100,000 population in Thunder Bay: {homicides_per_100k}"")

# Done
```"
111,"the largest gain in representation was observed within the u.s. federal government, where women nearly doubled their share, how many percent of all federally employed seh doctorate holders in 1997?",[18.8],"```python
# Data from the table
total_federal_gov_employed_1997 = 38050
female_federal_gov_employed_1997 = 7150

# Calculate the percentage of female federally employed doctorate holders in 1997
percentage_female_federal_gov_employed_1997 = (female_federal_gov_employed_1997 / total_federal_gov_employed_1997) * 100

# Print the result
print(f""Final Answer: {percentage_female_federal_gov_employed_1997}%"")

# Done
```"
112,"the largest gain in representation was observed within the u.s. federal government, where women nearly doubled their share, how many percent of all federally employed seh doctorate holders in 2017?",[35.4],"```python
# Data from the table
total_federal_employed_2017 = 51950
female_federal_employed_2017 = 18400

# Calculate the percentage of all federally employed seh doctorate holders in 2017
percentage_female_federal_employed_2017 = (female_federal_employed_2017 / total_federal_employed_2017) * 100

# Print the result
print(f""Final Answer: {percentage_female_federal_employed_2017}"")

# Done
```"
113,how many percent was the share of women employed in the 4-year educational institution sector in 1997?,[24.9],"```python
# Data from the table
women_4year_institution_1997 = 57250
total_4year_institution_1997 = 230000

# Calculate the percentage share of women employed in the 4-year educational institution sector in 1997
percentage_women_4year_institution_1997 = (women_4year_institution_1997 / total_4year_institution_1997) * 100

# Print the result
print(f""Final Answer: {percentage_women_4year_institution_1997}%"")

# Done
```"
114,how many percent was the share of women employed in the 4-year educational institution sector in 2017?,[37.8],"```python
# Data from the table
female_4_year_inst_2017 = 120650
total_employed_4_year_inst_2017 = 319400

# Calculate the percentage of women employed in the 4-year educational institution sector in 2017
percentage_women_4_year_inst_2017 = (female_4_year_inst_2017 / total_employed_4_year_inst_2017) * 100

# Print the result
print(f""Final Answer: {percentage_women_4_year_inst_2017}%"")

# Done
```"
115,"in 2019, how many total drug offences reported by police?",[70140.0],"```python
# Data from the table
total_drug_offences_2019 = 70140

# Print the result
print(f""Total Drug Offences Reported in 2019: {total_drug_offences_2019}"")

# Done
```"
116,"in 2019, there were over 70,100 total drug offences reported by police, what was the rate did total drug offences represent per 100,000 population?",[187.0],"```python
# Data from the table
total_drug_offences_2019 = 70140
population = 100000

# Calculate the rate per 100,000 population
rate_per_100k = (total_drug_offences_2019 / population) * 100

# Print the result
print(f""Rate per 100,000 population: {rate_per_100k}"")

# Done
```"
117,"northern saskatchewan and northern manitoba had consistently higher violent crime rates than the territories for males and females of all major age groups, how many times did northern saskatchewan have the highest rate for canadians in the territories overall?",[2.177774],"```python
# Data from the table
rate_northern_saskatchewan = 13886
rate_northern_manitoba = 9025
rate_territories_overall = 7232

# Calculate how many times northern Saskatchewan has the highest rate among the territories overall
times_highest_rate = 0

if rate_northern_saskatchewan > rate_northern_manitoba and rate_northern_saskatchewan > rate_territories_overall:
    times_highest_rate += 1

# Add additional conditions for other territories if needed

# Print the result
print(f""Final Answer: {times_highest_rate}"")

# Done
```"
118,which club did dave hockaday play for in 1990-91?,['hull city'],"```python
# Data from the table
club_1990_91 = ""hull city""

# Print the result
print(f""Final Answer: {club_1990_91}"")

# Done
```"
119,which club did woodward play for in 1964-65?,['stoke city'],"```python
# Data from the table
woodward_club_1964_65 = ""stoke city""

# Print the result
print(f""Final Answer: {woodward_club_1964_65}"")

# Done
```"
120,which club did mathieu valbuena play for in 2006-07?,['marseille'],"```python
# Data from the table
club = ""marseille""
season = ""2006-07""

# Print the result
print(f""Final Answer: Mathieu Valbuena played for club '{club}' in season '{season}'"")

# Done
```"
121,what was the percent of the cmc students who experienced unwanted sexualized behaviours in the previous 12 months indicated that it was a friend or an acquaintance who was responsible?,[53.0],"```python
# Data from the table
percent_unwanted_sexualized_friend_or_acquaintance = 53

# Print the result
print(f""Final Answer: {percent_unwanted_sexualized_friend_or_acquaintance}%"")

# Done
```"
122,what was the percent of the canadian military college students who experienced unwanted sexualized behaviours in the past 12 months indicated that the person(s) responsible for the behaviours was a man or multiple men?,[44.0],"```python
# Data from the table
percent_man_or_multiple_men = 44

# Print the result
print(f""Final Answer : {percent_man_or_multiple_men}%"")

# Done
```"
123,what was the percent of cmc students who had a disability experienced some form of unwanted sexualized behaviour in the previous 12 months?,[46.0],"```python
# Data from the table
percent_disability_unwanted_sexualized = 46  # Percent of students with disability experiencing unwanted sexualized behaviors

# Print the result
print(f""Final Answer: {percent_disability_unwanted_sexualized}"")

# Done
```"
124,what was the percent of cmc students who did not have a disability experienced some form of unwanted sexualized behaviour in the previous 12 months?,[32.0],"```python
# Data from the table
percent_no_disability_unwanted_behaviour = 32

# Print the percentage
print(f""Percentage of CMC students without a disability experiencing unwanted sexualized behaviour: {percent_no_disability_unwanted_behaviour}%"")

# Done
```"
125,how many passing yards did j.j. raterink get in 2012?,[4870.0],"```python
# Data from the table
passing_yards_jj_raterink_2012 = 4_870  # Passing yards by J.J. Raterink in 2012

# Print the result
print(f""Final Answer: {passing_yards_jj_raterink_2012}"")

# Done
```"
126,what the matches did the ifk norrkoping club compete in?,"['allsvenskan', '2014-15 svenska cupen', '2015-16 svenska cupen']","```python
# Data from the table
club_name = ""ifk norrkoping""

# Matches the club competed in
matches = [
    ""2014-15 svenska cupen"",
    ""2015-16 svenska cupen"",
    ""svenska supercupen""
]

# Print the matches
print(f""The {club_name} club competed in the following matches: {', '.join(matches)}"")

# Done
```"
127,what was the percent of finance and insurance and management of companies had the lowest year-on-year growth rates in closures?,[38.9],"```python
# Data from the table
finance_insurance_closures_2019 = 1458
finance_insurance_closures_2020 = 2025

# Calculate the year-on-year growth rate
growth_rate_closures = ((finance_insurance_closures_2020 - finance_insurance_closures_2019) / finance_insurance_closures_2019) * 100

# Print the result
print(f""Finance and Insurance: {round(growth_rate_closures, 2)}%"")

# Done
```"
128,"what was the percent of mining, quarrying, oil and gas extraction had the lowest year-on-year growth rates in closures?",[47.6],"```python
# Data from the table
percent_change_min_qog = -15.8  # Percent change from April 2019 to April 2020 for mining, quarrying, oil and gas extraction sector
percent_change_closures_min_qog = 47.6  # Percent change from April 2019 to April 2020 for closures in mining, quarrying, oil and gas extraction sector

# Print the result
print(f""Final Answer : {percent_change_closures_min_qog}"")

# Done
```"
129,how many dollars were food and beverage services were revis up in 2015?,[1100.0],"```python
# Data from the table
revised_estimate_fbs_2015 = 14536
previous_estimate_fbs_2015 = 13436

# Calculate the increase
revised_up_amount = revised_estimate_fbs_2015 - previous_estimate_fbs_2015

# Print the result
print(f""Final Answer: {revised_up_amount}"")

# Done
```"
130,what was the number of college graduates in the united states in 2017?,[61220000.0],"```python
# Data from the table
total_college_graduates = 61220000

# Print the total number of college graduates in the United States in 2017
print(f""Total College Graduates in the United States in 2017: {total_college_graduates}"")

# Done
```"
131,what was the number of college graduates employed in the united states in 2017?,[48223000.0],"```python
# Data from the table
total_college_graduates = 61220000
employed_college_graduates = 48223000

# Print the number of college graduates employed in the United States in 2017
print(f""Number of college graduates employed in the United States in 2017: {employed_college_graduates}"")

# Done
```"
132,how many college graduates had served on active duty in the u.s. armed forces in the past?,[3674000.0],"```python
# Data from the table
served_active_duty_in_past = 3674000

# Print the number of college graduates who served on active duty in the past
print(f""Number of college graduates who served on active duty in the past: {served_active_duty_in_past}"")

# Done
```"
133,"roughly 3.7 million college graduates had served on active duty in the u.s. armed forces in the past, how many million people currently serving?",[241000.0],"```python
# Data from the table
people_served_on_active_duty_in_past = 3674000  # Number of people who served on active duty in the past
people_serving_now_on_active_duty = 241000  # Number of people serving now on active duty

# Print the number of million people currently serving
print(f""Number of million people currently serving: {people_serving_now_on_active_duty / 1000000} million"")

# Done
```"
134,what was the win-loss record of houston astros in regular season?,"[215.0, 197.0]","```python
# Data from the table
houston_astros_regular_win = 215
houston_astros_regular_loss = 197

# Print the result
print(f""Houston Astros Regular Season Win-Loss Record: {houston_astros_regular_win}-{houston_astros_regular_loss}"")

# Done
```"
135,"from 1981 to 2009,what's the percentage of the log growth of value-added in oil and gas extraction per year?",[-2.27],"```python
# Data from the table
# Percentage of log growth of value-added in oil and gas extraction per year for the periods 1981-2000, 2000-2008, and 1981-2009
value_added_growth_1981_2000 = 2.45
value_added_growth_2000_2008 = 4.64
value_added_growth_1981_2009 = 3.16

# Calculate the percentage log growth for oil and gas extraction per year from 1981 to 2009
percentage_log_growth_oil_gas_extraction_1981_2009 = value_added_growth_1981_2009

# Print the result
print(f""Final Answer: {percentage_log_growth_oil_gas_extraction_1981_2009}"")

# Done
```"
136,"in 2017, how many percent of women in the u.s. civilian college educated population?",[54.4],"```python
# Data from the table
total_women = 436000
total_civilian_college_graduates = 57256000

# Calculate the percentage of women in the U.S. civilian college educated population
percentage_women = (total_women / total_civilian_college_graduates) * 100

# Print the result
print(f""Final Answer: {percentage_women}%"")

# Done
```"
137,which club did luke freeman play for in 2015-16?,['bristol city'],"```python
# Data from the table
club_2015_16 = ""bristol city""

# Print the result
print(f""Final Answer: Luke Freeman played for {club_2015_16} in 2015-16"")

# Done
```"
138,how many passing yards did tittle get in 1957?,[2157.0],"```python
# Data from the table
passing_yards_1957 = 2157

# Print the result
print(f""Final Answer: {passing_yards_1957}"")

# Done
```"
139,what were the percentages of households in the second and third income quartiles reported using only mobile devices for accessing the internet respectively?,"[14.7, 13.8]","#Python
# Data from the table
percentage_second_quartile = 14.7
percentage_third_quartile = 13.8

# Print the results
print(f""Percentage of households in the second income quartile using only mobile devices: {percentage_second_quartile}%"")
print(f""Percentage of households in the third income quartile using only mobile devices: {percentage_third_quartile}%"")

# Done"
140,"who were more likely to use only mobile devices to access the internet,households in the second and third income quartiles or households in the highest quartile?","['second quartile', 'third quartile']","```python
# Data from the table
mobile_devices_second_third_income = 13.8
mobile_devices_highest_income = 8.0

# Compare the percentages
if mobile_devices_second_third_income > mobile_devices_highest_income:
    likely_users = ""households in the second and third income quartiles""
else:
    likely_users = ""households in the highest quartile""

# Print the result
print(f""Final Answer: {likely_users}"")

# Done
```"
141,what was the changes in the number of completed cases in yukon from 2012/2013 to 2013/2014?,[17.0],"```python
# Data from the table
cases_yukon_2012_2013 = 64
cases_yukon_2013_2014 = 75

# Calculate the change in number of cases in Yukon
change_in_cases_yukon = cases_yukon_2013_2014 - cases_yukon_2012_2013

# Print the result
print(f""Final Answer: Change in completed cases in Yukon from 2012/2013 to 2013/2014: {change_in_cases_yukon}"")

# Done
```"
142,what was the changes in the number of completed cases in northwest territories from 2012/2013 to 2013/2014?,[2.0],"```python
# Data from the table
cases_completed_2012_2013_northwest = 129
cases_completed_2013_2014_northwest = 132

# Calculate the change in number of cases
change_in_cases = cases_completed_2013_2014_northwest - cases_completed_2012_2013_northwest

# Print the result
print(f""Changes in the number of completed cases in Northwest Territories: {change_in_cases}"")

# Done
```"
143,what was the declines in the number of completed cases in prince edward island from 2012/2013 to 2013/2014?,[25],"```python
# Data from the table
cases_completed_2012_2013_PEI = 212
cases_completed_2013_2014_PEI = 158

# Calculate the decline in the number of completed cases
decline_in_cases_PEI = cases_completed_2012_2013_PEI - cases_completed_2013_2014_PEI

# Print the result
print(f""Final Answer: {decline_in_cases_PEI}"")

# Done
```"
144,what was the declines in the number of completed cases in nova scotia from 2012/2013 to 2013/2014?,[24],"```python
# Data from the table
cases_nova_scotia_2012_2013 = 1328
cases_nova_scotia_2013_2014 = 1010

# Calculate the decline in number of completed cases
decline_in_cases_nova_scotia = cases_nova_scotia_2012_2013 - cases_nova_scotia_2013_2014

# Print the result
print(f""Decline in Number of Completed Cases in Nova Scotia: {decline_in_cases_nova_scotia}"")

# Done
```"
145,what was the declines in the number of completed cases in ontario from 2012/2013 to 2013/2014?,[16],"```python
# Data from the table
cases_completed_ontario_2012_2013 = 17338
cases_completed_ontario_2013_2014 = 14617

# Calculate the decline in number of completed cases
decline_in_cases_ontario = cases_completed_ontario_2012_2013 - cases_completed_ontario_2013_2014

# Print the result
print(f""Decline in the number of completed cases in Ontario from 2012/2013 to 2013/2014: {decline_in_cases_ontario}"")

# Done
```"
146,what was the declines in property offences from 2012/2013 to 2013/2014?,[15],"```python
# Data from the table
property_offences_2012_2013 = 15723
property_offences_2013_2014 = 13370

# Calculate the decline
decline_in_property_offences = property_offences_2012_2013 - property_offences_2013_2014

# Print the result
print(f""Decline in Property Offences: {decline_in_property_offences}"")

# Done
```"
147,what was the declines in administration of justice offences from 2012/2013 to 2013/2014?,[12],"```python
# Data from the table
cases_admin_justice_2012_2013 = 4893
cases_admin_justice_2013_2014 = 4290

# Calculate the decline
decline_admin_justice = cases_admin_justice_2012_2013 - cases_admin_justice_2013_2014

# Print the result
print(f""Decline in Administration of Justice Offences: {decline_admin_justice}"")

# Done
```"
148,what was the declines in other federal statute offences from 2012/2013 to 2013/2014?,[12],"```python
# Data from the table
offences_2012_2013 = 8781
offences_2013_2014 = 7715

# Calculate the decline
decline_in_offences = offences_2012_2013 - offences_2013_2014

# Print the result
print(f""Decline in other federal statute offences: {decline_in_offences}"")

# Done
```"
149,what was the declines in violent offences from 2012/2013 to 2013/2014?,[8],"```python
# Data from the table
violent_offences_2012_2013 = 12792
violent_offences_2013_2014 = 11720

# Calculate the decline in violent offences
decline_in_violent_offences = violent_offences_2012_2013 - violent_offences_2013_2014

# Print the result
print(f""Decline in Violent Offences: {decline_in_violent_offences}"")

# Done
```"
150,what was the declines in cases involving disturbing the peace from 2012/2013 to 2013/2014?,[35],"```python
# Data from the table
cases_2012_2013_disturbing_the_peace = 132
cases_2013_2014_disturbing_the_peace = 86

# Calculate the decline in cases
decline_in_cases = cases_2012_2013_disturbing_the_peace - cases_2013_2014_disturbing_the_peace

# Print the result
print(f""Decline in Cases Involving Disturbing the Peace: {decline_in_cases}"")

# Done
```"
151,what was the declines in cases involving robbery from 2012/2013 to 2013/2014?,[18],"```python
# Data from the table
cases_robbery_2012_2013 = 2336
cases_robbery_2013_2014 = 1904

# Calculate the decline
decline_in_cases = cases_robbery_2012_2013 - cases_robbery_2013_2014

# Print the result
print(f""Decline in robbery cases: {decline_in_cases}"")

#Done
```"
152,what was the declines in cases involving impaired driving from 2012/2013 to 2013/2014?,[25],"```python
# Data from the table
cases_impaired_driving_2012_2013 = 424
cases_impaired_driving_2013_2014 = 318

# Calculate the decline in cases
decline_in_cases_impaired_driving = cases_impaired_driving_2012_2013 - cases_impaired_driving_2013_2014

# Print the result
print(f""Decline in cases involving impaired driving: {decline_in_cases_impaired_driving}"")

# Done
```"
153,what was the declines in drug possession offences from 2012/2013 to 2013/2014?,[15],"```python
# Data from the table
drug_possession_offences_2012_2013 = 1_844
drug_possession_offences_2013_2014 = 1_568

# Calculate the decline
decline_in_drug_possession_offences = drug_possession_offences_2012_2013 - drug_possession_offences_2013_2014

# Print the result
print(f""Decline in drug possession offences: {decline_in_drug_possession_offences}"")

# Done
```"
154,what was the declines in other drug offences from 2012/2013 to 2013/2014?,[8],"```python
# Data from the table
other_drug_offences_2012_2013 = 718
other_drug_offences_2013_2014 = 662

# Calculate the decline
decline_other_drug_offences = other_drug_offences_2012_2013 - other_drug_offences_2013_2014

# Print the result
print(f""Decline in Other Drug Offences: {decline_other_drug_offences}"")

# Done
```"
155,what was the declines in offences involving the use of a weapon from 2012/2013 to 2013/2014?,[7],"```python
# Data from the table
weapon_offences_2012_2013 = 1555
weapon_offences_2013_2014 = 1451

# Calculate the decline in weapon offences
decline_in_weapon_offences = weapon_offences_2012_2013 - weapon_offences_2013_2014

# Print the result
print(f""Final Answer: {decline_in_weapon_offences}"")

# Done
```"
156,what was the changes in offences of sexual assault from 2012/2013 to 2013/2014?,[8.0],"```python
# Data from the table
cases_assault_2012_2013 = 696
cases_assault_2013_2014 = 750

# Calculate the change in number of cases
change_in_cases = cases_assault_2013_2014 - cases_assault_2012_2013

# Print the result
print(f""Changes in Offences of Sexual Assault: {change_in_cases}"")

# Done
```   "
157,what was the changes in offences of homicide from 2012/2013 to 2013/2014?,[6.0],"```python
# Data from the table
homicide_cases_2012_2013 = 31
homicide_cases_2013_2014 = 33

# Calculate the change in homicide cases
change_in_homicide_cases = homicide_cases_2013_2014 - homicide_cases_2012_2013

# Print the result
print(f""Changes in Homicide Cases: {change_in_homicide_cases}"")

# Done
```"
158,what was the changes in offences of other sexual assault from 2012/2013 to 2013/2014?,[5.0],"```python
# Data from the table
cases_2012_2013 = 635
cases_2013_2014 = 667

# Calculate the change in cases
change_in_cases = cases_2013_2014 - cases_2012_2013

# Print the result
print(f""Changes in offences of other sexual assault from 2012/2013 to 2013/2014: {change_in_cases}"")

# Done
```"
159,what was the changes in offences of criminal harassment from 2012/2013 to 2013/2014?,[3.0],"```python
# Data from the table
cases_CriminalHarassment_2012_2013 = 186
cases_CriminalHarassment_2013_2014 = 192

# Calculate the change in cases
change_in_cases = cases_CriminalHarassment_2013_2014 - cases_CriminalHarassment_2012_2013

# Print the result
print(f""Changes in offences of criminal harassment: {change_in_cases}"")

# Done
```"
160,which kind of offences took the longest length to complete in 2013/2014?,['homicide'],"```python
# Data from the table for the offence types and median length in 2013/2014
offence_data_2013_2014 = {
    ""violent offences"": 166,
    ""homicide"": 611,
    ""attempted murder"": 248,
    ""robbery"": 201,
    ""sexual assault"": 256,
    ""other sexual offences"": 240,
    ""major assault"": 164,
    ""common assault"": 134,
    ""uttering threats"": 143,
    ""criminal harassment"": 174,
    ""other crimes against persons"": 184,
    ""property offences"": 120,
    ""theft"": 102,
    ""break and enter"": 141,
    ""fraud"": 115,
    ""mischief"": 113,
    ""possess stolen property"": 120,
    ""other property crimes"": 155,
    ""administration of justice offences"": 82,
    ""fail to appear"": 69,
    ""breach of probation"": 83,
    ""unlawfully at large"": 7,
    ""fail to comply with order"": 91,
    ""other administration of justice"": 92,
    ""other criminal code offences"": 146,
    ""weapons"": 147,
    ""prostitution"": 174,
    ""disturbing the peace"": 103,
    ""residual criminal code"": 153,
    ""criminal code"": 130,
    ""criminal code traffic offences"": 120,
    ""impaired driving"": 116,
    ""other criminal code traffic"": 122,
    ""total criminal code offences"": 130,
    ""other federal statute offences"": 69,
    ""drug possession"": 92,
    ""other drug offences"": 141,
    ""youth criminal justice act"": 42,
    ""residual federal statutes"": 99,
    ""total offences"": 120
}

# Find the offence with the longest length to complete in 2013/2014
longest_offence = max(offence_data_2013_2014, key=offence_data_2013_2014.get)

# Print the result
print(f""Offence type that took the longest length to complete in 2013/2014: {longest_offence}"")

# Done
```"
161,what was the median length of time to complete homicide cases in 2012/2013?,[448.0],"```python
# Data from the table
median_length_homicide_2012_2013 = 448

# Print the result
print(f""Final Answer: Median length of time to complete homicide cases in 2012/2013 was {median_length_homicide_2012_2013} days"")

# Done
```"
162,what was the median length of time to complete sexual assault cases in 2013/2014?,[256.0],"```python
# Data from the table
median_sexual_assault_2013_2014 = 256

# Print the result
print(f""Final Answer: {median_sexual_assault_2013_2014}"")

# Done
```"
163,what was the median length of time to complete attempted murder cases in 2013/2014?,[248.0],"```python
# Data from the table
median_attempted_murder_2013_2014 = 248  # Median length of attempted murder cases in 2013/2014

# Print the result
print(f""Final Answer : {median_attempted_murder_2013_2014}"")

# Done
```"
164,what was the percentage of all cases completed in youth court resulted in a guilty finding in 2013/2014?,[56.0],"```python
# Data from the table
guilty_percent = 56

# Print the result
print(f""Final Answer: {guilty_percent}"")

# Done
```"
165,what was the winning percentage in the regular season of st. louis cardinals?,[0.544],"```python
# Data from the table
regular_season_wins_stl_cardinals = 1408
regular_season_losses_stl_cardinals = 1182

# Calculate the winning percentage in regular season for St. Louis Cardinals
regular_season_win_percentage_stl_cardinals = regular_season_wins_stl_cardinals / (regular_season_wins_stl_cardinals + regular_season_losses_stl_cardinals)

# Print the result
print(f""Final Answer: {regular_season_win_percentage_stl_cardinals:.3f}"")

# Done
```"
166,what was the proportion of reasons for not reporting to the police were that the crime was minor and it was not worth taking the time to report?,[71.0],"```python
# Data from the table
women_reason = 71
men_reason = 75
total_reason = 71

# Calculate the proportion
proportion_minor_crime = total_reason

# Print the result
print(f""Proportion of reasons for not reporting the crime was minor: {proportion_minor_crime}%"")

# Done
```"
167,what was the amount government final consumption expenditure was revised downward in 2013?,[3784],"```python
# Data from the table
government_final_consumption_expenditure_2013_revised = 393848
government_final_consumption_expenditure_2013_published = 397632

# Calculate the downward revision
downward_revision_2013 = government_final_consumption_expenditure_2013_published - government_final_consumption_expenditure_2013_revised

# Print the result
print(f""Amount Government Final Consumption Expenditure Revised Downward in 2013: {downward_revision_2013}"")

# Done
```"
168,what was the amount government final consumption expenditure was revised downward in 2015?,[2118],"```python
# Data from the table for 2015
government_final_consumption_expenditure_2015_revised = 417730
government_final_consumption_expenditure_2015_published = 419848

# Calculate the revised downward amount
downward_revision_gov_exp_2015 = government_final_consumption_expenditure_2015_published - government_final_consumption_expenditure_2015_revised

# Print the result
print(f""Final Answer: {downward_revision_gov_exp_2015}"")

# Done
```"
169,what was the percentage of the 2015 graduates who graduated with student debt still had an outstanding debt after three years?,[64.4],"```python
# Data from the table
proportion_remaining_debt = 64.4

# Print the result
print(f""Final Answer: {proportion_remaining_debt}%"")

# Done
```"
170,what was the percentage of graduates with a professional degree who graduated with student debt still had an outstanding debt after three years ?,[61.5],"```python
# Data from the table
professional_degree_full_debt_repayment = 38.5
professional_degree_remaining_debt = 61.5

# Calculate the percentage of graduates with a professional degree who had outstanding debt after three years
percentage_outstanding_debt = professional_degree_remaining_debt

# Print the result
print(f""Final Answer: {percentage_outstanding_debt}"")

# Done
```"
171,what was the percentage of college graduates who graduated with student debt still had an outstanding debt after three years ?,[66.0],"```python
# Data from the table
college_full_debt_repayment = 34.0
college_remaining_debt = 66.0

# Calculate the percentage of college graduates with remaining debt after three years
percentage_college_graduates_with_remaining_debt = college_remaining_debt

# Print the result
print(f""Final Answer: {percentage_college_graduates_with_remaining_debt}%"")

# Done
```"
172,the median student debt at graduation for those who had not repaid their debt in 2018 was at least twice as high as for those who had repaid their debt in full in three years.what was the times the median student debt at graduation for those who had not repaid their debt in 2018 higher than those who had repaid their debt in full in three years?,[2.209954],"```python
# Data from the table
median_debt_no_repayment = 21936
median_debt_full_repayment = 9926

# Calculate the times higher
times_higher = median_debt_no_repayment / median_debt_full_repayment

# Print the result
print(f""Final Answer: {times_higher}"")

# Done
```"
173,what was the median debt at graduation for those who had not repaid their debt after three years?,[21936.0],"```python
# Data from the table
median_debt_remaining_graduation = 21_936

# Print the result
print(f""Final Answer: Median debt at graduation for those who had not repaid their debt after three years was ${median_debt_remaining_graduation}"")

# Done
```"
174,how many yards did fuller get in 2015?,[1258.0],"```python
# Data from the table
yards_fuller_2015 = 1_258

# Print the result
print(f""Final Answer: {yards_fuller_2015} yards"")

# Done
```"
175,what was the percentage of sexually active females aged 15 to 24 reported having used ec in the past 12 months?,[10.6],"```python
# Data from the table
percentage_ec_used = 10.6  # Percentage of females aged 15 to 24 reported using emergency contraception
total_15_24_year_olds = 110.6  # Total number of females aged 15 to 24

# Calculate the actual number of females who reported using emergency contraception
num_females_ec_used = (percentage_ec_used / 100) * total_15_24_year_olds

# Print the result
print(f""Percentage of sexually active females aged 15 to 24 using EC: {percentage_ec_used}%"")
print(f""Number of females who reported using EC: {num_females_ec_used}"")

# Done
```"
176,how many league goals did stefan moore score for leamington in 2017-18?,[2.0],"```python
# Data from the table
league_goals_stefan_moore = 2

# Print the result
print(f""Final Answer: {league_goals_stefan_moore}"")

# Done
```"
177,how many goals did tottenham hotspur score for tottenham hotspur in 9 seasons?,[73.0],"```python
# Data from the table
tottenham_hotspur_goals = 107  # Goals scored by Tottenham Hotspur in total
tottenham_hotspur_seasons = 9  # Number of seasons for Tottenham Hotspur

# Calculate the total goals scored by Tottenham Hotspur in 9 seasons
goals_in_9_seasons = tottenham_hotspur_goals / (285/9)

# Print the result
print(f""Final Answer: {goals_in_9_seasons}"")

# Done
```"
178,which club did julio play for in 2015?,['atletico tucuman'],"```python
# Data from the table
club_2015 = ""atletico tucuman""

# Print the result
print(f""Final Answer: Julio played for {club_2015} in 2015"")

# Done
```"
179,"in 2013, what is the proportion of people who reported that they followed news and current affairs daily was in quebec?",[63.0],"```python
# Data from the table
percentage_daily_followers_2013_quebec = 63

# Print the proportion
print(f""Proportion of people who followed news daily in Quebec in 2013: {percentage_daily_followers_2013_quebec}%"")

# Done
```"
180,"in 2013, what is the proportion of people who reported that they followed news and current affairs daily was in manitoba?",[55.0],"```python
# Data from the table
daily_following_manitoba_2013 = 55  # Percentage of people in Manitoba who followed news and current affairs daily in 2013

# Print the result
print(f""Proportion of people in Manitoba who reported following news and current affairs daily in 2013: {daily_following_manitoba_2013}%"")

# Done
```"
181,"in 2013, what is the proportion of people who reported that they followed news and current affairs daily was in alberta?",[53.0],"```python
# Data from the table
daily_followers_alberta_2013 = 53  # Daily followers in Alberta in 2013
total_followers_alberta_2013 = 53 + 32 + 15  # Total followers in Alberta in 2013

# Calculate the proportion
proportion_daily_followers_alberta_2013 = (daily_followers_alberta_2013 / total_followers_alberta_2013) * 100

# Print the result
print(f""Proportion of people who followed news daily in Alberta in 2013: {proportion_daily_followers_alberta_2013}%"")

# Done
```"
182,"in 2012, how many percentge point of aboriginal women aged 15 or older reported disabilities that limited their daily activities?",[22],"```python
# Data from the table
percentage_aboriginal_women_15_or_older = 22.0
percentage_non_aboriginal_women_15_or_older = 14.7

# Calculate the percentage points
percentage_points = percentage_aboriginal_women_15_or_older - percentage_non_aboriginal_women_15_or_older

# Print the result
print(f""Final Answer: {percentage_points} percentage points"")

#Done
```"
183,"in 2012, how many percentge point of aboriginal men aged 15 or older reported disabilities that limited their daily activities?",[14.6],"```python
# Data from the table
percentage_aboriginal_men_15_or_older_2011 = 14.6

# Calculate the percentage points
percentage_points = percentage_aboriginal_men_15_or_older_2011

# Print the result
print(f""Final Answer: {percentage_points}"")

# Done
```"
184,how many times aboriginal women aged 15 or older were more likely than non-aboriginal women to report disabilities?,[1.496599],"```python
# Data from the table
percent_disabled_non_aboriginal_women = 14.7
percent_disabled_aboriginal_women = 22.0

# Calculate the difference in disability reporting between aboriginal and non-aboriginal women
times_more_likely = percent_disabled_aboriginal_women / percent_disabled_non_aboriginal_women

# Print the result
print(f""Final Answer: Aboriginal women aged 15 or older were {times_more_likely} times more likely than non-aboriginal women to report disabilities."")

# Done
```"
185,how many times aboriginal men aged 15 or older were more likely than non-aboriginal men to report disabilities?,[1.168],"```python
# Data from the table
aboriginal_men_percentage = 14.6
non_aboriginal_men_percentage = 12.5

# Calculate the ratio of aboriginal men to non-aboriginal men
ratio_aboriginal_non_aboriginal_men = aboriginal_men_percentage / non_aboriginal_men_percentage

# Print the result
print(f""Final Answer: Aboriginal men aged 15 or older were {ratio_aboriginal_non_aboriginal_men} times more likely than non-aboriginal men to report disabilities."")

# Done
```"
186,how many times aboriginal women aged 25 to 54 were more likely than non-aboriginal women to report disabilities?,[2.340659],"```python
# Data from the table
percentage_aboriginal_women_25_to_54 = 21.3
percentage_non_aboriginal_women_25_to_54 = 9.1

# Calculate the ratio
ratio_aboriginal_to_non_aboriginal = percentage_aboriginal_women_25_to_54 / percentage_non_aboriginal_women_25_to_54

# Print the result
print(f""Final Answer: Aboriginal women aged 25 to 54 are {ratio_aboriginal_to_non_aboriginal:.1f} times more likely than non-aboriginal women to report disabilities."")

# Done
```"
187,how many times aboriginal women aged 55 to 64 were more likely than non-aboriginal women to report disabilities?,[1.629808],"```python
# Data from the table
percent_aboriginal_women_55_64 = 33.9
percent_non_aboriginal_women_55_64 = 20.8

# Calculate the factor
factor = percent_aboriginal_women_55_64 / percent_non_aboriginal_women_55_64

# Print the result
print(f""Final Answer: Aboriginal women aged 55 to 64 were {factor:.2f} times more likely than non-aboriginal women to report disabilities."")

# Done
```"
188,how many times aboriginal women aged 65 or older were more likely than non-aboriginal women to report disabilities?,[1.525714],"```python
# Data from the table
percent_aboriginal_women_65_above = 53.4
percent_non_aboriginal_women_65_above = 35.0

# Calculate the factor by which aboriginal women aged 65 or older were more likely than non-aboriginal women to report disabilities
times_more_likely = percent_aboriginal_women_65_above / percent_non_aboriginal_women_65_above

# Print the result
print(f""Final Answer: {times_more_likely} times more likely"")

# Done
```"
189,how many times aboriginal men aged 15 to 24 were more likely than non-aboriginal men to report disabilities?,[1.590909],"```python
# Data from the table
aboriginal_men_15to24 = 7.0  # Percentage of aboriginal men aged 15 to 24 with disabilities
non_aboriginal_men_15to24 = 4.4  # Percentage of non-aboriginal men aged 15 to 24 with disabilities

# Calculate the likelihood ratio
ratio = aboriginal_men_15to24 / non_aboriginal_men_15to24

# Print the result
print(f""Final Answer: Aboriginal men aged 15 to 24 were {ratio} times more likely than non-aboriginal men to report disabilities"")

# Done
```"
190,how many times aboriginal men aged 25 to 54 were more likely than non-aboriginal men to report disabilities?,[1.493827],"```python
# Data from the table
aboriginal_men_25_to_54 = 12.1
non_aboriginal_men_25_to_54 = 8.1

# Calculate how many times more likely aboriginal men were to report disabilities
times_more_likely = aboriginal_men_25_to_54 / non_aboriginal_men_25_to_54

# Print the result
print(f""Final Answer: Aboriginal men aged 25 to 54 were {times_more_likely} times more likely than non-aboriginal men to report disabilities."")

# Done
```"
191,how many times aboriginal women aged 15 or older were more likely than non-aboriginal women to report disabilities?,[1.496599],"```python
# Data from the table
percent_aboriginal_women = 22.0
percent_non_aboriginal_women = 14.7

# Calculate the ratio
ratio_aboriginal_non_aboriginal = percent_aboriginal_women / percent_non_aboriginal_women

# Print the result
print(f""Final Answer: Aboriginal women aged 15 or older were {ratio_aboriginal_non_aboriginal:.2f} times more likely than non-aboriginal women to report disabilities."")

# Done
```"
192,how many times aboriginal women aged 15 or older were more likely than same-aged non-aboriginal men to report disabilities?,[1.176],"```python
# Data from the table
aboriginal_women_percentage = 22.0
non_aboriginal_men_percentage = 12.5

# Calculate how many times aboriginal women were more likely than non-aboriginal men
times_more_likely = aboriginal_women_percentage / non_aboriginal_men_percentage

# Print the result
print(f""Final Answer: Aboriginal women aged 15 or older were {times_more_likely:.2f} times more likely than same-aged non-aboriginal men to report disabilities."")

# Done
```"
193,"using employment rates as an example, what was the percent of aboriginal people in couples were employed in 2015?",[75.1],"```python
#Python
# Data from the table
aboriginal_employment_rate_couples = 75.1
non_aboriginal_employment_rate_couples = 84.0

# Calculate the percentage of aboriginal people in couples who were employed
aboriginal_percent_employment_couples = aboriginal_employment_rate_couples

# Print the result
print(f""Final Answer: {aboriginal_percent_employment_couples}%"")

# Done
```"
194,"using employment rates as an example, what was the percent of non-aboriginal people in couples were employed in 2015?",[84.0],"```python
# Data from the table
employment_rate_non_aboriginal_couples = 84.0  # Employment rate of non-aboriginal people in couples
print(f""Final Answer: {employment_rate_non_aboriginal_couples}%"")  # Print the result

# Done
```"
195,"using employment rates as an example, 75.1% of aboriginal people in couples were employed in 2015, as were 84.0% of their non-aboriginal counterparts, what was the difference of these two types?",[8.9],"```python
# Data from the table
aboriginal_employment_rate = 75.1
non_aboriginal_employment_rate = 84.0

# Calculate the difference in employment rates
employment_rate_difference = non_aboriginal_employment_rate - aboriginal_employment_rate

# Print the result
print(f""Employment Rate Difference: {employment_rate_difference}"")

# Done
```"
196,"which is more likely to rate their health in positive terms ,senior women aged 65 to 74 or senior men aged 65 to 74.","['65 to 74 years', 'women']","```python
# Data from the table
positive_women_65_to_74 = 83.0
positive_men_65_to_74 = 81.0

# Compare the positive health rating
if positive_women_65_to_74 > positive_men_65_to_74:
    print(""Senior women aged 65 to 74 are more likely to rate their health in positive terms."")
else:
    print(""Senior men aged 65 to 74 are more likely to rate their health in positive terms."")

# Done
```"
197,what are the percentages of senior women and men living in private households rated their mental health in positive terms in the 2013-2014 canadian community health survey.,[94.3],"```python
# Data from the table
percentage_positive_women = 94.3
percentage_positive_men = 94.3

# Calculate the average percentage for senior women and men
avg_percentage_positive = (percentage_positive_women + percentage_positive_men) / 2

# Print the result
print(f""Final Answer: {avg_percentage_positive}"")

# Done
```"
198,"among both 75- to-84-year-old women and women aged 85 and over ,which were the most commonly reported primary caregivers.",['daughter'],"```python
# Data from the table
women_75_to_84_spouse = 20
women_75_to_84_son = 20
women_75_to_84_daughter = 44
women_75_to_84_friend = 5
women_75_to_84_other = 17

women_85_and_over_spouse = 'f'  # Data not available
women_85_and_over_son = 20
women_85_and_over_daughter = 57
women_85_and_over_friend = 'f'  # Data not available
women_85_and_over_other = 17

# Calculate the most commonly reported primary caregivers
max_percent_women_75_to_84 = max(women_75_to_84_spouse, women_75_to_84_son, women_75_to_84_daughter,
                                 women_75_to_84_friend, women_75_to_84_other)

max_percent_women_85_and_over = max(women_85_and_over_spouse, women_85_and_over_son, women_85_and_over_daughter,
                                    women_85_and_over_friend, women_85_and_over_other)

# Determine the most commonly reported primary caregivers
common_caregivers_75_to_84 = []
common_caregivers_85_and_over = []

if women_75_to_84_spouse == max_percent_women_75_to_84:
    common_caregivers_75_to_84.append(""Spouse"")

if women_75_to_84_daughter == max_percent_women_75_to_84:
    common_caregivers_75_to_84.append(""Daughter"")

if women_85_and_over_spouse == max_percent_women_85_and_over:
    common_caregivers_85_and_over.append(""Spouse"")

if women_85_and_over_daughter == max_percent_women_85_and_over:
    common_caregivers_85_and_over.append(""Daughter"")

# Print the result
print(f""Common caregivers for 75 to 84-year-old women: {', '.join(common_caregivers_75_to_84)}"")
print(f""Common caregivers for women aged 85 and over: {', '.join(common_caregivers_85_and_over)}"")

# Done
```
"
199,what was the national quarterly rate at two times?,[18.6],"```python
# Data from the table
rate_pre_metoo_2016 = 13.7
rate_post_metoo_2017 = 17.7

# Calculate the national quarterly rate at both times
national_rate_pre_metoo_2016 = 13.7 * (24298 / 37924)
national_rate_post_metoo_2017 = 17.7 * (4528 / 6766)

# Print the results
print(f""National Quarterly Rate Pre-#metoo, 2016: {national_rate_pre_metoo_2016}"")
print(f""National Quarterly Rate Post-#metoo, 2017: {national_rate_post_metoo_2017}"")

# Done
```"
200,which club did lokko play for in 2015-16?,['welling united'],"```python
# Data from the table
lokko_clubs = {
    ""colchester united"": ""2014-15"",
    ""welling united"": ""2015-16"",
    ""maidstone united"": ""2016-17"",
    ""stevenage"": ""2017-18"",
    ""dagenham & redbridge"": ""2017-18"",
    ""dover athletic 1"": ""2017-18"",
    ""dover athletic 2"": ""2018-19""
}

# Find the club Lokko played for in 2015-16
lokko_club_2015_16 = [club for club, season in lokko_clubs.items() if season == ""2015-16""][0]

# Print the result
print(f""Final Answer: {lokko_club_2015_16}"")

# Done
```
"
201,"in 2017, how many firearm-related homicides reported in canada?",[266.0],"```python
# Data from the table
firearm_related_homicides_canada_2017 = 266

# Print the result
print(f""In 2017, Canada reported {firearm_related_homicides_canada_2017} firearm-related homicides."")

# Done
```"
202,"in 2017, there were 266 firearm-related homicides reported in canada, what was the difference in 2016?",[43],"```python
# Data from the table
firearm_homicides_2016 = 223
firearm_homicides_2017 = 266

# Calculate the difference
difference_in_homicides = firearm_homicides_2017 - firearm_homicides_2016

# Print the result
print(f""Final Answer: {difference_in_homicides}"")

# Done
```"
203,what was the firearm-related homicide rate increased 18% from the previous year?,[0.72],"```python
# Data from the table for 2017 and 2016
firearm_related_homicides_2017 = 266
firearm_related_homicides_2016 = 223
total_homicides_2017 = 660
total_homicides_2016 = 612

firearm_rate_2017 = 0.72
firearm_rate_2016 = 0.61

# Calculate the firearm-related homicide rate
firearm_rate_increase = ((firearm_related_homicides_2017 / total_homicides_2017) - (firearm_related_homicides_2016 / total_homicides_2016)) / (firearm_related_homicides_2016 / total_homicides_2016)
firearm_rate_increase_percentage = firearm_rate_increase * 100

# Print the result
print(f""Firearm-related homicide rate increased by {firearm_rate_increase_percentage:.2f}% from the previous year"")

# Done
```"
204,"in 2017, how many victims were reported to have been killed by a stranger?",[77.0],"```python
# Data from the table
victims_stranger_2017 = 77

# Print the number of victims killed by a stranger in 2017
print(f""Number of victims killed by a stranger in 2017: {victims_stranger_2017}"")

# Done
```"
205,"how many victims in 2017 were more than in 2016, were killed by someone with whom they had a criminal relationship?",[19],"```python
# Data from the table
victims_criminal_relationship_2017 = 59
victims_criminal_relationship_2016 = 40

# Calculate the difference
more_victims_2017 = victims_criminal_relationship_2017 - victims_criminal_relationship_2016

# Print the result
print(f""Final Answer: {more_victims_2017}"")

# Done
```"
206,which club did junior kabananga play for in 2015?,['astana'],"```python
# Data from the table
player_clubs = {
    ""cercle brugge"": [""2013-14"", ""2014-15"", ""total""],
    ""astana"": [""2015"", ""2016"", ""2017"", ""total""],
    ""kardemir karabukspor"": [""2015-16"", ""total""],
    ""al-nassr"": [""2017-18"", ""2018-19"", ""total""]
}

player_year = ""2015""

# Function to find the club a player played for in a given year
def find_player_club(player, year):
    for club, seasons in player_clubs.items():
        if year in seasons:
            return club
    return ""Club not found""

# Player Junior Kabananga in 2015
player_name = ""junior kabananga""
club_played_in_2015 = find_player_club(player_name, player_year)

# Print the result
print(f""Junior Kabananga played for: {club_played_in_2015}"")

# Done
```

This code will output the club that Junior Kabananga played for in the year 2015 based on the provided table context."
207,what was the percentage points were they less likely to be employed full time?,[-0.083],"```python
# Data from the table
coefficient_full_time = -0.083  # Coefficient for being employed full time
coefficient_bargaining_agreement = -0.551  # Coefficient for being covered by collective bargaining agreement

# Calculate the difference in percentage points for being employed full time
percentage_points_less_likely = abs(coefficient_full_time) * 100

# Print the result
print(f""Final Answer: {percentage_points_less_likely} percentage points less likely to be employed full time"")

# Done
```"
208,which club did yagmur uraz join in 2015-16?,['kirecburnu spor'],"```python
# Data from the table
club_data = {
    ""gazi universitesispor"": {
        ""seasons"": [""2003-2008"", ""2008-09"", ""2009-10"", ""total""],
        ""league"": ""first league""
    },
    ""atasehir belediyesi"": {
        ""seasons"": [""2010-11"", ""2011-12"", ""2012-13"", ""2013-14"", ""total""],
        ""league"": ""first league""
    },
    ""konak belediyespor"": {
        ""seasons"": [""2013-14"", ""2014-15"", ""total""],
        ""league"": ""first league""
    },
    ""kirecburnu spor"": {
        ""seasons"": [""2015-16"", ""total""],
        ""league"": ""first league""
    },
    ""alg spor"": {
        ""seasons"": [""2018-9"", ""total""],
        ""league"": ""first league""
    }
}

# Find the club Yagmur Uraz joined in 2015-16
for club, data in club_data.items():
    if ""2015-16"" in data[""seasons""]:
        joined_club = club

# Print the result
print(f""Yagmur Uraz joined {joined_club} in 2015-16"")

# Done
```"
209,"given women's greater number of work interruptions, what was the total duration combined amounted to an average of months?",[18.5],"```python
# Data from the table
average_duration_work_interruptions_women = 18.5
average_duration_work_interruptions_men = 8.6

# Calculate total duration combined for women
total_duration_combined_months_women = (24.7 * 0 + 42.1 * 1 + 20.4 * 2 + 8.3 * 3 + 3.8 * 4 + 0.8 * 5) * average_duration_work_interruptions_women

# Print the result for women
print(f""Total Duration Combined for Women: {total_duration_combined_months_women} months"")

# Done
```
"
210,"given men's greater number of work interruptions, what was the total duration combined amounted to an average of months?",[8.6],"```python
# Data from the table
average_duration_work_interruptions_men = 8.6
average_duration_work_interruptions_women = 18.5

# Total duration combined in months
total_duration_combined_month = (8.6 * 27.9 + 18.5 * 24.7) / (27.9 + 24.7)

# Print the result
print(f""Total Duration Combined Amounted to an Average of Months: {total_duration_combined_month}"")

# Done
```"
211,how many month did the average duration of a women's maternity or parental leave combin?,[15.2],"```python
# Data from the table
average_duration_maternity_women = 15.2

# Print the result
print(f""Final Answer: {average_duration_maternity_women} months"")

# Done
```"
212,how many month did the average duration of a men's maternity or parental leave combin?,[3.7],"```python
# Data from the table
average_duration_men_leave = 3.7

# Print the result
print(f""Final Answer: {average_duration_men_leave}"")

# Done
```"
213,how many million dollars did usdia and brdis surveys perform of r&d in the united states in 2010?,[197163.0],"```python
# Data from the table
usdia_2010 = 34199
brdis_2010 = 25524

# Calculate the total R&D performed in million dollars
total_rnd_us_2010 = (usdia_2010 + brdis_2010) / 1000

# Print the result
print(f""Final Answer: {total_rnd_us_2010} million dollars"")

# Done
```"
214,how many percent did usdia and brdis surveys performe of the $279 billion performed by all u.s.-located companies in the same year?,[0.706736],"```python
# Data from the table
usdia_performance_2010 = 278977
total_us_located_companies_performance_2010 = 279000  # $279 billion

# Calculate the percentage of performance by usdia and brdis surveys
percentage_performance = (usdia_performance_2010 / total_us_located_companies_performance_2010) * 100

# Print the result
print(f""Final Answer: {percentage_performance}%"")

# Done
```"
215,"in 2003, which club did furuholm make his veikkausliiga debut for?",['jazz'],"```python
# Data from the table
club_debut_2003 = ""jazz""
league_debut_2003 = ""veikkausliiga""

# Print the result
print(f""Final Answer: {club_debut_2003}"")

# Done
```"
216,how many receiving yards did davis get in 2018?,[891.0],"```python
# Data from the table
receiving_yards_davis_2018 = 891

# Print the result
print(f""Final Answer: {receiving_yards_davis_2018}"")

# Done
```"
217,which club did tarquini play for in 2014?,['union santa fe'],"```python
# Data from the table
club_tarquini_played_for_in_2014 = ""union santa fe""

# Print the result
print(f""Final Answer: {club_tarquini_played_for_in_2014}"")

# Done
```"
218,what was weekly wage of families among minimum wage workers who were spouses/partners in dual-earner couples in early 2018?,[1435.0],"```python
# Data from the table
weekly_wage_dual_earner = 385  # Average weekly wage of spouses/partners in dual-earner couples among minimum wage workers

# Print the result
print(f""Final Answer: {weekly_wage_dual_earner}"")

# Done
```"
219,"what was weekly wage of families among minimum wage workers who were single, lone parents or partners in single-earner couples in early 2018?",[454.0],"```python
# Data from the table
weekly_wage_single_lone_parents = 454  # average weekly wage for single, lone parents or partners in single-earner couples

# Print the result
print(f""Weekly wage of families among single, lone parents or partners in single-earner couples: {weekly_wage_single_lone_parents}"")

# Done
```"
220,what were average total weekly wages adjusted for family size among those that were spouses/partners in dual-earner couples?,[817.0],"```python
# Data from the table
average_weekly_wages_dual_earner = 385
average_weekly_family_wages_dual_earner = 817
average_family_size_dual_earner = 3.3

# Calculate the average total weekly wages adjusted for family size
average_total_weekly_wages_adjusted = average_weekly_wages_dual_earner * average_family_size_dual_earner
average_total_weekly_wages_family_adjusted = average_weekly_family_wages_dual_earner

# Print the result
print(f""Average Total Weekly Wages Adjusted for Family Size: {average_total_weekly_wages_adjusted} and Family Wages: {average_total_weekly_wages_family_adjusted}"")

# Done
```"
221,"what were average total weekly wages adjusted for family size among those that were unattached, lone parents or spouses/partners in single-earner couples?",[347.0],"```python
# Data from the table
average_weekly_wages_group2 = 380
average_weekly_family_wages_group2 = 454
average_family_size_group2 = 2.0

# Calculate the adjusted average weekly wages for family size
adjusted_average_weekly_wages_group2 = average_weekly_wages_group2 * average_family_size_group2 / average_family_size_group2

# Print the result
print(f""Final Answer: {adjusted_average_weekly_wages_group2}"")

# Done
```"
222,which club did tede play for in 2003-04?,['cacereno'],"```python
# Data from the table
club_data = {
    ""cacereno"": {""season"": ""2003-04"", ""league"": ""segunda division b""},
    ""cerro reyes"": {""season"": ""2004-05"", ""league"": ""tercera division""},
    ""ciudad lorca"": {""season"": ""2005-06""},  # Missing data for ciudad lorca
    ""villanovense"": {""season"": ""2006-07"", ""league"": ""segunda division b""},
    ""xerez 'b'"": {""season"": ""2007-08"", ""league"": ""tercera division""},
    ""manchego"": {""season"": ""2008-09"", ""league"": ""tercera division""},
    ""badajoz"": {""season"": ""2009-10"", ""league"": ""tercera division""},
    ""badajoz"": {""season"": ""2010-11"", ""league"": ""segunda division b""},
    ""albacete"": {""season"": ""2011-12"", ""league"": ""segunda division b""},
    """": {""season"": ""2012-13"", ""league"": ""segunda division b""},  # Empty string club
    ""murcia"": {""season"": ""2013-14"", ""league"": ""segunda division""},
    ""ponferradina"": {""season"": ""2014-15"", ""league"": ""segunda division""},
    ""aek larnaca"": {""season"": ""2015-16"", ""league"": ""cypriot first division""},
    """": {""season"": ""2016-17"", ""league"": ""cypriot first division""},  # Empty string club
    """": {""season"": ""2017-18"", ""league"": ""cypriot first division""},  # Empty string club
    """": {""season"": ""2018-19"", ""league"": ""cypriot first division""},  # Empty string club
    """": {""season"": ""total""},  # Empty string club
    ""career total"": {""season"": ""career total""},  # Career total not associated with a specific club
}

# Find the club Tede played for in 2003-04
for club, data in club_data.items():
    if data.get(""season"") == ""2003-04"":
        print(f""Club Tede played for in 2003-04: {club}"")
        break

# Done
```

The above code will output the club Tede played for in the 2003-04 season based on the given table data."
223,which club did darren murphy play for in 2017?,['avondale united'],"```python
# Data from the table
clubs_played = {
    ""cobh ramblers"": [""2003"", ""2004"", ""2005"", ""2006"", ""total""],
    ""cork city"": [""2007"", ""2008"", ""total""],
    ""stevenage"": [""2008-09"", ""2009-10"", ""2010-11"", ""2011-12"", ""total""],
    ""aldershot town"": [""2011-12""],
    ""port vale"": [""2012-13""],
    ""macclesfield town"": [""2012-13""],
    ""woking"": [""2013-14""],
    ""cobh ramblers"": [""2015"", ""2016"", ""2017"", ""total""],
    ""avondale united"": [""2017""],
}

# Find the club played in 2017 by Darren Murphy
for club, seasons in clubs_played.items():
    if ""2017"" in seasons:
        print(f""Darren Murphy played for {club} in 2017."")
        break

# Done
```
"
224,"in nunavut in 2016, how many inuit with inuktut as their mother tongue who never spoke their mother tongue at home?",[630],"```python
# Data from the table
inuktut_mother_tongue_not_spoken_at_home = 0

# Calculate the total inuit with inuktut as their mother tongue but never spoke it at home
inuktut_mother_tongue_not_spoken_at_home = 525

# Print the result
print(f""Final Answer: {inuktut_mother_tongue_not_spoken_at_home}"")

# Done
```"
225,"in nunavut in 2016, what was the percent of the inuit population (negative factor of 2.1 percentage points)?",[2.1],"```python
# Data from the table
total_negative_factor = -25.5  # Total negative factor
negative_factor_complete_transfers = -2.1  # Negative factor for complete language transfers

# Calculate the percent of the inuit population with a negative factor of -2.1 percentage points
percent_inuit_population = (negative_factor_complete_transfers / total_negative_factor) * 100

# Print the result
print(f""Final Answer: {percent_inuit_population} %"")

# Done
```"
226,how many inuit learned inuktut as a second language?,[450.0],"```python
# Data from the table
inuit_learned_as_second_language = 2920

# Print the result
print(f""Final Answer: {inuit_learned_as_second_language}"")

# Done
```"
227,"how many percentage points did these second-language speakers contribute to the vitality of inuktut, since they can use this language outside the home?",[1.5],"```python
# Data from the table
percentage_points_secondary_speakers = 1.5  # Percentage points attributed to secondary speakers in mitigating factors

# Print the answer
print(f""Final Answer: {percentage_points_secondary_speakers}"")

# Done
```"
228,how many times were aboriginal people more likely to report having ever been homeless or temporarily having to live with someone than non-aboriginal people?,[2.5],"```python
# Data from the table
aboriginal_homeless_percentage = 20
non_aboriginal_homeless_percentage = 8

# Calculate the ratio
times_more_likely = aboriginal_homeless_percentage / non_aboriginal_homeless_percentage

# Print the result
print(f""Final Answer: Aboriginal people were {times_more_likely} times more likely to report having ever been homeless compared to non-aboriginal people."")

# Done
```"
229,how many times were aboriginal people more likely to report using drugs during the month prior to the survey than non-aboriginal people?,[2.285714],"```python
# Data from the table
percentage_drugs_aboriginal = 16
percentage_drugs_non_aboriginal = 7

# Calculate the ratio
ratio_drugs = percentage_drugs_aboriginal / percentage_drugs_non_aboriginal

# Print the result
print(f""Final Answer: Aboriginal people were {ratio_drugs} times more likely to report using drugs during the month preceding the survey compared to non-aboriginal people."")

# Done
```"
230,how many times were aboriginal people more likely to report fair or poor mental health than non-aboriginal people?,[2],"```python
# Data from the table
percentage_aboriginal_mental_health_poor = 10
percentage_non_aboriginal_mental_health_poor = 5

# Calculate the difference
times_more_likely = percentage_aboriginal_mental_health_poor / percentage_non_aboriginal_mental_health_poor

# Print the result
print(f""Final Answer : {times_more_likely}"")

# Done
```"
231,how many times were aboriginal people more likely to perceive social disorder in their neighbourhood than non-aboriginal people?,[1.454545],"```python
# Data from the table
percentage_aboriginal_yes_social_disorder = 32
percentage_non_aboriginal_yes_social_disorder = 22

# Calculate the likelihood ratio
ratio_perceive_social_disorder = percentage_aboriginal_yes_social_disorder / percentage_non_aboriginal_yes_social_disorder

# Print the result
print(f""Final Answer: Aboriginal people were {ratio_perceive_social_disorder} times more likely to perceive social disorder in their neighbourhood than non-aboriginal people."")

# Done
```"
232,how many times were aboriginal people more likely to have a disability than non-aboriginal people?,[1.333333],"```python
# Data from the table
percent_aboriginal_disability = 32
percent_non_aboriginal_disability = 24

# Calculate the likelihood ratio
likelihood_ratio = percent_aboriginal_disability / percent_non_aboriginal_disability

# Print the result
print(f""Final Answer: Aboriginal people were {likelihood_ratio} times more likely to have a disability than non-aboriginal people."")

# Done
```"
233,how many times were aboriginal people more likely to participate in more than 20 evening activities per month than non-aboriginal people?,[1.333333],"```python
# Data from the table
aboriginal_more_than_20_activities = 32
non_aboriginal_more_than_20_activities = 24

# Calculate the ratio of aboriginal to non-aboriginal participation
ratio_activities = aboriginal_more_than_20_activities / non_aboriginal_more_than_20_activities

# Print the result
print(f""Final Answer: Aboriginal people were {ratio_activities} times more likely to participate in more than 20 evening activities per month than non-aboriginal people."")

# Done
```"
234,how many times were aboriginal people more likely to have engaged in binge drinking during the month prior to the survey than non-aboriginal people?,[1.153846],"```python
# Data from the table
percent_binge_drinking_aboriginal = 30
percent_binge_drinking_non_aboriginal = 26

# Calculate the times more likely
times_more_likely = percent_binge_drinking_aboriginal / percent_binge_drinking_non_aboriginal

# Print the result
print(f""Final Answer: {times_more_likely}"")

# Done
```"
235,how many receiving yards did beasley get in 2016?,[833.0],"```python
# Data from the table
receiving_yards_2016 = 833

# Print the result
print(f""Final Answer: {receiving_yards_2016}"")

# Done
```"
236,"in 2015,what were the increased number of homicides in alberta, saskatchewan and ontario respectively?","[27, 19, 18]","```python
# Data from the table for 2015
num_homicides_alberta = 133
num_homicides_saskatchewan = 43
num_homicides_ontario = 174

# Increase in number of homicides
increase_alberta = num_homicides_alberta - 106  # Previous year's homicides in Alberta was 106
increase_saskatchewan = num_homicides_saskatchewan - 31  # Previous year's homicides in Saskatchewan was 31
increase_ontario = num_homicides_ontario - 156  # Previous year's homicides in Ontario was 156

# Print the result
print(f""Increased number of homicides in Alberta: {increase_alberta}"")
print(f""Increased number of homicides in Saskatchewan: {increase_saskatchewan}"")
print(f""Increased number of homicides in Ontario: {increase_ontario}"")

# Done
```"
237,"what were the increases in the number of firearm-related homicides from 2014 in alberta,saskatchewan, manitoba and ontario respectively?","[13, 7, 3, 3]","```python
# Data from the table (number of victims for shootings in 2015 and 2014)
shooting_victims_2015 = {
    'alberta': 49,
    'saskatchewan': 11,
    'manitoba': 7,
    'ontario': 49
}

shooting_victims_2014 = {
    'alberta': 36,
    'saskatchewan': 4,
    'manitoba': 4,
    'ontario': 46
}

# Calculate the increases in the number of firearm-related homicides
increase_alberta = shooting_victims_2015['alberta'] - shooting_victims_2014['alberta']
increase_saskatchewan = shooting_victims_2015['saskatchewan'] - shooting_victims_2014['saskatchewan']
increase_manitoba = shooting_victims_2015['manitoba'] - shooting_victims_2014['manitoba']
increase_ontario = shooting_victims_2015['ontario'] - shooting_victims_2014['ontario']

# Print the results
print(f""Increase in Alberta: {increase_alberta}"")
print(f""Increase in Saskatchewan: {increase_saskatchewan}"")
print(f""Increase in Manitoba: {increase_manitoba}"")
print(f""Increase in Ontario: {increase_ontario}"")

# Done
```"
238,which club did akpo sodje appear in the chinese super league in 2012?,['tianjin teda'],"```python
# Data from the table
club = ""tianjin teda""
season = ""2012""
division = ""chinese super league""

# Print the result
print(f""Final Answer: {club}"")

# Done
```"
239,how many rushing yards didjohnson get in 2016?,[358.0],"```python
# Data from the table
rushing_yards_2016 = 358

# Print the result
print(f""Final Answer: {rushing_yards_2016} rushing yards in 2016"")

# Done
```"
240,"among seniors who did report time spent on unpaid household work,who spent the least time in this activity?",['fair or poor'],"```python
# Data from the table
time_unpaid_household_excellent = 3.4
time_unpaid_household_good = 3.2
time_unpaid_household_fair_or_poor = 2.9

# Find the senior who spent the least time on unpaid household work
senior_least_time_spent = min(time_unpaid_household_excellent, time_unpaid_household_good, time_unpaid_household_fair_or_poor)

# Print the result
print(f""Final Answer: {senior_least_time_spent}"")

# Done
```"
241,what were the average time spent on unpaid work for those who reported fair or poor health and for those in excellent or very good health respectively?,"[2.9, 3.4]","```python
# Data from the table
time_spent_excellent_or_very_good = 3.4
time_spent_fair_or_poor = 2.9

# Print the results
print(f""Average time spent on unpaid work for those in excellent or very good health: {time_spent_excellent_or_very_good} hours"")
print(f""Average time spent on unpaid work for those in fair or poor health: {time_spent_fair_or_poor} hours"")

# Done
```"
242,"among those who watched television,how many hours did the average time spent by those who reported their health as fair or poor more than those who reported their health excellent or ver good?",[1.2],"```python
# Data from the table
tv_time_poor_health = 4.9
tv_time_good_health = 3.7

# Calculate the difference
hours_more_poor_health = tv_time_poor_health - tv_time_good_health

# Print the result
print(f""Final Answer : {hours_more_poor_health}"")

#Done
```"
243,"who spent more time sleeping,those in fair or poor health or seniors in excellent or very good health?",['fair or poor'],"```python
# Data from the table
time_sleeping_fair_poor = 9.5  # Average time spent sleeping by those in fair or poor health
time_sleeping_excellent_very_good = 8.9  # Average time spent sleeping by seniors in excellent or very good health

# Compare the time spent sleeping
if time_sleeping_fair_poor > time_sleeping_excellent_very_good:
    print(""Those in fair or poor health spent more time sleeping."")
elif time_sleeping_fair_poor < time_sleeping_excellent_very_good:
    print(""Seniors in excellent or very good health spent more time sleeping."")
else:
    print(""Both spent the same time sleeping."")

# Done
```"
244,how many touchdowns did danny wuerffe get in 1996?,[39],"```python
# Data from the table
td_1996 = 39

# Print the result
print(f""Final Answer : {td_1996}"")

# Done
```  "
245,how many percentage points did the employment rates of canadian men without a bachelor's degree fall from 2000 to 2017?,[0.7],"```python
# Data from the table
change_canadian_men = -0.7

# Print the result
print(f""Final Answer: {abs(change_canadian_men)}"")  # Taking absolute value to represent the fall in employment rate

# Done
```  "
246,how many percentage points did the employment rates of american men without a bachelor's degree fall from 2000 to 2017?,[5],"```python
# Data from the table
employment_rate_men_us_2000 = -5.0
employment_rate_men_us_2017 = -0.7

# Calculate the difference
fall_in_employment_rate = employment_rate_men_us_2000 - employment_rate_men_us_2017

# Print the result
print(f""Final Answer: {fall_in_employment_rate} percentage points"")

# Done
```"
247,how many percentage points did the share of canadian men employed in construction increase from 2000 to 2017?,[5.6],"```python
# Data from the table
change_canada_men_construction = 5.6
change_difference_men_construction = -5.5

# Calculate the increase in employment share for Canadian men in construction
increase_percentage_points = abs(change_canada_men_construction - change_difference_men_construction)

# Print the result
print(f""Final Answer: {increase_percentage_points} percentage points"")

# Done
```"
248,how many percentage points did the share of american men employed in construction rise from 2000 to 2017?,[0.1],"```python
# Data from the table
men_construction_canada_2000 = 5.6
men_construction_usa_2000 = 0.1
men_construction_difference_2000 = 5.5

men_construction_usa_2017 = 0.1

# Calculate the difference in employment share for American men in construction
rise_in_percentage_points = men_construction_usa_2017 - men_construction_usa_2000

# Print the result
print(f""Final Answer: {rise_in_percentage_points}"")

# Done
```"
249,how many percentage points did the mployment rate increase among canadian women aged 25 to 54 without a bachelor's degree from 2000 to 2017?,[3.8],"```python
# Data from the table
employment_rate_change_canadian_women = 3.8  # Employment rate change for Canadian women
employment_rate_change_us_women = -5.4  # Employment rate change for US women

# Calculate the percentage point change for Canadian women
percentage_points_increase_women = employment_rate_change_canadian_women - employment_rate_change_us_women

# Print the result
print(f""Final Answer: {percentage_points_increase_women}"")

# Done
```"
250,how many percentage points did the mployment rate increase among american women aged 25 to 54 without a bachelor's degree from 2000 to 2017?,[5.4],"```python
# Data from the table
employment_rate_increase_us_women = 3.8
# Print the result
print(f""Final Answer: {employment_rate_increase_us_women}"")

# Done
```"
251,what was the overall change in the employment rate of women aged 25 to 54 without a bachelor's degree from 2000 to 2017?,[9.2],"```python
# Data from the table
change_in_employment_rate_women_canada = 3.8
change_in_employment_rate_women_us = -5.4

# Calculate the overall change for women
overall_change_women = change_in_employment_rate_women_canada + change_in_employment_rate_women_us

# Print the result
print(f""Final Answer: {overall_change_women}"")

# Done
```"
252,"of the difference in the overall change in the employment rate of women aged 25 to 54 without a bachelor's degree, how many percentage points was attributable to the increase in the share of canadian women employed in educational services, health care and social assistance from 2000 to 2017?",[3.9],"```python
# Data from the table
canadian_women_educational = 4.8
change_in_employment_rate_women = 3.8

# Calculate the percentage points attributable to the increase
percentage_points_attributable = canadian_women_educational

# Print the result
print(f""Final Answer: {percentage_points_attributable}"")

# Done
```"
253,"regardless of the region considered, when was the employment rate of men aged 25 to 54 without a bachelor's degree higher, in 2000 or in 2017?",[2000.0],"```python
# Data from the table
employment_rate_men_2000 = 86.7
employment_rate_men_2017 = 81.8

# Check for the higher rate
higher_rate_year = ""2000"" if employment_rate_men_2000 > employment_rate_men_2017 else ""2017""

# Print the result
print(f""Final Answer: Employment rate of men without a bachelor's degree was higher in {higher_rate_year}"")

# Done
```"
254,"regardless of the region considered, when was the employment rate of women aged 25 to 54 without a bachelor's degree higher, in 2000 or in 2017?",[2000.0],"```python
# Data from the table
women_employment_rate_2000 = 71.4
women_employment_rate_2017 = 66.0

# Check which year had a higher employment rate for women
if women_employment_rate_2000 > women_employment_rate_2017:
    higher_year = 2000
else:
    higher_year = 2017

# Print the result
print(f""The year with the higher employment rate for women aged 25 to 54 without a bachelor's degree was: {higher_year}"")

# Done
```"
255,which sectors witnessed the canada-u.s. difference in wage growth amounted to 15 percentage points or more from 2000 to 2017?,"['construction', 'mining, quarrying and oil and gas extraction', 'public administration']","```python
# Data from the table
# Wage growth percentage data for men and women in Canada and the United States by industry
canada_wage_growth_men = [2.5, 26.4, 15.6, -2.2, 2.9, 4.2, 9.3, 10.6, 18.4, 2.8, 4.2]
us_wage_growth_men = [13.7, 4.4, -2.2, -4.0, -6.4, -3.6, -1.6, 2.1, -5.1, -8.9, -5.5]

canada_wage_growth_women = [17.3, 25.9, 20.3, 10.2, 18.7, 16.2, 10.0, 20.6, 17.7, 7.2, 9.3]
us_wage_growth_women = [3.0, -1.1, 5.3, 0.6, 1.4, 1.9, 2.2, 7.5, -7.1, -4.0, 1.1]

industries = [""Agriculture, Forestry, Fishing and Hunting"", 
              ""Mining, Quarrying and Oil and Gas Extraction"", 
              ""Construction"", ""Manufacturing"",
              ""Wholesale Trade and Retail Trade"",
              ""Finance, Insurance and Real Estate"",
              ""Educational Services, Health Care and Social Assistance"",
              ""Accommodation and Food Services"",
              ""Public Administration"",
              ""Other Services"",
              ""All Industries""]

# Calculate the difference in wage growth between Canada and the United States for men and women
diff_wage_growth_men = [canada_wage_growth_men[i] - us_wage_growth_men[i] for i in range(len(canada_wage_growth_men))]
diff_wage_growth_women = [canada_wage_growth_women[i] - us_wage_growth_women[i] for i in range(len(canada_wage_growth_women)]

# Check for sectors with a wage growth difference of 15 percentage points or more
sectors_over_15_percentage_points = [industries[i] for i in range(len(industries)) if abs(diff_wage_growth_men[i]) >= 15 or abs(diff_wage_growth_women[i]) >= 15]

# Print the results
print(""Sectors with a Canada-U.S. difference in wage growth of 15 percentage points or more:"")
for sector in sectors_over_15_percentage_points:
    print(""- "" + sector)

# Done
```"
256,how many percentage points did the canada-u.s. difference in wage growth for men employed in manufacturing amount to from 2000 to 2017?,[1.8],"```python
# Data from the table
canada_manufacturing_2000 = -2.2
us_manufacturing_2000 = -4.0
canada_manufacturing_2017 = 10.2
us_manufacturing_2017 = 0.6

# Calculate the difference in wage growth
canada_us_difference_2000 = canada_manufacturing_2000 - us_manufacturing_2000
canada_us_difference_2017 = canada_manufacturing_2017 - us_manufacturing_2017
difference_in_wage_growth = abs(canada_us_difference_2017 - canada_us_difference_2000)

# Print the result
print(f""Final Answer: {difference_in_wage_growth} percentage points"")

# Done
```"
257,how many rushing yards did russell wilson get in 2012?,[489.0],"```python
# Data from the table
rushing_yards_2012 = 489

# Print the result
print(f""Rushing Yards in 2012: {rushing_yards_2012}"")

# Done
```"
258,what is the participation rate in 2007?,[67.4],"```python
# Data from the table
participation_rate_2007 = 67.4

# Print the result
print(f""Participation rate in 2007: {participation_rate_2007}%"")

# Done
```"
259,what is the participation rate in 2016 if the age structure had been the same as in 2007?,[68.3],"```python
# Data from the table
participation_rate_2016 = 65.7
participation_rate_with_2007_age_structure = 68.3

# Calculate the difference
participation_rate_difference = participation_rate_with_2007_age_structure - participation_rate_2016

# Print the result
print(f""Final Answer: {participation_rate_with_2007_age_structure}"")

# Done
```"
260,"if the age structure in 2016 had been the same as in 2007, which year has a higher participation rate?",['with 2007 age structure only'],"```python
# Data from the table
participation_rate_2007 = 67.4
participation_rate_2016_age_only = 68.3

# Check the participation rate if the age structure in 2016 had been the same as in 2007
if participation_rate_2016_age_only > participation_rate_2007:
    print(""Final Answer: 2016 has a higher participation rate if the age structure in 2016 had been the same as in 2007."")
else:
    print(""Final Answer: 2007 has a higher participation rate if the age structure in 2016 had been the same as in 2007."")

# Done
```"
261,how much the participation rate declined from 2007 to 2016?,[1.7],"```python
#Python
# Data from the table
participation_rate_2007 = 67.4
participation_rate_2016 = 65.7

# Calculate the decline in participation rate
decline_in_participation_rate = participation_rate_2007 - participation_rate_2016

# Print the result
print(f""Final Answer: {decline_in_participation_rate}"")

# Done
```"
262,what was the proportion of children who met all three 24-hour guidelines recommendations?,[13.9],"```python
# Data from the table
children_met_all_three = 13.9

# Print the proportion
print(f""Proportion of children who met all three 24-hour guidelines recommendations: {children_met_all_three}%"")

# Done
```"
263,what was the proportion of youth who met all three 24-hour guidelines recommendations?,[4.8],"```python
# Data from the table
percent_youth_met_all = 4.8

# Print the result
print(f""Final Answer: {percent_youth_met_all}%"")

# Done
```"
264,how many rushing yards did jackson get in four seasons totally.,[2782.0],"```python
# Data from the table
rushing_yards_1987 = 554
rushing_yards_1988 = 580
rushing_yards_1989 = 950
rushing_yards_1990 = 698

# Calculate the total rushing yards for four seasons
total_rushing_yards = rushing_yards_1987 + rushing_yards_1988 + rushing_yards_1989 + rushing_yards_1990

# Print the result
print(f""Final Answer: {total_rushing_yards}"")

# Done
```"
265,"in 2012, how many percent of inuit women had been diagnosed with arthritis while the same percentage had been diagnosed with high blood pressure?",[15.2],"```python
# Data from the table
percentage_arthritis_inuit = 15.2
percentage_high_blood_pressure_inuit = 14.8

# Check if the percentages are the same for arthritis and high blood pressure
if percentage_arthritis_inuit == percentage_high_blood_pressure_inuit:
    print(""Both arthritis and high blood pressure have the same diagnosis percentage for Inuit women."")
else:
    print(""Arthritis and high blood pressure have different diagnosis percentages for Inuit women."")

# Done
```"
266,which club did kablash play for in 2015?,['nasaf'],"```python
# Data from the table
club_player_played_for_2015 = {
    ""dnister ovidiopol"": ""none"",
    ""ekranas"": ""none"",
    ""tavriya simferopol"": ""none"",
    ""bukovyna chernivtsi"": ""none"",
    ""odesa"": ""none"",
    ""mykolaiv"": ""none"",
    ""helios kharkiv"": ""none"",
    ""sogdiana jizzakh"": ""none"",
    ""nasaf"": ""none"",
    ""istiklol"": ""none"",
    ""dacia chisinau"": ""none"",
}

# Check which club Kablash played for in 2015
for club, status in club_player_played_for_2015.items():
    if status != ""none"":
        print(f""Kablash played for {club} in 2015"")

# Done
```
"
267,"in 2014/2015, how many cases did canada's youth courts complet involving 120,907 charges related to criminal code and other federal statute offences, including offences related to the ycja?",[32835.0],"```python
# Data from the table
cases_2014_2015 = 32835

# Print the result
print(f""Final Answer: {cases_2014_2015}"")

# Done
```"
268,"in 2014/2015, how many charges did canada's youth courts complet cases involving related to criminal code and other federal statute offences, including offences related to the ycja?",[120907.0],"```python
# Data from the table
charges_2014_2015 = 120907

# Print the result
print(f""Final Answer: {charges_2014_2015}"")

# Done
```"
269,what was the number of aboriginal victims of homicide in canada in 2016?,[142.0],"```python
# Data from the table
aboriginal_victims_canada = 113
non_aboriginal_victims_canada = 341

# Calculate the total number of aboriginal victims of homicide in Canada in 2016
total_aboriginal_victims_canada = aboriginal_victims_canada

# Print the result
print(f""Final Answer: {total_aboriginal_victims_canada}"")

# Done
```"
270,what was the homicide rate for aboriginal people in 2016?,[8.19],"```python
# Data from the table
homicide_rate_aboriginal = 113  # Number of aboriginal homicide victims
total_aboriginal_population = 860  # Total aboriginal population

# Calculate the homicide rate for aboriginal people
homicide_rate_aboriginal_people = (homicide_rate_aboriginal / total_aboriginal_population) * 100

# Print the result
print(f""Homicide rate for aboriginal people in 2016: {homicide_rate_aboriginal_people:.2f}"")

# Done
```"
271,what was the multiple relationship between the rate of homicide for aboriginal people in 2016 and for non-aboriginal people?,[6.11194],"```python
# Data from the table for 2016
rate_aboriginal = 13.20
rate_non_aboriginal = 2.00

# Calculate the multiple relationship
multiple_relationship = rate_aboriginal / rate_non_aboriginal

# Print the result
print(f""Multiple Relationship: {multiple_relationship}"")

# Done
```"
272,"among saskatchewan, alberta and manitoba,which province reported the highest rate of homicide for aboriginal people in 2016?",['saskatchewan'],"```python
# Data from the table
saskatchewan_aboriginal_rate = 31.03
alberta_aboriginal_rate = 14.91
manitoba_aboriginal_rate = 18.51

# Find the province with the highest rate for aboriginal people
highest_rate_province = max(saskatchewan_aboriginal_rate, alberta_aboriginal_rate, manitoba_aboriginal_rate)

# Check which province has the highest rate
if highest_rate_province == saskatchewan_aboriginal_rate:
    print(""Final Answer: Saskatchewan reported the highest rate of homicide for aboriginal people in 2016."")
elif highest_rate_province == alberta_aboriginal_rate:
    print(""Final Answer: Alberta reported the highest rate of homicide for aboriginal people in 2016."")
else:
    print(""Final Answer: Manitoba reported the highest rate of homicide for aboriginal people in 2016."")

# Done
```"
273,what was the rate of homicide for aboriginal people in 2016 in manitoba?,[11.71],"```python
# Data from the table (rates are per 100,000 population)
rate_aboriginal_manitoba = 18.51

# Print the rate of homicide for aboriginal people in Manitoba in 2016
print(f""Rate of homicide for Aboriginal people in Manitoba in 2016: {rate_aboriginal_manitoba} per 100,000 population"")

# Done
```"
274,what was the rate of homicide for aboriginal people in 2016 in alberta?,[10.99],"```python
# Data from the table
rate_homicide_aboriginal_alberta = 14.91

# Print the rate of homicide for aboriginal people in Alberta
print(f""Rate of homicide for aboriginal people in Alberta in 2016: {rate_homicide_aboriginal_alberta}"")

# Done
```"
275,"what was the percent change of csis from 2016 to 2017 in northwest territories,yukon and nunavut respectively?","[2.0, 1.0, 1.0]","```python
# Data from the table
percent_change_nt = 2
percent_change_yukon = 1
percent_change_nunavut = 1

# Print the results
print(f""Percent Change in Northwest Territories: {percent_change_nt}%"")
print(f""Percent Change in Yukon: {percent_change_yukon}%"")
print(f""Percent Change in Nunavut: {percent_change_nunavut}%"")

# Done
```"
276,which province reported the largest increase in the nvcsi from 2016 to 2017?,['new brunswick'],"```python
# Data from the table
province_nvcsi_changes = {
    ""newfoundland and labrador"": -11,
    ""prince edward island"": -11,
    ""nova scotia"": 4,
    ""new brunswick"": 14,
    ""quebec"": 0,
    ""ontario"": 4,
    ""manitoba"": 2,
    ""saskatchewan"": -6,
    ""alberta"": 5,
    ""british columbia"": -7,
    ""yukon"": -4,
    ""northwest territories"": 0,
    ""nunavut"": -4,
    ""canada"": 0
}

# Find the province with the largest increase in NVCSI from 2016 to 2017
largest_increase_province = max(province_nvcsi_changes, key=province_nvcsi_changes.get)

# Print the result
print(f""Final Answer: {largest_increase_province}"")

# Done
```"
277,which province reported the largest decrease in the nvcsi in 2017?,"['prince edward island', 'newfoundland and labrador']","```python
# Data from the table
decrease_in_nvcsi = {
    'newfoundland and labrador': -11,
    'prince edward island': -11,
    'nova scotia': 4,
    'new brunswick': 14,
    'quebec': 0,
    'ontario': 4,
    'manitoba': 2,
    'saskatchewan': -6,
    'alberta': 5,
    'british columbia': -7,
    'yukon': -4,
    'northwest territories': 0,
    'nunavut': -4,
    'canada': 0
}

# Find province with the largest decrease in non-violent crime severity index (nvcsi)
province_largest_decrease = max(decrease_in_nvcsi, key=decrease_in_nvcsi.get)

# Print the result
print(f""Largest Decrease in NVCSI in 2017: {province_largest_decrease}"")

# Done
```"
278,list the top3 cmas with the highest crime rates in 2017.,"['saskatoon', 'edmonton', 'regina']","```python
# Data from the table
cma_data = {
    ""st. john's"": {""total crime rate"": 5196},
    ""halifax"": {""total crime rate"": 4993},
    ""moncton"": {""total crime rate"": 7241},
    ""saint john"": {""total crime rate"": 4569},
    ""saguenay"": {""total crime rate"": 3295},
    ""quebec"": {""total crime rate"": 3193},
    ""sherbrooke"": {""total crime rate"": 3347},
    ""trois-rivieres"": {""total crime rate"": 3290},
    ""montreal"": {""total crime rate"": 3363},
    ""gatineau"": {""total crime rate"": 3656},
    ""ottawa"": {""total crime rate"": 3555},
    ""kingston"": {""total crime rate"": 5060},
    ""peterborough"": {""total crime rate"": 4172},
    ""toronto"": {""total crime rate"": 3115},
    ""hamilton"": {""total crime rate"": 3857},
    ""st. catharines-niagara"": {""total crime rate"": 3781},
    ""kitchener-cambridge-waterloo"": {""total crime rate"": 5205},
    ""brantford"": {""total crime rate"": 6131},
    ""guelph"": {""total crime rate"": 4942},
    ""london"": {""total crime rate"": 5592},
    ""windsor"": {""total crime rate"": 4705},
    ""barrie"": {""total crime rate"": 3501},
    ""greater sudbury"": {""total crime rate"": 5575},
    ""thunder bay"": {""total crime rate"": 6072},
    ""winnipeg"": {""total crime rate"": 6991},
    ""regina"": {""total crime rate"": 8681},
    ""saskatoon"": {""total crime rate"": 8694},
    ""calgary"": {""total crime rate"": 5588},
    ""edmonton"": {""total crime rate"": 8614},
    ""kelowna"": {""total crime rate"": 8159},
    ""abbotsford-mission"": {""total crime rate"": 6772},
    ""vancouver"": {""total crime rate"": 6935},
    ""victoria"": {""total crime rate"": 5546},
    ""canada"": {""total crime rate"": 5334}
}

# Sorting the CMAs based on total crime rate
sorted_cmas = sorted(cma_data.items(), key=lambda x: x[1][""total crime rate""], reverse=True)

# Printing the top 3 CMAs with the highest crime rates in 2017
for i in range(3):
    print(f""Top {i+1}: {sorted_cmas[i][0]} - Crime Rate: {sorted_cmas[i][1]['total crime rate']}"")

# Done
```

This code will list the top 3 CMAs with the highest crime rates in 2017 based on the provided data in the table."
279,how many league goals did franco brienza score for palermo in 2004-05?,[10.0],"```python
# Data from the table
palermo_2004_05_league_goals = 10

# Print the result
print(f""Franco Brienza's league goals for Palermo in 2004-05: {palermo_2004_05_league_goals}"")

# Done
```"
280,what was the percentage change in foreign control during the period before 2000?,[-0.2],"```python
# Data from the table
foreign_control_before_2000 = [35.8, 57.9, 34.6, 57.0, 56.2, 72.6, 50.8]
foreign_control_after_2000 = [46.7, 40.8, 29.6, 61.1, 47.9, 50.8, 50.7]

# Calculate the percentage change in foreign control before 2000
foreign_control_change_before_2000 = foreign_control_before_2000[1] - foreign_control_before_2000[0]

# Print the result
print(f""Final Answer: {foreign_control_change_before_2000}"")

# Done
```"
281,what was the percentage change in foreign controling at the science-based sector and product-differentiated sector during the period before 2000 respectively?,"[-30.0, -14.7]","```python
# Data from the table
foreign_control_change_science_based_before_2000 = -30.0
foreign_control_change_product_differentiated_before_2000 = -14.7

# Print the result
print(f""Science-Based Sector Foreign Control Change before 2000: {foreign_control_change_science_based_before_2000}"")
print(f""Product-Differentiated Sector Foreign Control Change before 2000: {foreign_control_change_product_differentiated_before_2000}"")

# Done
```"
282,what was the percentage change in foreign control during the years before 2000?,[-14.4],"```python
# Data from the table
foreign_control_1973_1975 = 50.8
foreign_control_1997_1999 = 50.7

# Calculate the percentage change in foreign control
percentage_change_foreign_control_before_2000 = ((foreign_control_1997_1999 - foreign_control_1973_1975) / foreign_control_1973_1975) * 100

# Print the result
print(f""Final Answer: {percentage_change_foreign_control_before_2000}"")

# Done
```"
283,what was the percentage change in foreign control in natural resources before 2000?,[-29.5],"```python
# Data from the table
foreign_control_change_before_2000 = -29.5  # Percentage change in foreign control in natural resources before 2000

# Print the result
print(f""Final Answer: {foreign_control_change_before_2000}"")

# Done
```"
284,what was the percentage change in foreign control at the scale-based sector before 2000?,[7.2],"```python
# Data from the table
foreign_control_percentage_1973_to_1975 = 57.0
foreign_control_percentage_1997_to_1999 = 61.1

# Calculate the percentage change
foreign_control_percentage_change_before_2000 = foreign_control_percentage_1997_to_1999 - foreign_control_percentage_1973_to_1975

# Print the result
print(f""Final Answer: {foreign_control_percentage_change_before_2000}"")

# Done
```"
285,what were the shares of manufacturing output of labour-intensive industries between 1973 to 1975 and 1997 to 1999 respectively?,"[14.4, 10.1]","```python
# Data from the table
manufacturing_output_1973_to_1975 = 100.0
manufacturing_output_1997_to_1999 = 100.0
labour_intensive_output_1973_to_1975 = 14.4
labour_intensive_output_1997_to_1999 = 10.1

# Calculate the shares
share_1973_to_1975 = (labour_intensive_output_1973_to_1975 / manufacturing_output_1973_to_1975) * 100
share_1997_to_1999 = (labour_intensive_output_1997_to_1999 / manufacturing_output_1997_to_1999) * 100

# Print the result
print(f""Shares of manufacturing output of labour-intensive industries between 1973 to 1975: {share_1973_to_1975}% and 1997 to 1999: {share_1997_to_1999}%"")

# Done
```"
286,what were the shares of manufacturing output of scale-based industries between 1973 to 1975 and 1997 to 1999 respectively?,"[34.8, 41.8]","```python
# Data from the table
manufacturing_output_share_1973_1975 = 34.8
manufacturing_output_share_1997_1999 = 41.8

# Print the shares
print(f""Manufacturing output share in 1973 to 1975: {manufacturing_output_share_1973_1975}"")
print(f""Manufacturing output share in 1997 to 1999: {manufacturing_output_share_1997_1999}"")

# Done
```"
287,what was the percentage change in foreign control at the scale-based sector after 2000?,[-5.2],"```python
# Data from the table
foreign_control_2009_to_2011 = 58.0
foreign_control_1997_to_1999 = 61.1

# Calculate the percentage change in foreign control after 2000
foreign_control_change_after_2000 = foreign_control_1997_to_1999 - foreign_control_2009_to_2011

# Print the result
print(f""Final Answer : {foreign_control_change_after_2000}"")

# Done
```"
288,what was the percentage change in the share of manufacturing output for natural-resource-based industries between 1973 to 1975 and 1997 to 1999?,[0.8],"```python
# Data from the table
manufacturing_output_share_1973_1975 = 100.0
manufacturing_output_share_1997_1999 = 100.0
natural_resource_output_share_1973_1975 = 15.5
natural_resource_output_share_1997_1999 = 14.7

# Calculate the percentage change in the share of manufacturing output for natural-resource-based industries
percentage_change = ((manufacturing_output_share_1997_1999 - manufacturing_output_share_1973_1975) / manufacturing_output_share_1973_1975) * 100

# Print the result
print(f""Final Answer: {percentage_change}"")

# Done
```"
289,what was the percentage change in foreign control in the science-based sector after 2000?,[-8.2],"```python
# Data from the table
foreign_control_1997_1999 = 72.6
foreign_control_2009_2011 = 46.6

# Calculate the percentage change in foreign control after 2000
percentage_change_after_2000 = foreign_control_1997_1999 - foreign_control_2009_2011

# Print the result
print(f""Final Answer: {percentage_change_after_2000}"")

# Done
```"
290,what was the average sector output share of natural-resources-based industries in the 2009-to-2011 period?,[26.3],"```python
# Data from the table
average_sector_output_share_2009_2011 = 26.3  # Average sector output share of natural-resources-based industries in the 2009 to 2011 period

# Print the result
print(f""Final Answer: {average_sector_output_share_2009_2011}"")

# Done
```"
291,how many rushing yards did barkley get in 2015?,[1076.0],"```python
# Data from the table
rushing_yards_2015 = 1076

# Print the result
print(f""Final Answer: {rushing_yards_2015}"")

#Done
```"
292,"for men, the probabilities of permanent retirement decreased by 29%, what is the high percentage in 1941?",[48.5],"```python
# Data from the table
high_percentage_1941 = 48.5
decreased_percentage = 29

# Calculate the percentage in 1941 after decrease
new_high_percentage_1941 = high_percentage_1941 * (1 - (decreased_percentage / 100))

# Print the result
print(f""Final Answer: {new_high_percentage_1941}"")

# Done
```"
293,"for men, the probabilities of permanent retirement decreased by 29%, what is the high percentage in 1946?",[34.5],"```python
# Data from the table
high_percentage_1946_men = 34.5
decrease_percentage = 29

# Calculate the percentage in 1946 before the decrease
high_percentage_1946_men_before_decrease = high_percentage_1946_men + decrease_percentage

# Print the result
print(f""Final Answer: {high_percentage_1946_men_before_decrease}"")

# Done
```"
294,"for women, the decline was similar, at close to 31%, what is the high probabilities in 1941 ?",[74.5],"```python
# Data from the table
high_prob_1941_women = 74.5

# Print the result
print(f""Final Answer: {high_prob_1941_women}"")

# Done
```"
295,"for women, the decline was similar, at close to 31%, what is the high probabilities in 1946 ?",[51.6],"```python
# Data from the table
high_probabilities_1946_women = 51.6

# Print the result
print(f""Final Answer : {high_probabilities_1946_women}"")

# Done
```"
296,what was the percentage of the share of revenues for employers in born more than 10 years for first nations csds in service?,[59.4],"```python
# Data from the table
share_revenues_first_nations_service_more_than_10 = 59.4  # Percentage share of revenues for employers in born more than 10 years for first nations csds in service

# Print the result
print(f""Percentage of the share of revenues for employers in born more than 10 years for first nations csds in service: {share_revenues_first_nations_service_more_than_10}"")

# Done
```"
297,what was the percentage of the share of revenues for employers in born more than 10 years for first nations csds in goods (resource) industries?,[79.4],"```python
# Data from the table
share_revenues_first_nations_goods_employers_born_more_than_10 = 68.6
share_revenues_first_nations_goods_employers_born_more_than_10_inuit = 71.5
share_revenues_first_nations_goods_employers_born_more_than_10_non_indigenous = 75.7

# Calculate the percentage of the share of revenues for employers in born more than 10 years for first nations in goods industries
share_revenues_percentage = share_revenues_first_nations_goods_employers_born_more_than_10

# Print the result
print(f""Final Answer: {share_revenues_percentage}"")

# Done
```"
298,which age group of non-employers in inuit csds in goods (non-resource) industries for which most of the revenues are earned by businesses?,['born last 5 years'],"```python
# Data from the table
revenues_non_employers_inuit_goods = {
    'born last 5 years': 78.9,
    'born between 5 and 10 years': 46.3,
    'born more than 10 years': 34.3
}

# Find the age group with the highest revenue percentage for non-employers in inuit csds in goods industries
max_revenue_age_group = max(revenues_non_employers_inuit_goods, key=revenues_non_employers_inuit_goods.get)

# Print the result
print(f""Final Answer: {max_revenue_age_group}"")

# Done
```"
299,what was the percentage of the share of revenues for employers in born more than 10 years for first nations csds in service?,[59.4],"```python
# Data from the table
percentage_first_nations_service_employers_more_than_10_years = 59.4

# Print the result
print(f""Final Answer: {percentage_first_nations_service_employers_more_than_10_years}%"")

# Done
```"
300,what was the percentage of the share of revenues for employers in born more than 10 years for first nations csds in goods (resource) industries?,[79.4],"```python
# Data from the table
employer_revenues_first_nations_goods_born_10_years = 71.5
total_revenues_first_nations_goods_born_10_years = 100.0

# Calculate the percentage share of revenues for employers in born more than 10 years for first nations in goods industries
percentage_share_revenues = employer_revenues_first_nations_goods_born_10_years / total_revenues_first_nations_goods_born_10_years * 100

# Print the result
print(f""Final Answer: {percentage_share_revenues}%"")

# Done
```"
301,which age group of non-employers in inuit csds in goods (non-resource) industries for which most of the revenues are earned by businesses?,['born last 5 years'],"```python
# Data from the table
# Percentages of revenues earned by businesses in the non-employer category in each age group
inuit_nonemployer_5years_goods = 78.9
inuit_nonemployer_5to10years_goods = 16.3
inuit_nonemployer_morethan10years_goods = 4.8

# Check which age group has the highest percentage of revenues
highest_revenue_age_group = max(inuit_nonemployer_5years_goods, inuit_nonemployer_5to10years_goods, inuit_nonemployer_morethan10years_goods)

# Based on the highest percentage, determine the age group
if highest_revenue_age_group == inuit_nonemployer_5years_goods:
    result = ""born last 5 years""
elif highest_revenue_age_group == inuit_nonemployer_5to10years_goods:
    result = ""born between 5 and 10 years""
else:
    result = ""born more than 10 years""

# Print the result
print(f""Final Answer: {result}"")

# Done
```"
302,"according to the 2014 sepr, what is the percentage of individuals indicated that their homes had a working smoke detector?",[98.0],"```python
# Data from the table
percentage_smoke_detector = 99

# Print the percentage of individuals indicated that their homes had a working smoke detector
print(f""Percentage of individuals with a working smoke detector: {percentage_smoke_detector}%"")

# Done
```  "
303,"according to the 2014 sepr, what is the percentage of individuals indicated that their homes had a working fire extinguisher?",[66.0],"```python
# Data from the table
percentage_fire_extinguisher = 84  # Percentage of individuals with a working fire extinguisher

# Print the result
print(f""Final Answer: {percentage_fire_extinguisher}%"")

# Done
```"
304,"according to the 2014 sepr, what is the percentage of individuals indicated that their homes had a working carbon monoxide detector?",[60.0],"```python
# Data from the table
percentage_carbon_monoxide_detector = 60

# Print the percentage
print(f""Final Answer: {percentage_carbon_monoxide_detector}"")

# Done
```"
305,"in 1977, which album did true release the single ""n.y., you got me dancing"" from?",['white witch'],"```python
# Data from the table
year = [1976, 1976, 1976, 1976, 1976, 1977, 1977, 1980]
single = ['call me', 'keep it up longer', 'more, more, more', 'party line/fill me up/call me', 'party line', 'n.y., you got me dancing', 'what\'s your name, what\'s your number', 'war machine']
album = ['more, more, more', '','more, more, more', '', 'more, more, more', 'white witch', 'fill me up', 'war machine']

# Find the album of the single in 1977
single_index = single.index(""n.y., you got me dancing"")
album_1977 = album[single_index]

# Print the result
print(f""Album released the single 'n.y., you got me dancing' in 1977: {album_1977}"")

# Done
```
"
306,"even after taking demographic and field of study differences into account, how many percent of undergraduate students who graduated in 2009 earned is less than those who graduated in 2008?",[8.1],"```python
# Data from the table
percent_2009_unadjusted = -7.6
percent_2009_adjusted_model_a = -7.3
percent_2009_adjusted_model_b = -7.8

percent_2008_unadjusted = -1.9
percent_2008_adjusted_model_a = -1.8
percent_2008_adjusted_model_b = -0.6

# Calculate the percent of undergraduate students who earned less in 2009 than in 2008 (taking adjusted gap from model a into account)
percent_diff = percent_2009_adjusted_model_a - percent_2008_adjusted_model_a

# Print the result
print(f""Final Answer: {percent_diff}"")

# Done
```"
307,"godfrey's best season with brentford came in 1990-91, how many appearances did he make?",[46.0],"```python
# Data from the table
appearances_1990_91 = 32

# Print the result
print(f""Final Answer: {appearances_1990_91}"")

# Done
```"
308,"godfrey's best season with brentford came in 1990-91, how many goals did he score?",[6.0],"```python
# Data from the table
goals_1990_91 = 4  # Goals scored in 1990-91 season

# Print the result
print(f""Final Answer: {goals_1990_91}"")

# Done
```"
309,what percent of individuals aged 60 years old on average are immigrants?,[6.1],"```python
# Data from the table
average_immigrant_percentage = 6.1

# Print the result
print(f""Final Answer: {average_immigrant_percentage}%"")

# Done
```"
310,what percent of individuals and their spouses were employed in 2006?,"[62.9, 62.6]","```python
# Data from the table
individual_labour_income_percentage = 62.9  # Percentage of individuals with labour income
spouse_labour_income_percentage = 62.6  # Percentage of spouses with labour income

# Calculate the combined percentage of individuals and spouses employed in 2006
employed_percentage = (individual_labour_income_percentage + spouse_labour_income_percentage) / 2

# Print the result
print(f""Final Answer: {employed_percentage}"")

# Done
```"
311,which age group has the highest rate of accused of property crimes in 2017?,['12 to 17'],"```python
# Data from the table
rates = {
    ""12 to 17"": 1.801,
    ""18 to 24"": 1.696,
    ""25 to 34"": 1.550,
    ""35 to 44"": 1.058,
    ""45 to 54"": 0.630,
    ""55 to 64"": 0.271,
    ""65 and older"": 0.085
}

# Find the age group with the highest rate
highest_rate_age_group = max(rates, key=rates.get)

# Print the result
print(f""Age group with the highest rate of accused of property crimes in 2017: {highest_rate_age_group}"")

# Done
```"
312,how many times of overall rate of females accused of property crimes in 2017 among youth aged 12 to 17 are higher than the rate for females aged 65 to 89?,[17.967213],"```python
# Data from the table
rate_females_12_to_17 = 1096
rate_females_65_and_older = 61

# Calculate how many times the rate for females accused of property crimes in 2017 among youth aged 12 to 17 is higher than the rate for females aged 65 and older
times_higher_rate = rate_females_12_to_17 / rate_females_65_and_older

# Print the result
print(f""Final Answer: {times_higher_rate}"")

# Done
```"
313,"between 2007 and 2017, how many homicides wre recorded in manitoba overall.",[677.0],"```python
# Data from the table
homicides_manitoba = 677

# Print the result
print(f""Final Answer: {homicides_manitoba}"")

# Done
```"
314,how many rushing yards did joe mixon finish the season with?,[1168.0],"```python
# Data from the table
rushing_yds_2018 = 1168

# Print the result
print(f""Final Answer: Joe Mixon finished the season with {rushing_yds_2018} rushing yards."")

# Done
```"
315,how many percentage pionts was internet use among seniors aged 65 to 69 in 2007?,[40.8],"```python
# Data from the table
percentage_65_to_69_2007 = 40.8

# Print the result
print(f""Final Answer: {percentage_65_to_69_2007}"")

# Done
```"
316,how many percentage pionts was internet use among seniors aged 70 to 74 in 2007?,[35.1],"```python
# Data from the table
percentage_70_to_74_2007 = 35.1

# Print the result
print(f""Final Answer: {percentage_70_to_74_2007}"")

# Done
```"
317,how many percentage pionts was internet use among seniors aged 75 to 79 in 2007?,[28.3],"```python
# Data from the table
percentage_2007_75_to_79 = 28.3

# Print the percentage points for internet use in 2007 among seniors aged 75 to 79
print(f""Percentage Points in 2007 among seniors aged 75 to 79: {percentage_2007_75_to_79}"")

# Done
```"
318,how many percentage pionts was internet use among seniors aged 80 and older in 2007?,[19.3],"```python
# Data from the table
percentage_2007_80_plus = 19.3

# Calculate internet use percentage points for seniors aged 80 and older in 2007
internet_use_80_plus_2007 = percentage_2007_80_plus

# Print the result
print(f""Final Answer: {internet_use_80_plus_2007} Percentage Points"")

# Done
```"
319,how many percentage points did the absolute gap between seniors aged 65 to 69 and seniors aged 80 and older stand in 2017?,[21.5],"```python
# Data from the table
percent_65to69_2016 = 81.3
percent_80andolder_2016 = 49.2

# Calculate the absolute gap in percentage points
absolute_gap_2016 = percent_65to69_2016 - percent_80andolder_2016

# Print the result
print(f""Final Answer: {absolute_gap_2016}"")

# Done
```"
320,how many percentage points did the absolute gap between seniors aged 65 to 69 and seniors aged 80 and older increase to in 2017?,[32.1],"```python
# Data from the table
percentage_2007_65_to_69 = 40.8
percentage_2007_80_and_older = 19.3
percentage_2016_65_to_69 = 81.3
percentage_2016_80_and_older = 49.2

# Calculate the absolute gap in 2007 and 2016
gap_2007 = percentage_2007_65_to_69 - percentage_2007_80_and_older
gap_2016 = percentage_2016_65_to_69 - percentage_2016_80_and_older

# Calculate the increase in absolute gap
increase_in_absolute_gap = gap_2016 - gap_2007

# Print the result
print(f""Final Answer: {increase_in_absolute_gap}"")

# Done
```"
321,"how many percentage points was the internet use for seniors with a household income between $60,000 and $79,999 in 2016?",[73.0],"```python
# Data from the table
percentage_aged_80_and_older = 49.2
percentage_household_income_60k_to_80k = 73.0

# Calculate the percentage points difference
percentage_points_difference = percentage_household_income_60k_to_80k - percentage_aged_80_and_older

# Print the result
print(f""Final Answer: {percentage_points_difference}"")

# Done
```"
322,"how many percentage points was the internet use for seniors with a household income under $20,000 in 2016?",[54.1],"```python
# Data from the table
internet_use_hh_income_under_20k = 54.1  # Percentage of internet use for seniors with household income under $20,000

# Print the result
print(f""Final Answer: {internet_use_hh_income_under_20k} percentage points"")

# Done
```"
323,"how many percentage points was the internet use for seniors with a household income of $100,000 and over in 2016?",[79.4],"```python
# Data from the table
internet_use_less_than_100k = 79.4
internet_use_100k_and_over = 79.4

# Calculate the difference
percentage_points_difference = internet_use_100k_and_over - internet_use_less_than_100k

# Print the result
print(f""Final Answer: {percentage_points_difference}"")

# Done
```"
324,what was the percentage of manufacturers engaged in import activities from 2002 to 2012?,[30.64],"```python
# Data from the table
import_percentage_2002 = 30.64
import_percentage_2012 = 20.04

# Calculate the difference
import_fall_percentage = import_percentage_2002 - import_percentage_2012

# Print the result
print(f""Final Answer: {import_fall_percentage}"")

# Done
```"
325,what was the percentage of wholesalers engaged in import activities from 2002 to 2012?,[31.54],"```python
# Data from the table
import_percentage_2002 = 31.54
import_percentage_2012 = 10.42

# Calculate the fall in percentage
percentage_fall = import_percentage_2002 - import_percentage_2012

# Print the result
print(f""Final Answer: {percentage_fall}"")

# Done
```"
326,what was the percentage of manufactures exported in 2011 and 2012?,[20.04],"```python
# Data from the table
export_percentage_2011 = 20.04
export_percentage_2012 = 14.76

# Calculate the average export percentage for manufacturing
average_export_percentage = (export_percentage_2011 + export_percentage_2012) / 2

# Print the result
print(f""Final Answer: {average_export_percentage}"")

# Done
```"
327,what was the percentage of wholesalers exported in 2011 and 2012?,[10.42],"```python
# Data from the table
export_participation_rate_2011 = 10.42
export_participation_rate_2012 = 10.58

# Calculate the average export participation rate for wholesalers in 2011 and 2012
average_export_participation_rate = (export_participation_rate_2011 + export_participation_rate_2012) / 2

# Print the result
print(f""Final Answer: {average_export_participation_rate}"")

# Done
```"
328,"in 2016/2017, how many initial entries into the adult correctional system in the six reporting jurisdictions?",[97044.0],"```python
# Data from the table
initial_entries = {
    ""custody"": 53026,
    ""remand"": 39964,
    ""sentenced_custody"": 6327,
    ""intermittent_sentences"": 3221,
    ""other_temporary_detention"": 3514,
    ""community_supervision"": 44018,
    ""probation"": 26211,
    ""conditional_sentences"": 4686,
    ""bail_supervision"": 11513,
    ""other_community_supervision"": 1608
}

# Calculate total initial entries in the adult correctional system
total_initial_entries = sum(initial_entries.values())

# Print the result
print(f""Total Initial Entries into Adult Correctional System: {total_initial_entries}"")

# Done
```"
329,"in 2016/2017, initial entries into the adult correctional system in the six reporting jurisdictions, what was the percent of increase from the previous year?",[1.0],"```python
# Data from the table
total_reporting_jurisdictions = 97044  # Total initial entries into adult correctional system in 2016/2017
percent_change_total = 1  # Percent change in total entries from previous year 2015/2016

# Calculate the total entries in 2015/2016
total_entries_2015_2016 = total_reporting_jurisdictions / ((100 + percent_change_total) / 100)

# Calculate percent increase from the previous year
percent_increase = ((total_reporting_jurisdictions - total_entries_2015_2016) / total_entries_2015_2016) * 100

# Print the result
print(f""Final Answer: {percent_increase}%"")

# Done
```"
330,how many percent of initial entries into custody were down in 2016/2017?,[2],"```python
# Data from the table
initial_entries_custody = 53026
percent_change_custody = -2

# Calculate the actual number of down entries
down_entries_custody = (initial_entries_custody * abs(percent_change_custody)) / 100

# Print the result
print(f""Final Answer: {down_entries_custody} initial entries into custody were down in 2016/2017"")

# Done
```"
331,how many percent of initial entries into community supervision were down in 2016/2017?,[6.0],"```python
# Data from the table
initial_entries_2016 = 44,018
initial_entries_2015 = 41,495  # Sum of community supervision from 2015/2016 data
percent_down = 6

# Calculate the percentage of initial entries down in 2016/2017
percent_down_community_supervision = (initial_entries_2016 - initial_entries_2015) / initial_entries_2015 * 100

# Print the result
print(f""Final Answer: {percent_down_community_supervision}%"")

# Done
```"
332,"in 2016/2017, how many percent did aboriginal adults account for of admissions to provincial/territorial correctional services?",[28.0],"```python
# Data from the table
aboriginal_adults_provinces = [25, 5, 10, 10, 7, 10, 58, 73, 27, 27, 51, 86, 100]
total_adults_provinces = [30, 3, 10, 10, 5, 12, 25, 70, 36, 30, 55, 87, 100]

# Calculate the percentage of aboriginal adults admissions to provincial/territorial correctional services
average_aboriginal_adults_percentage = sum(aboriginal_adults_provinces) / sum(total_adults_provinces) * 100

# Print the result
print(f""Final Answer: {average_aboriginal_adults_percentage}%"")

# Done
```"
333,"in 2016/2017, how many percent did aboriginal adults account for federal correctional services?",[27.0],"```python
# Data from the table
percentage_aboriginal_federal_custody = 27

# Print the result
print(f""Final Answer: {percentage_aboriginal_federal_custody}%"")

# Done
```"
334,how many percent did aboriginal adults account for admissions to custody among the provinces and territories in 2016/2017?,[30.0],"```python
# Data from the table
custody_aboriginal_provinces = 30  # Percentage of Aboriginal adults admitted to custody among provinces and territories

# Print the result
print(f""Final Answer: {custody_aboriginal_provinces}%"")

# Done
```"
335,how many percent did aboriginal adults account for admissions to community supervision among the provinces and territories in 2016/2017?,[25.0],"```python
# Data from the table
aboriginal_community_supervision_provinces = 25
total_community_supervision_provinces = 21

# Calculate the percentage of aboriginal adults in community supervision
percentage_aboriginal_community_supervision = (aboriginal_community_supervision_provinces / total_community_supervision_provinces) * 100

# Print the result
print(f""Final Answer: {percentage_aboriginal_community_supervision}%"")

# Done
```"
336,when did milad kamandani make his debut with persepolis in the pro league?,['2013-14'],"```python
# Data from the table
season_debut = ""2013-14""

# Extract the debut season from the data
debut_season = season_debut.split(""-"")[0]

# Print the result
print(f""Final Answer: Milad Kamandani made his debut with Persepolis in the pro league in the season {debut_season}"")

# Done
```"
337,how many percent of male youth did aboriginal male youth account for admissions to custody in the provinces and territories in 2016/2017?,[47.0],"```python
# Data from the table
aboriginal_male_percentage = 47  # Percentage of male youth that are aboriginal males
total_male_percentage = 100  # Total percentage of male youth admitted

# Calculate the percentage of male youth that are aboriginal males
percent_aboriginal_male_in_total_male = (aboriginal_male_percentage / total_male_percentage) * 100

# Print the result
print(f""Percent of male youth that are aboriginal males: {percent_aboriginal_male_in_total_male}"")

# Done
```"
338,what is the percentage of the total respondents who reported that they engaged in utilitarian walking less than an hour a week?,[34.2],"```python
# Data from the table
total_respondents = 'total'  # Total respondents in this category
percentage_less_than_1_hour_walk_week = 34.2  # Percentage of respondents who engage in utilitarian walking less than an hour a week

# Print the result
print(f""Final Answer: {percentage_less_than_1_hour_walk_week}% of the total respondents reported engaging in utilitarian walking less than an hour a week."")

# Done
```"
339,what is the percentage of the total respondents who reported that they engaged in utilitarian walking 1 to 5 hours a week?,[48.0],"```python
# Data from the table
total_respondents = 100  # Total respondents percentage
percentage_utilitarian_walking_1_to_5 = 48.0  # Percentage of respondents engaging in utilitarian walking 1 to 5 hours

# Calculate the total number of respondents engaging in utilitarian walking 1 to 5 hours
total_utilitarian_walking_1_to_5 = (percentage_utilitarian_walking_1_to_5 / 100) * total_respondents

# Print the result
print(f""Final Answer: {total_utilitarian_walking_1_to_5}%"")

# Done
```"
340,what is the percentage of the total respondents who reported that they engaged in utilitarian walking more than 5 hours a week?,[17.8],"```python
# Data from the table
total_percent_respondents = 100  # Total percentage of respondents
percentage_more_than_5_hours_walking = 17.8  # Percentage of respondents engaging in utilitarian walking more than 5 hours a week

# Calculate the percentage of total respondents engaging in more than 5 hours walking
percentage_more_than_5_hours = (percentage_more_than_5_hours_walking / total_percent_respondents) * 100

# Print the result
print(f""Final Answer: {percentage_more_than_5_hours}"")

# Done
```"
341,"for the years 2006 to 2010,which region had the lowest birth rate among mothers aged 10 to 17?",['quebec'],"```python
# Data from the table
birth_rates_10_to_17_years = {
    ""newfoundland and labrador"": 4.2,
    ""prince edward island"": 2.9,
    ""nova scotia"": 3.6,
    ""new brunswick"": 4.1,
    ""quebec"": 1.6,
    ""manitoba"": 7.4,
    ""saskatchewan"": 8.2,
    ""alberta"": 4.0,
    ""british columbia"": 2.1,
    ""yukon"": 4.7,
    ""northwest territories"": 7.9,
    ""nunavut"": 29.4,
    ""canada"": 3.2
}

# Finding the region with the lowest birth rate among mothers aged 10 to 17
lowest_birth_rate_region = min(birth_rates_10_to_17_years, key=birth_rates_10_to_17_years.get)

# Print the result
print(f""Final Answer: {lowest_birth_rate_region}"")

# Done
```"
342,"what was the percentage of female lone parents that had no certificate, diploma or degree in 1991?",[34.0],"```python
# Data from the table
percentage_no_certificate_1991 = 34

# Print the result
print(f""Final Answer: {percentage_no_certificate_1991}"")

# Done
```"
343,"what was the percentage of female lone parents that had no certificate, diploma or degree in 2011?",[13.0],"```python
# Data from the table
percentage_no_certificate_2011 = 13  # Percentage of female lone parents with no certificate, diploma or degree in 2011

# Print the result
print(f""Final Answer: {percentage_no_certificate_2011}%"")

# Done
```"
344,"how much did the proportion of female lone parents that had no certificate, diploma or degree drop from 1991 to 2011?",[21],"```python
# Data from the table
percentage_no_certificate_1991 = 34
percentage_no_certificate_2011 = 13

# Calculate the difference
drop_in_percentage = percentage_no_certificate_1991 - percentage_no_certificate_2011

# Print the result
print(f""Final Answer : {drop_in_percentage}"")

# Done
```"
345,what was the percentage of female parents in couples had not completed high school or any postsecondary qualification in 1991?,[24.0],"```python
# Data from the table
percentage_no_certificate_1991 = 24
percentage_high_school_or_equivalency_1991 = 32

# Calculate the total percentage
total_percentage_1991_couples = percentage_no_certificate_1991 + percentage_high_school_or_equivalency_1991

# Print the result
print(f""Final Answer: {total_percentage_1991_couples}"")

# Done
```"
346,what was the percentage of female parents in couples had not completed high school or any postsecondary qualification in 2011?,[8.0],"```python
# Data from the table
percent_no_high_school_female_lone_parents_2011 = 8
percent_high_school_or_equivalency_female_lone_parents_2011 = 21
percent_postsecondary_certificate_female_lone_parents_2011 = 38
percent_university_degree_female_lone_parents_2011 = 33

percent_no_high_school_female_parents_couples_2011 = 8
percent_high_school_or_equivalency_female_parents_couples_2011 = 21
percent_postsecondary_certificate_female_parents_couples_2011 = 38
percent_university_degree_female_parents_couples_2011 = 33

# Calculate the percentage of female parents in couples with no high school or postsecondary qualification
percentage_not_completed_females_2011 = percent_no_high_school_female_parents_couples_2011 + percent_high_school_or_equivalency_female_parents_couples_2011

# Print the result
print(f""Final Answer: {percentage_not_completed_females_2011}%"")

# Done
```"
347,what was the percentage of female lone parents that had a university degree in 1991?,[9.0],"```python
# Data from the table
percentage_university_degree_1991 = 9

# Print the result
print(f""Final Answer : {percentage_university_degree_1991}"")

# Done
```"
348,what was the percentage of female lone parents that had a university degree in 2011?,[20.0],"```python
# Data from the table
percentage_university_degree_2011 = 20

# Print the result
print(f""Final Answer: {percentage_university_degree_2011}"")

# Done
```"
349,how much did the proportion of female lone parents that had a university degree increase from 1991 to 2011?,['difference'],"```python
# Data from the table
university_degree_1991 = 9
university_degree_2011 = 20

# Calculate the difference in the proportion of female lone parents with a university degree
increase_in_university_degree = university_degree_2011 - university_degree_1991

# Print the result
print(f""Final Answer: {increase_in_university_degree}"")

# Done
```"
350,what was the percentage of female parents in couples had a university degree in 1991?,[15.0],"```python
# Data from the table
percentage_university_degree_1991 = 15

# Print the result
print(f""Final Answer: {percentage_university_degree_1991}"")

# Done
```"
351,what was the percentage of female parents in couples had a university degree in 2011?,[33.0],"```python
# Data from the table
percentage_university_degree_female_couples_2011 = 20

# Print the result
print(f""Final Answer: {percentage_university_degree_female_couples_2011}"")

# Done
```"
352,how much did the proportion of female parents in couples that had a university degree increase from 1991 to 2011?,[18.0],"```python
# Data from the table
percentage_uni_degree_1991 = 9
percentage_uni_degree_2011 = 20

# Calculate the difference
increase_in_percentage = percentage_uni_degree_2011 - percentage_uni_degree_1991

# Print the result
print(f""Final Answer : {increase_in_percentage}"")

# Done
```"
353,what was the percentage of female apprenticeship certificate holders who worked full time and full year that was in personal and culinary services?,[35.0],"```python
# Data from the table
percentage_female_personal_culinary = 35  # Percentage of female apprenticeship certificate holders in personal and culinary services

# Print the result
print(f""Final Answer: {percentage_female_personal_culinary}%"")

# Done
```"
354,what was the annual median employment income for female apprenticeship certificate holders who worked full time and full years that was in personal and culinary services?,[30898.0],"```python
# Data from the table
median_income_female_personal_culinary = 30898

# Print the result
print(f""Final Answer: ${median_income_female_personal_culinary}"")

# Done
```"
355,what was the annual median employment income for male apprenticeship certificate holders who worked full time and full years that was in mechanic and repair technologies?,[61526.0],"```python
# Data from the table
median_mechanic_income = 61526  # Median income for mechanic and repair technologies field for male employees

# Print the result
print(f""Final Answer: ${median_mechanic_income}"")

# Done
```"
356,what was the percentage of male apprenticeship certificate holders who worked full time and full year that was in mechanic and repair technologies?,[34.0],"```python
# Data from the table
percentage_mechanic_male = 34  # Percentage of male apprenticeship certificate holders in mechanic and repair technologies

# Print the result
print(f""Final Answer: {percentage_mechanic_male}%"")

# Done
```"
357,how many yards did michael bishop finish by playing two seasons?,[4401.0],"```python
# Data from the table
yards_1997 = 566
yards_1998 = 748

# Calculate the total yards for playing two seasons
total_yards = yards_1997 + yards_1998

# Print the result
print(f""Final Answer: {total_yards}"")

# Done
```"
358,how many touchdown passes did michael bishop finish by playing two seasons?,[36.0],"```python
# Data from the table
touchdown_passes_season1 = 13  # Touchdown passes in season 1
touchdown_passes_season2 = 23  # Touchdown passes in season 2

# Calculate the total touchdown passes for two seasons
total_touchdown_passes = touchdown_passes_season1 + touchdown_passes_season2

# Print the result
print(f""Final Answer: {total_touchdown_passes}"")

# Done
```"
359,"in the 1897-98 season, which division did jack eccles play for stoke?",['first division'],"```python
# Define the data from the table
division_1897_98 = ""first division""  # Division Jack Eccles played in the 1897-98 season for Stoke

# Print the result
print(f""Jack Eccles played in the {division_1897_98} division for Stoke in the 1897-98 season."")

# Done
```"
360,"in 2015, which league did gonzalez play of villa mitre?",['torneo federal b'],"```python
# Data from the table
league_villa_mitre_2015 = ""torneo federal b""  # League played by Gonzalez in 2015 for Villa Mitre

# Print the result
print(f""Final Answer: Gonzalez played in the league '{league_villa_mitre_2015}' for Villa Mitre in 2015"")

# Done
```"
361,"among all the provinces, which province has the largest revision between the previously-published rate and the revised growth rate in 2015?",['new brunswick'],"```python
# Data from the table
revisions_2015 = {
    ""newfoundland and labrador"": (-1.50, -1.08),
    ""prince edward island"": (1.51, 1.40),
    ""nova scotia"": (1.16, 0.76),
    ""new brunswick"": (2.30, 0.79),
    ""quebec"": (1.01, 0.96),
    ""ontario"": (2.78, 2.65),
    ""manitoba"": (1.36, 1.37),
    ""saskatchewan"": (-1.24, -0.76),
    ""alberta"": (-3.93, -3.49),
    ""british columbia"": (3.25, 2.32),
    ""yukon"": (-7.94, -7.60),
    ""northwest territories"": (1.24, 1.02),
    ""nunavut"": (-0.66, -0.41)
}

# Find the province with the largest revision in 2015
largest_revision_province = max(revisions_2015, key=lambda x: revisions_2015[x][0] - revisions_2015[x][1])

# Print the result
print(f""Province with the largest revision in 2015: {largest_revision_province}"")

# Done
```"
362,"among all the provinces, which provinces has the top two largest revision between the previously-published rate and the revised growth rate in 2016?","['prince edward island', 'nova scotia']","```python
# Data from the table
revisions_2016 = {
    ""newfoundland and labrador"": 1.72,
    ""prince edward island"": 2.19,
    ""nova scotia"": 1.05,
    ""new brunswick"": 1.20,
    ""quebec"": 1.53,
    ""ontario"": 2.62,
    ""manitoba"": 2.12,
    ""saskatchewan"": -0.45,
    ""alberta"": -3.60,
    ""british columbia"": 3.59,
    ""yukon"": 8.29,
    ""northwest territories"": 0.83,
    ""nunavut"": 1.90
}

# Sort the dictionary by values and take the top 2 largest revisions
top_two_provinces = sorted(revisions_2016.items(), key=lambda x: x[1], reverse=True)[:2]

# Extract province names
top_province_1 = top_two_provinces[0][0]
top_province_2 = top_two_provinces[1][0]

# Print the result
print(f""Provinces with the top two largest revisions in 2016 are: {top_province_1} and {top_province_2}"")

# Done
```"
363,"among all the provinces, which province has the largest downward revision between previously-published rate and the revised growth rate in 2017?",['newfoundland and labrador'],"```python
# Data from the table
downward_revisions_2017 = {
    'newfoundland and labrador': -1.08,
    'prince edward island': 1.68,
    'nova scotia': 1.52,
    'new brunswick': 1.39,
    'quebec': 1.46,
    'ontario': 2.45,
    'manitoba': 1.67,
    'saskatchewan': -0.26,
    'alberta': -4.06,
    'british columbia': 3.36,
    'yukon': 7.00,
    'northwest territories': 1.27,
    'nunavut': 3.46
}

# Find the province with the largest downward revision in 2017
province_max_downward_revision = max(downward_revisions_2017, key=downward_revisions_2017.get)

# Print the result
print(f""Province with the largest downward revision in 2017: {province_max_downward_revision}"")

# Done
```"
364,"among the provinces, the previously-published growth rate of which province changed signs in 2017?",['yukon'],"```python
# Data from the table
province_growths_2017 = {
    ""newfoundland and labrador"": (2.10, 0.88),
    ""prince edward island"": (3.17, 3.45),
    ""nova scotia"": (1.22, 1.49),
    ""new brunswick"": (1.95, 1.99),
    ""quebec"": (3.08, 2.90),
    ""ontario"": (2.79, 2.77),
    ""manitoba"": (2.91, 3.13),
    ""saskatchewan"": (2.86, 2.29),
    ""alberta"": (4.85, 4.59),
    ""british columbia"": (3.94, 4.01),
    ""yukon"": (-1.44, 2.90),
    ""northwest territories"": (5.25, 3.88),
    ""nunavut"": (13.33, 10.31)
}

# Find the province where the growth rate changed signs in 2017
provinces_with_sign_change = []
for province, growth_rates in province_growths_2017.items():
    if growth_rates[0] * growth_rates[1] < 0:
        provinces_with_sign_change.append(province)

# Print the result
print(f""The previously-published growth rate of the province that changed signs in 2017: {', '.join(provinces_with_sign_change)}"")

# Done
```
"
365,"for workers in the top 1%,who were less likely to work 40 to 49 hours?",['women'],"```python
# Data from the table
men_top1_40to49 = 42.5  # Men in the top 1% working 40 to 49 hours
women_top1_40to49 = 40.2  # Women in the top 1% working 40 to 49 hours

# Calculate which gender was less likely to work 40 to 49 hours in the top 1%
if men_top1_40to49 < women_top1_40to49:
    less_likely_gender = ""men""
else:
    less_likely_gender = ""women""

# Print the result
print(f""Final Answer: Workers in the top 1% who were less likely to work 40 to 49 hours were {less_likely_gender}"")

# Done
```  "
366,"for workers in the top 1%,what were the percentages of women spent over 50 hours on paid work in the week prior to census day and their male counterparts respectively?","[33.8, 41.6]","```python
# Data from the table
women_top1_percent_over50_hours = 5.4
men_top1_percent_over50_hours = 41.6

# Print the result
print(f""Percentage of women in top 1% who spent over 50 hours on paid work: {women_top1_percent_over50_hours} %"")
print(f""Percentage of men in top 1% who spent over 50 hours on paid work: {men_top1_percent_over50_hours} %"")

# Done
```"
367,"for core-aged workers in the top 1%,what were the percentages of women spent over 50 hours on paid work in the week prior to census day and their male counterparts respectively?","[35.7, 46.3]","```python
# Data from the table
women_top1_percent_over50 = 7.6
men_top1_percent_over50 = 3.1

# Print the percentages for both women and men
print(f""Percentage of women in the top 1% who spent over 50 hours on paid work: {women_top1_percent_over50}%"")
print(f""Percentage of men in the top 1% who spent over 50 hours on paid work: {men_top1_percent_over50}%"")

# Done
```"
368,"what were the percentages of sexual assaults (levels 1, 2, and 3) reported to police classified as unfounded in 2017 and 2016 respectively?","[13.6, 18.7]","```python
# Data from the table
unfounded_2016 = 4978
total_reported_2016 = 26557

unfounded_2017 = 3879
total_reported_2017 = 28551

# Calculate the percentages
percentage_unfounded_2016 = (unfounded_2016 / total_reported_2016) * 100
percentage_unfounded_2017 = (unfounded_2017 / total_reported_2017) * 100

# Print the results
print(f""Percentages of sexual assaults reported as unfounded in 2016: {percentage_unfounded_2016}%"")
print(f""Percentages of sexual assaults reported as unfounded in 2017: {percentage_unfounded_2017}%"")

# Done
```  "
369,what was the number of incidents of sexual assault (including founded and unfounded) reported to the police in 2017?,[28551.0],"```python
# Data from the table
incidents_2017 = 28551
unfounded_2017 = 3879

# Calculate the number of incidents reported to the police in 2017 (including founded and unfounded)
incidents_reported_2017 = incidents_2017 + unfounded_2017

# Print the result
print(f""Number of incidents reported to the police in 2017: {incidents_reported_2017}"")

# Done
```"
370,what was the percent change of the number of founded incidents from 2016?,[0.125365],"```python
# Data from the table
founded_incidents_2016 = 21579
founded_incidents_2017 = 24672

# Calculate percent change
percent_change = ((founded_incidents_2017 - founded_incidents_2016) / founded_incidents_2016) * 100

# Print the result
print(f""Percent change of founded incidents in 2017 from 2016: {percent_change:.2f}%"")

# Done
```"
371,what was the percent change of the number of cleared incidents from 2016?,[2.9],"```python
# Data from the table
cleared_incidents_2016 = 12109
cleared_incidents_2017 = 13125

# Calculate the percent change
percent_change = ((cleared_incidents_2017 - cleared_incidents_2016) / cleared_incidents_2016) * 100

# Print the result
print(f""Percent Change of Cleared Incidents from 2016: {percent_change:.2f}%"")

# Done
```"
372,which album had performed a sigle negasonic teenage warhead in 1995?,['dopes to infinity'],"```python
# Data from the table
album_1995 = ""dopes to infinity""

# Print the result
print(f""Final Answer: {album_1995}"")

# Done
```"
373,what is the proportion of non-vaccinated persons among adults aged 18 to 64 years with no cmc?,[77.8],"```python
# Data from the table
proportion_unvaccinated_18_to_24 = 86.7
proportion_unvaccinated_25_to_44 = 80.2
proportion_unvaccinated_45_to_64 = 71.7

# Calculate the overall proportion of non-vaccinated persons among adults aged 18 to 64
overall_proportion_unvaccinated = (proportion_unvaccinated_18_to_24 + proportion_unvaccinated_25_to_44 + proportion_unvaccinated_45_to_64) / 3

# Print the result
print(f""Proportion of non-vaccinated persons among adults aged 18 to 64 years with no cmc: {overall_proportion_unvaccinated}%"")

# Done
```"
374,how many seasons did karim ziani spend on playing for troyes in ligue 1?,[2],"```python
# Data from the table
karim_ziani_seasons_ligue1_troyes = 2

# Print the result
print(f""Final Answer: {karim_ziani_seasons_ligue1_troyes}"")

# Done
```"
375,how many respondents do the immigrant and npr frames comprise respectively?,"[2548, 1470]","```python
# Data from the table
respondents_immigrants = 1900
respondents_npr = 670

# Print the result
print(f""Number of respondents for immigrants frame: {respondents_immigrants}"")
print(f""Number of respondents for non-permanent residents frame: {respondents_npr}"")

# Done
```"
376,how many immigrants and nprs were classified as enumerated or missed?,"[2548, 1900, 1470, 670]","```python
# Data from the table
immigrants_enumerated_missed = 1900
nprs_enumerated_missed = 670

# Calculate the total number of immigrants and nprs classified as enumerated or missed
total_immigrants_nprs_enumerated_missed = immigrants_enumerated_missed + nprs_enumerated_missed

# Print the result
print(f""Final Answer: {total_immigrants_nprs_enumerated_missed}"")

# Done
```"
377,"who were significantly more likely to be missed, respondents aged 20 to 24 years or those aged 30 to 34?",['20 to 24 years'],"```python
# Data from the table
odds_ratio_20_24_years = 2.14
odds_ratio_30_34_years = 1.00

# Comparing the odds ratios
if odds_ratio_20_24_years > odds_ratio_30_34_years:
    print(""Respondents aged 20 to 24 years were significantly more likely to be missed."")
else:
    print(""Respondents aged 30 to 34 years were significantly more likely to be missed."")

# Done
```"
378,"who were significantly more likely to be missed, respondents aged 25 to 29 years or those aged 30 to 34?",['25 to 29 years'],"```python
# Data from the table
odds_ratio_25_to_29 = 2.08
odds_ratio_30_to_34 = 1.00

# Check the likelihood of being missed
if odds_ratio_25_to_29 > odds_ratio_30_to_34:
    print(""Respondents aged 25 to 29 years were significantly more likely to be missed."")
else:
    print(""Respondents aged 30 to 34 years were significantly more likely to be missed."")

# Done
```"
379,"who were more likely to be missed, nprs who were granted temporary residence status in canada less than one year or at least two years before census day?","['0 to 6 months', '6 to 12 months']","```python
# Data from the table
less_than_one_year = 1.78
at_least_two_years = 1.00

# Compare the odds ratios for the two groups
if less_than_one_year > at_least_two_years:
    likely_group = ""nprs who were granted temporary residence status in Canada less than one year""
    difference = less_than_one_year - at_least_two_years
else:
    likely_group = ""nprs who were granted temporary residence status in Canada at least two years""
    difference = at_least_two_years - less_than_one_year

# Print the result
print(f""The group more likely to be missed are {likely_group} with a difference of {difference} in odds ratios."")

# Done
```"
380,"who were less likely to be missed, nprs whose temporary residence permit was their first permit or nprs who had obtained other permits in the past?",['yes'],"```python
# Data from the table
odds_first_permit = 1.19
odds_other_permits = 0.78

# Compare the odds ratio for being missed between first permit and other permits
if odds_first_permit < odds_other_permits:
    print(""Final Answer: nprs whose temporary residence permit was their first permit were less likely to be missed."")
else:
    print(""Final Answer: nprs who had obtained other permits in the past were less likely to be missed."")

# Done
```"
381,"in the 2001 season, which league did garcia join in categoria for america de cali?",['categoria primera a'],"```python
# Data from the table
club = ""america de cali""
season = ""2001""

# Extract the league for the specific season and club
# Assume the data needs further parsing and extracting, for example:
league = ""categoria primera a""

# Print the result
print(f""Final Answer: Garcia joined the league '{league}' for America de Cali in the {season} season"")

# Done
```"
382,list the province with the highest infant mortality in 2013.,['nvt'],"```python
# Data from the table
infant_mortality_2013 = {
    ""n.l"": 29,
    ""p.e.i"": 3,
    ""n.s"": 29,
    ""n.b"": 33,
    ""que"": 438,
    ""ont"": 681,
    ""man"": 93,
    ""sask"": 111,
    ""alta"": 285,
    ""b.c"": 161,
    ""y.t"": 1,
    ""n.w.t"": 5,
    ""nvt"": 15,
    ""unknown"": 0,
    ""canada"": 1884
}

# Find province with highest infant mortality in 2013
province_highest_mortality = max(infant_mortality_2013, key=infant_mortality_2013.get)

# Print the result
print(f""Province with highest infant mortality in 2013: {province_highest_mortality}"")

# Done
```"
383,what was the infant mortality in british columbia in 2013?,[3.7],"```python
# Data from the table
infant_mortality_british_columbia_2013 = 183  # Number per 1,000

# Print the result
print(f""Infant Mortality in British Columbia in 2013: {infant_mortality_british_columbia_2013} per 1,000"")

# Done
```"
384,"in 2015, how many yards did jacoby brissett pass for?",[2662.0],"```python
# Data from the table
passing_yards_2015 = 2662

# Print the result
print(f""Final Answer: {passing_yards_2015}"")
# Done
```"
385,"in 2015, how many touchdowns did jacoby brissett pass for?",[20.0],"```python
# Data from the table
td_2015_jacoby = 20  # Touchdowns in 2015 for Jacoby Brissett

# Print the result
print(f""Final Answer: {td_2015_jacoby}"")

# Done
```  "
386,"in 2015, how many interceptions did jacoby brissett pass for?",[6.0],"```python
# Data from the table
interceptions_2015 = 6

# Print the result
print(f""Final Answer : {interceptions_2015}"")

# Done
```"
387,list the province with the lowest rate of sexual violations against children in rural areas in 2017.,['p.e.i'],"```python
# Data from the table
rates_sexual_violations_children = {
    'n.l': 27,
    'p.e.i':21,
    'n.s':30,
    'n.b':24,
    'que':44,
    'ont':30,
    'man':55,
    'sask':58,
    'alta':35,
    'b.c':32
}

# Find the province with the lowest rate of sexual violations against children
province_lowest_rate = min(rates_sexual_violations_children, key=rates_sexual_violations_children.get)

# Print the result
print(f""Province with the lowest rate of sexual violations against children: {province_lowest_rate}"")

# Done
```"
388,"what were the numbers of medium-sized firms in the private sector according to the one-year methodology,according to the three-year average methodology and when the two-out-of-three-years condition is imposed respectively?","[65659.0, 63894.0, 61630.0]","```python
# Data from the table
medium_sized_one_year = 65659
medium_sized_three_year_average = 63894
medium_sized_two_out_of_three = 6130

# Print the results
print(f""Number of medium-sized firms according to one-year methodology: {medium_sized_one_year}"")
print(f""Number of medium-sized firms according to three-year average methodology: {medium_sized_three_year_average}"")
print(f""Number of medium-sized firms when the two-out-of-three-years condition is imposed: {medium_sized_two_out_of_three}"")

# Done
```"
389,what was the percentage of firms identified as having become large employed at least 500 workers in at least two out of the three years with the one-year method?,[80.4],"```python
# Data from the table
methodology_1_large_2000 = 1.4  # Percentage of firms identified as having become large in 2000
methodology_1_large_2001 = 1.9  # Percentage of firms identified as having become large in 2001
methodology_1_large_2002 = 2.3  # Percentage of firms identified as having become large in 2002

# Calculate the percentage of firms identified as having become large employed at least 500 workers in at least two out of the three years with the one-year method
large_in_two_years = methodology_1_large_2000 + methodology_1_large_2001 + methodology_1_large_2002

# Print the result
print(f""Final Answer: {large_in_two_years}"")

# Done
```"
390,what was the percentage of firms identified as having become small employed fewer than 100 workers for at least two out of the three post-transition years?,[77.8],"```python
# Data from the table
percent_firms_small_method3 = 14.4  # Percentage of firms identified as having become small in methodology 3
percent_firms_small_method4 = 12.5  # Percentage of firms identified as having become small in methodology 4

# Calculate the percentage of firms employed fewer than 100 workers for at least two out of the three post-transition years
percentage_firms_less_than_100_workers = max(percent_firms_small_method3, percent_firms_small_method4)

# Print the result
print(f""Final Answer: {percentage_firms_less_than_100_workers}"")

# Done
```"
391,what was the percentage of firms that become large in the third and fourth productivity quartiles one year prior to the transition?,[69.4],"```python
# Data from the table
percentage_become_large_t_minus_1_third = 27.1
percentage_become_large_t_minus_1_fourth = 39.9

# Calculate the average percentage of firms that became large in third and fourth quartiles
average_percentage_become_large = (percentage_become_large_t_minus_1_third + percentage_become_large_t_minus_1_fourth) / 2

# Print the result
print(f""Final Answer: {average_percentage_become_large}"")

# Done
```"
392,what was the percentage of firms that become large in the third and fourth productivity quartiles in year t-5 ?,[67],"```python
# Data from the table
percent_become_large_q3_t_minus_5 = 27.1  # percentage of firms that become large in the third productivity quartile in year t-5
percent_become_large_q4_t_minus_5 = 39.9  # percentage of firms that become large in the fourth productivity quartile in year t-5

# Calculate the percentage of firms that become large in the third and fourth quartiles in year t-5
total_percent_become_large_t_minus_5 = percent_become_large_q3_t_minus_5 + percent_become_large_q4_t_minus_5

# Print the result
print(f""Final Answer: {total_percent_become_large_t_minus_5}"")

# Done
```"
393,what was the percentage of medium-sized firms with workers in solely one province or territory throughout the entire six-year period?,[64.2],"```python
#Python
# Data from the table
medium_sized_one_province = [64.2, 63.7, 62.9, 62.2, 61.9, 62.1]  # percentages for six years

# Check if the percentage remained constant throughout the period
if all(x == medium_sized_one_province[0] for x in medium_sized_one_province):
    percentage_one_province_entire_period = medium_sized_one_province[0]
    print(f""Final Answer: {percentage_one_province_entire_period}"")
else:
    print(""The percentage of medium-sized firms with workers in solely one province or territory varied over the six-year period."")

# Done
```"
394,what was the percentage of firms that become large with workers in multiple provinces or territories as early as five years prior to the transition?,[59.3],"```python
# Data from the table
percent_firms_large_mult_provinces_t_5 = 40.2  # Percentage of firms that become large with workers in three or more provinces/territories five years prior

# Print the result
print(f""Final Answer: {percent_firms_large_mult_provinces_t_5}"")

# Done
```"
395,what was the percentage of firms that become large with workers in multiple provinces or territories in transition year t?,[68],"```python
# Data from the table
percentage_large_firms_multiple_provinces_t = 17.1  # Percentage of large firms with workers in two provinces or territories in transition year t

# Print the result
print(f""Final Answer: {percentage_large_firms_multiple_provinces_t}"")

# Done
```"
396,what is the average number of children aged 0 to 14 among syrian couples with children?,[2.8],"```python
# Data from the table
average_children_syria = 2.8

# Print the result
print(f""Average number of children aged 0 to 14 among Syrian couples with children: {average_children_syria}"")

# Done
```"
397,what is the average number of children aged 0 to 14 among couples with children from all the other countreis?,[2.2],"```python
# Data from the table
average_children_other_countries = 2.2

# Print the result
print(f""Final Answer: {average_children_other_countries}"")

# Done
```"
398,what is the average number of chilren aged 0 to 14 among congolese couples with children?,[3.0],"```python
# Data from the table
average_children_congolese = 3.0

# Print the result
print(f""Final Answer: {average_children_congolese}"")

# Done
```"
399,which source country had a higher average number of children aged 0 to 14 among couples with children?,['democratic republic of the congo'],"```python
# Data from the table
average_children_syria = 2.8
average_children_iraq = 2.0
average_children_afghanistan = 2.4
average_children_eritrea = 2.2
average_children_congo = 3.0

# Find the country with the highest average number of children aged 0 to 14 among couples with children
countries_children = {
    ""Syria"": average_children_syria,
    ""Iraq"": average_children_iraq,
    ""Afghanistan"": average_children_afghanistan,
    ""Eritrea"": average_children_eritrea,
    ""Democratic Republic of the Congo"": average_children_congo
}

country_highest_children = max(countries_children, key=countries_children.get)

# Print the result
print(f""Country with the higher average number of children aged 0 to 14 among couples with children: {country_highest_children}"")

# Done
```"
400,"in 2012, how many percent of canadians aged 15 or older met all three criteria for past 12-month gad?",[2.6],"```python
# Data from the table
percentage_threshold_gad = 2.6
percentage_subthreshold_gad = 2.3
percentage_mood_disorder_past = 27.2

# Calculate the percentage meeting all three criteria
percentage_all_criteria = percentage_threshold_gad * percentage_subthreshold_gad * percentage_mood_disorder_past / 100

# Print the result
print(f""Final Answer: {percentage_all_criteria}"")

# Done
```"
401,"in 2012, how many canadians aged 15 or older met all three criteria for past 12-month gad?",[721.7],"```python
# Data from the table
number_threshold_gad = 721.7  # Number of Canadians with threshold GAD
percentage_threshold_gad = 2.6  # Percentage of Canadians with threshold GAD
number_subthreshold_gad = 654.7  # Number of Canadians with subthreshold GAD
percentage_subthreshold_gad = 2.3  # Percentage of Canadians with subthreshold GAD

# Calculate the total number who met all three criteria for past 12-month GAD
# Formula: Total number = (Number with threshold GAD * Percentage with threshold GAD) + (Number with subthreshold GAD * Percentage with subthreshold GAD)
total_number_criteria_met = (number_threshold_gad * (percentage_threshold_gad / 100)) + (number_subthreshold_gad * (percentage_subthreshold_gad / 100))

# Print the result
print(f""Final Answer: {total_number_criteria_met} '000 Canadians"")

# Done
```"
402,what is the percentage of syrian refugees who were admitted in 2016 in the atlantic provinces?,[93.4],"```python
# Data from the table
syrian_refugees_admitted_2015 = 6.6  # Proportion of Syrian refugees admitted in 2015 in the Atlantic provinces
syrian_refugees_admitted_2016 = 100 - syrian_refugees_admitted_2015  # Calculate the proportion admitted in 2016

# Print the result
print(f""Percentage of Syrian refugees admitted in 2016 in the Atlantic provinces: {syrian_refugees_admitted_2016} %"")

# Done
```"
403,what is the percentage of syrian refugees who were admitted in 2015 in the cma of montreal?,[46.5],"```python
# Data from the table
syrian_refugees_admitted_2015_montreal = 46.5  # Percentage of Syrian refugees admitted in 2015 in Montreal CMA

# Print the result
print(f""Final Answer: {syrian_refugees_admitted_2015_montreal}%"")

# Done
```"
404,what is the percentage of syrian refugees who were admitted in 2016?,[94.7],"```python
# Data from the table
total_syrian_refugees = 25035
total_refugees_admitted_in_2015 = 0.287

# Calculate the proportion of syrian refugees admitted in 2016
proportion_admitted_in_2016 = 1 - total_refugees_admitted_in_2015

# Convert proportion to percentage
percentage_admitted_in_2016 = proportion_admitted_in_2016 * 100

# Print the result
print(f""Final Answer: {percentage_admitted_in_2016}%"")

# Done
```"
405,what is the percentage of syrian refugees admitted in 2015 in the rest of ontario and the british columbia?,[28.7],"```python
# Data from the table
percentage_syrian_refugees_admitted_in_2015_rest_of_ontario = 27.5
percentage_syrian_refugees_admitted_in_2015_british_columbia = 29.4

# Calculate the sum of percentages for both regions
total_percentage_syrian_refugees_admitted_in_2015 = percentage_syrian_refugees_admitted_in_2015_rest_of_ontario + percentage_syrian_refugees_admitted_in_2015_british_columbia

# Print the result
print(f""Final Answer: {total_percentage_syrian_refugees_admitted_in_2015}%"")

# Done
```"
406,which country had the second highest ratios of listings to dwellings?,"['prince edward island', 'yukon']","```python
# Data from the table
ratios_of_listings_to_dwellings = {
    ""newfoundland and labrador"": 0.4,
    ""prince edward island"": 1.4,
    ""nova scotia"": 0.6,
    ""new brunswick"": 0.3,
    ""quebec"": 1.2,
    ""ontario"": 0.8,
    ""manitoba"": 0.2,
    ""saskatchewan"": 0.2,
    ""alberta"": 0.5,
    ""british columbia"": 1.7,
    ""yukon"": 1.4,
    ""northwest territories"": 0.8,
    ""nunavut"": 0.2
}

# Sort the dictionary by values in descending order
sorted_ratios = dict(sorted(ratios_of_listings_to_dwellings.items(), key=lambda item: item[1], reverse=True))

# Get the country with the second-highest ratio
second_highest_country = list(sorted_ratios.keys())[1]

# Print the result
print(f""Final Answer: {second_highest_country}"")

# Done
```"
407,which country had the highest daily revenue per available listing and the highest daily revenue per hotel room?,['british columbia'],"```python
# Data from the table
data = {
    ""canada"": {""revenue_per_listing"": 37.20, ""revenue_per_room"": 94.82},
    ""newfoundland and labrador"": {""revenue_per_listing"": 25.77, ""revenue_per_room"": 90.45},
    ""prince edward island"": {""revenue_per_listing"": 49.06, ""revenue_per_room"": 77.43},
    ""nova scotia"": {""revenue_per_listing"": 40.97, ""revenue_per_room"": 84.36},
    ""new brunswick"": {""revenue_per_listing"": 26.26, ""revenue_per_room"": 66.36},
    ""quebec"": {""revenue_per_listing"": 31.16, ""revenue_per_room"": 108.34},
    ""ontario"": {""revenue_per_listing"": 36.61, ""revenue_per_room"": 98.79},
    ""manitoba"": {""revenue_per_listing"": 17.78, ""revenue_per_room"": 76.63},
    ""saskatchewan"": {""revenue_per_listing"": 14.36, ""revenue_per_room"": 67.67},
    ""alberta"": {""revenue_per_listing"": 23.83, ""revenue_per_room"": 68.81},
    ""british columbia"": {""revenue_per_listing"": 50.55, ""revenue_per_room"": 111.45},
    ""yukon"": {""revenue_per_listing"": 25.32, ""revenue_per_room"": None},
    ""northwest territories"": {""revenue_per_listing"": 41.06, ""revenue_per_room"": None},
    ""nunavut"": {""revenue_per_listing"": 12.34, ""revenue_per_room"": None}
}

# Find the country with the highest daily revenue per available listing
max_revenue_per_listing_country = max(data, key=lambda x: data[x][""revenue_per_listing""])

# Find the country with the highest daily revenue per available room
max_revenue_per_room_country = max(data, key=lambda x: data[x][""revenue_per_room""])

# Print the results
print(f""Country with the highest daily revenue per available listing: {max_revenue_per_listing_country}"")
print(f""Country with the highest daily revenue per available room: {max_revenue_per_room_country}"")

# Done
```
"
408,which country had the lowest daily revenue per available room?,['nunavut'],"```python
# Data from the table
revenue_per_room = {
    ""newfoundland and labrador"": 90.45,
    ""prince edward island"": 77.43,
    ""nova scotia"": 84.36,
    ""new brunswick"": 66.36,
    ""quebec"": 108.34,
    ""ontario"": 98.79,
    ""manitoba"": 76.63,
    ""saskatchewan"": 67.67,
    ""alberta"": 68.81,
    ""british columbia"": 111.45,
    ""yukon"": float('nan'),  # NaN represents missing data
    ""northwest territories"": float('nan'),
    ""nunavut"": float('nan')
}

# Find the country with the lowest daily revenue per available room
lowest_revenue_country = min(revenue_per_room, key=revenue_per_room.get)

# Print the result
print(f""Country with lowest daily revenue per available room: {lowest_revenue_country}"")

# Done
```"
409,"in 2011, how many receptions did michael crabtree finish with?",[72.0],"```python
# Data from the table
receptions_2011 = 72

# Print the result
print(f""Final Answer: {receptions_2011}"")

# Done
```"
410,"in 2011, how many receiving yards did michael crabtree finish with?",[874.0],"```python
# Data from the table
receiving_yards_2011 = 874

# Print the result
print(f""Final Answer: {receiving_yards_2011} receiving yards in 2011"")

# Done
```"
411,"in 1997, how many yards did davis record?",[1750.0],"```python
# Data from the table for the year 1997
yards_1997 = 1750

# Print the result
print(f""Final Answer: Terrell Davis recorded {yards_1997} yards in 1997"")

# Done
```"
412,"in 1997, how many rushing touchdowns did davis record?",[15.0],"```python
# Data from the table
rushing_touchdowns_1997 = 15

# Print the result
print(f""Final Answer: {rushing_touchdowns_1997}"")

# Done
```"
413,"in 2014-15 iran pro league, where did milad jalali make his debut for?",['pro league'],"```python
# Data from the table
club = ""malavan""
division = ""pro league""
season = ""2014-15""

# Answer the question
if season == ""2014-15"" and division == ""pro league"":
    debut_club = club
else:
    debut_club = ""N/A""

# Print the result
print(f""Final Answer: Milad Jalali made his debut for {debut_club} in the 2014-15 Iran Pro League"")

# Done
```"
414,"in 2009, which club did bergin play in the national league division 2?",['offaly'],"```python
# Data from the table
team = ""offaly""
year = 2009
national_league_division = ""division 2""

# Print the result
print(f""In {year}, Bergin played for {team} in the National League {national_league_division}"")

# Done
```"
415,"in 2014/2015, what is the number of cases completed in adult criminal court?",[328028.0],"```python
# Data from the table
cases_2014_2015 = 328028  # Number of cases completed in 2014/2015

# Print the result
print(f""Final Answer: {cases_2014_2015}"")

# Done
```"
416,"in 2014/2015, what is the number of charges related to criminal code and other federal statute offences?",[992635.0],"```python
# Data from the table
charges_2014_2015 = 992635


# Print the result
print(f""Number of charges in 2014/2015: {charges_2014_2015}"")

# Done
```"
417,how many percentage points was the low-income rate for women aged between 65 and 69 years old without transfers?,[48.8],"```python
# Data from the table
percent_female_without_transfers_65_to_69 = 48.8
percent_male_without_transfers_65_to_69 = 39.8

# Calculate the percentage points difference for women aged between 65 and 69 without transfers
difference_percentage_points = percent_female_without_transfers_65_to_69 - percent_male_without_transfers_65_to_69

# Print the result
print(f""Final Answer: {difference_percentage_points}"")

# Done
```"
418,how many percentage points was the low-income rate for women aged between 65 and 69 years old with transfers?,[12.7],"```python
# Data from the table
female_65_69_with_transfers = 12.7

# Print the result
print(f""Final Answer: {female_65_69_with_transfers}"")

# Done
```"
419,how many percentage points was the low-income rate for women aged 85 years and older without transfers?,[67.4],"```python
# Data from the table
low_income_rate_women_85_no_transfers = 67.4

# Print the result
print(f""Final Answer: {low_income_rate_women_85_no_transfers} percentage points"")

# Done
```"
420,how many percentage points was the low-income rate for women aged 85 years and older with transfers?,[24.5],"```python
# Data from the table
percent_women_85_with_transfers = 24.5

# Print the result
print(f""Final Answer: {percent_women_85_with_transfers}"")

# Done
```"
421,how many percentage points did primary donors live in a household in the highest income quintile in 2013?,[30.0],"```python
# Data from the table
percentage_primary_donors = 46
percentage_highest_income_quintile = 30

# Calculate the percentage points
percentage_points_highest_income_quintile = percentage_primary_donors - percentage_highest_income_quintile

# Print the result
print(f""Final Answer: {percentage_points_highest_income_quintile}"")

# Done
```"
422,how many percentage points did other donors live in a household in the highest income quintile in 2013?,[20.0],"```python
# Data from the table
percentage_other_donors = 100
percentage_highest_income_quintile = 30

# Calculate the percentage points
percentage_points = percentage_other_donors - percentage_highest_income_quintile

# Print the result
print(f""Final Answer: {percentage_points}"")

# Done
```"
423,how many percentage points did non-donors live in a household in the highest income quintile in 2013?,[14.0],"```python
# Data from the table
percentage_non_donors_highest_income = 14

# Print the result
print(f""Final Answer: {percentage_non_donors_highest_income}"") 

# Done
```"
424,how many percentage points were 55 years of age and older among primary donors in 2013?,[51.0],"```python
# Data from the table
percentage_primary_donors_55_and_older = 51  # Percentage of individuals aged 55 years and older among primary donors

# Print the result
print(f""Final Answer: {percentage_primary_donors_55_and_older} percentage points were 55 years of age and older among primary donors in 2013"")

# Done
```"
425,how many percentage points were 55 years of age and older among other donors in 2013?,[34.0],"```python
# Data from the table
percentage_other_donors = 100
percentage_55_and_older_as_other_donors = 34

# Calculate the percentage points
percentage_points_55_and_older_as_other_donors = percentage_55_and_older_as_other_donors

# Print the result
print(f""Final Answer: {percentage_points_55_and_older_as_other_donors}"")

# Done
```"
426,how many percentage points were 55 years of age and older among non-donors in 2013?,[26.0],"```python
# Data from the table
percentage_55_and_older = 51
percentage_non_donors = 100

# Calculate the percentage points
percentage_points_55_and_older_non_donors = percentage_55_and_older

# Print the result
print(f""Final Answer: {percentage_points_55_and_older_non_donors}"")

# Done
```"
427,how many percentage points had primary donors participated in religious activities at least once a week?,[54.0],"```python
# Data from the table
percentage_primary_donors = 54  # Percentage of primary donors
percentage_non_religious_primary_donors = 46  # Percentage of primary donors who do not participate in religious activities at least once a week

# Calculate the difference in participation for primary donors
percentage_points_religious_participation = percentage_primary_donors - percentage_non_religious_primary_donors

# Print the result
print(f""Final Answer: {percentage_points_religious_participation}"")

# Done
```"
428,how many percentage points had other donors participated in religious activities at least once a week?,[14.0],"```python
# Data from the table
percentage_participation_religious_primary_donors = 54
percentage_participation_religious_other_donors = 14

# Calculate the percentage points of participation of other donors in religious activities
percentage_points_other_donors = percentage_participation_religious_other_donors

# Print the result
print(f""Final Answer: {percentage_points_other_donors}"")

# Done
```"
429,how many percentage points had non-donors participated in religious activities at least once a week?,[8.0],"```python
# Data from the table
percentage_non_donors = 100  # Percentage of non-donors
percentage_participate_weekly_non_donors = 8  # Percentage of non-donors who participate in religious activities at least once a week

# Calculate the percentage points
percentage_points_participation = percentage_participate_weekly_non_donors

# Print the result
print(f""Final Answer: {percentage_points_participation} percentage points"")

# Done
```"
430,how many millions of dollars did religious organizations receive in donations in 2013?,[5228.0],"```python
# Data from the table
amount_religious_organizations = 5228  # Amount in millions of dollars

# Print the result
print(f""Final Answer: {amount_religious_organizations} million dollars"")

# Done
```"
431,how many percentage points does donation religious organizations received represent among the total donations made by canadians in 2013?,[41.0],"```python
#Python
# Data from the table
total_percentage_donations = 100  # Total percentage of donations
percentage_religious_organizations = 41  # Percentage of donations received by religious organizations

# Calculate the percentage points representation
percentage_points_representation = (percentage_religious_organizations / total_percentage_donations) * 100

# Print the result
print(f""Final Answer: {percentage_points_representation}"")

# Done
```"
432,"in 2013, which club did tiago cameta appear for the serie a club?",['ponte preta'],"```python
# Data from the table
club_info = {
    ""ponte preta"": {""season"": 2013, ""league"": ""serie a""},
}

# Extract the club Tiago Cameta appeared for in 2013 Serie A
for club, info in club_info.items():
    if info[""season""] == 2013 and info[""league""] == ""serie a"":
        serie_a_club = club
        break

# Print the result
print(f""Final Answer: {serie_a_club}"")

# Done
```"
433,"in march 2012, how many peopl were killed in iraq, according to government figures?",[112.0],"```python
# Data from the table
march_2012_deaths = 112

# Print the result
print(f""Final Answer : {march_2012_deaths}"")

# Done
```"
434,"in 2016, which club did romero play in primera division?",['argentinos juniors'],"```python
# Data from the table
club_romero_2016 = ""argentinos juniors""

# Print the result
print(f""Final Answer: {club_romero_2016}"")

# Done
```"
435,what is the number of passengers enplaned and deplaned at canadian airports in 2017?,[149641672.0],"```python
# Data from the table
passengers_2017 = 149641672

# Print the number of passengers enplaned and deplaned at canadian airports in 2017
print(f""Number of passengers enplaned and deplaned at Canadian airports in 2017: {passengers_2017}"")

# Done
```"
436,how many percentage points did the number of passengers enplaned and deplaned at canadian airports increase in 2017 compared to the previous year?,[6.2],"```python
# Data from the table
enplaned_deplaned_passengers_2016 = 140892544
enplaned_deplaned_passengers_2017 = 149641672

# Calculate the difference in number of passengers
passenger_increase = enplaned_deplaned_passengers_2017 - enplaned_deplaned_passengers_2016

# Calculate the percentage point increase
percent_point_increase = (passenger_increase / enplaned_deplaned_passengers_2016) * 100

# Print the result
print(f""Final Answer: {percent_point_increase}"")

# Done
```"
437,how many percentage points did the weight of cargo loaded and unloaded at canadian airports increase in 2017?,[7.4],"```python
# Data from the table
percent_change_cargo_2017 = 7.4

# Print the result
print(f""Final Answer: {percent_change_cargo_2017}"")

# Done
```"
438,how many tonnes did the weight of cargo loaded and unloaded at canadian airports increase to in 2017?,[1313376.0],"```python
# Data from the table
cargo_2016 = 1223213  # Weight of cargo loaded/unloaded in 2016 (in tonnes)
cargo_2017 = 1313376  # Weight of cargo loaded/unloaded in 2017 (in tonnes)

# Calculate the increase in cargo weight
cargo_increase = cargo_2017 - cargo_2016

# Print the result
print(f""Final Answer: {cargo_increase} tonnes"")

# Done
```"
439,how many appearances did okoli make in the 2018-19 super lig for bursaspor?,[0.0],"```python
# Data from the table
apps_bursaspor_2018_19 = 0  # Appearances by bursaspor in the 2018-19 season
club_name = ""bursaspor""  # Club name for the player
season = ""2018-19""  # Season for the player
league = ""super lig""  # League for the player

# Print the total appearances
print(f""Final Answer : {apps_bursaspor_2018_19}"")

# Done
```"
440,how many qualifying places are available for archery at the 2012 summer olympics in total.,[128.0],"```python
# Data from the table
places_men_archery = 4
places_women_archery = 4

# Calculate the total qualifying places for archery
total_qualifying_places = places_men_archery + places_women_archery

# Print the result
print(f""Final Answer: {total_qualifying_places}"")

# Done
```"
441,"for employees aged 18 to 64,how many individuals were hired in 2009?",[2437.0],"```python
# Data from the table
hires_2009 = 2437

# Print the result
print(f""Final Answer: {hires_2009}"")

# Done
```"
442,"in 2009, how many individuals were laid off among employees aged 18 to 64?",[902.0],"```python
# Data from the table
layoffs_18_to_64_2009 = 902

# Print the number of individuals laid off among employees aged 18 to 64 in 2009
print(f""Final Answer: {layoffs_18_to_64_2009}"")

# Done
```"
443,"among workers aged 25 to 54, what is the total paid employment, number of hires, number of layoffs, respectively in 2009?","[9671.0, 1460.0, 581.0]","```python
# Data from the table for employees aged 25 to 54 in 2009
paid_employment_2009 = 9671  # thousands
hires_2009 = 1460
layoffs_2009 = 581

# Print the results
print(f""Total Paid Employment in 2009: {paid_employment_2009} thousands"")
print(f""Number of Hires in 2009: {hires_2009}"")
print(f""Number of Layoffs in 2009: {layoffs_2009}"")

# Done
```"
444,when did cher sign with atco records and release 3614 jackson highway album?,"['released: june 20, 1969 label: atco, rhino formats: lp, cd']","```python
# Data from the table
album_title = ""3614 jackson highway""
release_date = ""june 20, 1969""

# Print the result
print(f""Final Answer: {album_title} was released on {release_date} after Cher signed with Atco Records."")

# Done
```"
445,"in 2013, what percent of university educated canadians felt that the rcmp was a very important national symbol?",[46.0],"```python
# Data from the table
percent_university_educated = 72
percent_rcmp_very_important = 57

# Print the result
print(f""Final Answer: {percent_university_educated}% of university educated Canadians felt that the RCMP was a very important national symbol."")

# Done
```"
446,who coached the team from 2003 to 2011 with 139 regular season games?,['jack del rio'],"```python
# Data from the table
coaches_data = [
    {""name"": ""tom coughlin"", ""term"": ""8"", ""first"": ""1995"", ""last"": ""2002"", ""gc"": 128, ""w"": 68, ""l"": 60},
    {""name"": ""jack del rio"", ""term"": ""9"", ""first"": ""2003"", ""last"": ""2011"", ""gc"": 139, ""w"": 68, ""l"": 71},
    {""name"": ""mel tucker"", ""term"": ""1"", ""first"": ""2011"", ""last"": """", ""gc"": 5, ""w"": 2, ""l"": 3},
    {""name"": ""mike mularkey"", ""term"": ""1"", ""first"": ""2012"", ""last"": """", ""gc"": 16, ""w"": 2, ""l"": 14},
    {""name"": ""gus bradley"", ""term"": ""4"", ""first"": ""2013"", ""last"": ""2016"", ""gc"": 62, ""w"": 14, ""l"": 48},
    {""name"": ""doug marrone"", ""term"": ""3"", ""first"": ""2016"", ""last"": ""present"", ""gc"": 34, ""w"": 16, ""l"": 18}
]

# Filter the coach who coached the team from 2003 to 2011 with 139 regular season games
desired_coach = [coach[""name""] for coach in coaches_data if coach[""first""] == ""2003"" and coach[""last""] == ""2011"" and coach[""gc""] == 139]

# Print the result
print(f""Final Answer: {desired_coach[0] if desired_coach else 'Coach not found'}"")

# Done
```"
447,which province has the largest prevalence of self-employment in 2018?,['british columbia'],"```python
# Data from the table
self_employment_rates_2018 = {
    'british columbia': 17.9,
    'saskatchewan': 17.4,
    'alberta': 17.2,
    'ontario': 15.5,
    'canada': 15.3,
    'prince edward island': 15.3,
    'manitoba': 14.2,
    'nova scotia': 13.3,
    'quebec': 13.3,
    'new brunswick': 11.2,
    'newfoundland and labrador': 8.6
}

# Find the province with the largest prevalence of self-employment in 2018
largest_province = max(self_employment_rates_2018, key=self_employment_rates_2018.get)

# Print the result
print(f""Province with the largest prevalence of self-employment in 2018: {largest_province}"")

# Done
```"
448,"in 2018, what percent of british columbia employed population worked as self-employed in their main job?",[17.9],"```python
# Data from the table
self_employment_rate_bc_2018 = 17.9

# Print the result
print(f""Final Answer : {self_employment_rate_bc_2018}%"")

# Done
```  "
449,what is the self-emploment rate in british columbia in 1976?,[12.0],"```python
# Data from the table
self_employment_rate_british_columbia_1976 = 12.0

# Print the self-employment rate in British Columbia in 1976
print(f""Self-Employment Rate in British Columbia in 1976: {self_employment_rate_british_columbia_1976}%"")

# Done
```"
450,which region has a higher self-employment rate in 2018? saskachewan or national average?,['saskatchewan'],"```python
# Data from the table
se_rate_saskatchewan = 17.4
se_rate_canada = 15.3

# Compare self-employment rate in Saskatchewan to the national average
if se_rate_saskatchewan > se_rate_canada:
    print(""Saskatchewan has a higher self-employment rate in 2018."")
else:
    print(""National average has a higher self-employment rate in 2018."")

# Done
```  "
451,how many percentage points of the self-employment rate in saskatchewan was lower in 2018 than in 1976?,[11.8],"```python
# Data from the table
self_employment_rate_saskatchewan_2018 = 17.4
self_employment_rate_saskatchewan_1976 = 29.2

# Calculate the difference in percentage points
difference_in_percentage_points = self_employment_rate_saskatchewan_1976 - self_employment_rate_saskatchewan_2018

# Print the result
print(f""Final Answer: {difference_in_percentage_points}"")

# Done
```"
452,"who were less likely to have all of their needs met for wpa, employees who were in a company for 2 years or less or employees who have been with the company for 3 years or more?",['0-2 years'],"```python
# Data from the table
percent_require_0_2_years = 34.2
level_needs_met_all_0_2_years = 47.1
percent_require_3_or_more_years = 36.3
level_needs_met_all_3_or_more_years = 60.5

# Calculate the percentage of employees with all their needs met in each group
percentage_needs_met_all_0_2_years = level_needs_met_all_0_2_years / percent_require_0_2_years
percentage_needs_met_all_3_or_more_years = level_needs_met_all_3_or_more_years / percent_require_3_or_more_years

# Compare the percentages to determine who was less likely to have all of their needs met
if percentage_needs_met_all_0_2_years < percentage_needs_met_all_3_or_more_years:
    less_likely_group = ""employees who were in a company for 2 years or less""
else:
    less_likely_group = ""employees who have been with the company for 3 years or more""

# Print the result
print(f""Final Answer: {less_likely_group}"")

# Done
```"
453,what is the ratio of mothers of second generation filipinos with a university degree?,[35.9],"```python
# Data from the table
percent_mothers_filipino = 35.9
sample_size_mothers_filipino = 3923

# Calculate the ratio
ratio_mothers_filipino = percent_mothers_filipino / 100

# Print the result
print(f""Ratio of mothers of second generation Filipinos with a university degree: {ratio_mothers_filipino}"")

# Done
```  "
454,what is the ratio of mothers of second generation blacks with a university degree?,[7.9],"```python
# Data from the table
mothers_black = 7.9
sample_size_mothers_black = 10063

# Calculate the ratio
ratio_mothers_black = mothers_black / sample_size_mothers_black

# Print the result
print(f""Final Answer: {ratio_mothers_black}"")

# Done
```"
455,what is the ratio of mothers of second generation latin americans with a university degree?,[9.6],"```python
# Data from the table
mothers_latin_americans = 9.6
sample_size_mothers_latin_americans = 2644

# Calculate the ratio of mothers of second generation latin americans with a university degree
ratio_mothers_latin_americans = mothers_latin_americans / sample_size_mothers_latin_americans

# Print the result
print(f""Final Answer: {ratio_mothers_latin_americans}"")

# Done
```"
456,what is the ratio of mothers of second generation southeast asians with a university degree?,[8.7],"```python
# Data from the table
mothers_southeast_asian = 8.7
sample_size_mothers_southeast_asian = 2589

# Note: The ratio of mothers with a university degree is calculated w.r.t the sample size
ratio_mothers_southeast_asian = mothers_southeast_asian / sample_size_mothers_southeast_asian

# Print the result
print(f""Final Answer: {ratio_mothers_southeast_asian}"")

# Done
```"
457,"in 2013, how many students enrolled in s&e graduate programs in the united states?",[570300.0],"```python
# Data from the table
students_2013 = 570300

# Print the result
print(f""Final Answer: {students_2013}"")

# Done
```"
458,how many percent did full-time enrollment increase by in 2013?,[2.4],"```python
# Data from the table
full_time_enrollment_2012 = 414384
full_time_enrollment_2013 = 424508

# Calculate the percentage increase
percentage_increase_full_time = ((full_time_enrollment_2013 - full_time_enrollment_2012) / full_time_enrollment_2012) * 100

# Print the result
print(f""Final Answer: {percentage_increase_full_time} percent"")

# Done
```"
459,how many students did full-time enrollment increase in 2013?,[424508.0],"```python
# Data from the table
full_time_enrollment_2013 = 424508
full_time_enrollment_2012 = 414384

# Calculate the increase in full-time enrollment in 2013
increase_in_full_time_enrollment = full_time_enrollment_2013 - full_time_enrollment_2012

# Print the result
print(f""Final Answer: {increase_in_full_time_enrollment}"")

# Done
```"
460,which club of the 2017-18 primera division did ramiro martinez appear for?,['godoy cruz'],"```python
# Data from the table
club_primera_division_2017_18 = ""godoy cruz""

# Print the result
print(f""Final Answer: Ramiro Martinez appeared for {club_primera_division_2017_18} in the 2017-18 primera division."")

# Done
```"
461,how many games in total did jeff fisher lose during the regular-season?,[165.0],"```python
# Data from the table
fisher_regular_season_lost = 120

# Print the total games lost during the regular season
print(f""Jeff Fisher lost {fisher_regular_season_lost} games during the regular season."")

# Done
```"
462,what were the percentages of the single/never-married population and those who had ever been (or were currently) married or living common-law who had been cyberstalked?,"[6.0, 4.1]","```python
# Data from the table
single_never_married_cyberstalked_percentage = 6.0
married_common_law_cyberstalked_percentage = 4.1

# Print the percentages
print(f""Single/Never-Married Cyberstalked Percentage: {single_never_married_cyberstalked_percentage}"")
print(f""Married/Common-Law Cyberstalked Percentage: {married_common_law_cyberstalked_percentage}"")

# Done
```"
463,what were the percentages of those aged 15 to 17 and 27- to 29-year-olds who experienced cyberstalking or cyberbullying or both?,"[19.1, 14.6]","```python
# Data from the table
percent_15_to_17_cyber = 5.0
percent_27_to_29_cyber = 5.6
percent_15_to_17_bully = 9.3
percent_27_to_29_bully = 3.5
percent_15_to_17_stalked = 5.0
percent_27_to_29_stalked = 5.5
percent_15_to_17_both = 4.8
percent_27_to_29_both = 5.5

# Calculate the percentages for those aged 15 to 17 and 27 to 29 who experienced cyberstalking or cyberbullying or both
percent_15_to_17_total = percent_15_to_17_cyber + percent_15_to_17_bully + percent_15_to_17_stalked + percent_15_to_17_both
percent_27_to_29_total = percent_27_to_29_cyber + percent_27_to_29_bully + percent_27_to_29_stalked + percent_27_to_29_both

# Print the results
print(f""Percentages for ages 15-17: {percent_15_to_17_total}%"")
print(f""Percentages for ages 27-29: {percent_27_to_29_total}%"")

# Done
```"
464,"what was the percentage of individuals from households that earn less than $40,000 who said they were a victim of cyberstalking in the last five years?",[11.1],"```python
# Data from the table
percent_cyberstalking_less40k = 11.1

# Print the result
print(f""Percentage of individuals from households earning less than $40,000 who reported being a victim of cyberstalking: {percent_cyberstalking_less40k}%"")

# Done
```"
465,how many rushing yards did giovani bernard finish the 2012 season with?,[1228.0],"```python
# Data from the table
rushing_yards_2012 = 1228

# Print the result
print(f""Final Answer: Giovani Bernard finished the 2012 season with {rushing_yards_2012} rushing yards"")

# Done
```"
466,what were the numbers of wastewater treatment plants and the population in 2018(millions) respectively?,"[14.0, 8.4]","```python
# Data from the table
wastewater_plants = 14
population_2018 = 8.4

# Calculate the numbers of wastewater treatment plants and 2018 population in millions respectively
num_of_plants = wastewater_plants
population_millions = population_2018

# Print the result
print(f""Numbers of wastewater treatment plants: {num_of_plants} | Population in 2018 (millions): {population_millions}"")

# Done
```"
467,what was the percentage of men that had employment in all five years?,[27.9],"```python
# Data from the table
percentage_men_5_years = 12.4

# Print the result
print(f""Final Answer: {percentage_men_5_years}"")

# Done
```"
468,what was the average annual earnings of men that had employment in all five years?,[42200.0],"```python
# Data from the table
mean_annual_earnings_men_0 = 0  # Placeholder for average annual earnings for 0 years with t4 earnings
mean_annual_earnings_men_1 = 7300
mean_annual_earnings_men_2 = 11300
mean_annual_earnings_men_3 = 16200
mean_annual_earnings_men_4 = 19400
mean_annual_earnings_men_5 = 42200

# Calculate overall mean annual earnings for men
total_years_men = 5  # Total number of years considered
total_mean_annual_earnings_men = mean_annual_earnings_men_1 + mean_annual_earnings_men_2 + mean_annual_earnings_men_3 + mean_annual_earnings_men_4 + mean_annual_earnings_men_5

# Calculate the average annual earnings for men over 5 years
average_annual_earnings_men = total_mean_annual_earnings_men / total_years_men

# Print the result
print(f""Average Annual Earnings of Men working all five years: {average_annual_earnings_men}"")

# Done
```
In this code, we calculated the average annual earnings of men who had employment in all five years by summing up their annual earnings over those years and dividing by the total number of years considered, which is 5."
469,what was the percentage of women who were employed in all five years?,[13.7],"```python
# Data from the table
percent_women_employed_all_years = 13.7  # Percentage of women employed in all five years

# Print the result
print(f""Final Answer: {percent_women_employed_all_years}%"")

# Done
```"
470,what was the percentage of women who did not have employment in any of the previous five years?,[51.0],"```python
# Data from the table
percentage_women_no_earnings = 51.0

# Print the result
print(f""Final Answer: {percentage_women_no_earnings}%"")

# Done
```"
471,what was the percentage of women who had employment in just one or two years?,[18.6],"```python
# Data from the table
percentage_women_1_year = 11.5
percentage_women_2_years = 7.1

# Calculate the total percentage of women with employment in just one or two years
total_percentage_women_1_2_years = percentage_women_1_year + percentage_women_2_years

# Print the result
print(f""Final Answer: {total_percentage_women_1_2_years}"")

# Done
```"
472,what was the percentage of men who had no employment and who had employment in one or two years out of the five-year period respectively?,"[28.9, 20.8]","```python
#Python
# Data from the table
men_no_employment = 28.9
men_1_or_2_years = 10.5 + 10.3

# Print the result
print(f""Percentage of men with no employment: {men_no_employment}%"")
print(f""Percentage of men with employment in 1 or 2 years: {men_1_or_2_years}%"")

# Done
```"
473,"in 2016, which club in kazakhstan premier league did shitov appear for?",['astana'],"```python
# Data from the table
club_data = {
    ""bate borisov"": {
        ""2011"": {
            ""league"": ""belarusian premier league"",
            ""apps"": 15,
            ""goals"": 2
        },
        ""total"": {
            ""apps"": 87,
            ""goals"": 4
        }
    },
    ""dynamo moscow"": {
        ""2013-14"": {
            ""league"": ""russian premier league"",
            ""apps"": 0,
            ""goals"": 0
        }
    },
    ""mordovia saransk"": {
        ""2012-13"": {
            ""league"": ""russian premier league"",
            ""apps"": 20,
            ""goals"": 0
        },
        ""2013-14"": {
            ""league"": ""russian national league"",
            ""apps"": 5,
            ""goals"": 0
        },
        ""2014-15"": {
            ""league"": ""russian premier league"",
            ""apps"": 22,
            ""goals"": 0
        },
        ""2015-16"": {
            ""apps"": 17,
            ""goals"": 0
        },
        ""total"": {
            ""apps"": 49,
            ""goals"": 0
        }
    },
    ""astana"": {
        ""2016"": {
            ""league"": ""kazakhstan premier league"",
            ""apps"": 9,
            ""goals"": 0
        },
        ""2017"": {
            ""apps"": 27,
            ""goals"": 1
        },
        ""2018"": {
            ""apps"": 5,
            ""goals"": 0
        },
        ""total"": {
            ""apps"": 71,
            ""goals"": 1
        }
    }
}

# Retrieve the information for Shitov for the year 2016 in Kazakhstan premier league
club = ""astana""
year = ""2016""
league = ""kazakhstan premier league""
apps = club_data[club][year][""apps""]
goals = club_data[club][year][""goals""]

# Print the result
print(f""Answer: In 2016, Shitov appeared for {club} in {league} with {apps} appearances and {goals} goals."")

# Done
```

This code snippet should help you find the relevant information about the player Shitov for the year 2016 in the Kazakhstan premier league. Feel free to ask if you have any more questions!"
474,"according to the census of 2010, wht was shaoyang's permanent resident population?",[7071741.0],"```python
# Data from the table
shaoyang_population_2010 = 7,071,741  # Permanent resident population of Shaoyang city in 2010

# Print the result
print(f""Final Answer: {shaoyang_population_2010}"")

# Done
```"
475,what was the percentage of the past-year sdmnm cannabis users who identified alleviating pain as the primary purpose for their medical use.,[52.5],"```python
# Data from the table
percentage_pain_total = 52.5
percentage_pain_15to24 = 53.9
percentage_pain_25to44 = 45.4
percentage_pain_45older = 60.9

# Calculate the percentage of past-year cannabis users who identified alleviating pain as the primary purpose
percentage_pain_primary_purpose = percentage_pain_total

# Print the result
print(f""Final Answer: {percentage_pain_primary_purpose}%"")

# Done
```"
476,what was the percentage of the past-year sdmnm cannabis users who identified alleviating insomnia as the primary purpose for their medical use.,[18.3],"```python
# Data from the table
percentage_total_insomnia = 18.3
percentage_15to24_insomnia = 10.3
percentage_25to44_insomnia = 22.2
percentage_45andolder_insomnia = 12.0

# Calculate the percentage for past-year cannabis users identifying alleviating insomnia
percentage_insomnia = (percentage_total_insomnia + percentage_15to24_insomnia + percentage_25to44_insomnia + percentage_45andolder_insomnia) / 4

# Print the result
print(f""Percentage identifying alleviating insomnia: {percentage_insomnia}"")

# Done
```"
477,how many passing interceptions did michael bishop have in 2001.,[7.0],"```python
# Data from the table
interceptions_2001_michael_bishop = 7  # Interceptions by Michael Bishop in 2001

# Print the result
print(f""Final Answer: {interceptions_2001_michael_bishop}"")

# Done
```"
478,which club did barrientos appear in the serie a in the 2009-10 season?,['catania'],"```python
# Data from the table
club_appeared = ""catania""

# Print the result
print(f""Final Answer : {club_appeared}"")

# Done
```"
479,"in 2017, which club of the uruguayan primera division nicolas silva did join with?",['sud america'],"```python
# Data from the table
club_year_2017 = ""sud america""
league_year_2017 = ""uruguayan primera division""
player_name = ""nicolas silva""

# Print the result
print(f""In 2017, {player_name} joined {club_year_2017} in the {league_year_2017}"")

# Done
```"
480,"in 2018, which club did farizal play in malaysia premier league?",['felda united'],"```python
# Data from the table
club = ""felda united""
season = ""2018""
league = ""malaysia premier league""

# Print the result
print(f""Final Answer: Farizal played for {club} in {season} in the {league}"")

# Done
```"
481,"overall, what was the proportion of economic families with school-age children that held an resp in 1999?",[0.159],"```python
# Data from the table
proportion_1999 = 0.159

# Print the result
print(f""Final Answer : {proportion_1999}"")

# Done
```"
482,what was the proportion of families in the top income quintile that had an resp account in 1999?,[0.318],"```python
# Data from the table
resp_proportion_top_income_1999 = 0.318

# Print the result
print(f""Proportion of families in the top income quintile with RESP in 1999: {resp_proportion_top_income_1999}"")

# Done
```"
483,what was the proportion of families in the bottom income quintile that had an resp account in 1999?,[0.098],"```python
# Data from the table
proportion_bottom_1999 = 0.098  # Proportion of families in the bottom income quintile that had an RESP account in 1999

# Print the result
print(f""Proportion of families in the bottom income quintile with an RESP account in 1999: {proportion_bottom_1999}"")

# Done
```"
484,how many times was the mean value of resps among families at the top higher than those at the bottom of the distribution in 1999?,[4.201072],"```python
# Data from the table
mean_value_top_1999 = 3134  # Mean value of resps for families at the top in 1999
mean_value_bottom_1999 = 746  # Mean value of resps for families at the bottom in 1999

# Calculate how many times the mean value was higher at the top compared to the bottom
times_higher_top = mean_value_top_1999 / mean_value_bottom_1999

# Print the result
print(f""Final Answer: {times_higher_top} times"")

# Done
```"
485,did married couples tend to invest more in resps or did lone parents in 1999?,['married or common-law couple'],"```python
# Data from the table
resp_married_couples_1999 = 0.178
mean_value_married_couples_1999 = 1489
resp_lone_parents_1999 = 0.066
mean_value_lone_parents_1999 = 523

# Calculate the total investment in resps for married couples and lone parents in 1999
investment_married_couples_1999 = resp_married_couples_1999 * mean_value_married_couples_1999
investment_lone_parents_1999 = resp_lone_parents_1999 * mean_value_lone_parents_1999

# Compare the investments
if investment_married_couples_1999 > investment_lone_parents_1999:
    print(""Married couples tended to invest more in RESPs in 1999."")
else:
    print(""Lone parents tended to invest more in RESPs in 1999."")

# Done
```"
486,did families living in urban areas tend to invest more in resps or did rural ones in 1999?,['urban'],"```python
# Data from the table
urban_resp_proportion_1999 = 0.165
rural_resp_proportion_1999 = 0.137

# Check which area invested more in RESPs in 1999
invest_more_urban = urban_resp_proportion_1999 > rural_resp_proportion_1999

# Print the result based on the comparison
if invest_more_urban:
    print(""Families living in urban areas tended to invest more in RESPs in 1999."")
else:
    print(""Families living in rural areas tended to invest more in RESPs in 1999."")

# Done
```"
487,in which year was resp participation higher for families in the bottom income quintile?,[2012.0],"```python
# Data from the table
resp_participation_1999 = 0.098
resp_participation_2012 = 0.253

# Check which year resp participation was higher for families in the bottom income quintile
if resp_participation_1999 < resp_participation_2012:
    higher_year = 2012
else:
    higher_year = 1999

# Print the result
print(f""In the year {higher_year}, resp participation was higher for families in the bottom income quintile."")

# Done
```"
488,in which year was the average dollar value of holdings higher for families in the bottom income quintile?,[2012.0],"```python
# Data from the table
mean_value_bottom_1999 = 746
mean_value_bottom_2012 = 2072

# Check which year had higher average dollar value for families in the bottom income quintile
if mean_value_bottom_1999 > mean_value_bottom_2012:
    year = 1999
else:
    year = 2012

# Print the result
print(f""Final Answer : {year}"")

# Done
```"
489,how many dollars more did families in the top quintile hold in resps on average than those in the bottom quintile in 1999?,[2388],"```python
# Data from the table
mean_value_top_1999 = 3134
mean_value_bottom_1999 = 746

# Calculate the difference in mean values
difference_in_mean_values = mean_value_top_1999 - mean_value_bottom_1999

# Print the result
print(f""Final Answer: ${difference_in_mean_values}"")

# Done
```"
490,how many dollars more did families in the top quintile hold in resps on average than those in the bottom quintile in 2012?,[13843],"```python
# Data from the table
mean_value_top_2012 = 6878
mean_value_bottom_2012 = 2072

# Calculate the difference in mean value of resps
dollars_more_top_vs_bottom = mean_value_top_2012 - mean_value_bottom_2012

# Print the result
print(f""Final Answer: ${dollars_more_top_vs_bottom}"")

# Done
```"
491,how many times was the average dollar value of resp holdings among families in the top income quintile higher than those in the bottom quintile in 1999?,[4.201072],"```python
# Data from the table
mean_value_top_1999 = 3134
mean_value_bottom_1999 = 746

# Calculate the ratio
ratio_top_to_bottom = mean_value_top_1999 / mean_value_bottom_1999

# Print the result
print(f""Final Answer: {ratio_top_to_bottom}"")

# Done
```"
492,how many times was the average dollar value of resp holdings among families in the top income quintile higher than those in the bottom quintile in 2012?,[7.680985],"```python
# Data from the table
mean_value_top_quintile = 6878
mean_value_bottom_quintile = 2072

# Calculate how many times the average dollar value was higher
times_higher = mean_value_top_quintile / mean_value_bottom_quintile

# Print the result
print(f""Final Answer: {times_higher} times higher"")

# Done
```"
493,"in jerome bettis's first season in pittsburgh, how many yards did he rush for?",[1431.0],"```python
# Data from the table
jerome_bettis_first_season_yards = 1431  # Yards rushed for by Jerome Bettis in his first season in Pittsburgh

# Print the result
print(f""Final Answer: {jerome_bettis_first_season_yards}"")

# Done
```"
494,"in the 2015 primera b nacional campaign with santamarina, how many appearances did franco ferrari make?",[15.0],"```python
# Data from the table
santamarina_appearances_2015 = 15

# Print the result
print(f""Final Answer: Franco Ferrari made {santamarina_appearances_2015} appearances in 2015 primera b nacional campaign with Santamarina"")

# Done
```"
495,"in 2015, which club did arao sign in serie b?",['botafogo'],"```python
# Data from the table
club_2015_serie_b = ""botafogo""

# Print the result
print(f""Final Answer: Arao signed with {club_2015_serie_b} in Serie B in 2015"")

# Done
```  "
496,how many rushing yards did ray rice make in the 2012 season?,[1143.0],"```python
# Data from the table
rushing_yards_2012 = 1143

# Print the result
print(f""Final Answer: {rushing_yards_2012}"")

# Done
```"
497,"among those with poorer official language skills, how much did citizenship rate decline between 1996 and 2016?",[29.5],"```python
# Data from the table
percentage_1996 = 61.5
percentage_2016 = 32.6

# Calculate the decline
decline_in_percentage = percentage_1996 - percentage_2016

# Print the result
print(f""Final Answer: {decline_in_percentage}"")

# Done
```"
498,"among those whose mother tongue was english or french, how much did citizenship rate decline between 1996 and 2016?",[8.2],"```python
# Data from the table
percent_1996 = 69.2
percent_2016 = 61.0

# Calculate the decline in citizenship rate
decline_in_citizenship_rate = percent_1996 - percent_2016

# Print the result
print(f""Final Answer: {decline_in_citizenship_rate}"")

# Done
```"
499,"between 1996 and 2016, among which group of people was the decline greater, among those with poorer official language skills or among those whose mother tongue was english or french?",['neither english nor french'],"```python
# Data from the table
percentage_points_other_mother_tongue = -29.5
percentage_points_official_language = -8.2

# Calculate the greater decline
if percentage_points_other_mother_tongue > percentage_points_official_language:
    greater_decline_group = ""those with poorer official language skills (other mother tongue)""
    decline_amount = percentage_points_other_mother_tongue
else:
    greater_decline_group = ""those whose mother tongue was English or French""
    decline_amount = percentage_points_official_language

# Print the result
print(f""Final Answer: The decline was greater among {greater_decline_group} by {abs(decline_amount)} percentage points."")

# Done
```"
500,"in 1996, how many immigrants with less than a high school education became naturalized?",[69.4],"```python
# Data from the table
percentage_naturalized_1991 = 64.7  # Percentage of naturalized immigrants in 1991 with less than high school education
percentage_naturalized_1996 = 69.4  # Percentage of naturalized immigrants in 1996 with less than high school education

sample_size_1996 = 123636  # Sample size in 1996

# Calculate the number of immigrants with less than a high school education who became naturalized in 1996
percentage_naturalized_change = percentage_naturalized_1996 - percentage_naturalized_1991
number_naturalized_1996 = (percentage_naturalized_change / 100) * sample_size_1996

# Print the result
print(f""Final Answer: {int(number_naturalized_1996)}"")

# Done
```"
501,"in 1996, how many immigrants with university degrees became naturalized?",[80.9],"```python
# Data from the table
percentage_1996_university_degree = 80.9
percentage_points_naturalized_1996_university_degree = 80.9 - 73.8

# Print the result
print(f""Final Answer: {percentage_points_naturalized_1996_university_degree}"")

# Done
```  "
502,how much did the citizenship rate fall among immigrants with less than a high school education between 1996 and 2016?,[22.5],"```python
# Data from the table
percent_less_than_high_school_1996 = 69.4
percent_less_than_high_school_2016 = 46.9

# Calculate the difference
fall_in_percentage_less_than_high_school = percent_less_than_high_school_1996 - percent_less_than_high_school_2016

# Print the result
print(f""Final Answer: {fall_in_percentage_less_than_high_school}"")

# Done
```"
503,how much did the citizenship rate fall among immigrants with university degreees between 1996 and 2016?,[13.8],"```python
# Data from the table
percent_university_degree_1996 = 80.9
percent_university_degree_2016 = 67.1

# Calculate the difference
fall_in_citizenship_rate = percent_university_degree_1996 - percent_university_degree_2016

# Print the result
print(f""Fall in citizenship rate among immigrants with university degrees: {fall_in_citizenship_rate} percentage points"")

# Done
```"
504,how many interceptions did kirk cousins make in the 2017 season ?,[13.0],"```python
# Data from the table
interceptions_2017 = 13

# Print the result
print(f""Final Answer: {interceptions_2017}"")

# Done
```"
505,which club did spencer appear at second division during the 1997-98 season?,['brentford'],"```python
# Data from the table
club_season = 'brentford'  # Club where Spencer appeared at second division during the 1997-98 season

# Print the result
print(f""Final Answer : {club_season}"")

# Done
```"
506,"in 2014, which club did max appear in primera b nacional?",['atletico tucuman'],"```python
# Data from the table
clubs_data = {
    ""san martin"": {
        ""season"": ""2014"",
        ""league"": ""primera b nacional"",
        ""apps"": 1
    },
    ""atletico tucuman"": {
        ""season"": ""2014"",
        ""league"": ""primera b nacional"",
        ""apps"": 1
    },
    ""mitre"": {
        ""season"": ""2014"",
        ""league"": ""primera b nacional"",
        ""apps"": 0
    },
    ""juventud unida"": {
        ""season"": ""2014"",
        ""league"": """",
        ""apps"": 0
    },
    ""quilmes"": {
        ""season"": ""2014"",
        ""league"": ""primera b nacional"",
        ""apps"": 0
    }
}

# Find the club with the maximum appearances in primera b nacional in 2014
max_appearances_club = max([club for club in clubs_data if clubs_data[club][""league""] == ""primera b nacional"" and clubs_data[club][""season""] == ""2014""], key=lambda x: clubs_data[x][""apps""])

# Print the result
print(f""Final Answer: {max_appearances_club}"")

# Done
```
"
507,"from 2012 to 2017, how many league games did steinar strømnes play for strømmen?",[166.0],"```python
league_games_2012 = 27
league_games_2013 = 29
league_games_2014 = 26
league_games_2015 = 29
league_games_2016 = 29
league_games_2017 = 26

# Calculate total league games played by Steinar Strømnes from 2012 to 2017
total_league_games = league_games_2012 + league_games_2013 + league_games_2014 + league_games_2015 + league_games_2016 + league_games_2017

# Print the result
print(f""Steinar Strømnes played a total of {total_league_games} league games for Strømmen from 2012 to 2017"")

# Done
```"
508,which club in championship did lee join in 2014-15 season?,['brentford'],"```python
# Data from the table
club_championship_2014_15 = ""brentford""  # Club joined in the championship in 2014-15 season

# Print the result
print(f""Final Answer: {club_championship_2014_15}"")

#Done
```"
509,which cup or league did fc istiklol season participate in?,"['tajik league', 'tajik cup', 'super cup', 'afc cup']","```python
# Data from the table
teams_data = {
    ""tajik league"": [""nikola stosic"", ""siyovush asrorov"", ""tabrezi davlatmir"", ""artem baranovskyi"", ""jahongir abdumominov"",
                     ""muhammadjon rakhimov"", ""nozim babadjanov"", ""sheriddin boboev"", ""dilshod vasiev"", ""fatkhullo fatkhuloev"",
                     ""akhtam nazarov"", ""amirbek juraboev"", ""ehson panjshanbe"", ""alisher sharipov"", ""komron tursunov""],
    ""tajik cup"": [""nikola stosic"", ""siyovush asrorov"", ""tabrezi davlatmir"", ""artem baranovskyi"", ""jahongir abdumominov"",
                  ""muhammadjon rakhimov"", ""nozim babadjanov"", ""sheriddin boboev"", ""dilshod vasiev"", ""fatkhullo fatkhuloev"",
                  ""akhtam nazarov"", ""amirbek juraboev"", ""ehson panjshanbe"", ""alisher sharipov"", ""komron tursunov""],
    ""super cup"": [""nikola stosic"", ""siyovush asrorov"", ""tabrezi davlatmir"", ""artem baranovskyi"", ""jahongir abdumominov"",
                  ""muhammadjon rakhimov"", ""nozim babadjanov"", ""sheriddin boboev"", ""dilshod vasiev"", ""fatkhullo fatkhuloev"",
                  ""akhtam nazarov"", ""amirbek juraboev"", ""ehson panjshanbe"", ""alisher sharipov"", ""komron tursunov""],
    ""afc cup"": [""nikola stosic"", ""siyovush asrorov"", ""tabrezi davlatmir"", ""artem baranovskyi"", ""jahongir abdumominov"",
                ""muhammadjon rakhimov"", ""nozim babadjanov"", ""sheriddin boboev"", ""dilshod vasiev"", ""fatkhullo fatkhuloev"",
                ""akhtam nazarov"", ""amirbek juraboev"", ""ehson panjshanbe"", ""alisher sharipov"", ""komron tursunov""]
}

# Finding the cups or leagues FC Istiklol participated in
participated_in = []
for cup_or_league, players in teams_data.items():
    if ""muhammadjon rakhimov"" in players:
        participated_in.append(cup_or_league)

# Printing the result
print(f""FC Istiklol participated in the following cup or league: {', '.join(participated_in)}"")

# Done
```
"
510,how many runs did morris get in the second inning?,[182.0],"```python
# Data from the table
morris_runs_second_inning = 182

# Print the runs scored by Morris in the second inning
print(f""Morris runs in the second inning: {morris_runs_second_inning}"")

# Done
```"
511,how many receptions did mcfadden get in 2011?,[19.0],"```python
# Data from the table
receptions_2011 = 19

# Print the number of receptions McFadden got in 2011
print(f""McFadden had {receptions_2011} receptions in 2011."")

# Done
```"
512,which club did troy deeney play for in 2010?,['watford'],"```python
# Data from the table
club_2010 = ""watford""

# Print the result
print(f""Final Answer: {club_2010}"")

# Done
```"
513,how many rushing yards did emmitt smith of cowboys get in 1993?,[1486.0],"```python
# Data from the table
year = 1993
team = ""dal""
rushing_yards_1993_dal = 1486

# Print the result
print(f""Emmitt Smith rushing yards for Cowboys in 1993: {rushing_yards_1993_dal}"")

# Done
```"
514,which club did ben chorley play for in 2015-16?,['bromley'],"```python
# Data from the table
ben_chorley_club_2015_16 = ""bromley""
print(f""Final Answer: {ben_chorley_club_2015_16}"")

# Done
```"
515,how many comps did manning get in 2017?,[352.0],"```python
# Data from the table
completions_2017 = 352

# Print the result
print(f""Final Answer: {completions_2017}"")

# Done
```"
516,which club did simkovic play for in 2014?,['tobol'],"```python
# Data from the table
club_2014 = ""tobol""

# Print the result
print(f""Final Answer: {club_2014}"")

# Done
```"
517,"what was associated with greater mortality risks, reporting no physical activity or reporting 60 or more minutes a day?",['none'],"```python
# Data from the table
hazard_none_physical_activity_men = 1.89
hazard_none_physical_activity_women = 2.04
hazard_more_than_60_min_physical_activity_men = 1.00
hazard_more_than_60_min_physical_activity_women = 1.00

# Determine which had greater mortality risks
if (hazard_none_physical_activity_men > hazard_more_than_60_min_physical_activity_men) or (hazard_none_physical_activity_women > hazard_more_than_60_min_physical_activity_women):
    greater_risk = 'reporting no physical activity'
else:
    greater_risk = 'reporting 60 or more minutes a day'

# Print the result
print(f""Answer: {greater_risk}"")

# Done
```"
518,"what was associated with greater mortality risks, reporting less than 30 minutes of physical activity a day, or reporting 60 or more minutes a day?",['less than 30'],"```python
# Data from the table
hazard_ratio_less_than_30_mins_men = 1.23
hazard_ratio_60_or_more_mins_men = 1.00

# Compare the hazard ratios to determine greater mortality risks
if hazard_ratio_less_than_30_mins_men > hazard_ratio_60_or_more_mins_men:
    greater_mortality_risks = ""reporting less than 30 minutes of physical activity per day""
elif hazard_ratio_less_than_30_mins_men < hazard_ratio_60_or_more_mins_men:
    greater_mortality_risks = ""reporting 60 or more minutes of physical activity per day""
else:
    greater_mortality_risks = ""both categories have similar mortality risks""

# Print the result
print(f""Final Answer: {greater_mortality_risks}"")

# Done
```"
519,"which behavior was less likely to be associated with elevated mortality risks, eating fewer than five servings of fruit and vegetables per day or more than five servings?",['more than 5'],"```python
# Data from the table
risk_fewer_servings = 1.18
risk_more_servings = 1.00

# Compare the risks for elevated mortality
less_likely_behavior = ""eating more than five servings of fruit and vegetables per day"" if risk_fewer_servings < risk_more_servings else ""eating fewer than five servings of fruit and vegetables per day""

# Print the result
print(f""Final Answer: {less_likely_behavior}"")

# Done
```"
520,how many receptions did roddy white get in 2012?,[92.0],"```python
# Data from the table
receptions_2012 = 92

# Print the result
print(f""Roddy White had {receptions_2012} receptions in 2012"")

# Done
```"
521,how many games did pablo zabaleta play for manchester city over nine seasons?,[333.0],"```python
# Data from the table
man_city_apps = [42, 35, 45, 31, 42, 48, 36, 22, 32]  # Number of appearances for each season
zabaleta_total_apps = sum(man_city_apps)

# Print the total number of games Pablo Zabaleta played for Manchester City
print(f""Final Answer: Pablo Zabaleta played a total of {zabaleta_total_apps} games for Manchester City over nine seasons."")

# Done
```"
522,how many receptions did matt asiata get in 2010?,[32.0],"```python
# Data from the table
receptions_2010 = 32

# Print the total receptions in 2010 by Matt Asiata
print(f""Final Answer: {receptions_2010}"")

# Done
```"
523,which club did ozlem arac played for in 2011-12?,['medical park antalyaspor'],"```python
# Data from the table
player_data = {
    ""baskentgucu spor"": {
        ""2011-12"": {
            ""club"": ""baskentgucu spor""
        }
    },
    ""medical park antalyaspor"": {
        ""2011-12"": {
            ""club"": ""medical park antalyaspor""
        }
    }
}

# Find the club Ozlem Arac played for in 2011-12
ozlem_arac_club_2011_12 = player_data[""medical park antalyaspor""][""2011-12""][""club""]

# Print the result
print(f""Final Answer: {ozlem_arac_club_2011_12}"")

# Done
```"
524,list the term that adam oates served as a head coach.,['2012-2014'],"```python
# Data from the table
coaches_data = [
    {""name"": ""jim anderson"", ""term"": ""1974-1975""},
    {""name"": ""red sullivan"", ""term"": ""1975""},
    {""name"": ""milt schmidt"", ""term"": ""1975-1975""},
    {""name"": ""tom mcvie"", ""term"": ""1975-1978""},
    {""name"": ""danny belisle"", ""term"": ""1978-1979""},
    {""name"": ""gary green"", ""term"": ""1979-1981""},
    {""name"": ""roger crozier"", ""term"": ""1981""},
    {""name"": ""bryan murray"", ""term"": ""1981-1990""},
    {""name"": ""terry murray"", ""term"": ""1990-1994""},
    {""name"": ""jim schoenfeld"", ""term"": ""1994-1997""},
    {""name"": ""ron wilson"", ""term"": ""1997-2002""},
    {""name"": ""bruce cassidy"", ""term"": ""2002-2003""},
    {""name"": ""glen hanlon"", ""term"": ""2003-2007""},
    {""name"": ""bruce boudreau"", ""term"": ""2007-2011""},
    {""name"": ""dale hunter"", ""term"": ""2011-2012""},
    {""name"": ""adam oates"", ""term"": ""2012-2014""},
    {""name"": ""barry trotz"", ""term"": ""2014-2018""},
    {""name"": ""todd reirden"", ""term"": ""2018-present""}
]

# Find the term served by Adam Oates
adam_oates_term = [coach[""term""] for coach in coaches_data if coach[""name""] == ""adam oates""]

# Print the result
print(f""Final Answer: {adam_oates_term[0] if adam_oates_term else 'Not found'}"")

# Done
```"
525,"whose rates of self-reported violent victimization were higher in 2014, women or men?",['female'],"```python
# Data from the table
male_violent_rate = 67
female_violent_rate = 85

# Compare rates to determine whose rates were higher
if male_violent_rate > female_violent_rate:
    higher_victimization_sex = ""men""
elif male_violent_rate < female_violent_rate:
    higher_victimization_sex = ""women""
else:
    higher_victimization_sex = ""equal rates for both men and women""

# Print the result
print(f""Final Answer: Rates of self-reported violent victimization were higher in 2014 for {higher_victimization_sex}."")

# Done
```"
526,which club did elliott play for in 2016?,['shelbourne'],"```python
#Python
# Data from the table
club_played_2016 = ""shelbourne""

# Print the result
print(f""Final Answer: {club_played_2016}"")

# Done
```"
527,what was the percentage weight loss of neil in the 9th week?,[5.31],"```python
# Data from the table
percentage_neil_9th_week = 5.31
percentage_neil_8th_week = 8.87

# Calculate the weight loss percentage for Neil in the 9th week
weight_loss_percentage_neil_9th_week = percentage_neil_8th_week - percentage_neil_9th_week

# Print the result
print(f""Final Answer: {weight_loss_percentage_neil_9th_week}"")

# Done
```"
528,which club di fox play for in 2017?,['afc eskilstuna'],"```python
# Data from the table
club_list = [
    ""midland/odessa sockers"",
    ""peterborough united"",
    ""kidderminster harriers"",
    ""stevenage"",
    ""afc eskilstuna"",
    ""grimsby town""
]
season_list = [""2015"", ""2015-16"", ""2015-16"", ""2016-17"", ""2017"", ""2017-18""]

# Find the club in 2017
for idx, season in enumerate(season_list):
    if ""2017"" in season:
        club_2017 = club_list[idx]
        break

# Print the result
print(f""Final Answer: {club_2017}"")

# Done
```"
529,what is the regular season record of tony la russa for team chicago white sox?,"[522.0, 510.0]","```python
# Data from the table
regular_season_wins_chi_white_sox = 522
regular_season_losses_chi_white_sox = 510

# Calculate the regular season record for Tony La Russa with the Chicago White Sox
tony_la_russa_regular_season_record_chi_white_sox = f""{regular_season_wins_chi_white_sox} - {regular_season_losses_chi_white_sox}""

# Print the result
print(f""Final Answer: Regular Season Record of Tony La Russa for Chicago White Sox = {tony_la_russa_regular_season_record_chi_white_sox}"")

# Done
```"
530,which club did hysaj play for in 2012-13?,['empoli'],"```python
# Data from the table
club_hysaj_2012_13 = ""empoli""

# Print the answer
print(f""Final Answer: Hysaj played for {club_hysaj_2012_13} in 2012-13"")

# Done
```"
531,which club did jansson play for in 1985?,['kalmar'],"```python
# Data from the table
jansson_club_1985 = ""kalmar""

# Print the result
print(f""Final Answer : Jansson played for {jansson_club_1985} in 1985"")

# Done
```"
532,how many rushing yards did woodhead get in 2004?,[1840.0],"```python
# Data from the table
rushing_yards_2004 = 1840

# Print the result
print(f""Final Answer: {rushing_yards_2004}"")

# Done
```"
533,which club did talisca play for in 2018?,['guangzhou evergrande'],"```python
# Data from the table
club_2018 = ""guangzhou evergrande""

# Print the result
print(f""Final Answer: {club_2018}"")

# Done
```"
534,"within the nine jurisdictions where data were available, how many female youth was admitted to youth correctional services in 2014/2015?",[17744.0],"```python
# Data from the table for female youth admitted to youth correctional services
female_newfoundland_labrador = 23
female_prince_edward_island = 28
female_new_brunswick = 22
female_ontario = 755
female_manitoba = 127
female_british_columbia = 128
female_yukon = 37
female_northwest_territories = 18
female_nunavut = 9

# Calculate the total number of female youth admitted
total_female_admitted = (female_newfoundland_labrador + female_prince_edward_island + female_new_brunswick + female_ontario +
                         female_manitoba + female_british_columbia + female_yukon + female_northwest_territories + female_nunavut)

# Print the result
print(f""Final Answer: {total_female_admitted}"")

# Done
```"
535,what was the percentage of females among the youth admitted to youth correctional services in 2014/2015?,[23.0],"```python
# Data from the table
total_female_custody = 8_009
total_youth_admitted = 17_744

# Calculate the percentage of females
percentage_female = (total_female_custody / total_youth_admitted) * 100

# Print the result
print(f""Percentage of females among youth admitted to correctional services: {percentage_female:.2f}%"")

# Done
```"
536,whose percentage of admissions of female youth in youth correctional services was relatively low in 2014/2015?,['secure custody'],"```python
# Data from the table
female_percentages = {
    ""newfoundland and labrador"": 23,
    ""prince edward island"": 28,
    ""new brunswick"": 22,
    ""ontario"": 19,
    ""manitoba"": 28,
    ""british columbia"": 26,
    ""yukon"": 37,
    ""northwest territories"": 24,
    ""nunavut"": 17
}

# Find the jurisdiction with the lowest percentage of admissions of female youth
lowest_female_percentage = min(female_percentages, key=female_percentages.get)

# Print the result
print(f""Final Answer: {lowest_female_percentage}"")

# Done
```"
537,what was the percentage of admissions of female youth to secure custody in youth correctional services in 2014/2015?,[16.0],"```python
# Data from the table
secure_custody_female_admissions = 589
total_secure_custody_admissions = 589
total_female_admissions = 17744

# Calculate the percentage of female admissions to secure custody
percentage_female_secure_custody_admissions = (secure_custody_female_admissions / total_secure_custody_admissions) * 100

# Print the result
print(f""Final Answer: {percentage_female_secure_custody_admissions}%"")

# Done
```"
538,what was the percentage of female judges employed in the criminal justice system in 1991?,[14.0],"```python
# Data from the table
female_judges_1991 = 345
total_judges_1991 = 345 + 14845 + 12835 + 1885 + 3960 + 3965  # Sum of all types of occupation in 1991

# Calculate the percentage of female judges
percentage_female_judges_1991 = (female_judges_1991 / total_judges_1991) * 100

# Print the result
print(f""Final Answer: {percentage_female_judges_1991}%"")

# Done
```"
539,what was the percentage of female judges employed in the criminal justice system in 2011?,[36.0],"```python
# Data from the table
female_judges_1991 = 345 * (14.0 / 100)
female_judges_1996 = 485 * (21.0 / 100)
female_judges_2001 = 620 * (22.0 / 100)
female_judges_2006 = 695 * (25.0 / 100)
female_judges_2011 = 1095 * (36.0 / 100)

total_female_judges_cjs_2011 = female_judges_1991 + female_judges_1996 + female_judges_2001 + female_judges_2006 + female_judges_2011
total_judges_cjs_2011 = 345 + 485 + 620 + 695 + 1095

# Calculate the percentage of female judges employed in the criminal justice system in 2011
percentage_female_judges_2011 = (total_female_judges_cjs_2011 / total_judges_cjs_2011) * 100

# Print the result
print(f""Final Answer: {percentage_female_judges_2011}%"")

# Done
```  "
540,what was the percentage of female correctional workers employed in the criminal justice system in 1991?,[22.0],"```python
# Data from the table
female_correctional_workers_1991 = 22.0  # Percentage of female correctional workers in 1991

# Print the result
print(f""Final Answer: {female_correctional_workers_1991}%"")

# Done
```"
541,what was the percentage of female correctional workers employed in the criminal justice system in 2011?,[32.0],"```python
# Data from the table
percent_female_correctional_2011 = 32.0  # Percentage of female correctional workers in 2011

# Print the result
print(f""Final Answer : {percent_female_correctional_2011}"")

# Done
```"
542,what was the percentage of female lawyers and notaries employed in the criminal justice system in 1991?,[27.0],"```python
# Data from the table
female_lawyers_1991 = 485  # Number of female lawyers and notaries in 1991
total_lawyers_1991 = 14845  # Total number of lawyers and notaries in 1991

# Calculate the percentage of female lawyers and notaries in 1991
percentage_female_lawyers_1991 = (female_lawyers_1991 / total_lawyers_1991) * 100

# Print the result
print(f""Final Answer: {percentage_female_lawyers_1991}%"")

# Done
```"
543,what was the percentage of female lawyers and notaries employed in the criminal justice system in 2011?,[42.0],"```python
# Data from the table
female_lawyers_notaries_2011 = 33,950
total_lawyers_notaries_2011 = 33,950

# Calculate the percentage of female lawyers and notaries
percentage_female_lawyers_notaries_2011 = (female_lawyers_notaries_2011 / total_lawyers_notaries_2011) * 100

# Print the result
print(f""Final Answer: {percentage_female_lawyers_notaries_2011}%"")

# Done
```"
544,what was the percentage of female probation and parole officers in 1991?,[50.0],"```python
# Data from the table
female_probation_parole_officers_1991 = 50  # Percentage of female probation and parole officers in 1991
total_probation_parole_officers_1991 = 1885  # Total number of probation and parole officers in 1991

# Calculate the percentage of female probation and parole officers in 1991
percentage_female_probation_parole_1991 = (female_probation_parole_officers_1991 / total_probation_parole_officers_1991) * 100

# Print the result
print(f""Final Answer: {percentage_female_probation_parole_1991}%"")

# Done
```"
545,what was the percentage of probation and parole officer positions held by women in 2011?,[65.0],"```python
# Data from the table
total_probation_parole_officers_2011 = 4200
women_probation_parole_officers_2011 = (total_probation_parole_officers_2011 / 100) * 35  # Considering the 2011 percentage
percentage_women_probation_parole_2011 = (women_probation_parole_officers_2011 / total_probation_parole_officers_2011) * 100

# Print the result
print(f""Final Answer: {percentage_women_probation_parole_2011}%"")

# Done
```"
546,what was the percentage of paralegal and related positions held by women in 2011?,[85.0],"```python
# Data from the table
paralegal_positions_total_2011 = 22145  # Total number of paralegal positions in 2011
paralegal_positions_women_2011 = 18800  # Number of paralegal positions held by women in 2011

# Calculate the percentage
percentage_paralegal_women_2011 = (paralegal_positions_women_2011 / paralegal_positions_total_2011) * 100

# Print the result
print(f""Final Answer: {percentage_paralegal_women_2011}%"")

# Done
```"
547,"in 2013-2014, what was the percentage of seniors got a flu vaccination?",[64.0],"```python
# Data from the table
percentage_seniors_2013_2014 = 64

# Print the percentage of seniors who got a flu vaccination in 2013-2014
print(f""Percentage of seniors who got a flu vaccination in 2013-2014: {percentage_seniors_2013_2014}%"")

# Done
```"
548,"in 2003, what was the percentage of seniors got a flu vaccination?",['65 and over'],"```python
# Data from the table
percentage_seniors_2003 = 67

# Printing the result
print(f""Percentage of seniors who got a flu vaccination in 2003: {percentage_seniors_2003} percent"")

# Done
```"
549,"when had a lower percentage of seniors got a flu vaccination, in 2003 or in 2013-2014?",[2003.0],"```python
# Data from the table
percentage_seniors_2003 = 67
percentage_seniors_2013_2014 = 64

# Check which year had a lower percentage of seniors getting a flu vaccination
lower_percentage_year = ""2003"" if percentage_seniors_2003 < percentage_seniors_2013_2014 else ""2013-2014""

# Print the result
print(f""Final Answer: Seniors had a lower percentage of getting a flu vaccination in {lower_percentage_year}"")

# Done
```"
550,"in 2003, what was the percentage of younger canadians (12 to 44 years) who got a flu vaccination?",[16.0],"```python
# Data from the table
percentage_2003_younger_canadians = 16  # Percentage of younger Canadians (12 to 44 years) who got a flu vaccination in 2003

# Print the result
print(f""Final Answer: {percentage_2003_younger_canadians}%"")

# Done
```"
551,"in 2013-2014, what was the percentage of younger canadians (12 to 44 years) who got a flu vaccination?",[19.0],"```python
# Data from the table
percentage_2013_2014_younger_canadians = 19  # 2013-2014 flu vaccination rate for younger Canadians (12 to 44 years)

# Print the result
print(f""Final Answer: {percentage_2013_2014_younger_canadians}%"")

# Done
```"
552,"which year had a higher rate among younger canadians (12 to 44 years) got a flu vaccination, in 2003 or in 2013/2014?",['2013-2014'],"```python
# Data from the table
flu_vaccination_rate_2003 = 16
flu_vaccination_rate_2013_2014 = 19

# Compare vaccination rates among younger Canadians (12 to 44 years)
if flu_vaccination_rate_2003 > flu_vaccination_rate_2013_2014:
    higher_rate_year = 2003
else:
    higher_rate_year = 2013

# Print the result
print(f""Final Answer: The year with a higher flu vaccination rate among younger Canadians (12 to 44 years) is {higher_rate_year}"")

# Done
```"
553,which municipalities were seen the largest increases in the rates of police strength in 2016?,"['delta, b.c']","```python
# Data from the table
toronto_increase = -4.9
montreal_increase = -0.9
peel_region_increase = -2.0
calgary_increase = -0.4
york_region_increase = -2.4
ottawa_increase = -1.5
edmonton_increase = -0.2
winnipeg_increase = -2.6
durham_region_increase = -2.3
vancouver_increase = 0.0
quebec_increase = -2.3
halton_region_increase = -2.5
hamilton_increase = -1.7
waterloo_region_increase = -0.1
surrey_increase = -1.3
niagara_region_increase = -0.8
laval_increase = 0.9
longueuil_increase = -0.4
london_increase = 2.5
gatineau_increase = -1.7
saskatoon_increase = -1.4
burnaby_increase = 1.5
halifax_increase = 1.7
regina_increase = -1.2
windsor_increase = -1.2
richmond_increase = 1.3
st_johns_increase = -1.2
richelieu_saint_laurent_increase = -0.8
greater_sudbury_increase = 0.0
sherbrooke_increase = -2.6
barrie_increase = -0.6
saguenay_increase = 0.2
abbotsford_increase = -5.6
levis_increase = 0.4
terrebonne_increase = 0.7
coquitlam_increase = -3.9
trois_rivieres_increase = -0.5
guelph_increase = -0.8
kingston_increase = -0.1
kelowna_increase = -4.3
codiac_region_increase = -9.8
saanich_increase = -1.2
thunder_bay_increase = -1.3
langley_township_increase = -1.6
delta_increase = 6.6
roussillon_region_increase = -1.0
chatham_kent_increase = -2.3
victoria_increase = -0.9
red_deer_increase = 3.7
brantford_increase = 0.1

# Create a dictionary of municipalities and their respective rate increases
municipality_increases = {
    ""toronto, ont"": toronto_increase,
    ""montreal, que"": montreal_increase,
    ""peel region (mississauga/brampton), ont"": peel_region_increase,
    ""calgary, alta"": calgary_increase,
    ""york region (markham/vaughan),ont"": york_region_increase,
    ""ottawa, ont"": ottawa_increase,
    ""edmonton, alta"": edmonton_increase,
    ""winnipeg, man"": winnipeg_increase,
    ""durham region (oshawa/whitby/ajax), ont"": durham_region_increase,
    ""vancouver, b.c"": vancouver_increase,
    ""quebec, que"": quebec_increase,
    ""halton region (oakville/burlington), ont"": halton_region_increase,
    ""hamilton, ont"": hamilton_increase,
    ""waterloo region (kitchener), ont"": waterloo_region_increase,
    ""surrey, b.c"": surrey_increase,
    ""niagara region (st. catharines), ont"": niagara_region_increase,
    ""laval, que"": laval_increase,
    ""longueuil, que"": longueuil_increase,
    ""london, ont"": london_increase,
    ""gatineau, que"": gatineau_increase,
    ""saskatoon, sask"": saskatoon_increase,
    ""burnaby, b.c"": burnaby_increase,
    ""halifax, n.s"": halifax_increase,
    ""regina, sask"": regina_increase,
    ""windsor, ont"": windsor_increase,
    ""richmond, b.c"": richmond_increase,
    ""st. john's, n.l"": st_johns_increase,
    ""richelieu saint-laurent, que"": richelieu_saint_laurent_increase,
    ""greater sudbury, ont"": greater_sudbury_increase,
    ""sherbrooke, que"": sherbrooke_increase,
    ""barrie, ont"": barrie_increase,
    ""saguenay, que"": saguenay_increase,
    ""abbotsford, b.c"": abbotsford_increase,
    ""levis, que"": levis_increase,
    ""terrebonne, que"
554,"how many did the rate of police strength in delta, british columbia increase in 2016?",[6.6],"```python
# Data from the table
deltas_original_rate = 152
deltas_current_rate = 168

# Calculate the increase
increase_in_rate = deltas_current_rate - deltas_original_rate

# Print the result
print(f""Final Answer: {increase_in_rate}"")

# Done
```"
555,"how many did the rate of police strength in red deer, alberta increase in 2016?",[3.7],"```python
# Data from the table
red_deer_increase_2016 = 166  # Police strength rate in Red Deer, Alberta in 2016
red_deer_increase_2017 = 172  # Police strength rate in Red Deer, Alberta in 2017

# Calculate the increase
increase_in_rate = red_deer_increase_2017 - red_deer_increase_2016

# Print the result
print(f""Final Answer: {increase_in_rate}"")

# Done
```"
556,"how many did the rate of police strength in london, ontario increase in 2016?",[2.5],"```python
# Data from the table
original_rate = 152
increased_rate = 605

# Calculate the increase in police strength rate
increase = increased_rate - original_rate

# Print the result
print(f""Final Answer: {increase}"")

# Done
```"
557,"how many did the rate of police strength in codiac region, new brunswick increase in 2016?",[-9.8],"```python
# Data from the table
codiac_region_population_2016 = 118122
codiac_region_police_officers_2016 = 134
codiac_region_police_officers_per_100k_2016 = 113

# Calculate the increase in police strength rate
increase_in_police_strength_rate = codiac_region_police_officers_per_100k_2016

# Print the result
print(f""Increase in police strength rate in Codiac Region, New Brunswick in 2016: {increase_in_police_strength_rate}"")

# Done
```"
558,"how many did the rate of police strength in abbotsford, british columbia increase in 2016?",[-5.6],"```python
# Data from the table
abbotsford_initial_rate = 139
abbotsford_final_rate = 152

# Calculate the increase in the rate of police strength
increase_in_rate = abbotsford_final_rate - abbotsford_initial_rate

# Print the result
print(f""Final Answer: {increase_in_rate}"")

# Done
```"
559,"how many did the rate of police strength in toronto, ontario increase in 2016?",[-4.9],"```python
# Data from the table
police_strength_toronto_2016 = 5190
police_strength_toronto_2017 = 5190 + 26  # Hires
rate_increase_toronto = ((police_strength_toronto_2017 - police_strength_toronto_2016) / police_strength_toronto_2016) * 100

# Print the result
print(f""Rate of police strength increase in Toronto in 2016: {rate_increase_toronto}%"")

# Done
```"
560,"among these 50 police services, what were the 10 ones with the highest rates of police strength in 2017?","['victoria, b.c', 'montreal, que', 'halifax, n.s', 'thunder bay, ont', 'vancouver, b.c', 'windsor, ont', 'winnipeg, man', 'edmonton, alta', 'toronto, ont', 'regina, sask']","```python
# Data from the table
police_data = {
    ""toronto, ont"": 180,
    ""montreal, que"": 228,
    ""peel region (mississauga/brampton), ont"": 140,
    ""calgary, alta"": 168,
    ""york region (markham/vaughan),ont"": 137,
    ""ottawa, ont"": 128,
    ""edmonton, alta"": 183,
    ""winnipeg, man"": 192,
    ""durham region (oshawa/whitby/ajax), ont"": 127,
    ""vancouver, b.c"": 196,
    ""quebec, que"": 132,
    ""halton region (oakville/burlington), ont"": 120,
    ""hamilton, ont"": 149,
    ""waterloo region (kitchener), ont"": 141,
    ""surrey, b.c"": 142,
    ""niagara region (st. catharines), ont"": 156,
    ""laval, que"": 142,
    ""longueuil, que"": 134,
    ""london, ont"": 152,
    ""gatineau, que"": 140,
    ""saskatoon, sask"": 173,
    ""burnaby, b.c"": 117,
    ""halifax, n.s"": 223,
    ""regina, sask"": 178,
    ""windsor, ont"": 193,
    ""richmond, b.c"": 98,
    ""st. john's, n.l"": 164,
    ""richelieu saint-laurent, que"": 103,
    ""greater sudbury, ont"": 160,
    ""sherbrooke, que"": 122,
    ""barrie, ont"": 159,
    ""saguenay, que"": 121,
    ""abbotsford, b.c"": 139,
    ""levis, que"": 107,
    ""terrebonne, que"": 121,
    ""coquitlam, b.c"": 117,
    ""trois-rivieres, que"": 115,
    ""guelph, ont"": 147,
    ""kingston, ont"": 154,
    ""kelowna, b.c"": 134,
    ""codiac region (moncton), n.b"": 113,
    ""saanich, b.c"": 135,
    ""thunder bay, ont"": 197,
    ""langley township, b.c"": 121,
    ""delta, b.c"": 152,
    ""roussillon region, que"": 109,
    ""chatham-kent, ont"": 148,
    ""victoria, b.c"": 233,
    ""red deer, alta"": 166,
    ""brantford, ont"": 172
}

# Sort the police services based on police strength in descending order
sorted_police_services = sorted(police_data.items(), key=lambda x: x[1], reverse=True)

# Get the Top 10 police services with the highest rates of police strength in 2017
top_10_police_services = dict(sorted_police_services[:10])

# Print the Top 10 police services
print(""Top 10 Police Services with the Highest Rates of Police Strength in 2017:"")
for service, strength in top_10_police_services.items():
    print(f""{service}: {strength}"")

# Done
```
"
561,what was the rate of police strength in victoria in 2017?,[233.0],"```python
# Data from the table
victoria_population = 104777
victoria_police_officers = 244

# Calculate the rate of police strength
police_strength_rate = victoria_police_officers / (victoria_population/100000)

# Print the result
print(f""Rate of Police Strength in Victoria in 2017: {police_strength_rate:.2f} officers per 100,000 population"")

# Done
```"
562,what was the rate of police strength in montreal in 2017?,[228.0],"```python
# Data from the table
montreal_police_officers = 4596
montreal_population = 2014221

# Calculate the rate of police strength
rate_of_police_strength_montreal = round((montreal_police_officers / montreal_population) * 100000, 1)

# Print the result
print(f""Final Answer: {rate_of_police_strength_montreal}"")

# Done
```"
563,what was the rate of police strength in halifax in 2017?,[223.0],"```python
# Data from the table
population_halifax = 238467
police_officers_halifax = 531
rate_police_strength_halifax = police_officers_halifax / (population_halifax / 100000)

# Print the result
print(f""Rate of police strength in Halifax in 2017: {rate_police_strength_halifax:.2f} per 100,000 population"")

# Done
```"
564,what was the rate of police strength in thunder bay in 2017?,[197.0],"```python
# Data from the table
thunder_bay_population = 115740
thunder_bay_police_officers = 228

# Calculate the rate of police strength
police_strength_rate = thunder_bay_police_officers / (thunder_bay_population / 100000)

# Print the result
print(f""Rate of police strength in Thunder Bay in 2017: {police_strength_rate}"")

# Done
```"
565,what was the rate of police strength in vancouver in 2017?,[196.0],"```python
# Data from the table
police_strength_vancouver = 196  # Number of police officers in Vancouver in 2017
population_vancouver = 670718  # Population of Vancouver in 2016

# Calculate the rate of police strength
rate_police_strength_vancouver = police_strength_vancouver / (population_vancouver / 100000)

# Print the result
print(f""Rate of Police Strength in Vancouver in 2017: {rate_police_strength_vancouver}"")

# Done
```"
566,what was the rate of police strength in winsor in 2017?,[193.0],"```python
# Data from the table
windsor_population = 221862
windsor_police_officers = 428

# Calculate the rate of police strength
police_strength_rate = windsor_police_officers / (windsor_population / 100000)

# Print the result
print(f""Rate of Police Strength in Windsor, 2017 : {police_strength_rate} police officers per 100,000 population"")

# Done
```"
567,what was the rate of police strength in winnipeg in 2017?,[192.0],"```python
# Data from the table
winnipeg_population_2017 = 735552
winnipeg_police_officers_2017 = 140

# Calculate the police strength rate in Winnipeg
police_strength_rate_winnipeg = winnipeg_police_officers_2017 / (winnipeg_population_2017 / 100000)

# Print the result
print(f""Police Strength Rate in Winnipeg in 2017: {police_strength_rate_winnipeg} per 100,000 population"")

# Done
```"
568,what was the rate of police strength in edmonton in 2017?,[183.0],"```python
# Data from the table
population_edmonton_2016 = 969068
police_officers_edmonton_2017 = 1775
rate_police_strength_edmonton_2017 = police_officers_edmonton_2017 / (population_edmonton_2016 / 100000)

# Print the result
print(f""Rate of police strength in Edmonton in 2017: {rate_police_strength_edmonton_2017} per 100,000 population"")

# Done
```"
569,what was the rate of police strength in toronto in 2017?,[180.0],"```python
# Data from the table
toronto_population_2016 = 2876095
toronto_police_officers_2017 = 5190
toronto_police_rate_2017 = 180

# Print the rate of police strength in toronto in 2017
print(f""Rate of Police Strength in Toronto in 2017 : {toronto_police_rate_2017} per 100,000 population"")

# Done
```"
570,what was the rate of police strength in regina in 2017?,[178.0],"```python
# Data from the table
regina_population = 223637
regina_police_officers = 397

# Calculate the police strength rate in Regina in 2017
police_strength_rate_regina = regina_police_officers / (regina_population / 100000)

# Print the result
print(f""Police strength rate in Regina in 2017: {police_strength_rate_regina:.2f} per 100,000 population"")

# Done
```"
571,"for the third consecutive year, which municipality was observed the lowest rates of police strength?","['richmond, b.c']","```python
# Data from the table
police_strength_rates = {
    ""toronto, ont"": 180,
    ""montreal, que"": 228,
    ""peel region (mississauga/brampton), ont"": 140,
    ""calgary, alta"": 168,
    ""york region (markham/vaughan),ont"": 137,
    ""ottawa, ont"": 128,
    ""edmonton, alta"": 183,
    ""winnipeg, man"": 192,
    ""durham region (oshawa/whitby/ajax), ont"": 127,
    ""vancouver, b.c"": 196,
    ""quebec, que"": 132,
    ""halton region (oakville/burlington), ont"": 120,
    ""hamilton, ont"": 149,
    ""waterloo region (kitchener), ont"": 141,
    ""surrey, b.c"": 142,
    ""niagara region (st. catharines), ont"": 156,
    ""laval, que"": 142,
    ""longueuil, que"": 134,
    ""london, ont"": 152,
    ""gatineau, que"": 140,
    ""saskatoon, sask"": 173,
    ""burnaby, b.c"": 117,
    ""halifax, n.s"": 223,
    ""regina, sask"": 178,
    ""windsor, ont"": 193,
    ""richmond, b.c"": 98,
    ""st. john's, n.l"": 164,
    ""richelieu saint-laurent, que"": 103,
    ""greater sudbury, ont"": 160,
    ""sherbrooke, que"": 122,
    ""barrie, ont"": 159,
    ""saguenay, que"": 121,
    ""abbotsford, b.c"": 139,
    ""levis, que"": 107,
    ""terrebonne, que"": 121,
    ""coquitlam, b.c"": 117,
    ""trois-rivieres, que"": 115,
    ""guelph, ont"": 147,
    ""kingston, ont"": 154,
    ""kelowna, b.c"": 134,
    ""codiac region (moncton), n.b"": 113,
    ""saanich, b.c"": 135,
    ""thunder bay, ont"": 197,
    ""langley township, b.c"": 121,
    ""delta, b.c"": 152,
    ""roussillon region, que"": 109,
    ""chatham-kent, ont"": 148,
    ""victoria, b.c"": 233,
    ""red deer, alta"": 166,
    ""brantford, ont"": 172
}

# Find the municipality with the lowest rates of police strength
lowest_police_strength_municipality = min(police_strength_rates, key=police_strength_rates.get)

# Print the result
print(f""Final Answer: {lowest_police_strength_municipality}"")

# Done
```"
572,"for the third consecutive year, what was the rate of police strength in british columbia's municipality of richmond?",[98.0],"```python
# Data from the table
richmond_police_strength_2016 = 206
richmond_police_strength_2017 = 206
population_of_richmond_2016 = 209738
population_of_richmond_2017 = 209738

# Calculate the police strength rate in 2017
police_strength_rate_2017 = richmond_police_strength_2017 / (population_of_richmond_2017 / 100000)

# Print the result
print(f""Final Answer: {police_strength_rate_2017}"")

# Done
```"
573,"for the third consecutive year, what was the rate of police strength in quebec's municipality of richelieu saint-laurent?",[103.0],"```python
# Data from the table
police_strength_rate_richelieu_st_laurent = 103

# Print the result
print(f""Final Answer: {police_strength_rate_richelieu_st_laurent}"")

# Done
```"
574,"for the third consecutive year, what was the rate of police strength in quebec's municipality of levis?",[107.0],"```python
# Data from the table
levis_police_strength_2016 = 8  # 2016 police strength in Levis, Quebec
levis_police_strength_2017 = 7  # 2017 police strength in Levis, Quebec
levis_population = 144918  # Population of Levis, Quebec

# Calculate the rate of police strength in Levis for 2017
levis_rate_2017 = (levis_police_strength_2017 / levis_population) * 100000

# Print the result
print(f""Rate of police strength in Levis for 2017: {levis_rate_2017} per 100,000 population"")

# Done
```"
575,how many appearances did tommy higginson make for his 12-years with brentford?,[433.0],"```python
# Data from the table
tommy_higginson_appearances = 433  # Total appearances for Tommy Higginson in his career

# Print the result
print(f""Final Answer: {tommy_higginson_appearances}"")

# Done
```"
576,how many passing touchdowns did manuel throw from 2014 to 2017?,[8],"```python
# Data from the table
passing_td_2014 = 5
passing_td_2017 = 1

# Calculate the total passing touchdowns
total_passing_td = passing_td_2014 + passing_td_2017

# Print the result
print(f""Final Answer: {total_passing_td}"")

# Done
```"
577,"in 1982-83, which division did steve fox join port vale in?",['fourth division'],"```python
# Data from the table
division_steve_fox = ""fourth division""

# Print the result
print(f""Final Answer: Steve Fox joined Port Vale in the {division_steve_fox} in 1982-83."")

# Done
```"
578,"in 2011, what was the life expectancy for the first nations household males at age 1?",[72.5],"```python
# Data from the table
le_first_nations_males_at_age_1 = 72.5

# Print the result
print(f""Final Answer: {le_first_nations_males_at_age_1}"")

#Done
```"
579,"in 2011, what was the life expectancy for the first nations household females at age 1?",[77.7],"```python
# Data from the table
le_first_nations_females_age_1 = 77.7

# Print the result
print(f""Final Answer: {le_first_nations_females_age_1}"")

# Done
```"
580,"at age 65, what was the gap in life expectancy between first nations and non-indigenous males in 2011?",[4.6],"```python
# Data from the table
le_first_nations_males_65 = 16.4
le_non_indigenous_males_65 = 21.0

# Calculate the gap in life expectancy
gap_in_le = le_non_indigenous_males_65 - le_first_nations_males_65

# Print the result
print(f""Final Answer: Gap in life expectancy between First Nations and Non-Indigenous males at age 65 in 2011 was {gap_in_le} years."")

# Done
```"
581,"at age 65, what was the gap in life expectancy between first nations and non-indigenous females in 2011?",[6.2],"```python
# Data from the table
le_first_nations_females_65 = 20.0
le_non_indigenous_females_65 = 25.9

# Calculate the gap in life expectancy
gap_in_le = le_non_indigenous_females_65 - le_first_nations_females_65

# Print the result
print(f""Final Answer: {gap_in_le}"")

# Done
```"
582,"for the 2011 metis household population, what was the life expectancy at age 1 for males?",[76.9],"```python
# Data from the table
life_expectancy_metis_males_age_1 = 76.9

# Print the result
print(f""Life Expectancy at Age 1 for Metis Males: {life_expectancy_metis_males_age_1} years"")

# Done
```"
583,"for the 2011 metis household population, what was the life expectancy at age 1 for females?",[82.3],"```python
# Data from the table
metis_female_le_age1 = 82.3

# Print the life expectancy at age 1 for females in the Metis household population in 2011
print(f""Life Expectancy at Age 1 for Females in Metis Household Population: {metis_female_le_age1} years"")

# Done
```"
584,"for the 2011 metis household population, how many years was the life expectancy at age 1 for males shorter than that for non-indigenous ones?",[4.5],"```python
# Data from the table
le_metis_males_at_age1 = 76.9
le_non_indigenous_males_at_age1 = 81.4

# Calculate the difference
shorter_life_expectancy = le_non_indigenous_males_at_age1 - le_metis_males_at_age1

# Print the result
print(f""Final Answer : {shorter_life_expectancy} years"")

# Done
```"
585,"for the 2011 metis household population, how many years was the life expectancy at age 1 for females shorter than that for non-indigenous ones?",[5],"```python
# Data from the table
metis_le_females_1 = 82.3
non_indigenous_le_females_1 = 87.3

# Calculate the difference in life expectancy
difference_in_le = non_indigenous_le_females_1 - metis_le_females_1

# Print the result
print(f""Final Answer: {difference_in_le} years"")

# Done
```"
586,"at age 65, what was the gap in life expectancy between metis and non-indigenous males in 2011?",[2.7],"```python
# Data from the table
le_metis_males_65 = 22.1
le_non_indigenous_males_65 = 20.9

# Calculate the gap in life expectancy
life_expectancy_gap = le_metis_males_65 - le_non_indigenous_males_65

# Print the result
print(f""Final Answer: {life_expectancy_gap}"")

# Done
```"
587,"at age 65, what was the gap in life expectancy between metis and non-indigenous females in 2011?",[3.8],"```python
# Data from the table
metis_life_expectancy_females_65 = 22.1
non_indigenous_life_expectancy_females_65 = 25.9

# Calculate the gap in life expectancy
life_expectancy_gap = non_indigenous_life_expectancy_females_65 - metis_life_expectancy_females_65

# Print the result
print(f""Final Answer: {life_expectancy_gap}"")

# Done
```"
588,what was the life expectancy at age 1 for the inuit household males in 2011?,[70.0],"```python
# Data from the table
le_inuit_males_age1 = 70.0

# Print the result
print(f""Life expectancy at age 1 for Inuit household males in 2011: {le_inuit_males_age1} years"")

# Done
```"
589,what was the life expectancy at age 1 for the inuit household females in 2011?,[76.1],"```python
# Data from the table
le_inuit_household_females_at_1 = 76.1

# Print the result
print(f""Final Answer: {le_inuit_household_females_at_1}"")

# Done
```"
590,how many years was the life expectancy at age 1 for the inuit household males shorter than that for non-indigenous ones in 2011?,[11.4],"```python
# Data from the table
le_age_1_inuit_male = 70.0
le_age_1_non_indigenous_male = 81.4

# Calculate the difference
difference_le_age_1 = le_age_1_non_indigenous_male - le_age_1_inuit_male

# Print the result
print(f""Final Answer : {difference_le_age_1}"")

# Done
```"
591,how many years was the life expectancy at age 1 for the inuit household females shorter than that for non-indigenous ones in 2011?,[11.2],"```python
# Data from the table
inuit_females_le_1 = 76.1
non_indigenous_females_le_1 = 87.3

# Calculate the difference in life expectancy
shorter_years = non_indigenous_females_le_1 - inuit_females_le_1

# Print the result
print(f""Final Answer: {shorter_years} years"")

# Done
```"
592,"at age 65, how many years was the life expectancy for inuit men shorter than that for non-indigenous men in 2011?",[4.9],"```python
# Data from the table
le_inuit_men_65 = 16.1
le_non_indigenous_men_65 = 20.9

# Calculate the difference
difference_in_years = le_non_indigenous_men_65 - le_inuit_men_65

# Print the result
print(f""Final Answer: {difference_in_years}"")

# Done
```"
593,"at age 65, how many years was the life expectancy for inuit women shorter than that for non-indigenous women in 2011?",[5.9],"```python
# Data from the table
inuit_women_le_65 = 16.1
non_indigenous_women_le_65 = 21.0

# Calculate the difference
difference_in_le = non_indigenous_women_le_65 - inuit_women_le_65

# Print the result
print(f""Final Answer: {difference_in_le} years"")

# Done
```"
594,"in 2017, which league did montgomery participate in the national leagues nsw for wollongong wolves?",['national premier leagues nsw'],"```python
# Data from the table
# In 2017, Montgomery participated in the National Premier Leagues NSW for Wollongong Wolves
league = ""National Premier Leagues NSW""

# Print the result
print(f""Final Answer: {league}"")

# Done
```"
595,"in 1974, which single did george warren mccrae release his single?",['rock your baby'],"```python
# Data from the table
george_mccrae_single = ""george mccrae - rock your baby""

# Print the result
print(f""Final Answer: {george_mccrae_single}"")

# Done
```"
596,how many days with a reign of is edward one of the shortest-reigning monarchs in british history?,['326 days'],"```
# Python
# Data from the table
reign_days_edward_viii = 326

# Print the result
print(f""Final Answer: {reign_days_edward_viii}"")

# Done
```"
597,which league did bateman appear for brentford team in the 1934-35 season?,['second division'],"```python
# Data from the table
league_brentford_34_35 = ""second division""

# Print the result
print(f""Final Answer: {league_brentford_34_35}"")

# Done
```"
598,"in 2016, which league did gerson vieira appear for mumbai city in indian super league?",['indian super league'],"```python
# Data from the table
club = ""mumbai city""
season = 2016
league = ""indian super league""

# Print the result
print(f""Final Answer: Gerson Vieira appeared for {club} in {season}, in the {league}"")

# Done
```"
599,how many yards did fitzpatrick throw for in 2008?,[193.0],"```python
# Data from the table
passing_yards_2008 = 1905

# Print the result
print(f""Final Answer: {passing_yards_2008}"")

# Done
```"
600,how many touchdowns did fitzpatrick throw for in 2008?,[2.0],"```python
# Data from the table
td_2008 = 8

# Print the result
print(f""Final Answer: {td_2008}"")

# Done
```"
601,"in 2006, what is the ranking for peaches released song ""impeach my bush,"" in the us.",[168.0],"```python
# Data from the table
us_ranking_2006_impeach_my_bush = 168  # Ranking for ""impeach my bush"" in the US in 2006

# Print the result
print(f""Final Answer: {us_ranking_2006_impeach_my_bush}"")

#Done
```"
602,how many rushing yards did alfred morris finish the season with?,[1613.0],"```python
# Data from the table
rushing_yards_2012 = 1613
rushing_yards_2013 = 1275
rushing_yards_2014 = 1074
rushing_yards_2015 = 751
rushing_yards_2016 = 243
rushing_yards_2017 = 547
rushing_yards_2018 = 428

# Calculate the total rushing yards Alfred Morris finished the season with
total_rushing_yards = rushing_yards_2012 + rushing_yards_2013 + rushing_yards_2014 + rushing_yards_2015 + rushing_yards_2016 + rushing_yards_2017 + rushing_yards_2018

# Print the result
print(f""Final Answer: Alfred Morris finished the season with {total_rushing_yards} rushing yards."")

# Done
```"
603,how many touchdowns did alfred morris finish the season with?,[13.0],"```python
# Data from the table
alfred_morris_touchdowns_2012 = 13
alfred_morris_touchdowns_2013 = 7
alfred_morris_touchdowns_2014 = 8
alfred_morris_touchdowns_2015 = 1

# Calculate total touchdowns for Alfred Morris
total_touchdowns_alfred_morris = alfred_morris_touchdowns_2012 + alfred_morris_touchdowns_2013 + alfred_morris_touchdowns_2014 + alfred_morris_touchdowns_2015

# Print the result
print(f""Final Answer: Alfred Morris finished the season with {total_touchdowns_alfred_morris} touchdowns."")

# Done
```"
604,"in 2002, which competition did canada participate in the gold cup?",['gold cup'],"```python
# Data from the table
competition_2002_gold_cup = ""gold cup""

# Print the result
print(f""Final Answer: {competition_2002_gold_cup}"")

# Done
```"
605,"in 2014, which league did elyounoussi join side molde fk?",['tippeligaen'],"```python
# Data from the table
joined_league_2014 = ""tippeligaen""  # The league joined by Elyounoussi in 2014

# Print the result
print(f""Final Answer: Elyounoussi joined {joined_league_2014} in 2014"")

# Done
```"
606,which division did cross begin his career at walsall in 1966-67?,['third division'],"```python
# Data from the table
walsall_1966_67_apps = 3
walsall_1966_67_goals = 0

# Check if the player played in any division for that season
if walsall_1966_67_apps > 0:
    division = ""third division""  # Assuming the player started in the third division
else:
    division = ""unknown""
    
# Print the result
print(f""Final Answer: Cross began his career at Walsall in 1966-67 in the {division}"")

# Done
```"
607,how many votes did the libertarian party took part in the election of 1994 receive?,[2754.0],"```python
# Data from the table
votes_1994 = 2754

# Print the result
print(f""Final Answer: {votes_1994}"")

# Done
```"
608,"what is the peak chart position of the album, the rhythm of the night, on the us heatseekers chart?",[2.0],"```python
# Data from the table
us_heat_peak_position = 2  # Peak chart position on US Heatseekers chart for ""the rhythm of the night"" album

# Print the peak chart position
print(f""Peak Chart Position of the album 'the rhythm of the night' on US Heatseekers Chart: {us_heat_peak_position}"")

# Done
```"
609,which song was released by kim cesarion in 2013.,['undressed'],"```python
# Data from the table
song_released_by_kim_cesarion = ""undressed""

# Print the result
print(f""Final Answer: {song_released_by_kim_cesarion}"")

# Done
```"
610,"in the 1997 season, how many rushing yards did alexander finish with?",[415.0],"```python
# Data from the table
rushing_yards_1997 = 415

# Print the result
print(f""Final Answer: Alexander finished the 1997 season with {rushing_yards_1997} rushing yards."")

# Done
```"
611,"in the 1997 season, how many rushing touchdowns did alexander finish with?",[3.0],"```python
# Data from the table
season_1997_rushing_td = 3

# Print the result
print(f""Final Answer: {season_1997_rushing_td}"")

# Done
```"
612,what was the share of unincorporated self-employed workers in 2016 who satisfy the definition of gig workers?,[8.2],"```python
# Data from the table
share_unincorporated_gig_workers = 8.2

# Print the result
print(f""Final Answer: {share_unincorporated_gig_workers} percent"")

# Done
```"
613,which league did mladen devetak make an official debut for vojvodina in the 2016-17 season?,['serbian superliga'],"```python
# Data from the table
vojvodina_debut_league = ""serbian superliga""

# Print the result
print(f""Final Answer: {vojvodina_debut_league}"")

# Done
```"
614,"which deni hines's album including ""what about love"" was released in 2016?",['the soul sessions'],"```python
# Data from the table
album_2016 = ""the soul sessions""

# Print the result
print(f""Final Answer: {album_2016}"")

# Done
```"
615,how many kilograms did josef strassberger press in the men's +82.5 kg weightlifting category at the 1932 summer olympics?,[125.0],"```python
# Data from the table
josef_strassberger_press = 115

# Print the result
print(f""Final Answer: Josef Strassberger pressed {josef_strassberger_press} kg"")

# Done
```"
616,"after a one season stint with boca unidos in 2017-18, which league did maldonado join central cordoba in 2018?",['primera b nacional'],"```python
# Data from the table
league_boca_unidos = ""primera b nacional""
league_central_cordoba = """"

# Assign the league joined by Maldonado in 2018
league_central_cordoba = ""primera b nacional""

# Print the result
print(f""Final Answer : {league_central_cordoba}"")

# Done
```"
617,how many matches did simen wangberg play in tippeligaen before he moved to brann in 2012?,[24.0],"```python
# Data from the table
tippeligaen_matches_before_2012 = 10  # Simen Wangberg's matches in Tippeligaen before moving to Brann in 2012

# Print the result
print(f""Simen Wangberg played {tippeligaen_matches_before_2012} matches in Tippeligaen before moving to Brann in 2012"")

#Done
```"
618,how many goals did corentin tolisso score in the 2015-16 ligue 1 season with lyon?,[5.0],"```python
# Data from the table
goals_lyon_2015_16 = 5

# Print the result
print(f""Final Answer: Corentin Tolisso scored {goals_lyon_2015_16} goals in the 2015-16 Ligue 1 season with Lyon."")

# Done
```"
619,"in 2014, which league did susvielles join olimpo of?",['primera division'],"```python
# Data from the table
club = ""olimpo""
season_2014_league = ""primera division""

# Print the answer
print(f""Answer: In 2014, Susvielles joined Olimpo of {season_2014_league}"")

# Done
```"
620,what was the result of jan sekpona in the heat?,['1:54.25'],"```python
# Data from the table
jan_sekpona_result_heat = ""1:54.25""

# Print the result
print(f""Result of Jan Sekpona in the heat: {jan_sekpona_result_heat}"")

# Done
```"
621,"in 2018, which league did adrian mierzejewski play for changchun yatai?",['chinese super league'],"```python
# Data from the table
adrian_mierzejewski_league_changchun_yatai = ""chinese super league""

# Print the result
print(f""Final Answer: Adrian Mierzejewski played for {adrian_mierzejewski_league_changchun_yatai} in 2018"")

# Done
```"
622,where did torres go after he played for the houston dynamo in the 2017 major league soccer season?,['cruz azul'],"```python
# Data from the table
club_houston_dynamo_2017 = ""houston dynamo""
next_club_after_houston_dynamo_2017 = ""unam""

# Print the result
print(f""Final Answer: {next_club_after_houston_dynamo_2017}"")

# Done
```"
623,"in 2016, how many yards did dan raudabaugh throw for?",[4303.0],"```python
# Data from the table
yards_2016 = 4303

# Print the result
print(f""Final Answer: {yards_2016}"")

# Done
```"
624,"in 2016, how many touchdowns did dan raudabaugh throw for?",[101.0],"```python
# Data from the table
td_2016_dan_raudabaugh = 101

# Print the result
print(f""Final Answer: {td_2016_dan_raudabaugh}"")

# Done
```"
625,which league did clarence seedorf play for milan in the 2011-12?,['serie a'],"```python
# Data from the table
seedorf_goals_2011_12 = 3

# Answering the question
if seedorf_goals_2011_12 > 0:
    league_played = ""Serie A""
else:
    league_played = ""Not Available""

# Print the result
print(f""Final Answer: Clarence Seedorf played in the {league_played} league for Milan in 2011-12 season."")

# Done
```"
626,how many yards did jake locker rush in 2014?,[142.0],"```python
# Data from the table
rushing_yards_2014 = 142

# Print the result
print(f""Final Answer: {rushing_yards_2014} yards"")

# Done
```"
627,which league did blinkhorn sign for side york city for the 2011-12 season?,['conference premier'],"```python
# Data from the table
league_york_city_2011_12 = ""conference premier""  # League in which Blinkhorn signed for York City in 2011-12 season

# Print the result
print(f""League signed with York City for 2011-12 season: {league_york_city_2011_12}"")

# Done
```"
628,"in 2016, which league did mokin appear for astana?",['kazakhstan premier league'],"```python
# Data from the table
league_2016_astana = ""kazakhstan premier league""

# Print the result
print(f""In 2016, Mokin appeared for Astana in the league: {league_2016_astana}"")

# Done
```"
629,"as all boys, how many goals did juan manuel vazquez have over the course of the 2016-17 primera b nacional?",[5.0],"```python
# Data from the table
apps_2016_17 = 33
goals_2016_17 = 5

# Print the goals scored by Juan Manuel Vazquez in 2016-17 primera b nacional
print(f""Juan Manuel Vazquez scored {goals_2016_17} goals in the 2016-17 season of primera b nacional as part of All Boys."")

# Done
```"
630,what is the average all-in market price paid for legal cannabis flowers in the fourth quarter of 2018?,[9.7],"```python
# Data from the table
legal_cannabis_price_Q4 = 9.70

# Print the result
print(f""Legal Cannabis Price in the Fourth Quarter of 2018: {legal_cannabis_price_Q4}"")

# Done
```"
631,what is the average price of illegal cannabis in the fourth quarter of 2018?,[6.51],"```python
# Data from the table
illegal_cannabis_price_q4 = 6.51

# Print the result
print(f""Average Price of Illegal Cannabis in Q4 2018: {illegal_cannabis_price_q4}"")

#Done
```"
632,"in the fourth quarter of 2018, how mush was the average price of illegal cannabis lower than the price of legal cannabis?",[0.328866],"```python
# Data from the table
price_legal_cannabis_Q4 = 9.70
price_illegal_cannabis_Q4 = 6.51

# Calculate the price difference
price_difference = price_legal_cannabis_Q4 - price_illegal_cannabis_Q4

# Print the result
print(f""Final Answer: {price_difference}"")

# Done
```"
633,how many times did larus sigurðsson play in 1998-99 at stoke?,[43.0],"```python
# Data from the table
larus_apps_9899_stoke = 43

# Print the result
print(f""Final Answer: Larus Sigurdsson played {larus_apps_9899_stoke} times in 1998-99 at Stoke."")

# Done
```"
634,"larus sigurðssonwas transferred to west bromwich albion in 1999, how many appearances did he make for stoke?",[228.0],"```python
# Data from the table
larus_appearances_stoke_1994 = 23
larus_appearances_stoke_1995 = 46
larus_appearances_stoke_1996 = 45
larus_appearances_stoke_1997 = 43
larus_appearances_stoke_1998 = 38

# Sum of appearances
larus_total_appearances_stoke = larus_appearances_stoke_1994 + larus_appearances_stoke_1995 + larus_appearances_stoke_1996 + larus_appearances_stoke_1997 + larus_appearances_stoke_1998

# Print the result
print(f""Final Answer: Larus Sigurðsson made {larus_total_appearances_stoke} appearances for Stoke."")

# Done
```"
635,"in 2018, what is the number of women being sexually assaulted in the 12 months preceding the survey?",[340.0],"```python
# Data from the table
women_sexual_attack_2018 = 60

# Print the result
print(f""Number of women sexually assaulted in 2018: {women_sexual_attack_2018}"")

# Done
```"
636,"in 2018, what was the proportion of women being sexually assaulted in the 12 months preceding the survey?",[4.3],"```python
# Data from the table
female_victims_2018 = 60
total_victims_2018 = 900

# Calculate the proportion of women being sexually assaulted in 2018
proportion_female_victims_2018 = (female_victims_2018 / total_victims_2018) * 100

# Print the result
print(f""Final Answer: {proportion_female_victims_2018}%"")

# Done
```"
637,"in 2018, what was the proportion of men reporting that they had been sexually assaulted in the military workplace in the past 12 months?",[1.1],"```python
# Data from the table
male_victims_2018 = 520
total_victims_2018 = 900

# Calculate the proportion
proportion_men_sexually_assaulted_2018 = (male_victims_2018 / total_victims_2018) * 100

# Print the result
print(f""Proportion of men reporting sexual assault in 2018: {proportion_men_sexually_assaulted_2018:.2f}%"")

# Done
```"
638,"in 2016, what was the most common type of sexual assault experienced by regular force members?",['unwanted sexual touching'],"```python
# Data from the table for 2016
female_sexual_attack_2016 = 70
male_sexual_attack_2016 = 80

unwanted_touching_female_2016 = 320
unwanted_touching_male_2016 = 520

unable_to_consent_female_2016 = 60
unable_to_consent_male_2016 = 60

# Calculate the total number of each type of sexual assault in 2016
total_sexual_attack_female_2016 = female_sexual_attack_2016 + unwanted_touching_female_2016 + unable_to_consent_female_2016
total_sexual_attack_male_2016 = male_sexual_attack_2016 + unwanted_touching_male_2016 + unable_to_consent_male_2016

# Find the most common type of sexual assault in 2016
if total_sexual_attack_female_2016 >= total_sexual_attack_male_2016:
    most_common_assault_2016 = ""Female victims experienced the most common type of sexual assault in 2016.""
else:
    most_common_assault_2016 = ""Male victims experienced the most common type of sexual assault in 2016.""

# Print the result
print(f""Final Answer: {most_common_assault_2016}"")

# Done
```
"
639,"in 2018, which is comparatively less common, sexual attacks or unwanted sexual touching?",['sexual attack'],"```python
# Data from the table for 2018
sexual_attacks_2018 = 140
unwanted_touching_2018 = 800

# Calculate the comparison
if sexual_attacks_2018 < unwanted_touching_2018:
    less_common_type = ""sexual attacks""
else:
    less_common_type = ""unwanted sexual touching""

# Print the result
print(f""Final Answer: In 2018, {less_common_type} is comparatively less common."")

# Done
```"
640,"in 2018, which is comparatively less common, sexual activity or unwanted sexual touching?",['sexual activity where unable to consent'],"```python
# Data from the table
unwanted_sexual_touching_percent_2018 = 3.7
sexual_activity_percent_2018 = 0.9

# Check which is comparatively less common
if sexual_activity_percent_2018 < unwanted_sexual_touching_percent_2018:
    less_common_type = ""sexual activity""
else:
    less_common_type = ""unwanted sexual touching""

# Print the result
print(f""The type that is comparatively less common in 2018 is: {less_common_type}"")

# Done
```"
641,"in 2018, how many times is the proportion of indigenous members being sexually assaulted in the previous 12 months than that of non-indigenous members?",[2],"```python
# Data from the table
indigenous_percentage_2018 = 1.9
non_indigenous_percentage_2018 = 1.1

# Calculate the ratio
assault_ratio = indigenous_percentage_2018 / non_indigenous_percentage_2018

# Print the result
print(f""Final Answer: {assault_ratio}"")

# Done
```"
642,"in 2018, how many times is the proportion of indigenous members being sexually assaulted in the previous 12 months than that of members without disabilities?",[2],"```python
# Data from the table
indigenous_2018 = 1.9  # Percentage of indigenous members sexually assaulted in 2018
non_disabled_2018 = 1.1  # Percentage of members without disabilities sexually assaulted in 2018

# Calculate the ratio
ratio_indigenous_to_non_disabled = indigenous_2018 / non_disabled_2018

# Print the result
print(f""Final Answer: {ratio_indigenous_to_non_disabled} times"")

# Done
```"
643,"in 2018, how many times is the proportion of members with disabilities being sexually assaulted in the previous 12 months than that of members without disabilities?",[2],"```python
# Data from the table
disabled_percent_2018 = 2.4  # Percentage of disabled members being sexually assaulted in 2018
non_disabled_percent_2018 = 1.1  # Percentage of non-disabled members being sexually assaulted in 2018

# Calculate the ratio
ratio_disability = disabled_percent_2018 / non_disabled_percent_2018

# Print the result
print(f""Final Answer: {ratio_disability}"")

# Done
```"
644,"in 2018, how many times is the proportion of members with disabilities being sexually assaulted in the previous 12 months than that of non-indigenous members?",[2],"```python
# Data from the table
disabilities_male_2018 = 2.4
disabilities_female_2018 = 'f'  # Indicates 'figure suppressed' in the table
non_indigenous_male_2018 = 1.1
non_indigenous_female_2018 = 4.1

# To calculate the ratio, we can ignore the suppressed value and assume it to be 0
# Then, calculate the ratio of male members with disabilities to male non-indigenous members
disabilities_ratio_male_2018 = disabilities_male_2018 / non_indigenous_male_2018

# For female members, since the value is suppressed, assuming it to be 0 as well to get a male-to-female comparison
# Calculate the ratio of female members with disabilities to female non-indigenous members
disabilities_ratio_female_2018 = 0 / non_indigenous_female_2018

# Print the result
print(f""Final Answer: For Male Members - {disabilities_ratio_male_2018}, For Female Members - {disabilities_ratio_female_2018}"")

# Done
```"
645,"in 2018, what is the percentage of those 24 years of age or younger having been sexually assaulted in the past 12 months?",[3.9],"```python
# Data from the table
percentage_victims_24_and_younger_2018 = 2.6

# Print the percentage for those 24 years and younger in 2018
print(f""Percentage of victims 24 years and younger in 2018: {percentage_victims_24_and_younger_2018}%"")

# Done
```"
646,"in 2018, what is the percentage of those 45 to 49 years of age having been sexually assaulted in the past 12 months?",[0.8],"```python
# Data from the table
percentage_45_to_49_years_2018 = 0.9

# Print the result
print(f""Final Answer: {percentage_45_to_49_years_2018}"")

# Done
```"
647,"in 2018, what is the percentage of those 50 years and older having been sexually assaulted in the past 12 months?",[0.6],"```python
# Data from the table
percentage_50_years_and_older_2018 = 0.7

# Print the result
print(f""Final Answer: {percentage_50_years_and_older_2018}%"")

# Done
```"
648,"in the 2007-08 season, which leage division did grainger play in?",['scottish premier league'],"```python
# Data from the table
player_stats = {
    ""gretna"": {
        ""2002-03"": {""league"": ""scottish third division""},
        ""2003-04"": {},
        ""2004-05"": {},
        ""2005-06"": {""league"": ""scottish second division""},
        ""2006-07"": {""league"": ""scottish first division""},
        ""2007-08"": {""league"": ""scottish premier league""}
    },
    ""brechin city"": {
        ""2005-06"": {""league"": ""scottish first division""}
    },
    ""dundee united"": {
        ""2007-08"": {""league"": ""scottish premier league""},
        ""2008-09"": {}
    },
    ""st johnstone"": {
        ""2009-10"": {""league"": ""scottish premier league""},
        ""2010-11"": {}
    },
    ""hearts"": {
        ""2011-12"": {""league"": ""scottish premier league""},
        ""2012-13"": {}
    },
    ""st mirren"": {
        ""2013-14"": {""league"": ""scottish premiership""}
    },
    ""dunfermline"": {
        ""2013-14"": {""league"": ""scottish league one""}
    },
    ""carlisle"": {
        ""2014-15"": {""league"": ""league two""},
        ""2015-16"": {},
        ""2016-17"": {},
        ""2017-18"": {},
        ""2018-19"": {}
    }
}

# Player and season of interest
player_name = ""grainger""
season = ""2007-08""

# Find the league division for the given player in the specified season
if player_name in player_stats and season in player_stats[player_name]:
    league_division = player_stats[player_name][season].get(""league"", ""Information not available"")
else:
    league_division = ""Player or season not found in the data""

# Print the result
print(f""In the {season} season, {player_name.capitalize()} played in: {league_division}"")

# Done
```
"
649,how many receiving yards did isaac bruce get in 1995?,[1781.0],"```python
# Data from the table
receiving_yards_1995 = 1781  # Receiving yards Isaac Bruce got in 1995

# Print the result
print(f""Final Answer: {receiving_yards_1995}"")

# Done
```"
650,"what is the percentage of members who were 24 years of age and younger saw, heard, or experienced sexualized or discriminatory behaviour in the past 12 months?",[73.0],"```python
# Data from the table
total_members_24_and_younger = 3390
total_sexual_discrim_behaviours_24_and_younger = 2877  # Total sexualized or discriminatory behaviours for those 24 years and younger

# Calculate the percentage
percentage_members_24_and_younger = (total_sexual_discrim_behaviours_24_and_younger / total_members_24_and_younger) * 100

# Print the result
print(f""Final Answer: {percentage_members_24_and_younger}%"")

# Done
```"
651,"what is the percentage of members who were 24 years of age and younger saw, heard, or experienced sexualized or discriminatory behaviour in the past 12 months?",[59.0],"```python
# Data from the table
total_members = 39350  # Total number of members
total_24_and_younger = 3390  # Number of members who were 24 years and younger
percentage_24_and_younger = (total_24_and_younger / total_members) * 100

# Print the result
print(f""Percentage of members who were 24 years and younger: {percentage_24_and_younger:.2f}%"")

# Done
```"
652,what is the percentage of regular force members who were 24 years of age or younger were targeted in the past 12 months?,[21.1],"```python
# Data from the table
total_reg_force_members = 8370
reg_force_members_24_and_younger = 970

# Calculate the percentage
percentage_targeted = (reg_force_members_24_and_younger / total_reg_force_members) * 100

# Print the result
print(f""Final Answer: {percentage_targeted}%"")

# Done
```"
653,what is the percentage of regular force members aged 25 to 29 years were targeted in the past 12 months?,[21.6],"```python
# Data from the table
total_reg_force_members = 8370
targeted_25_to_29_years = 2170

# Calculate the percentage
percentage_targeted = (targeted_25_to_29_years / total_reg_force_members) * 100

# Print the result
print(f""Final Answer: {percentage_targeted}"")

# Done
```"
654,how much times is the proportion of regular force members 24 years of age or younger targeted in the last 12 months of the proportion of those 50 years of age and older?,[2.851351],"```python
# Data from the table
young_age_total = 970
older_age_total = 470

# Calculate the ratio
age_ratio = young_age_total / older_age_total

# Print the result
print(f""Final Answer: {age_ratio}"")

# Done
```"
655,how much times is the proportion of regular force members aged 25 to 29 targeted in the last 12 months of the proportion of those 50 years of age and older?,[2.918919],"```python
# Data from the table
targeted_25_to_29_years = 2170  # Number of targeted regular force members aged 25 to 29
targeted_50_and_older = 470  # Number of targeted regular force members aged 50 and older

# Calculate the proportion ratio
proportion_ratio = targeted_25_to_29_years / targeted_50_and_older

# Print the result
print(f""Final Answer: {proportion_ratio}"")

# Done
```"
656,how many games did don matthews won in the regular season totally?,[231.0],"```python
# Data from the table
games_won_bc_1983_1987 = 56
games_won_tor_1990_1998_2008 = 49
games_won_ssk_1991_1993 = 25
games_won_bal_1994_1995 = 27
games_won_edm_1999_2000 = 16
games_won_mtl_2002_2006 = 58

# Calculate the total games won in the regular season by Don Matthews
total_games_won_don_matthews_regular_season = (games_won_bc_1983_1987 + games_won_tor_1990_1998_2008 +
                                               games_won_ssk_1991_1993 + games_won_bal_1994_1995 +
                                               games_won_edm_1999_2000 + games_won_mtl_2002_2006)

# Print the result
print(f""Final Answer: Don Matthews won a total of {total_games_won_don_matthews_regular_season} games in regular season."")

# Done
```"
657,how many rushing yards did peyton barber get in 2017?,[423.0],"```python
# Data from the table
rushing_yards_2017 = 423

# Print the result
print(f""Final Answer: Peyton Barber had {rushing_yards_2017} rushing yards in 2017."")

# Done
```"
658,which club did lemsalu play for in 1999?,['strømsgodset'],"```python
# Data from the table
club_lemsalu_played_in_1999 = ""tulevik""  # Club that lemsalu played for in 1999

# Print the result
print(f""Final Answer: {club_lemsalu_played_in_1999}"")

# Done
```"
659,when did hjulmand become coach of lyngby?,['1 january 2006'],"```python
# Data from the table
team_lyngby_from = ""1 january 2006""
team_lyngby_coach = ""hjulmand""

# Check each row for the team ""lyngby"" and the coach ""hjulmand""
# Extract the ""from"" date when the coach is found
if team_lyngby_coach.lower() == ""hjulmand"":
    # Extract the ""from"" date when hjulmand became coach of lyngby
    print(f""{team_lyngby_coach.capitalize()} became coach of Lyngby on: {team_lyngby_from}"")

# Done
```
"
660,what was the hazard ratio for avoidable mortality in the 1991-to-1996 period for first nations cohort men?,[1.5],"```python
#Python
# Data from the table
hazard_ratio_1991_1996_men = 1.50

# Print the result
print(f""The hazard ratio for avoidable mortality in the 1991-to-1996 period for First Nations cohort men was: {hazard_ratio_1991_1996_men}"")

# Done
```"
661,what was the hazard ratio for avoidable mortality in the 1991-to-1996 period for first nations cohort women?,[2.08],"```python
#Python
# Data from the table
hazard_ratio_women_1991_1996 = 2.08

# Print the result
print(f""Final Answer: Hazard ratio for avoidable mortality in the 1991-to-1996 period for first nations cohort women was {hazard_ratio_women_1991_1996}"")

# Done
```"
662,which club did suarez play for in 2016-17?,['barcelona'],"```python
# Data from the table
club_suarez_2016_17 = ""barcelona""  # Suarez played for Barcelona in 2016-17

# Print the result
print(f""Suares played for club: {club_suarez_2016_17}"")

# Done
```"
663,how many passing yards did jones get in 2012?,[4267.0],"```python
# Data from the table
passing_yards_2012 = 4,267

# Print the result
print(f""Final Answer: {passing_yards_2012}"")

# Done
```"
664,which club did curtis good play for in 2011-12?,['melbourne heart'],"```python
# Data from the table
club_curtis_good_played_2011_12 = ""melbourne heart""

# Print the result
print(f""Final Answer: {club_curtis_good_played_2011_12}"")

# Done
```"
665,how many passing yards did brian zbydniewski get in 2013?,[2001.0],"```python
# Data from the table
yardage_2013 = ""2,001""

# Convert yardage to integer (remove commas)
passing_yards_2013 = int(yardage_2013.replace("","", """"))

# Print the result
print(f""Final Answer: Brian Zbydniewski passed for {passing_yards_2013} yards in 2013"")

# Done
```"
666,"of these individuals, what was the number in the labor force, which includes those employed full time or part time and those actively seeking work?",[709700.0],"```python
# Data from the table
labor_force_all_seh_fields = 709700  # Number in labor force for all seh fields
labor_force_computer_sciences_2010 = 19400  # Number in labor force for computer and information sciences in 2010

# Total number in labor force for computer and information sciences is for 2010.
print(f""Number of individuals in the labor force for computer and information sciences in 2010: {labor_force_computer_sciences_2010}"")

# Done
```"
667,how many percent was the unemployment rate for seh doctorate recipients in october 2010?,[2.4],"```python
# Data from the table
unemployment_rate_october_2010 = 2.4

# Print the unemployment rate for the seh doctorate recipients in October 2010
print(f""Unemployment rate for SEH doctorate recipients in October 2010: {unemployment_rate_october_2010}%"")

# Done
```"
668,how many percent was the unemployment rate for seh doctorate recipients in october 2008?,[1.7],"```python
# Data from the table
unemployment_rate_2008 = 1.7

# Print the result
print(f""Final Answer: {unemployment_rate_2008}"")

# Done
```"
669,"of the approximately 709,700 seh doctoral degree holders in the labor force in 2010, how many percent had earned a doctorate in the biological, agricultural, and environmental life sciences?",[0.253065],"```python
# Data from the table
total_seh_doctorate_holders = 709700
bio_agri_env_sciences_doctorate_holders = 179600

# Calculate the percentage
percentage_bio_agri_env_sciences = (bio_agri_env_sciences_doctorate_holders / total_seh_doctorate_holders) * 100

# Print the result
print(f""Final Answer: {percentage_bio_agri_env_sciences}%"")

# Done
```"
670,"of the approximately 709,700 seh doctoral degree holders in the labor force in 2010, how many percent had doctorates in engineering?",[0.181908],"```python
# Data from the table
total_doctorate_holders_2010 = 709700
engineers_labor_force_2010 = 129100

# Calculate the percentage of doctorates in engineering
percentage_engineers = (engineers_labor_force_2010 / total_doctorate_holders_2010) * 100

# Print the result
print(f""Final Answer: {percentage_engineers} percent"")

# Done
```"
671,"of the approximately 709,700 seh doctoral degree holders in the labor force in 2010, how many percent in physical sciences?",[0.175285],"```python
# Data from the table
seh_total_labor_force_2010 = 709700
physical_sciences_labor_force_2010 = 124400

# Calculate the percentage of seh doctoral degree holders in physical sciences
percentage_physical_sciences = (physical_sciences_labor_force_2010 / seh_total_labor_force_2010) * 100

# Print the result
print(f""Final Answer: {percentage_physical_sciences}%"")

# Done
```"
672,"of the approximately 709,700 seh doctoral degree holders in the labor force in 2010, how many percent in psychology?",[0.146823],"```python
# Data from the table
total_seh_doctoral_degree_holders = 709700
psychology_in_labor_force_2010 = 104200

# Calculate the percentage of psychology holders in the labor force
percentage_psychology_in_labor_force_2010 = (psychology_in_labor_force_2010 / total_seh_doctoral_degree_holders) * 100

# Print the result
print(f""Final Answer: {percentage_psychology_in_labor_force_2010}%"")

# Done
```"
673,"of the approximately 709,700 seh doctoral degree holders in the labor force in 2010, how many percent in social sciences?",[0.124982],"```python
# Data from the table
total_seh_doctoral_degree_holders = 709700
percent_social_sciences_2010 = 88700
total_percent_social_sciences = 100  # Total percentage of social sciences

# Calculate the percentage of social sciences among total seh doctoral degree holders
percentage_social_sciences = (percent_social_sciences_2010 / total_seh_doctoral_degree_holders) * total_percent_social_sciences

# Print the result
print(f""Final Answer: {percentage_social_sciences}%"")

# Done
```"
674,"of the approximately 709,700 seh doctoral degree holders in the labor force in 2010, how many percent in mathematics and statistics?",[0.045794],"```python
# Data from the table
total_seh_doctoral_degree_holders_2010 = 709700
mathematics_and_statistics_labor_force_2010 = 32500

# Percentage of mathematics and statistics holders in the labor force
percentage_math_statistics = (mathematics_and_statistics_labor_force_2010 / total_seh_doctoral_degree_holders_2010) * 100

# Print the result
print(f""Final Answer: {percentage_math_statistics:.2f}%"")

# Done
```"
675,"of the approximately 709,700 seh doctoral degree holders in the labor force in 2010, how many percent in health?",[0.044808],"```python
# Data from the table
total_seh_labor_force_2010 = 709700
health_labor_force_2010 = 31800

# Calculate the percentage of health degree holders in the labor force
health_percentage = (health_labor_force_2010 / total_seh_labor_force_2010) * 100

# Print the result
print(f""Final Answer: {health_percentage}%"")

# Done
```"
676,"of the approximately 709,700 seh doctoral degree holders in the labor force in 2010, how many percent was in computer and information sciences?",[0.027335],"```python
# Data from the table
total_doctorate_holders_2010 = 709700
labor_force_computer_info_sciences_2010 = 19400

# Calculate the percentage
percentage_computer_info_sciences = (labor_force_computer_info_sciences_2010 / total_doctorate_holders_2010) * 100

# Print the result
print(f""Final Answer: {percentage_computer_info_sciences}%"")

# Done
```"
677,what is the 95% confidence interval of those reported experiencing discomfort or injury within the past 12 months?,"[0.7, 1.4]","```python
# Data from the table
lower_bound = 0.7
upper_bound = 1.4

# Confidence interval
confidence_interval = (lower_bound, upper_bound)

# Print the result
print(f""95% Confidence Interval: {confidence_interval}"")

# Done
```"
678,what percentage of the respondents reported an injury indicated it occurred only once in the past 12 months approximately?,[44.9],"```python
# Data from the table
percentage_injury_once = 44.9

# Print the result
print(f""Final Answer: {percentage_injury_once}%"")

# Done
```"
679,what percentage of the respondents reported an injury indicated at least two occurrences in the past 12 months approximately?,[49.5],"```python
# Data from the table
percentage_of_one_occurrence = 44.9  # Percentage of respondents with one occurrence of discomfort or injury
percentage_of_multiple_occurrences = 49.5  # Percentage of respondents with 2 to 260 occurrences

# Calculate the total percentage of respondents with at least two occurrences
percentage_of_at_least_two_occurrences = percentage_of_one_occurrence + percentage_of_multiple_occurrences

# Print the result
print(f""Final Answer: {percentage_of_at_least_two_occurrences}%"")

# Done
```"
680,what percentage of those who reported harm caused by a laser device indicated that the discomfort or injury lasted two days or less?,[63.9],"```python
# Data from the table
percentage_harm_caused = 1.1
percentage_harm_two_days_or_less = 63.9

# Calculate the percentage
percentage_harm_two_days_or_less_of_reported_harm = (percentage_harm_caused / 100) * percentage_harm_two_days_or_less

# Print the result
print(f""Final Answer: {percentage_harm_two_days_or_less_of_reported_harm}"")

# Done
```"
681,what percentage of those who reported harm caused by a laser device indicated that the injury lasted more than two days?,[34.0],"```python
# Data from the table
percentage_injury_more_than_two_days = 34.0  # Percentage of injury lasting more than two days
percentage_harm_caused_by_laser_device = 1.1  # Percentage of those who reported harm caused by a laser device

# Calculate the percentage indicating injury lasting more than two days among those who reported harm caused by a laser device
percentage_injury_more_than_two_days_among_harm = (percentage_injury_more_than_two_days * percentage_harm_caused_by_laser_device) / 100

# Print the result
print(f""Final Answer: {percentage_injury_more_than_two_days_among_harm}"")

# Done
```"
682,how many passing yards did couch get in 1998?,[4275.0],"```python
# Data from the table
passing_yards_1998 = 4275

# Print the passing yards
print(f""Passing Yards in 1998: {passing_yards_1998}"")

# Done
```"
683,what was rose lokonyen's result in the 800m race in the heat?,['2:16.64'],"```python
# Data from the table
rose_lokonyen_result_800m_heat = ""2:16.64""

# Print the result
print(f""Rose Lokonyen's result in the 800m heat: {rose_lokonyen_result_800m_heat}"")

# Done
```"
684,"women of which age period had higher fertility rate in ontario in 2012,30 to 34 or 25 to 29?",['30 to 34 years'],"```python
# Data from the table
# Fertility rate of women in Ontario in the age groups
fertility_25_to_29_2012 = 114.2
fertility_30_to_34_2012 = 111.2

# Compare fertility rates to determine the higher rate
if fertility_30_to_34_2012 > fertility_25_to_29_2012:
    higher_fertility_age_group = ""30 to 34 years""
else:
    higher_fertility_age_group = ""25 to 29 years""

# Print the result
print(f""Women in the age group with higher fertility rate in Ontario in 2012 is: {higher_fertility_age_group}"")

# Done
```"
685,"women of which age period had higher fertility rate in ontario in 2013,30 to 34 or 25 to 29?",['30 to 34 years'],"```python
# Data from the table
ontario_fertility_2013_30_34 = 111.7
ontario_fertility_2013_25_29 = 108.5

# Compare fertility rates
if ontario_fertility_2013_30_34 > ontario_fertility_2013_25_29:
    print(""Final Answer: 30 to 34 years age group had a higher fertility rate in Ontario in 2013"")
else:
    print(""Final Answer: 25 to 29 years age group had a higher fertility rate in Ontario in 2013"")

# Done
```"
686,"women of which age period had higher fertility rate in ontario in 2014,30 to 34 or 25 to 29?",['30 to 34 years'],"```python
# Data from the table
fertility_rate_2014_30_34_ontario = 111.7
fertility_rate_2014_25_29_ontario = 114.1

# Check which age period had a higher fertility rate in Ontario in 2014
if fertility_rate_2014_30_34_ontario > fertility_rate_2014_25_29_ontario:
    print(""Final Answer: 30 to 34 years age group had a higher fertility rate in Ontario in 2014"")
else:
    print(""Final Answer: 25 to 29 years age group had a higher fertility rate in Ontario in 2014"")

# Done
```"
687,"women of which age period had higher fertility rate in ontario in 2015,30 to 34 or 25 to 29?",['30 to 34 years'],"```python
# Data from the table for 2015
fertility_ontario_2015_30_to_34 = 114.4
fertility_ontario_2015_25_to_29 = 120.1

# Compare fertility rates to determine the higher rate
if fertility_ontario_2015_30_to_34 > fertility_ontario_2015_25_to_29:
    print(""Final Answer: Fertility rate was higher in the age group 30 to 34 in Ontario in 2015"")
else:
    print(""Final Answer: Fertility rate was higher in the age group 25 to 29 in Ontario in 2015"")

# Done
```"
688,"women of which age period had higher fertility rate in ontario in 2016,30 to 34 or 25 to 29?",['30 to 34 years'],"```python
# Data for 2016 from the table
fertility_rate_30_to_34_2016 = 114.4
fertility_rate_25_to_29_2016 = 120.0

# Compare fertility rates
higher_fertility_period = ""30 to 34 years"" if fertility_rate_30_to_34_2016 > fertility_rate_25_to_29_2016 else ""25 to 29 years""

# Print the result
print(f""Final Answer: Women of {higher_fertility_period} had a higher fertility rate in Ontario in 2016."")

# Done
```"
689,"how was the fertility rate of women aged 25 to 29 in ontario in 2012 presented by births per 1,000 women?",[85.9],"```python
# Data from the table for the year 2012
fertility_rate_25to29_ontario_2012 = 85.9 

# Calculate the births per 1000 women
births_per_1000_women = fertility_rate_25to29_ontario_2012

# Print the result
print(f""Final Answer: {births_per_1000_women}"")

# Done
```"
690,"how was the fertility rate of women aged 25 to 29 in ontario in 2016 presented by births per 1,000 women?",[76.5],"```python
# Data from the table
fertility_rate_ontario_2016 = 108.5
total_number_of_women = 1000

# Calculate birth per 1000 women
births_per_1000_women = (fertility_rate_ontario_2016 / total_number_of_women) * 1000

# Print the result
print(f""Final Answer: {births_per_1000_women}"")

# Done
```"
691,"how was the fertility rate of women aged 25 to 29 in quebec in 2012 presented by births per 1,000 women?",[111.7],"```python
# Data from the table
fertility_rate_qc_25to29_2012 = 111.7  # Fertility rate in Quebec for women aged 25 to 29 in 2012

# Calculate the births per 1,000 women
births_per_1000_women = fertility_rate_qc_25to29_2012

# Print the result
print(f""Final Answer: {births_per_1000_women}"")

# Done
```"
692,"how was the fertility rate of women aged 25 to 29 in quebec in 2016 presented by births per 1,000 women?",[100.9],"```python
# Data from the table
fertility_rate_25_to_29_QC_2016 = 100.9

# Calculate the births per 1,000 women
births_per_1000_women = fertility_rate_25_to_29_QC_2016

# Print the result
print(f""Final Answer: {births_per_1000_women}"")

# Done
```"
693,"the fertility rate for women aged 25 to 29 in which province was higher in 2012, quebec or ontario?",['que'],"```python
# Data from the table
fertility_rate_25to29_quebec_2012 = 111.7
fertility_rate_25to29_ontario_2012 = 114.2

# Determine which fertility rate was higher in 2012
higher_fertility_province = ""Quebec"" if fertility_rate_25to29_quebec_2012 > fertility_rate_25to29_ontario_2012 else ""Ontario""

# Print the result
print(f""The fertility rate for women aged 25 to 29 was higher in 2012 in: {higher_fertility_province}"")

# Done
```"
694,"the fertility rate for women aged 25 to 29 in which province was higher in 2016, quebec or ontario?",['que'],"```python
# Data from the table - Fertility rates for women aged 25 to 29 in 2016
fertility_rate_quebec_2016 = 100.9
fertility_rate_ontario_2016 = 108.5

# Compare the fertility rates
if fertility_rate_quebec_2016 > fertility_rate_ontario_2016:
    result = ""Quebec""
else:
    result = ""Ontario""

# Print the result
print(f""Final Answer: The fertility rate for women aged 25 to 29 was higher in 2016 in {result}"")

# Done
```  "
695,"the fertility rate of which province was higher for women in their early twenties in 2012, quebec or ontario?",['que'],"```python
# Data from the table
fertility_rate_quebec_2012_20_to_24 = 43.8
fertility_rate_ontario_2012_20_to_24 = 35.8

# Check which province had the higher fertility rate for women in their early twenties in 2012
higher_fertility_province = ""quebec"" if fertility_rate_quebec_2012_20_to_24 > fertility_rate_ontario_2012_20_to_24 else ""ontario""

# Print the result
print(f""Final Answer: The fertility rate was higher in {higher_fertility_province} for women in their early twenties in 2012."")

# Done
```"
696,"the fertility rate of which province was higher for women in their early twenties in 2016, quebec or ontario?",['que'],"```python
# Data from the table
fertility_rate_qu = 51.7  # Fertility rate for Quebec for women in their early twenties in 2016
fertility_rate_ont = 73.3  # Fertility rate for Ontario for women in their early twenties in 2016

# Determine which province had a higher fertility rate for women in their early twenties in 2016
higher_fertility_province = ""Ontario"" if fertility_rate_ont > fertility_rate_qu else ""Quebec""

# Print the result
print(f""Final Answer: The fertility rate was higher in {higher_fertility_province} for women in their early twenties in 2016."")

# Done
```"
697,poku joined the conference south side st albans city for the 2009-10 season.,['conference south'],"```python
# Data from the table
apps_st_albans_2009_10 = 13

# Print the answer
print(f""Poku appeared in {apps_st_albans_2009_10} matches for St Albans City in the 2009-10 season."")

# Done
```"
698,how many receptions did blackmon finish his 2012 season with?,[64.0],"```python
#Python
# Data from the table
receptions_blackmon_2012 = 64

# Print the result
print(f""Final Answer: {receptions_blackmon_2012}"")

# Done
```"
699,how many yards receiving did blackmon finish his 2012 season with?,[865.0],"```python
# Data from the table
yards_receiving_2012 = 865

# Print the final answer
print(f""Final Answer : {yards_receiving_2012}"")

# Done
```"
700,"in 1994, which league did jones participate for guangdong hongyuan?",['jia-a league'],"```python
# Data from the table
guangdong_league = ""jia-a league""  # League participated by the player in 1994

# Print the league
print(f""Final Answer: Jones participated in the {guangdong_league} in 1994"")

# Done
```"
701,"in 2010, how many percent was the labor force participation rate among seh doctorate holders for women?",[88.9],"```python
# Data from the table
total_seh_doctorate_holders = 805500
in_labor_force_women = 253700
in_labor_force_percentage_women = 88.9

# Calculate the labor force participation rate for women in percentage
labor_force_participation_rate_women = (in_labor_force_women / total_seh_doctorate_holders) * 100

# Print the result
print(f""Labor Force Participation Rate for Women: {labor_force_participation_rate_women}%"")

# Done
```"
702,"in 2010, how many percent was the labor force participation rate among seh doctorate holders for men?",[87.7],"```python
# Data from the table
total_seh_doctorate_holders = 805500
in_labor_force_men = 551700
labor_force_participation_rate_men = (in_labor_force_men / total_seh_doctorate_holders) * 100

# Print the result
print(f""Labor force participation rate among seh doctorate holders for men in 2010: {labor_force_participation_rate_men:.2f}%"")

# Done
```"
703,"which gender's seh doctorate holders were less likely than to be employed full time in 2010, male or female?",['female'],"```python
# Data from the table
male_full_time = 77.9
female_full_time = 72.4

# Check which gender has lower percentage employed full time
gender_less_likely_full_time = ""female"" if female_full_time < male_full_time else ""male""

# Print the result
print(f""Final Answer: {gender_less_likely_full_time}"")

# Done
```"
704,"in 1935-36, which league did william robertson play in side reading?",['third division south'],"```python
# Data from the table
league_reading_1935_36 = ""third division south""

# Print the result
print(f""Final Answer: William Robertson played in the {league_reading_1935_36} league while at Reading in 1935-36."")

# Done
```"
705,what the time did sven kramer set an olympic record in the 5000m men's speed skating event?,['6:14.60 or'],"```python
# Data from the table
time_sven_kramer_5000m = ""6:14.60 or""  # Time Sven Kramer set an olympic record in the 5000m event

# Extract the time only
time_parts = time_sven_kramer_5000m.split()  # Split based on space
if len(time_parts) == 2:  # Check if time parts are available
    time_sven_kramer_5000m = time_parts[0]  # Extract the time
else:
    time_sven_kramer_5000m = ""Record not set""  # If time is not available

# Print the result
print(f""The time Sven Kramer set an Olympic record in the 5000m event: {time_sven_kramer_5000m}"")

# Done
```"
706,which league did stephen darby join liverpool for the 2010-11 season?,['premier league'],"```python
# Data from the table
stephen_darby_league_2010_11 = ""league one""

# Print the result
print(f""Final Answer: Stephen Darby joined Liverpool for the 2010-11 season in the {stephen_darby_league_2010_11} league."")

# Done
```"
707,which season was the 22nd season in the national hockey league (nhl)?,['2013-14'],"```python
# Data from the table
nhl_seasons = [""1992-93"", ""1993-94"", ""1994-95"", ""1995-96"", ""1996-97"", ""1997-98"",
               ""1998-99"", ""1999-2000"", ""2000-01"", ""2001-02"", ""2002-03"", ""2003-04"",
               ""2005-06"", ""2006-07"", ""2007-08"", ""2008-09"", ""2009-10"", ""2010-11"",
               ""2011-12"", ""2012-13"", ""2013-14"", ""2014-15"", ""2015-16"", ""2016-17"",
               ""2017-18"", ""2018-19""]

# Find the 22nd season in the NHL
twenty_second_season = nhl_seasons[21]

# Print the result
print(f""Final Answer: Season {twenty_second_season} was the 22nd season in the NHL."")

# Done
```"
708,"what was the number of incidence of tb-related hospitalization in person-years adjusted per 100,000 population per 100,000 person-years for the landing cohort from 2000 to 2013?",[5.2],"```python
# Data from the table
number_of_tb_hospitalization = 1015
total_person_years = 100000  # Assuming total person-years for landing cohort
adjusted_incidence = 5.2

# Calculate the incidence per 100,000 person-years
incidence_per_100k_person_years = (number_of_tb_hospitalization / total_person_years) * adjusted_incidence

# Print the result
print(f""Incidence of TB-related hospitalization per 100,000 person-years for landing cohort from 2000 to 2013: {incidence_per_100k_person_years}"")

# Done
```"
709,which age group at hospitalization'rate were highest among immigrants in the landing cohort?,['65 years and older'],"```python
# Data from the table
hospitalization_rate_0to17 = 1.5
hospitalization_rate_18to24 = 3.4
hospitalization_rate_25to34 = 7.1
hospitalization_rate_35to44 = 5.8
hospitalization_rate_45to64 = 3.4
hospitalization_rate_65plus = 11.3

# Finding the max hospitalization rate
max_rate = max(hospitalization_rate_0to17, hospitalization_rate_18to24, hospitalization_rate_25to34, hospitalization_rate_35to44, hospitalization_rate_45to64, hospitalization_rate_65plus)

# Determining the age group with the highest hospitalization rate
if max_rate == hospitalization_rate_0to17:
    age_group = ""0 to 17 years""
elif max_rate == hospitalization_rate_18to24:
    age_group = ""18 to 24 years""
elif max_rate == hospitalization_rate_25to34:
    age_group = ""25 to 34 years""
elif max_rate == hospitalization_rate_35to44:
    age_group = ""35 to 44 years""
elif max_rate == hospitalization_rate_45to64:
    age_group = ""45 to 64 years""
else:
    age_group = ""65 years and older""

# Print the result
print(f""Final Answer: The age group with the highest hospitalization rate among immigrants in the landing cohort is {age_group}"")

# Done
```"
710,which arrived years' rate were highest among immigrants in the landing cohort?,['2009 to 2013'],"```python
# Data from the table
rate_2000_to_2003 = 4.5
rate_2004_to_2008 = 5.3
rate_2009_to_2013 = 6.8

# Find the highest rate among immigrant landing cohorts
highest_rate = max(rate_2000_to_2003, rate_2004_to_2008, rate_2009_to_2013)

# Print the result
print(f""Highest Immigrant Landing Rate: {highest_rate}"")

# Done
```"
711,"in 2016, what was the rank of forbes mittal as wealthiest billionaire?",[135.0],"```python
# Data from the table
forbes_mittal_rank_2016 = 135

# Print the rank of Forbes Mittal in 2016
print(f""Rank of Forbes Mittal as wealthiest billionaire in 2016: {forbes_mittal_rank_2016}"")

# Done
```"
712,"in 2016, what was a net worth did forbes list mittal as the 135th-wealthiest billionaire, with a net worth of?",[8.4],"```python
# Data from the table
net_worth_2016_forbes_rank_135 = 8.4

# Print the result
print(f""Final Answer: {net_worth_2016_forbes_rank_135}"")

# Done
```"
713,"in 1987-88, which league did gary pollard move to peterborough united?",['fourth division'],"```python
# Data from the table
target_season = ""1987-88"" 
club = ""peterborough united""

# Find the row corresponding to the target season and club
# Split the table into rows and store them in a list
rows = [
    ""chesterfield|1977-78|third division|19|0|0|0|2|0|21|0|"",
    ""chesterfield|1978-79|third division|1|0|0|0|0|0|1|0|"",
    ""chesterfield|1979-80|third division|1|0|0|0|0|0|1|0|"",
    ""chesterfield|1980-81|third division|17|0|6|0|4|0|27|0|"",
    ""chesterfield|1981-82|third division|17|0|2|0|1|0|20|0|"",
    ""chesterfield|1982-83|third division|32|1|1|0|1|0|34|1|"",
    ""chesterfield|total||87|1|9|0|8|0|104|1|"",
    ""port vale|1983-84|third division|18|0|1|0|3|0|22|0|"",
    ""mansfield town|1984-85|fourth division|18|0|1|0|6|0|25|0|"",
    ""mansfield town|1985-86|fourth division|35|1|2|0|5|1|42|1|"",
    ""mansfield town|1986-87|third division|14|0|0|0|5|0|19|0|"",
    ""mansfield town|total||67|1|3|0|16|1|86|2|"",
    ""peterborough united|1987-88|fourth division|12|0|0|0|4|0|16|0|"",
    ""peterborough united|1988-89|fourth division|8|0|0|0|0|0|8|0|"",
    ""peterborough united|total||20|0|0|0|4|0|24|0|"",
    ""career total|||192|2|13|0|31|1|236|3|""
]

# Iterate over the rows to find the target season and club
for row in rows:
    if target_season in row and club in row:
        league = row.split('|')[2]
        break

# Print the result
print(f""Final Answer: {league}"")

# Done
```
"
714,"which gender group were slightly more likely to volunteer in 2013, men or women?",['women'],"```python
# Data from the table
percentage_men_2013 = 42
percentage_women_2013 = 45

# Compare the values to determine which gender group was slightly more likely to volunteer
if percentage_men_2013 > percentage_women_2013:
    print(""Final Answer: Men were slightly more likely to volunteer in 2013."")
elif percentage_women_2013 > percentage_men_2013:
    print(""Final Answer: Women were slightly more likely to volunteer in 2013."")
else:
    print(""Final Answer: Men and women had an equal likelihood to volunteer in 2013."")

# Done
```"
715,which age group was least likely to volunteer in 2013?,['75 and over'],"```python
# Data from the table
volunteer_rate_15_to_19 = 66
volunteer_rate_20_to_24 = 42
volunteer_rate_25_to_34 = 42
volunteer_rate_35_to_44 = 48
volunteer_rate_45_to_54 = 45
volunteer_rate_55_to_64 = 41
volunteer_rate_65_to_74 = 38
volunteer_rate_75_and_over = 27

# Finding the minimum volunteer rate among different age groups
min_volunteer_rate = min(volunteer_rate_15_to_19, volunteer_rate_20_to_24, volunteer_rate_25_to_34, volunteer_rate_35_to_44, volunteer_rate_45_to_54, volunteer_rate_55_to_64, volunteer_rate_65_to_74, volunteer_rate_75_and_over)

# Finding the age group with the minimum volunteer rate
age_groups = {
    66: ""15 to 19"",
    42: ""20 to 24"",
    42: ""25 to 34"",
    48: ""35 to 44"",
    45: ""45 to 54"",
    41: ""55 to 64"",
    38: ""65 to 74"",
    27: ""75 and over""
}

least_likely_age_group = age_groups[min_volunteer_rate]

# Print the result
print(f""Final Answer: The age group least likely to volunteer in 2013 was: {least_likely_age_group}"")

# Done
```"
716,which age group was most likely to volunteer in 2013?,['15 to 19'],"```python
# Data from the table
volunteer_rate_15_to_19 = 66
volunteer_rate_20_to_24 = 42
volunteer_rate_25_to_34 = 42
volunteer_rate_35_to_44 = 48
volunteer_rate_45_to_54 = 45
volunteer_rate_55_to_64 = 41
volunteer_rate_65_to_74 = 38
volunteer_rate_75_and_over = 27

# Find the maximum volunteer rate among the age groups
max_volunteer_rate = max(volunteer_rate_15_to_19, volunteer_rate_20_to_24, volunteer_rate_25_to_34, volunteer_rate_35_to_44,
                         volunteer_rate_45_to_54, volunteer_rate_55_to_64, volunteer_rate_65_to_74, volunteer_rate_75_and_over)

# Determine which age group had the maximum volunteer rate
if max_volunteer_rate == volunteer_rate_15_to_19:
    most_likely_age_group = ""15 to 19 years""
elif max_volunteer_rate == volunteer_rate_20_to_24:
    most_likely_age_group = ""20 to 24 years""
elif max_volunteer_rate == volunteer_rate_25_to_34:
    most_likely_age_group = ""25 to 34 years""
elif max_volunteer_rate == volunteer_rate_35_to_44:
    most_likely_age_group = ""35 to 44 years""
elif max_volunteer_rate == volunteer_rate_45_to_54:
    most_likely_age_group = ""45 to 54 years""
elif max_volunteer_rate == volunteer_rate_55_to_64:
    most_likely_age_group = ""55 to 64 years""
elif max_volunteer_rate == volunteer_rate_65_to_74:
    most_likely_age_group = ""65 to 74 years""
else:
    most_likely_age_group = ""75 years and over""

# Print the result
print(f""Final Answer: {most_likely_age_group}"")

# Done
```"
717,what was the percentage of people aged 35 to 44 volunteered in 2013?,[48.0],"```python
# Data from the table
percentage_2013_35_to_44 = 48

# Print the result
print(f""Final Answer : {percentage_2013_35_to_44}"")

# Done
```"
718,what was the average volunteer rate of people aged 35 to 44 in 2013?,[43.625],"```python
# Data from the table
volunteer_rate_35_to_44_2013 = 48

# Print the result
print(f""Final Answer: {volunteer_rate_35_to_44_2013}"")

# Done
```"
719,how many percentage did the share of people who volunteered decrease from 2010 to 2013 among people aged 35 to 44?,[6],"```python
# Data from the table
percentage_2010 = 48  # Percentage in 2010
percentage_2013 = 48  # Percentage in 2013

# Calculate the decrease in percentage
decrease_in_percentage = percentage_2010 - percentage_2013

# Print the result
print(f""Final Answer: {decrease_in_percentage}"")

# Done
```"
720,what was the percentage of people aged 55 to 64 volunteered their time in 2013?,[41.0],"```python
# Data from the table
percentage_age_55_to_64_2013 = 41

# Print the result
print(f""Final Answer : {percentage_age_55_to_64_2013}"")

# Done
```"
721,what was the percentage of people aged 55 to 64 volunteered their time in 2010?,[41.0],"```python
# Data from the table
percentage_2010_55_to_64 = 41

# Print the volunteer rate for people aged 55 to 64 in 2010
print(f""Percentage of people aged 55 to 64 who volunteered their time in 2010: {percentage_2010_55_to_64}"")

# Done
```"
722,how many yards did pike throw for in 2009?,[2520.0],"```python
# Data from the table
yards_thrown_2009 = 2_520

# Print the result
print(f""Final Answer: {yards_thrown_2009}"")

# Done
```"
723,how many touchdowns did pike throw for in 2009?,[29.0],"```python
# Data from the table
pike_touchdowns_2009 = 29

# Print the result
print(f""Final Answer: Pike threw {pike_touchdowns_2009} touchdowns in 2009"")

# Done
```"
724,which province had the highest volunteer rate in 2013?,['saskatchewan'],"```python
# Data from the table
volunteer_rates_2013 = {
    'canada': 44,
    'newfoundland and labrador': 46,
    'prince edward island': 50,
    'nova scotia': 51,
    'new brunswick': 41,
    'quebec': 32,
    'ontario': 44,
    'manitoba': 52,
    'saskatchewan': 56,
    'alberta': 50,
    'british columbia': 49
}

# Find the province with the highest volunteer rate in 2013
province_highest_rate = max(volunteer_rates_2013, key=volunteer_rates_2013.get)

# Print the result
print(f""Province with the highest volunteer rate in 2013: {province_highest_rate}"")

# Done
```"
725,which province had the lowest volunteer rate in 2013?,['quebec'],"```python
# Data from the table
volunteer_rates_2013 = {
    ""canada"": 44,
    ""newfoundland and labrador"": 46,
    ""prince edward island"": 50,
    ""nova scotia"": 51,
    ""new brunswick"": 41,
    ""quebec"": 32,
    ""ontario"": 44,
    ""manitoba"": 52,
    ""saskatchewan"": 56,
    ""alberta"": 50,
    ""british columbia"": 49
}

# Find the province with the lowest volunteer rate in 2013
lowest_province = min(volunteer_rates_2013, key=volunteer_rates_2013.get)

# Print the result
print(f""Province with the lowest volunteer rate in 2013: {lowest_province}"")

# Done
```"
726,which province with an average number of volunteer hours was below the national average?,['quebec'],"```python
# Data from the table
national_avg_hours = 154  # National average annual volunteer hours
province_hours = {
    ""newfoundland and labrador"": 151,
    ""prince edward island"": 179,
    ""nova scotia"": 181,
    ""new brunswick"": 180,
    ""quebec"": 123,
    ""ontario"": 166,
    ""manitoba"": 155,
    ""saskatchewan"": 139,
    ""alberta"": 161,
    ""british columbia"": 145
}

# Find the province with hours below national average
below_avg_province = """"
below_avg_hours = national_avg_hours
for province, hours in province_hours.items():
    if hours < national_avg_hours:
        below_avg_hours = hours
        below_avg_province = province

# Print the result
print(f""Province with below national average volunteer hours: {below_avg_province} with {below_avg_hours} hours"")

# Done
```"
727,which league did james ball (footballer) join club stalybridge celtic in the 2016-17 season before signing for stockport county in 2016.,['national league north'],"```python
# Data from the table
league_stalybridge_celtic_2016_17 = ""national league north""  # League Stalybridge Celtic joined in 2016-17 season

# Print the result
print(f""Final Answer: {league_stalybridge_celtic_2016_17}"")

# Done
```"
728,which league did towers play for brentford in 1958-59?,['third division'],"```python
# Data from the table
league_for_1958_59 = ""third division""

# Print the result
print(f""Final Answer: {league_for_1958_59}"")

# Done
```"
729,"in 1996, how many receptions did bruce have with a team stl?",[84.0],"```python
# Data from the table
receptions_1996 = 84

# Print the result
print(f""Final Answer: Bruce had {receptions_1996} receptions with team STL in 1996"")

# Done
```"
730,"in 1996, how many yards did bruce have with a team stl?",[1338.0],"```python
# Data from the table
yards_1996_stl = 1338

# Print the yards gained by Bruce with team STL in 1996
print(f""Yards gained by Bruce with team STL in 1996: {yards_1996_stl}"")

# Done
```"
731,what the time did duenas swim the 100 meter freestyle and finish the race with?,[53.37],"```python
# Data from the table for Swimming
duenas_time_100m_freestyle = ""53.37""
duenas_finish_time_final = ""did not advance""

# Print the results
print(f""Christopher Duenas 100m Freestyle Time: {duenas_time_100m_freestyle}"")
print(f""Christopher Duenas Final Race Finish Time: {duenas_finish_time_final}"")

# Done
```"
732,how many times do frontier firms pay more than non-frontier firms on average?,[2.54],"```python
# Data from the table
frontier_firms = [2.80, 2.77, 2.73, 2.70, 2.70, 2.67, 2.64, 2.59, 2.48, 2.39, 2.36, 2.33, 2.28]
non_frontier_firms = [2.36, 2.54]  # Pooled over all years
average_percentage_change = -0.70

# Calculate the average earnings premium for frontier firms and non-frontier firms
average_frontier = sum(frontier_firms) / len(frontier_firms)
average_non_frontier = sum(non_frontier_firms) / len(non_frontier_firms)

# Calculate how many times more frontier firms pay than non-frontier firms on average
times_more = average_frontier / average_non_frontier

# Print the result
print(f""Final Answer: {times_more}"")

# Done
```"
733,how many times do foreign-controlled pay more than non-globalized firms on average?,[1.25],"```python
# Data from the table
foreign_firms_2015 = 1.34
domestic_firms_2015 = 1.25

# Calculate the ratio
average_ratio_foreign_to_domestic = foreign_firms_2015 / domestic_firms_2015

# Print the result
print(f""Final Answer: {average_ratio_foreign_to_domestic}"")

# Done
```"
734,how many times do high r&d intensity firms pay more than low r&d intensity firms on average?,[1.3],"```python
# Data from the table
average_high_rd_intensity = 1.30
average_low_rd_intensity = 1.17

# Calculate how many times high r&d intensity firms pay more on average than low r&d intensity firms
times_pay_more = average_high_rd_intensity / average_low_rd_intensity

# Print the result
print(f""Final Answer: {times_pay_more}"")

# Done
```"
735,"in 2017-18 season, which league did bicaj play in side flamurtari vlore?",['albanian superliga'],"```python
# Data from the table
player_name = ""bicaj""
club_data = {
    ""dinamo tirana"": [""2006-07"", ""albanian superliga""],
    ""belasitsa petrich"": [""2008-09"", ""a group""],
    ""tirana"": [""2009-10"", ""albanian superliga""],
    ""skenderbeu korce"": [""2010-11"", ""albanian superliga""],
    ""flamurtari vlore"": [""2017-18"", ""albanian superliga""],
    ""teuta durres"": [""2018-19"", ""albanian superliga""],
}

# Find the league bicaj played in during the 2017-18 season
if player_name in club_data and club_data[player_name][0] == ""2017-18"":
    league_played = club_data[player_name][1]
    print(f""In 2017-18 season, {player_name} played in the league: {league_played}"")
else:
    print(f""{player_name} did not play in the 2017-18 season."")

# Done
```
"
736,"what was the majority of tanning equipment users reporting in the past year, fewer than 10 sessions or 10 or more sessions?",['periodic'],"```python
# Data from the table
percentage_less_than_10_sessions = 69.9
percentage_10_or_more_sessions = 24.9

# Check which group has the majority reporting
if percentage_less_than_10_sessions > percentage_10_or_more_sessions:
    majority_report = ""fewer than 10 sessions""
else:
    majority_report = ""10 or more sessions""

# Print the result
print(f""The majority of tanning equipment users reported {majority_report} in the past year."")

# Done
```"
737,what was the percentage of regular users of 11 to 31 sessions in the last month?,[24.9],"```python
# Data from the table
percentage_11_to_31_sessions = 24.9

# Print the percentage of regular users of 11 to 31 sessions in the last month
print(f""Final Answer: {percentage_11_to_31_sessions}%"")

# Done
```"
738,what was the percentage of the injuries occurred only once during the previous 12 months?,[56.3],"```python
# Data from the table
percentage_one_episode = 56.3

# Print the percentage of injuries occurred only once
print(f""Percentage of injuries occurred only once: {percentage_one_episode}%"")

# Done
```"
739,what was the percentage of for most people who were injured the symptoms persisted for no more than two days?,[69.7],"```python
# Data from the table
percentage_symptoms_two_or_fewer_days = 69.7  # Percentage of people with symptoms lasting 2 or fewer days

# Print the result
print(f""Final Answer : {percentage_symptoms_two_or_fewer_days}%"")

# Done
```"
740,which league did derrick williams join club bristol city in the 2014-15 season?,['league one'],"```python
# Data from the table
league_2014_15_bristol_city = ""league one""  # League that Derrick Williams joined Bristol City in the 2014-15 season

# Print the result
print(f""Final Answer: In the 2014-15 season, Derrick Williams joined Bristol City in the '{league_2014_15_bristol_city}' league."")

# Done
```"
741,how many appearances did sergio velazquez make during the 2013-14 primera b nacional season?,[9.0],"```python
# Data from the table
sergio_velazquez_appearances = 11

# Print the result
print(f""Final Answer: Sergio Velazquez made {sergio_velazquez_appearances} appearances during the 2013-14 primera b nacional season"")

# Done
```"
742,how many goals did murdoch score for queens in the 2015-16 scottish championship?,[1.0],"```python
#Python
# Data from the table
murdoch_goals_queens_2015_16 = 1

# Print the result
print(f""Final Answer : {murdoch_goals_queens_2015_16}"")

#Done
```"
743,what was the percent of all senior caregivers aged 65 and older providing care primarily for a spouse in the past 12 months?,[34.1],"```python
# Data from the table
percent_spouse_65_and_older = 34.1

# Print the result
print(f""Final Answer: {percent_spouse_65_and_older}%"")

# Done
```"
744,how many iraqis were killed during august 2012?,[164.0],"```python
# Data from the table
iraqis_killed_aug_2012 = 164

# Print the result
print(f""Final Answer: {iraqis_killed_aug_2012}"")

# Done
```"
745,what was the percent of people in wales declared no religion in 2011?,[32.1],"```python
# Data from the table
percentage_no_religion_2011 = 32.1

# Print the result
print(f""Final Answer: {percentage_no_religion_2011}"")

# Done
```"
746,what was the percent of people in wales declared no religion in 2001?,[18.5],"```python
# Data from the table
no_religion_2001 = 537935
total_population_2001 = 2903085

# Calculate the percentage of people in wales declared no religion in 2001
percent_no_religion_2001 = (no_religion_2001 / total_population_2001) * 100

# Print the result
print(f""Final Answer: {percent_no_religion_2001}"")

# Done
```"
747,"in 1997, how many appearances did andy thompson join tranmere rovers, after making a total of appearances?",[451.0],"```python
# Data from the table
andy_thompson_appearances = 95
total_appearances_tranmere_rovers = 115

# Calculate Andy Thompson's appearances in 1997
andy_thompson_1997_appearances = total_appearances_tranmere_rovers - andy_thompson_appearances

# Print the result
print(f""Final Answer: Andy Thompson made {andy_thompson_1997_appearances} appearances in 1997 for Tranmere Rovers, after making a total of {total_appearances_tranmere_rovers} appearances."")

# Done
```"
748,"in 2017, which league did sarsenov join side kairat?",['kazakhstan premier league'],"```python
# Data from the table
kairat_2017_league = ""kazakhstan premier league""  # League joined by Kairat in 2017

# Print the result
print(f""Sarsenov joined side Kairat in the {kairat_2017_league}"")

# Done
```"
749,"among the federal agencies, the department of health and human services (hhs) accounted for all of the drop in the federally funded total, what was the declines from 2011 to 2012?",[4.7],"```python
# Data from the table
expenditure_hhs_2011 = 22984
expenditure_hhs_2012 = 21895

# Calculate the decline
decline_hhs = expenditure_hhs_2011 - expenditure_hhs_2012

# Print the result
print(f""Final Answer: {decline_hhs}"")

# Done
```"
750,"among the federal agencies, the national aeronautics and space administration (nasa) accounted for all of the drop in the federally funded total, what was the declines from 2011 to 2012?",[6.5],"```python
# Data from the table
nasa_fy_2011 = 1423
nasa_fy_2012 = 1331

# Calculate the decline
decline_in_funding = nasa_fy_2011 - nasa_fy_2012

# Print the result
print(f""Final Answer: {decline_in_funding}"")

# Done
```"
751,how many premier league appearances did barry make in the 2011-12 season for manchester city?,[34.0],"```python
# Data from the table
barry_premier_league_apps_2011_12 = 2

# Print the result
print(f""Final Answer: Barry made {barry_premier_league_apps_2011_12} Premier League appearances in the 2011-12 season for Manchester City."")

# Done
```"
752,"in 2016-17, which league did sellers join side wealdstone?",['national league south'],"```python
# Data from the table
wealdstone_league_2016_17 = ""national league south""  # League of Wealdstone in 2016-17

# Print the result
print(f""Final Answer: {wealdstone_league_2016_17}"")

# Done
```"
753,"in 2015, which league was sena ralte drafted to play for chennaiyin fc in the 2015?",['indian super league'],"```python
# Data from the table
league_chennaiyin_2015 = ""indian super league""  # League for Chennaiyin in 2015

# Print the result
print(f""Final Answer: {league_chennaiyin_2015} "")

# Done
```"
754,which league did almiron play for lanus in 2016?,['primera division'],"```python
# Data from the table
almiron_league_2016 = ""primera division""  # League where Almiron played for Lanus in 2016

# Print the result
print(f""Final Answer: {almiron_league_2016}"")

# Done
```"
755,"in 1904-05, which division did bert gosnell play for newcastle united in?",['first division'],"```python
# Data from the table
newcastle_divisions = [
    ""first division"",
    ""first division"",
    ""first division"",
    ""first division"",
    ""first division"",
    ""first division"",
]

seasons = [""1904-05"", ""1905-06"", ""1906-07"", ""1907-08"", ""1908-09"", ""1909-10""]

# Find the index of the season 1904-05
index_1904_05 = seasons.index(""1904-05"")

# Get the division for the season 1904-05
division_1904_05 = newcastle_divisions[index_1904_05]

# Print the result
print(f""Final Answer : Bert Gosnell played for Newcastle United in the {division_1904_05} division in 1904-05."")

# Done
```
"
756,how many votes did the 2005 iranian presidential election have a total of in the second round?,[27959253.0],"```python
# Data from the table
total_votes_second_round = 27959253

# Print the result
print(f""Final Answer: {total_votes_second_round}"")

# Done
```"
757,how many receptions did roddy white finish the 2009 season with?,[85.0],"```python
# Data from the table
receptions_2009 = 85

# Print the result
print(f""Final Answer: {receptions_2009}"")

# Done
```"
758,how many yards did roddy white finish the 2009 season with?,[1153.0],"```python
# Data from the table
yards_2009 = 1153

# Print the result
print(f""Final Answer: Roddy White finished the 2009 season with {yards_2009} yards."")
# Done
```"
759,how many touchdowns did roddy white finish the 2009 season with?,[11.0],"```python
# Data from the table
touchdowns_2009 = 11

# Print the result
print(f""Final Answer: Roddy White finished the 2009 season with {touchdowns_2009} touchdowns."")

# Done
```"
760,what was the peak chart pisition on the billboard 200 of ithyphallic which released by nile in 2007?,[162.0],"```python
# Data from the table
peak_chart_position_ithyphallic = 162

# Print the result
print(f""Peak Chart Position of 'Ithyphallic' on Billboard 200 in 2007: {peak_chart_position_ithyphallic}"")

# Done
```"
761,"in the 2016-17 season, how many apperances did adamyan made with 16 goals in regionalliga sudwest matches for steinbach?",[33.0],"```python
# Data from the table
adamyan_goals = 16
steinbach_apps_goals = 18

# Calculate the appearances made by Adamyan
adamyan_apps = adamyan_goals + steinbach_apps_goals

# Print the result
print(f""Final Answer : {adamyan_apps}"")

# Done
```"
762,what percent of internet users aged 25 to 34 are online shoppers in 2018?,[95.2],"```python
#Python
# Data from the table
percentage_25_to_34 = 95.2

# Print the result
print(f""Final Answer: {percentage_25_to_34}%"")

# Done
```"
763,what percent of internet users aged 65 and over are online shoppers in 2018?,[63.5],"```python
# Data from the table
percentage_65_and_over = 63.5  # Percentage of internet users aged 65 and over
percentage_online_shoppers_65_and_over = 63.5  # Percentage of online shoppers aged 65 and over

# Calculate the percentage of internet users aged 65 and over who are online shoppers
percent_online_shoppers_65_and_over = percentage_online_shoppers_65_and_over

# Print the result
print(f""Final Answer : {percent_online_shoppers_65_and_over}"")

# Done
```"
764,"among women working full year and full time, what is the percentage change in the median employment income of high school graduates versus non-completers?",[0.43128],"```python
# Data from the table
income_high_school_graduates = 30100  # Median employment income of high school graduates
income_less_than_high_school = 21100  # Median employment income of less than a high school diploma

# Calculate the percentage change
percentage_change = ((income_high_school_graduates - income_less_than_high_school) / income_less_than_high_school) * 100

# Print the result
print(f""Final Answer: {percentage_change}%"")

# Done
```"
765,"among men working full year and full time, what is the percentage change in the median employment income of high school graduates versus non-completers?",[0.190083],"```python
# Data from the table
high_school_graduates_income = 43200
non_completers_income = 36300

# Calculate the percentage change
percentage_change = ((high_school_graduates_income - non_completers_income) / non_completers_income) * 100

# Print the result
print(f""Final Answer: {percentage_change}%"")

# Done
```"
766,which gap years had a higher percentage of perfectly matched postal codes? one or two years gap or five or more years gap?,"[1, 2]","```python
# Data from the table for experiment a
perfect_matches_a_1 = 77.0
perfect_matches_a_2 = 72.1
perfect_matches_a_3 = 56.5
perfect_matches_a_4 = 51.7
perfect_matches_a_5 = 35.0

# Data from the table for experiment b
perfect_matches_b_1 = 76.8
perfect_matches_b_2 = 72.0
perfect_matches_b_3 = 56.8
perfect_matches_b_4 = 53.5
perfect_matches_b_5 = 38.0
perfect_matches_b_6 = 29.8
perfect_matches_b_7 = 35.7

# Calculate the average percentage of perfect matches for one or two years gap for both experiments
avg_perfect_matches_1_2_a = (perfect_matches_a_1 + perfect_matches_a_2) / 2
avg_perfect_matches_1_2_b = (perfect_matches_b_1 + perfect_matches_b_2) / 2

# Calculate the average percentage of perfect matches for five or more years gap for both experiments
avg_perfect_matches_5_a = perfect_matches_a_5
avg_perfect_matches_5_b = (perfect_matches_b_5 + perfect_matches_b_6 + perfect_matches_b_7) / 3

# Compare the average percentage of perfect matches for one or two years gap and five or more years gap
if avg_perfect_matches_1_2_a > avg_perfect_matches_5_a and avg_perfect_matches_1_2_b > avg_perfect_matches_5_b:
    print(""One or two years gap had a higher percentage of perfectly matched postal codes in both experiments."")
elif avg_perfect_matches_1_2_a < avg_perfect_matches_5_a and avg_perfect_matches_1_2_b < avg_perfect_matches_5_b:
    print(""Five or more years gap had a higher percentage of perfectly matched postal codes in both experiments."")
else:
    print(""The percentage of perfectly matched postal codes varies between one or two years gap and five or more years gap across experiments."")

# Done
```
"
767,which division did gary mulligan sign for kettering town in 2014-15?,['southern league division one central'],"```python
# Data from the table
club_season_data = {
    ""wolverhampton wanderers"": {""2004-05"": [""championship"", 1, 0, 0, 0, 0, 0, 0, 1, 0]},
    ""rushden & diamonds"": {""2004-05"": [""league two"", 13, 3, 0, 0, 0, 0, 13, 3]},
    ""sheffield united"": {""2005-06"": [""championship"", 0, 0, 0, 0, 2, 0, 2, 0]},
    ""port vale"": {""2005-06"": [""league one"", 10, 1, 1, 0, 0, 0, 12, 1]},
    ""gillingham"": {
        ""2005-06"": [""league one"", 13, 1, 0, 0, 0, 0, 13, 1],
        ""2006-07"": [""league one"", 38, 7, 2, 1, 1, 0, 42, 9],
        ""2007-08"": [""league one"", 30, 5, 1, 0, 2, 0, 34, 5],
        ""2008-09"": [""league two"", 26, 2, 4, 0, 0, 0, 31, 2],
    },
    ""northampton town"": {""2009-10"": [""league two"", 9, 0, 0, 0, 3, 0, 12, 0]},
    ""gateshead"": {""2010-11"": [""conference national"", 31, 7, 2, 0, 2, 0, 35, 7],
                  ""2011-12"": [""conference national"", 14, 0, 0, 0, 1, 0, 15, 0]},
    ""brackley town"": {""2011-12"": [""southern league premier division"", 12, 2, 0, 0, 0, 0, 12, 2],
                      ""2012-13"": [""conference north"", 28, 4, 0, 0, 1, 0, 29, 4],
                      ""2013-14"": [""conference north"", 26, 0, 5, 0, 0, 0, 31, 0],
                      ""2014-15"": [""conference north"", 6, 0, 0, 0, 0, 0, 6, 0]},
    ""dunstable town"": {""2014-15"": [""southern league premier division"", 16, 2, 3, 0, 1, 0, 20, 2]},
    ""kettering town"": {""2014-15"": [""southern league division one central"", 13, 1, 0, 0, 1, 0, 14, 1],
                       ""2015-16"": [""southern league premier division"", 39, 2, 3, 0, 3, 1, 45, 3],
                       ""2016-17"": [""southern league premier division"", 40, 0, 4, 0, 3, 0, 47, 0],
                       ""2017-18"": [""southern league premier division"", 40, 1, 5, 0, 4, 0, 49, 1]},
    ""corby town"": {""2018-19"": [""southern league division one central"", 37, 2, 5, 0, 1, 0, 43, 2]},
}

# Find the division Gary Mulligan signed for Kettering Town in 2014-15
division_kettering_town_2014_15 = club_season_data[""kettering town""][""2014-15""][0]

# Print the result
print(f""Final Answer: Gary Mulligan signed for Kettering Town in {division_kettering_town_2014_15}"")

# Done
```
"
768,how many million dollars did businesses spend on research and development performance in the united states in 2018?,[441036.0],"```python
# Python
# Data from the table
research_development_2018 = 441036  # R&D performance in 2018 (in thousand dollars)

# Convert the amount to million dollars
research_development_2018_million = research_development_2018 / 1000

# Print the result
print(f""Final Answer: {research_development_2018_million} million dollars"")

# Done
```"
769,"businesses spent $441 billion on research and development performance in the united states in 2018, how many percent of increase from 2017?",[0.102314],"```python
#Python
# Data from the table
funds_2017 = 400100  # Funds spent in 2017
funds_2018 = 441036  # Funds spent in 2018

# Calculate the percentage increase
percentage_increase = ((funds_2018 - funds_2017) / funds_2017) * 100

# Print the result
print(f""Final Answer: {percentage_increase}%"")

# Done
```"
770,how many million dollars was funding from the companies' own sources in 2018?,[377806.0],"```python
# Data from the table
funding_2018 = 377806  # Total funding in million dollars in 2018

# Print the result
print(f""Final Answer : {funding_2018} million dollars"")

# Done
```"
771,"funding from the companies' own sources was $378 billion in 2018, how many percent of increase from 2017?",[0.114354],"```python
# Python
# Data from the table
funds_2017 = 339036  # Funds spent from companies' own sources in 2017
funds_2018 = 377806  # Funds spent from companies' own sources in 2018

# Calculate the percentage increase
percent_increase = ((funds_2018 - funds_2017) / funds_2017) * 100

# Print the result
print(f""Percentage Increase: {percent_increase}%"")

# Done
```"
772,how many million dollars was funding from other sources in 2018?,[63230.0],"```python
# Data from the table
funding_from_other_sources_2018 = 38545  # in million dollars

# Print the result
print(f""Final Answer: {funding_from_other_sources_2018} million dollars"")

# Done
```"
773,how many million dollars was funding from other sources in 2017?,[61065.0],"```python
# Data from the table
funding_other_2017 = 36788

# Convert the amount to million dollars
funding_other_2017_million = funding_other_2017 / 1000

# Print the result
print(f""Final Answer: {funding_other_2017_million} million dollars"")

# Done
```"
774,"in 2018, of the $441 million that companies spent on r&d, how many million dollars were spent on basic research?",[28980.0],"```python
# Data from the table
total_spent_2018 = 441036
basic_research_spent_2018 = 28980

# Calculate the amount spent on basic research
amount_spent_basic_research = (basic_research_spent_2018 / 1000000)  # converting to million dollars

# Print the result
print(f""Final Answer: ${amount_spent_basic_research} million"")

# Done
```"
775,"in 2018, of the $441 million that companies spent on r&d, how many million dollars were on applied research?",[65222.0],"```python
#Python
# Data from the table
total_rnd_spending_2018 = 441036
applied_research_2018 = 65222

# Print the result
print(f""Final Answer: {applied_research_2018 / 1000} million dollars were spent on applied research in 2018 out of {total_rnd_spending_2018 / 1000} million total R&D spending."")

# Done
```"
776,"in 2018, of the $441 million that companies spent on r&d, how many million dollars were spent on development?",[346834.0],"```python
#Python
# Data from the table for 2018
total_rnd_spent_2018 = 441036  # Total funds spent on R&D in million dollars
development_spent_2018 = 346834  # Funds spent on development in million dollars

# Print the result
print(f""Final Answer: {development_spent_2018} million dollars were spent on development out of {total_rnd_spent_2018} million dollars in 2018"")

# Done
```"
777,"in the 2006 cohort, how many percent of ce immigrant men is belonged to a visible minority?",[0.85],"```python
# Data from the table
ce_immigrant_men_visible_minorities_2006 = 0.85  # Percentage of Canadian-educated immigrant men in a visible minority in 2006 cohort

# Print the result
print(f""In the 2006 cohort, {ce_immigrant_men_visible_minorities_2006}% of Canadian-educated immigrant men belonged to a visible minority."")

# Done
```"
778,"in the 2006 cohort, how many percent of ce immigrant men had high earnings in canada before the base year?",[0.14],"```python
# Data from the table
high_earnings_2006 = 0.57  # High earnings percentage for immigrant men in the 2006 cohort

# Calculate the percentage representation
percentage_representation = high_earnings_2006 * 100

# Print the result
print(f""Final Answer: {percentage_representation}%"")

# Done
```"
779,what is the initial earnings advantage of ce immigrants for 1991 cohort when sociodemographic characteristics and source-country attributes were controlled for in model 2?,[0.177],"```python
# Data from the table
ce_immigrants_coefficient_1991_model2 = 0.177
foreign_immigrants_coefficient_1991_model2 = 0.246
intercept_1991_model2 = 9.124

initial_earnings_advantage_1991 = (ce_immigrants_coefficient_1991_model2 - foreign_immigrants_coefficient_1991_model2) + intercept_1991_model2

# Print the result
print(f""Initial Earnings Advantage of Canadian-Educated Immigrants for 1991 Cohort in Model 2: {initial_earnings_advantage_1991}"")

# Done
```"
780,what is the coefficient for ce immigrants when the conditional interaction terms of work history and years of study in canada among ce immigrants were included in model 3 for the 1991 cohort.,[-0.208],"```python
# Data from the table
ce_immigrants_model3_1991 = -0.208  # Coefficient for ce immigrants in model 3 for the 1991 cohort

# Print the result
print(f""Final Answer: {ce_immigrants_model3_1991}"")

# Done
```"
781,how many log points for ce immigrants' initial enarnings were higher than those of fe immigrants in model 1 for the 2006 cohort?,[0.072],"```python
# Data from the table
ce_immigrants_initial_earnings_model1_2006 = 9.788
fe_immigrants_initial_earnings_model1_2006 = 10.075

# Calculate the difference in log points
log_points_difference = ce_immigrants_initial_earnings_model1_2006 - fe_immigrants_initial_earnings_model1_2006

# Print the result
print(f""Final Answer: {log_points_difference}"")

# Done
```"
782,what is the initial earnings advantage of ce immigrants when sociodemographic factors are controlled for in model 2 for 2006 cohort?,[0.25],"```python
# Data from the table
ce_immigrants_model2_2006 = 9.124
foreign_educated_immigrants_model2_2006 = 8.796

# Calculate the initial earnings advantage
initial_earnings_advantage = ce_immigrants_model2_2006 - foreign_educated_immigrants_model2_2006

# Print the result
print(f""Initial Earnings Advantage of Canadian-Educated Immigrant Men in Model 2 for 2006 cohort: {initial_earnings_advantage}"")

# Done
```"
783,"according to the 2008-base mbm, how many people were in poverty in 2015?",[4.238],"```python
# Data from the table
poverty_2008_base_2015 = ""4,238""
poverty_canada_2015 = poverty_2008_base_2015.split("","")[0] + poverty_2008_base_2015.split("","")[1]  # Combining the thousands place and hundreds place

# Print the result
print(f""Final Answer: {poverty_canada_2015}"")

# Done
```"
784,"according to the 2008-base mbm, how many people were in poverty in 2018?",[3.173],"```python
# Data from the table for poverty levels
base_2008 = {
    ""canada"": 3173,
    ""newfoundland_and_labrador"": 50,
    ""prince_edward_island"": 14,
    ""nova_scotia"": 96,
    ""new_brunswick"": 58,
    ""quebec"": 655,
    ""ontario"": 1351,
    ""manitoba"": 117,
    ""saskatchewan"": 96,
    ""alberta"": 316,
    ""british_columbia"": 421,
    ""persons_under_18_years"": 566,
    ""persons_18_to_64_years"": 2392,
    ""persons_65_years_and_over"": 216
}

base_2018 = {
    ""canada"": 3983,
    ""newfoundland_and_labrador"": 58,
    ""prince_edward_island"": 18,
    ""nova_scotia"": 124,
    ""new_brunswick"": 74,
    ""quebec"": 812,
    ""ontario"": 1658,
    ""manitoba"": 137,
    ""saskatchewan"": 122,
    ""alberta"": 403,
    ""british_columbia"": 577,
    ""persons_under_18_years"": 748,
    ""persons_18_to_64_years"": 2883,
    ""persons_65_years_and_over"": 352
}

# Calculate the number of people in poverty in 2018 based on 2008 data
poverty_in_2018 = base_2008[""canada""] * (base_2018[""canada""] / base_2008[""canada""])

# Print the result
print(f""Final Answer: {poverty_in_2018}"")

# Done
```"
785,"according to the 2008-base mbm, how many numbers of people in poverty have declined from 2015 to 2018?",[1.065],"```python
# Data from the table
poverty_2008_base_2015 = 4238
poverty_2008_base_2018 = 3173

# Calculate the decline
decline_in_poverty = poverty_2008_base_2015 - poverty_2008_base_2018

# Print the result
print(f""Final Answer: {decline_in_poverty}"")

# Done
```"
786,"according to the proposed 2018-base mbm, how many people were in poverty in 2015?",[5.074],"```python
# Data from the table
persons_in_poverty_2015_canada = ""4,238""
persons_in_poverty_2015_mb = ""63""

# Calculate the number of people in poverty in 2015 according to the proposed 2018-base mbm
# Assume the increase as a proportion from the 2008-base to 2018-base for Canada is applied to the number of persons in Newfoundland and Labrador
increase_prop = (5174/4993)  # calculation for increase proportion
predicted_persons_in_poverty_2015_mb = round(int(persons_in_poverty_2015_mb) * increase_prop)

# Print the result
print(f""Final Answer: {predicted_persons_in_poverty_2015_mb}"")

# Done
```"
787,"according to the proposed 2018-base mbm, how many people were in poverty in 2018?",[3.983],"```python
# Data from the table
# Number of people in poverty in 2018 according to the proposed 2018-base MBM
people_in_poverty_2018_base = 403

# Print the result
print(f""Final Answer: {people_in_poverty_2018_base}"")

# Done
```"
788,"according to the proposed 2018-base mbm, how many numbers of people in poverty have declined from 2015 to 2018?",[1.091],"```python
# Data from the table for the relevant years
persons_poverty_2015 = 146  # Manitoba in 2015
persons_poverty_2018 = 137  # Manitoba in 2018

# Calculate the difference in numbers of people in poverty from 2015 to 2018
decline_in_poverty = persons_poverty_2015 - persons_poverty_2018

# Print the result
print(f""Final Answer: {decline_in_poverty}"")

# Done
```"
789,which club did mcnamara play for in the 1997-98 season?,['celtic'],"```python
# Data from the table
# Find the row containing the specific season and extract the club name
club_mcnamara_1997_98 = ""celtic""

# Print the result
print(f""Final Answer: {club_mcnamara_1997_98}"")

# Done
```"
790,what's the increasing number of the professionals potentially able to provide services in the minority language in 2011 was greater than expected?,[890.0],"```python
# Data from the table
expected_professionals_minority_language = 220  # Expected number of professionals potentially able to provide services in minority language
present_professionals_minority_language = 140  # Number of professionals potentially able to provide services in minority language in 2011

# Calculate the difference
increasing_professionals_minority_language = present_professionals_minority_language - expected_professionals_minority_language

# Check if the increasing number was greater than expected
if increasing_professionals_minority_language > 0:
    print(f""The increasing number of professionals potentially able to provide services in the minority language in 2011 was greater than expected by {increasing_professionals_minority_language}"")
else:
    print(""The increasing number was not greater than expected or there was no increase"")

# Done
```"
791,how many professionals who could potentially provide services in french expected in 2011 in paramedics province?,[435.0],"```python
# Data from the table
expected_paramedics_french = 90  # Expected paramedics who can provide services in French

# Print the result
print(f""Final Answer: {expected_paramedics_french}"")

# Done
```"
792,how many professionals who could potentially provide services counted in french in paramedics province in 2011?,[305.0],"```python
# Data from the table
present_paramedical_fr = 140  # Paramedical occupations present in the province counted in French

# Print the result
print(f""Final Answer: {present_paramedical_fr}"")

# Done
```"
793,"during 2006-2010, what was childhood cancer diagnosed at a rate of new cases per million children per year?",[161.0],"```python
# Data from the table
average_cases_leukemias = 292
annual_incidence_rate_leukemias = 52

# Print the result
print(f""Final Answer: {annual_incidence_rate_leukemias}"")

# Done
```"
794,what was the rate corresponds to an average of new cases of childhood cancer per year during this time period?,[905.0],"```python
# Data from the table
average_cases_per_year = 905  # Average number of cases per year
rate_per_million_children = 161  # Annual incidence rate per million children

# Calculate the rate for new cases of childhood cancer per year
rate_per_year = (average_cases_per_year / 1000000) * rate_per_million_children

# Print the result
print(f""Final Answer: {rate_per_year} cases of childhood cancer per year"")

# Done
```"
795,what the total grams did the typical dried cannabis (flower/leaf) consumer use over 3 months according to ncs 2019 q1?,[27.5],"```python
# Data from the table
mean_dried_cannabis_flower_leaf = 22.1  # Mean quantities of dried cannabis (flower/leaf) used in grams

# Assuming a 3-month period
total_grams_over_3_months = mean_dried_cannabis_flower_leaf * 3

# Print the result
print(f""Final Answer: {total_grams_over_3_months} grams"")

# Done
```"
796,what the average grams did dad users consume over 3 months?,[62.6],"```python
# Data from the table
mean_grams_dad_users = 2.6

# Print the result
print(f""Average grams consumed by dad users over 3 months: {mean_grams_dad_users}"")

# Done
```"
797,"from 2001 to 2016, what was the increasing rate of individuals aged 25 to 64 with a university degree for all groups combined?",[66.1],"```python
# Data from the table
percent_growth_2001_2016 = 66.1

# Print the result
print(f""Increasing rate of individuals with a university degree from 2001 to 2016: {percent_growth_2001_2016} %"")

# Done
```"
798,what the rate of recent immigrants had at least a bachelor's degree in 2016?,[49.9],"```python
# Data from the table
recent_immigrants_2016 = 795600
total_population_2016 = 5201300

# Calculate the rate of recent immigrants with at least a bachelor's degree in 2016
rate_recent_immigrants_with_degree = (recent_immigrants_2016 / total_population_2016) * 100

# Print the result
print(f""Rate of recent immigrants with at least a bachelor's degree in 2016: {rate_recent_immigrants_with_degree}%"")

# Done
```"
799,what the rate of recent immigrants had at least a bachelor's degree in 2001?,[33.8],"```python
# Data from the table
total_recent_immigrants_2001 = 414300
total_population_with_degree_2001 = 3131700

# Calculate the rate of recent immigrants with at least a bachelor's degree in 2001
rate_recent_immigrants_with_degree_2001 = (total_recent_immigrants_2001 / total_population_with_degree_2001) * 100

# Print the result
print(f""Final Answer: {rate_recent_immigrants_with_degree_2001} %"")

# Done
```"
800,"over the last five years, the proportion of police-reported hate crime incidents that were also recorded by police as cybercrimes has been fairly stable, what was the range of all hate crime incidents from 2014 to 2018?","[4.1, 5.1]","```python
# Data from the table
hate_crime_incidents_2014 = 1148
hate_crime_incidents_2015 = 1248
hate_crime_incidents_2016 = 1291
hate_crime_incidents_2017 = 1897
hate_crime_incidents_2018 = 1619

# Calculate the range of all hate crime incidents
range_of_hate_crime_incidents = max(hate_crime_incidents_2014, hate_crime_incidents_2015, hate_crime_incidents_2016, hate_crime_incidents_2017, hate_crime_incidents_2018) - min(hate_crime_incidents_2014, hate_crime_incidents_2015, hate_crime_incidents_2016, hate_crime_incidents_2017, hate_crime_incidents_2018)

# Print the result
print(f""Range of all hate crime incidents from 2014 to 2018: {range_of_hate_crime_incidents}"")

# Done
```"
801,"which gender's number of nfrs grew at a faster rate between 2017 and 2019, male or female?",['male'],"```python
# Data from the table
male_2017 = 16580
male_2019 = 17980
female_2017 = 11600
female_2019 = 12369

# Calculate the growth rate for male and female
male_growth_rate = ((male_2019 - male_2017) / male_2017) * 100
female_growth_rate = ((female_2019 - female_2017) / female_2017) * 100

# Compare the growth rates
if male_growth_rate > female_growth_rate:
    print(""Male had a faster growth rate in the number of doctorate-holding nonfaculty researchers (nfrs) between 2017 and 2019."")
else:
    print(""Female had a faster growth rate in the number of doctorate-holding nonfaculty researchers (nfrs) between 2017 and 2019."")

# Done
```"
802,"in 2019, how many percentage points of nfrs were male?",[1.687931],"```python
# Data from the table
total_nfrs_2019 = 30349
male_nfrs_2019 = 17980

# Calculate the percentage points of nfrs that were male
percentage_points_male = (male_nfrs_2019 / total_nfrs_2019) * 100

# Print the result
print(f""Final Answer: {percentage_points_male}"")

# Done
```"
803,"rates of growth in the number of nfrs between 2017 and 2019 in various s&e fields of research varied widely, which broad field had the largest percentage of increasing?",['natural resources and conservation'],"```python
# Data from the table
percent_change_agri_sciences = 30
percent_change_bio_biomed_sciences = 0.3
percent_change_comp_info_sciences = 7.1
percent_change_geosciences = 21.3
percent_change_math_stats = 27.1
percent_change_multidisciplinary = 1.7
percent_change_nat_resources_conservation = 59.9
percent_change_physical_sciences = 15.5
percent_change_psychology = 16.6
percent_change_social_sciences = 8.9
percent_change_engineering = 19.4
percent_change_bio_bmed_eng = 18.6
percent_change_chem_eng = 16.7
percent_change_civil_eng = 16.6
percent_change_ee_comm_eng = 14.4
percent_change_eng_science_mech_physics = -7
percent_change_ind_manufacturing_eng = 15.1
percent_change_mechanical_eng = 15.9
percent_change_metallurgical_materials_eng = 33.7
percent_change_other_engineering = 34.8
percent_change_health = -0.2

# Create a dictionary to map broad fields to their respective percentage changes
percentage_changes = {
    ""agricultural sciences"": percent_change_agri_sciences,
    ""biological and biomedical sciences"": percent_change_bio_biomed_sciences,
    ""computer and information sciences"": percent_change_comp_info_sciences,
    ""geosciences, atmospheric sciences, and ocean sciences"": percent_change_geosciences,
    ""mathematics and statistics"": percent_change_math_stats,
    ""multidisciplinary and interdisciplinary studies"": percent_change_multidisciplinary,
    ""natural resources and conservation"": percent_change_nat_resources_conservation,
    ""physical sciences"": percent_change_physical_sciences,
    ""psychology"": percent_change_psychology,
    ""social sciences"": percent_change_social_sciences,
    ""engineering"": percent_change_engineering,
    ""bioengineering and biomedical engineering"": percent_change_bio_bmed_eng,
    ""chemical engineering"": percent_change_chem_eng,
    ""civil engineering"": percent_change_civil_eng,
    ""electrical, electronics, and communications engineering"": percent_change_ee_comm_eng,
    ""engineering science, mechanics, and physics"": percent_change_eng_science_mech_physics,
    ""industrial and manufacturing engineering"": percent_change_ind_manufacturing_eng,
    ""mechanical engineering"": percent_change_mechanical_eng,
    ""metallurgical and materials engineering"": percent_change_metallurgical_materials_eng,
    ""other engineering"": percent_change_other_engineering,
    ""health"": percent_change_health
}

# Find the broad field with the largest percentage increase
largest_increase_field = max(percentage_changes, key=percentage_changes.get)

# Print the result
print(f""Final Answer: {largest_increase_field}"")

# Done
```"
804,which club did zuniga play in the 2004 season?,['cortulua'],"```python
# Data from the table
club_zuniga_played = ""cortulua""

# Print the result
print(f""Final Answer: {club_zuniga_played}"")

# Done
```"
805,how many receptions did clay have in 2018?,[21.0],"```python
# Data from the table
receptions_2018 = 21

# Print the result
print(f""Final Answer: {receptions_2018}"")

# Done
```"
806,"among visible minority women aged 15 and over, what was the percentage of women were unemployed in the week prior to the 2011 census?",[10.6],"```python
# Data from the table
visible_minority_women_unemployed_percentage = 10.6

# Print the result
print(f""Final Answer: {visible_minority_women_unemployed_percentage}"")

# Done
```"
807,"among canadian-born 15- to 24-year-olds, which visible minority gender was less likely to be unemployed?",['women'],"```python
# Data from the table
unemployment_rate_female_minority_15_24_canadian_born = 19.1
unemployment_rate_male_minority_15_24_canadian_born = 22.4
unemployment_rate_female_not_minority_15_24_canadian_born = 14.5
unemployment_rate_male_not_minority_15_24_canadian_born = 16.9

# Calculate the unemployment rate difference
unemployment_rate_diff_minority = unemployment_rate_female_minority_15_24_canadian_born - unemployment_rate_male_minority_15_24_canadian_born
unemployment_rate_diff_not_minority = unemployment_rate_female_not_minority_15_24_canadian_born - unemployment_rate_male_not_minority_15_24_canadian_born

# Check which gender is less likely to be unemployed
if unemployment_rate_diff_minority < unemployment_rate_diff_not_minority:
    gender_less_likely_unemployed = ""female minority""
else:
    gender_less_likely_unemployed = ""male not minority""

# Print the result
print(f""Final Answer: Among Canadian-born 15- to 24-year-olds, {gender_less_likely_unemployed} was less likely to be unemployed."")

# Done
```"
808,"for the older working-age group of canadian-born 55- to 64-year-olds, what was the percentage of visible minority women were unemployed?",[4.1],"```python
# Data from the table
visible_minority_women_canadian_born_55_64 = 4.1

# Print the result
print(f""Final Answer: {visible_minority_women_canadian_born_55_64}%"")

# Done
```"
809,"for the older working-age group of canadian-born 55- to 64-year-olds, what was the percentage of visible minority men were unemployed?",[7.5],"```python
# Data from the table
unemployed_visible_minority_men_canadian_born_55_64 = 7.5  # Percentage of unemployed visible minority men among Canadian-born 55-64-year-olds

# Print the result
print(f""Percentage of unemployed visible minority men among Canadian-born 55-64-year-olds: {unemployed_visible_minority_men_canadian_born_55_64}%"")

# Done
```"
810,"during that year, what was the percentage of visible minority women reported working mostly or entirely part time?",[27.7],"```python
# Data from the table
percentage_visible_minority_women = 27.7

# Print the result
print(f""Final Answer: {percentage_visible_minority_women}%"")

# Done
```"
811,"during that year, what was the percentage of women who were not a visible minority reported working mostly or entirely part time?",[29.5],"```python
# Data from the table
percentage_women_not_visible_minority = 29.5

# Print the result
print(f""Final Answer: {percentage_women_not_visible_minority}"")

# Done
```"
812,what was the percentage of visible minority men worked mostly or entirely part time in 2010?,[16.8],"```python
# Data from the table
percentage_visible_minority_men = 16.8

# Print the result
print(f""Final Answer: {percentage_visible_minority_men}"")

# Done
```"
813,what was the percenge of men who were not a visible minority worked mostly or entirely part time in 2010.,[15.2],"```python
# Data from the table
percentage_men_not_visible_minority = 15.2

# Print the result
print(f""Final Answer: {percentage_men_not_visible_minority}%"")

# Done
```"
814,"among 15- to 24-year-olds, which group of women were more likely to have worked part time, visible minority or not a visible minority?",['visible minority'],"```python
# Data from the table
women_visible_minority_15_to_24 = 66.2
women_not_visible_minority_15_to_24 = 61.1

# Compare the percentages
if women_visible_minority_15_to_24 > women_not_visible_minority_15_to_24:
    likely_group = ""visible minority women""
else:
    likely_group = ""not a visible minority women""

# Print the result
print(f""Final Answer: Among 15- to 24-year-olds, {likely_group} were more likely to have worked part time"")

# Done
```"
815,"among those aged 65 and over, which group of women were less likely to have worked part time, visible minority or not a visible minority?",['visible minority'],"```python
# Data from the table
percentage_women_visible_minority_65_over = 46.9
percentage_women_not_visible_minority_65_over = 56.7

# Compare and find the group less likely to have worked part-time
less_likely_group = ""visible minority"" if percentage_women_visible_minority_65_over < percentage_women_not_visible_minority_65_over else ""not a visible minority""

# Print the result
print(f""Final Answer: Women of the {less_likely_group} group among those aged 65 and over were less likely to have worked part-time."")

# Done
```"
816,what was the percentage of visible minority immigrant women aged 15 to 24 in a low-income situation in 2011?,[29.2],"```python
# Data from the table
percentage_visible_minority_immigrant_women_15_to_24_years = 34.3

# Print the result
print(f""Final Answer: {percentage_visible_minority_immigrant_women_15_to_24_years}%"")

# Done
```"
817,what was the percentage of visible minority canadian-born women aged 15 to 24 in a low-income situation in 2011?,[18.6],"```python
# Data from the table
percentage_visible_minority_canadian_born_women_15_to_24 = 18.6

# Print the result
print(f""Final Answer: {percentage_visible_minority_canadian_born_women_15_to_24}"")

# Done
```"
818,which club did price play for in the 1895-96 season?,['burslem port vale'],"```python
# Data from the table
club_price_played_for = ""burslem port vale""

# Print the result
print(f""Final Answer: {club_price_played_for}"")

# Done
```"
819,what is the final poistion for tigers in the 2017 - 18 champions cup?,['5th'],"```python
# Data from the table
final_position_champions_cup_2017_18 = ""group stage""

# Print the result
print(f""Final Answer: {final_position_champions_cup_2017_18}"")

# Done
```"
820,which club did alex play for in the 2017-18 season?,['juventus'],"```python
# Data from the table
club_data = {
    ""atletico paranaense"": {
        ""2008"": {""league"": ""serie a""},
        ""2009"": {},
        ""total"": {}
    },
    ""santos"": {
        ""2010"": {""league"": ""serie a""},
        ""2011"": {},
        ""total"": {}
    },
    ""porto"": {
        ""2011-12"": {""league"": ""primeira liga""},
        ""2012-13"": {},
        ""2013-14"": {},
        ""2014-15"": {},
        ""2015-16"": {},
        ""total"": {}
    },
    ""juventus"": {
        ""2015-16"": {""league"": ""serie a""},
        ""2016-17"": {},
        ""2017-18"": {},
        ""2018-19"": {},
        ""total"": {}
    }
}

# Extract the club played in 2017-18 season by Alex
for club, seasons in club_data.items():
    if ""2017-18"" in seasons:
        print(f""Alex played for: {club}"")  # Juventus

# Done
```
"
821,which club did mullen play the championship from during 2013-14 season?,['raith rovers'],"```python
# Data from the table
club_championship_2013_14 = ""raith rovers""

# Print the result
print(f""Final Answer: {club_championship_2013_14}"")

# Done
```"
822,what was the number of league games that lee ka yiu played for sham shui po in the 2011-12 season?,[18.0],"```python
# Data from the table
league_games_2011_12 = 18  # Number of league games played by Sham Shui Po in the 2011-12 season

# Print the result
print(f""Final Answer: {league_games_2011_12}"")

# Done
```"
823,"which type of owners who were 15 and older in 2013 had more headcount, unincorporated self-employed or incorporated business owners?",['self-employed'],"```python
#Python
# Data from the table
headcount_non_employer_self_employed = 2,163,790
headcount_non_employer_business_owner = 317,830
headcount_employer_self_employed = 116,150
headcount_employer_business_owner = 925,570

# Calculating total headcounts
total_headcount_non_employer_self_employed = headcount_non_employer_self_employed + headcount_non_employer_business_owner
total_headcount_employer_business_owner = headcount_employer_self_employed + headcount_employer_business_owner

# Comparing headcount
if total_headcount_non_employer_self_employed > total_headcount_employer_business_owner:
    print(""Non-Employer Self-Employed had more headcount"")
else:
    print(""Employer Business Owners had more headcount"")

# Done
```"
824,"in 2013, how many times of each business owner who had employees as many jobs as an unincorporated employer?",[1.941176],"```python
# Python code to answer the question

# Data from the table
non_employer_jobs = 317830
employer_jobs = 925570

# Calculate the ratio of employer jobs to non-employer jobs
jobs_ratio = employer_jobs / non_employer_jobs

# Print the result
print(f""Final Answer: {jobs_ratio}"")

# Done
```"
825,"in 2015, where were immigrants from had the highest turnout rate?","['united states, united kingdom, ireland, australia, new zealand']","```python
# Data from the table for 2015
country_turnout_2015 = {
    ""united states, united kingdom, ireland, australia, new zealand"": 84.3,
    ""caribbean, central/south america"": 72.5,
    ""western/northern europe"": 82.6,
    ""southern europe"": 72.5,
    ""eastern europe"": 69.7,
    ""south asia"": 80.5,
    ""southeast asia"": 74.6,
    ""east asia"": 64.1,
    ""west central asia and middle east"": 73.2,
    ""africa"": 78.4
}

# Find the country/region with the highest turnout rate in 2015
highest_turnout_country = max(country_turnout_2015, key=country_turnout_2015.get)

# Print the result
print(f""Country with the highest turnout rate in 2015: {highest_turnout_country}"")

# Done
```"
826,"in 2015, where were immigrants from had the second-highest turnout rate?",['western/northern europe'],"```python
# Data from the table
immigrant_turnout_rates_2015 = {
    ""united states, united kingdom, ireland, australia, new zealand"": 84.3,
    ""caribbean, central/south america"": 72.5,
    ""western/northern europe"": 82.6,
    ""southern europe"": 72.5,
    ""eastern europe"": 69.7,
    ""south asia"": 80.5,
    ""southeast asia"": 74.6,
    ""east asia"": 64.1,
    ""west central asia and middle east"": 73.2,
    ""africa"": 78.4
}

# Find the country with the second-highest turnout rate
sorted_immigrant_turnout_rates_2015 = sorted(immigrant_turnout_rates_2015.items(), key=lambda x: x[1], reverse=True)
second_highest_country = sorted_immigrant_turnout_rates_2015[1][0]

# Print the result
print(f""The immigrants from '{second_highest_country}' had the second-highest turnout rate in 2015"")

# Done
```  "
827,"in 2015, where were immigrants from had the third-highest turnout rate?",['south asia'],"```python
# Data from the table for 2015 turnout rates
turnout_rates_2015 = {
    ""United States, United Kingdom, Ireland, Australia, New Zealand"": 84.3,
    ""Caribbean, Central/South America"": 72.5,
    ""Western/Northern Europe"": 82.6,
    ""Southern Europe"": 72.5,
    ""Eastern Europe"": 69.7,
    ""South Asia"": 80.5,
    ""Southeast Asia"": 74.6,
    ""East Asia"": 64.1,
    ""West Central Asia and Middle East"": 73.2,
    ""Africa"": 78.4
}

# Find the third-highest turnout rate
sorted_turnout_rates = sorted(turnout_rates_2015.items(), key=lambda x: x[1], reverse=True)
third_highest_country = sorted_turnout_rates[2][0]

# Print the result
print(f""Final Answer: Immigrants from {third_highest_country} had the third-highest turnout rate in 2015."")

# Done
```"
828,"between 2011 and 2015, what was the percentage points of the voting rate of immigrants from west central asia and the middle east increased?",[16.5],"```python
# Data from the table
voting_rate_2011 = 56.7
voting_rate_2015 = 73.2

# Calculate the increase in percentage points
increase_in_voting_rate = voting_rate_2015 - voting_rate_2011

# Print the result
print(f""Final Answer: {increase_in_voting_rate} percentage points increase"")

# Done
```"
829,"between 2011 and 2015, what was the percentage points of the voting rate of immigrants from africa increased?",[11.3],"```python
# Data from the table
voting_rate_2011_africa = 67.1
voting_rate_2015_africa = 78.4

# Calculate the increase in percentage points
increase_voting_rate_africa = voting_rate_2015_africa - voting_rate_2011_africa

# Print the result
print(f""Final Answer: {increase_voting_rate_africa}"")

# Done
```"
830,"between 2011 and 2015, what was the percentage points of the voting rate of immigrants from southeast asia increased?",[10.1],"```python
# Data from the table
percentage_2011 = 64.5
percentage_2015 = 74.6

# Calculate the increase in percentage points
increase_in_percentage_points = percentage_2015 - percentage_2011

# Print the result
print(f""Final Answer: {increase_in_percentage_points}"")

# Done
```"
831,"in 2015, how many people did more than 20 million citizens reported having voted in the federal election, compared with about 17.4 million in 2011 increase between 2011 and 2015?",[2635.7],"```python
# Data from the table
voters_2011 = 17445.1
voters_2015 = 20080.8

# Calculate the increase in the number of voters
increase_in_voters = voters_2015 - voters_2011

# Print the result
print(f""Final Answer: {increase_in_voters}"")

# Done
```"
832,how many combined tackles did david get in 2012?,[112.0],"```python
# Data from the table
comb_tackles_2012 = 139

# Print the result
print(f""Final Answer: {comb_tackles_2012}"")

# Done
```"
833,how many passing yards did manning get in 2009?,[4021.0],"```python
# Data from the table
passing_yards_2009 = 4021

# Print the result
print(f""Final Answer: {passing_yards_2009}"")

# Done
```"
834,how many tackles did freeman get in 2012?,[145.0],"```python
# Data from the table
tackles_freeman_2012 = 145

# Print the result
print(f""Final Answer: {tackles_freeman_2012}"")

# Done
```"
835,what is the final rating for jake heaps in 2010?,[116.2],"```python
# Data from the table for Jake Heaps in 2010
cmp = 219
att = 383
pct = 57.2
yds = 2316
y_a = 6.0
td = 15
int = 9
rtg = 116.2

# Calculate the final rating for Jake Heaps in 2010 using the official NFL formula
rating = ((cmp/att - 0.3) * 5 + (yds/att - 3) * 0.25 + (td/att) * 20 + 2.375 - (int/att) * 25) / 6 * 100

# Print the result
print(f""Final Rating for Jake Heaps in 2010: {rating}"")

# Done
```"
836,what's the percent of mfp increased per year in the business sector over the period from 1980 to 2000?,[0.4],"```python
# Data from the table
mfp_1980_to_2000 = 0.4
years = 20  # 1980 to 2000 is a 20-year period

# Calculate the annual MFP growth rate
annual_mfp_growth_rate = mfp_1980_to_2000 / years

# Print the result
print(f""Final Answer: {annual_mfp_growth_rate}% per year"")

# Done
```"
837,what's the percent of it declined in the business sector over the period from 2000 to 2015?,[0.2],"```python
# Data from the table
percentage_2000_to_2015 = -0.2
percentage_1980_to_2000 = 0.4

# Calculate the decline percentage
decline_percentage = percentage_2000_to_2015 - percentage_1980_to_2000

# Print the result
print(f""Final Answer: {decline_percentage}"")

# Done
```"
838,"in 2018, what is the percentage of women in british columbia most often reported experiencing sexual assault since age 15?",[36.5],"```python
# Data from the table for sexual assault on women in British Columbia in 2018
percentage_women_bc_sexual_assault = 36.5

# Print the percentage of women in British Columbia experiencing sexual assault
print(f""Percentage of women in British Columbia experiencing sexual assault: {percentage_women_bc_sexual_assault}%"")

#Done
```"
839,"in 2018, what is the percentage of women in alberta most often reported experiencing sexual assault since age 15?",[35.3],"```python
# Data from the table
women_alberta_sexual_assault_percentage = 35.3

# Print the result
print(f""Final Answer: {women_alberta_sexual_assault_percentage}"")

# Done
```"
840,"in contrast, women in which two places were the least likely to report being the victim of a sexual assault among all of the provinces in 2018?","['newfoundland and labrador', 'quebec']","```python
# Data from the table for women's percentage reporting sexual assault
# (province, %)
sexual_assault_women_dict = {
    'newfoundland and labrador': 25.4,
    'prince edward island': 34.6,
    'nova scotia': 33.1,
    'new brunswick': 28.5,
    'quebec': 24.5,
    'ontario': 29.8,
    'manitoba': 31.7,
    'saskatchewan': 30.9,
    'alberta': 35.3,
    'british columbia': 36.5
}

# Find the two provinces with the lowest percentage of women reporting sexual assault
lowest_two_provinces = sorted(sexual_assault_women_dict, key=sexual_assault_women_dict.get)[:2]

# Print the result
print(f""Final Answer: Women in {lowest_two_provinces[0]} and {lowest_two_provinces[1]} were the least likely to report being the victim of a sexual assault among all of the provinces in 2018."")

# Done
```"
841,what is the percentage of women in newfoundland and labrador reported being the victim of a sexual assault since age 15 in 2018?,[25.4],"```python
# Data from the table for sexual assault victims in Newfoundland and Labrador
percentage_women_newfoundland_sexual_assault = 25.4

# Print the percentage of women reported being the victim of sexual assault in Newfoundland and Labrador
print(f""Percentage of women in Newfoundland and Labrador reported being the victim of a sexual assault: {percentage_women_newfoundland_sexual_assault}%"")

# Done
```"
842,what is the percentage of women in quebec reported being the victim of a sexual assault since age 15 in 2018?,[24.5],"```python
# Data from the table for sexual assault victims in Quebec
percentage_women_quebec_sexual_assault = 24.5  # Percentage of women being the victim of a sexual assault in Quebec
percentage_men_quebec_sexual_assault = 5.7  # Percentage of men being the victim of a sexual assault in Quebec

# Calculate the percentage of women being the victim of a sexual assault in Quebec
total_percentage_sexual_assault_quebec = percentage_women_quebec_sexual_assault + percentage_men_quebec_sexual_assault

# Print the result
print(f""Final Answer: {total_percentage_sexual_assault_quebec}"")

# Done
```  "
843,"for men, the prevalence of sexual assault in which province was higher than the provincial average in 2018?",['british columbia'],"```python
# Data from the table for men's sexual assault
men_sexual_assault_by_province = {
    ""newfoundland and labrador"": {
        ""percent"": 8.2,
        ""average"": 30.2
    },
    ""prince edward island"": {
        ""percent"": 6.1,
        ""average"": 30.2
    },
    ""nova scotia"": {
        ""percent"": 9.6,
        ""average"": 30.2
    },
    ""new brunswick"": {
        ""percent"": 9.8,
        ""average"": 30.2
    },
    ""quebec"": {
        ""percent"": 5.7,
        ""average"": 30.2
    },
    ""ontario"": {
        ""percent"": 8.2,
        ""average"": 30.2
    },
    ""manitoba"": {
        ""percent"": 8.9,
        ""average"": 30.2
    },
    ""saskatchewan"": {
        ""percent"": 7.9,
        ""average"": 30.2
    },
    ""alberta"": {
        ""percent"": 9.4,
        ""average"": 30.2
    },
    ""british columbia"": {
        ""percent"": 11.1,
        ""average"": 30.2
    }
}

# Find the provinces where men's sexual assault prevalence is higher than the provincial average
provinces_above_average = [province for province, data in men_sexual_assault_by_province.items() if data[""percent""] > data[""average""]]

# Print the result
print(f""The prevalence of sexual assault for men was higher than the provincial average in the following province(s): {', '.join(provinces_above_average)}"")

# Done
```"
844,"for men, what is the prevalence of sexual assault in british columbia in 2018?",[11.1],"```python
# Data from the table
percent_sexual_assault_men_bc_2018 = 11.1

# Print the result
print(f""Prevalence of sexual assault for men in British Columbia in 2018: {percent_sexual_assault_men_bc_2018}%"")

# Done
```"
845,"for men, what is the prevalence of sexual assault of the provincial average in 2018?",[8.2],"```python
# Data from the table
sexual_assault_men_avg_percentage = 8.2
provinces_avg_sexual_assault_men_percentage = 30.2

# Calculate the prevalence of sexual assault for men in relation to the provincial average
prevalence = sexual_assault_men_avg_percentage / provinces_avg_sexual_assault_men_percentage

# Print the result
print(f""Prevalence of sexual assault for men in relation to provincial average: {prevalence}"")

# Done
```"
846,"in 2018, which gender was more likely to report experiencing physical assault since age 15?",['men'],"```python
# Data from the table
physical_assault_women = 26.1
physical_assault_men = 33.3

# Check which gender was more likely to report experiencing physical assault
if physical_assault_women > physical_assault_men:
    gender_most_likely = ""women""
else:
    gender_most_likely = ""men""

# Print the result
print(f""Final Answer: {gender_most_likely} were more likely to report experiencing physical assault since age 15 in 2018."")

# Done
```"
847,"in 2018, what is the percentage of men at the provincial average being to report experiencing physical assault since age 15?",[33.3],"```python
# Data from the table
province_average_men_physical_assault = 33.3

# Print the result
print(f""Final Answer: {province_average_men_physical_assault}"")

# Done
```"
848,"in 2018, what is the percentage of women at the provincial average being to report experiencing physical assault since age 15?",[26.1],"```python
# Data from the table
percent_women_physical_assault_nl = 21.5
percent_women_physical_assault_pei = 30.3
percent_women_physical_assault_ns = 28.0
percent_women_physical_assault_nb = 23.9
percent_women_physical_assault_qc = 20.8
percent_women_physical_assault_on = 26.6
percent_women_physical_assault_mb = 28.6
percent_women_physical_assault_sk = 25.6
percent_women_physical_assault_ab = 30.5
percent_women_physical_assault_bc = 29.5
provincial_avg_women_physical_assault = 26.1

# Calculate the percentage of women at the provincial average
percentage_women_at_provincial_avg = provincial_avg_women_physical_assault

# Print the result
print(f""Final Answer: {percentage_women_at_provincial_avg}"")

# Done
```"
849,"in almost every province, which gender was more likely since their age 15 to have been physically assaulted in 2018?",['men'],"```python
# Data from the table
physical_assault_women = [21.5, 30.3, 28.0, 23.9, 20.8, 26.6, 28.6, 25.6, 30.5, 29.5]  # Women's percentage by province
physical_assault_men = [26.3, 29.6, 39.7, 30.1, 26.1, 33.4, 36.5, 36.5, 39.1, 38.7]  # Men's percentage by province

# Calculate the average percentage for women and men
avg_percentage_women = sum(physical_assault_women) / len(physical_assault_women)
avg_percentage_men = sum(physical_assault_men) / len(physical_assault_men)

# Check which gender was more likely to have been physically assaulted
more_likely_gender = ""women"" if avg_percentage_women > avg_percentage_men else ""men""

# Print the result
print(f""In 2018, on average, {more_likely_gender} were more likely to have been physically assaulted since their age 15 in almost every province."")

# Done
```"
850,"among the provinces, men who were 15 or older in which three provinces were more likely to report experiencing physical assault than other provinces and the provincial average overall in 2018?","['nova scotia', 'alberta', 'british columbia']","```python
# Data from the table
# Men's physical assault percentages in each province
physical_assault_men_nl = 26.3
physical_assault_men_pei = 29.6
physical_assault_men_ns = 39.7
physical_assault_men_nb = 30.1
physical_assault_men_qc = 26.1
physical_assault_men_on = 33.4
physical_assault_men_mb = 36.5
physical_assault_men_sk = 36.5
physical_assault_men_ab = 39.1
physical_assault_men_bc = 38.7

# Average physical assault percentage for all provinces for men
physical_assault_avg_men = 33.3

# Finding the top three provinces with the highest physical assault percentages for men
# Sort the provinces based on their men's physical assault percentages
provinces_physical_men = {
    ""Newfoundland and Labrador"": physical_assault_men_nl,
    ""Prince Edward Island"": physical_assault_men_pei,
    ""Nova Scotia"": physical_assault_men_ns,
    ""New Brunswick"": physical_assault_men_nb,
    ""Quebec"": physical_assault_men_qc,
    ""Ontario"": physical_assault_men_on,
    ""Manitoba"": physical_assault_men_mb,
    ""Saskatchewan"": physical_assault_men_sk,
    ""Alberta"": physical_assault_men_ab,
    ""British Columbia"": physical_assault_men_bc
}

# Sort the provinces by men's physical assault percentages in descending order
sorted_provinces_physical_men = sorted(provinces_physical_men.items(), key=lambda x: x[1], reverse=True)

# Get top 3 provinces with the highest physical assault percentages for men among provinces
top_three_provinces = [province for province, _ in sorted_provinces_physical_men[:3]]

# Find if the provincial average is higher than the top 3 provinces' average
top_three_avg = sum([value for _, value in sorted_provinces_physical_men[:3]]) / 3

# Check if the average among top three provinces is less than overall average of men's physical assault
if top_three_avg < physical_assault_avg_men:
    print(f""Men in the provinces {', '.join(top_three_provinces)} were more likely to report experiencing physical assault than other provinces and the provincial average overall in 2018."")
else:
    print(""The top three provinces were not more likely to report experiencing physical assault than other provinces and the provincial average overall in 2018."")

# Done
```"
851,"in nova scotia, what is the percentage of men since age 15 report experiencing physical assault in 2018?",[39.7],"```python
# Data from the table for physical assault in Nova Scotia for men in 2018
percent_men_ns_physical_assault_2018 = 39.7

# Print the result
print(f""Percentage of men in Nova Scotia reporting experiencing physical assault in 2018: {percent_men_ns_physical_assault_2018}%"")

# Done
```"
852,"in alberta, what is the percentage of men since age 15 report experiencing physical assault in 2018?",[39.1],"```python
# Python
# Data from the table
percentage_physical_assault_men_alberta = 39.1

# Print the result
print(f""Final Answer: {percentage_physical_assault_men_alberta}%"")

# Done
```"
853,"in british columbia, what is the percentage of men since age 15 report experiencing physical assault in 2018?",[38.7],"```python
# Data from the table
men_physical_assault_bc = 38.5

# Print the result
print(f""Percentage of men in British Columbia experiencing physical assault: {men_physical_assault_bc}%"")

# Done
```"
854,"in other provinces and the provincial average overall, what is the percentage of men since age 15 report experiencing physical assault in 2018?",[33.3],"```python
# Data from the table
men_physical_assault_provinces = [26.3, 29.6, 39.7, 30.1, 26.1, 33.4, 36.5, 36.5, 39.1, 38.7]  # Percentage of men reporting physical assault in provinces
provinces_average_men_physical_assault = 35.3  # Provincial average percentage of men reporting physical assault

# Calculate the percentage of men experiencing physical assault in other provinces
total_excluding_provinces = sum(men_physical_assault_provinces) - (men_physical_assault_provinces[-1] * 2)  # Excluding current provinces percentage
other_provinces_men_physical_assault_percentage = total_excluding_provinces / (len(men_physical_assault_provinces) - 2)  # Calculate the average excluding the current provinces

# Calculate the percentage of men experiencing physical assault in the provincial average
provincial_average_percentage = provinces_average_men_physical_assault

# Print the result
print(f""Percentage of men reporting experiencing physical assault in other provinces: {other_provinces_men_physical_assault_percentage}"")
print(f""Percentage of men reporting experiencing physical assault in the provincial average: {provincial_average_percentage}"")

# Done
```"
855,"for women since age 15, compared to the likelihood of experiencing physical assault in alberta and the provincial average, which is much higher?",['alberta'],"```python
# Data from the table
physical_assault_women_alberta_perc = 30.5
physical_assault_provincial_average_women_perc = 38.7

# Calculate the difference in likelihood
difference_alberta_vs_average = physical_assault_women_alberta_perc - physical_assault_provincial_average_women_perc

higher_likelihood = ""Alberta"" if difference_alberta_vs_average > 0 else ""Provincial Average""

# Print the result
print(f""Final Answer: Women in Alberta were much higher likelihood of experiencing physical assault compared to the provincial average. ({higher_likelihood} is much higher)"")

# Done
```"
856,"for women since age 15, compared to the likelihood of experiencing physical assault in british columbia and the provincial average, which is much higher?",['british columbia'],"```python
# Data from the table
physical_assault_women_british_columbia = 29.5
physical_assault_women_provincial_average = 38.7

# Compare the likelihood of physical assault
if physical_assault_women_british_columbia > physical_assault_women_provincial_average:
    print(""Women in British Columbia have a higher likelihood of experiencing physical assault compared to the provincial average."")
else:
    print(""Women in British Columbia have a lower likelihood of experiencing physical assault compared to the provincial average."")

# Done
```"
857,"for women since age 15, what is the percentage of them experienced physical assault in alberta in 2018?",[30.5],"```python
# Data from the table
percentage_women_physical_assault_alberta_2018 = 30.5  # Percentage of women who experienced physical assault in Alberta in 2018

# Print the result
print(f""Final Answer: {percentage_women_physical_assault_alberta_2018}"")

# Done
```"
858,"for women since age 15, what is the percentage of them experienced physical assault in british columbia in 2018?",[29.5],"```python
# Data from the table for women experiencing physical assault in British Columbia
percent_women_physical_assault_bc = 29.5  # Percentage of women who experienced physical assault in BC

# Print the result
print(f""Percentage of women experiencing physical assault in British Columbia in 2018: {percent_women_physical_assault_bc}%"")

# Done
```"
859,"for women since age 15, what is the percentage of them experienced physical assault of the provincial average in 2018?",[26.1],"```python
# Python
# Data from the table for physical assault on women
province_avg_physical_assault_women = {
    ""newfoundland and labrador"": 21.5,
    ""prince edward island"": 30.3,
    ""nova scotia"": 28.0,
    ""new brunswick"": 23.9,
    ""quebec"": 20.8,
    ""ontario"": 26.6,
    ""manitoba"": 28.6,
    ""saskatchewan"": 25.6,
    ""alberta"": 30.5,
    ""british columbia"": 29.5,
    ""provinces"": 26.1
}

# Provincial average physical assault on women in 2018
provinces_avg_physical_assault_women = 26.1

# Required value (physical assault percentage for women in 2018)
women_physical_assault_percentage = provinces_avg_physical_assault_women

# Print the result
print(f""Percentage of women experiencing physical assault equals to provincial average in 2018: {women_physical_assault_percentage}"")

# Done
```"
860,how many billion dollars of r&d did companies perform in the united states in 2015?,[355821.0],"```python
# Data from the table
total_rnd_billion = 355821 / 1000  # Converting to billion

# Print the result
print(f""Final Answer: {total_rnd_billion} billion dollars"")

# Done
```"
861,"in total, what is the percentage of all drug-related cases completed in adult criminal court resulted in a guilty decision from 2008/2009 to 2011/2012?",[52.0],"```python
# Data from the table
total_guilty_completed_cases = 70_959
total_completed_cases = 137_182

# Calculate the percentage
percentage_guilty_cases = (total_guilty_completed_cases / total_completed_cases) * 100

# Print the result
print(f""Final Answer: {percentage_guilty_cases}"")

# Done
```"
862,"what is the percentage of the cannabis offences, which made up the majority of completed drug-related cases but were less likely to result in a decision of guilt from 2008/2009 to 2011/2012?",[44.0],"```python
# Data from the table
guilty_cannabis = 43
total_cannabis = 100
guilty_total = 52

# Calculate the percentage of cannabis offences with the majority of completed drug-related cases but less likely to result in guilt
percentage_cannabis_decision = guilty_cannabis / total_cannabis  # Calculate the percentage of guilty decisions for cannabis
percentage_cannabis_total = total_cannabis / guilty_total  # Calculate the percentage of total completed drug-related cases for cannabis

# Print the result
print(f""Final Answer: {percentage_cannabis_decision * 100}%, {percentage_cannabis_total * 100}%"")

# Done
```"
863,"completed cases involving other types of drugs resulted in guilty decisions more often, what is the percentage of heroin from 2008/2009 to 2011/2012?",[63.0],"```python
# Data from the table
guilty_heroin_percent = 63

# Print the result
print(f""Percentage of heroin with guilty decisions: {guilty_heroin_percent}%"")

# Done
```"
864,"completed cases involving other types of drugs resulted in guilty decisions more often, what is the percentage of cocaine from 2008/2009 to 2011/2012?",[62.0],"```python
# Data from the table
guilty_cocaine = 24,838
total_cocaine = 39,979

# Calculate the percentage of guilty decisions for cocaine
percentage_guilty_cocaine = (guilty_cocaine / total_cocaine) * 100

# Print the result
print(f""Percentage of Cocaine from 2008/2009 to 2011/2012: {percentage_guilty_cocaine}%"")

# Done
```"
865,"completed cases involving other types of drugs resulted in guilty decisions more often, what is the percentage of cocaine from 2008/2009 to 2011/2012?",[62.0],"```python
# Data from the table
guilty_cocaine_percent = 62  # Percentage of guilty decisions in cocaine related cases
total_cocaine_cases = 39979  # Total completed cocaine cases
total_other_drugs_cases = 62376  # Total completed cases involving other drugs

# Calculate the percentage of cocaine cases from total other drug cases
percentage_cocaine_other_drugs = (total_cocaine_cases / total_other_drugs_cases) * 100

# Print the result
print(f""Final Answer: {percentage_cocaine_other_drugs}"")

# Done
```"
866,what is the percentage of all completed drug-related cases were stayed or withdrawn from 2008/2009 to 2011/2012?,[47.0],"```python
# Data from the table
total_completed_cases = 137182
stayed_withdrawn_cases = 65010

# Calculate the percentage
percentage_stayed_withdrawn = (stayed_withdrawn_cases / total_completed_cases) * 100

# Print the result
print(f""Final Answer: {percentage_stayed_withdrawn}%"")

# Done
```"
867,what is the percentage of cannabis of completed drug-related cases were stayed or withdrawn from 2008/2009 to 2011/2012?,[55.0],"```python
# Data from the table
cannabis_stayed_withdrawn_0809 = 33,369
cannabis_stayed_withdrawn_1112 = 41,252
total_completed_cases_cannabis_0809 = 58,938
total_completed_cases_cannabis_1112 = 74,806

# Calculate the percentage for 0809
percentage_cannabis_stayed_withdrawn_0809 = (cannabis_stayed_withdrawn_0809 / total_completed_cases_cannabis_0809) * 100

# Calculate the percentage for 1112
percentage_cannabis_stayed_withdrawn_1112 = (cannabis_stayed_withdrawn_1112 / total_completed_cases_cannabis_1112) * 100

# Print the result for 0809 and 1112
print(f""Percentage of cannabis stayed or withdrawn in 2008/2009: {percentage_cannabis_stayed_withdrawn_0809}%"")
print(f""Percentage of cannabis stayed or withdrawn in 2011/2012: {percentage_cannabis_stayed_withdrawn_1112}%"")

# Done
```  "
868,what is the percentage of other drugs of completed drug-related cases were stayed or withdrawn from 2008/2009 to 2011/2012?,[38.0],"```python
# Data from the table
percent_other_drugs_stayed_withdrawn_0809 = 35
percent_other_drugs_stayed_withdrawn_1112 = 43

# Calculate the percentage change
percentage_change_other_drugs_stayed_withdrawn = percent_other_drugs_stayed_withdrawn_1112 - percent_other_drugs_stayed_withdrawn_0809

# Print the result
print(f""Final Answer: {percentage_change_other_drugs_stayed_withdrawn}"")

# Done
```"
869,"what is the percentage of completed possession cases invoving guilty, the most common outcome from 2008/2009 to 2011/2012?",[51.0],"```python
# Data from the table
guilty_percentage_cannabis = 43
guilty_percentage_other_drugs = 65
guilty_percentage_cocaine = 66
guilty_percentage_heroin = 67
guilty_percentage_methamphetamines = 65
guilty_percentage_ecstasy = 59
guilty_percentage_other_cdsa = 62

# Calculate the average percentage of guilty outcomes for possession cases
average_guilty_percentage_possession = (guilty_percentage_cannabis + guilty_percentage_other_drugs + guilty_percentage_cocaine +
                                        guilty_percentage_heroin + guilty_percentage_methamphetamines + guilty_percentage_ecstasy +
                                        guilty_percentage_other_cdsa) / 7

# Print the result
print(f""Final Answer: {average_guilty_percentage_possession}"")

# Done
```  "
870,"what is the percentage of completed supply cases invoving guilty, the most common outcome from 2008/2009 to 2011/2012?",[53.0],"```python
# Data from the table
guilty_supply_0809_1112 = 23_000
total_supply_0809_1112 = 43_097

# Calculate the percentage of completed supply cases involving guilty
percentage_guilty_supply = (guilty_supply_0809_1112 / total_supply_0809_1112) * 100

# Print the result
print(f""Percentage of completed supply cases involving guilty: {percentage_guilty_supply}%"")

# Done
```"
871,"what is the percentage of completed supply cases invoving stay or withdrawal, the second common outcome from 2008/2009 to 2011/2012?",[45.0],"```python
# Data from the table
stay_withdrawn_supply_0809_1212 = 19,483  # Number of cases involving stay or withdrawal in supply cases
total_supply_0809_1212 = 43,097  # Total number of supply cases in 2008/2009 to 2011/2012

# Calculate the percentage
percentage_stay_withdrawn_supply = (stay_withdrawn_supply_0809_1212 / total_supply_0809_1212) * 100

# Print the result
print(f""Percentage of completed supply cases involving stay or withdrawal: {percentage_stay_withdrawn_supply}%"")

# Done
```"
872,"what is the percentage of completed possession cases invoving stay or withdrawal, the second common outcome from 2008/2009 to 2011/2012?",[48.0],"```python
# Data from the table
total_stayed_withdrawn_possession = 45527
total_completed_cases_possession = 94085

# Calculate the percentage of completed possession cases involving stay or withdrawal
percentage_stayed_withdrawn_possession = (total_stayed_withdrawn_possession / total_completed_cases_possession) * 100

# Print the result
print(f""Final Answer: {percentage_stayed_withdrawn_possession}%"")

# Done
```"
873,"broken down by type of drug, what is the percentage of cannabis supply offences with a guilty decision from 2008/2009 to 2011/2012?",[49.0],"```python
# Data from the table
guilty_cannabis_supply = 7,752
total_cannabis_supply = 15,868

# Calculate the percentage of guilty decisions for cannabis supply
percentage_guilty_cannabis_supply = (guilty_cannabis_supply / total_cannabis_supply) * 100

# Print the result
print(f""Final Answer: {percentage_guilty_cannabis_supply}"")

# Done
```"
874,"broken down by type of drug, what is the percentage of cannabis possession offences with a guilty decision from 2008/2009 to 2011/2012?",[43.0],"```python
# Data from the table
guilty_cannabis_possession = 25219
total_cannabis_possession = 58938

# Calculate the percentage
percent_cannabis_guilty = (guilty_cannabis_possession / total_cannabis_possession) * 100

# Print the result
print(f""Final Answer: {percent_cannabis_guilty}%"")

# Done
```"
875,"broken down by type of drug, what is the percentage of completed cases involving drugs other for supply with a guilty decision from 2008/2009 to 2011/2012?",[56.0],"```python
# Data from the table
guilty_other_drugs_supply = 11,600  # Number of guilty cases involving other drugs for supply
total_other_drugs_supply = 27,229  # Total number of completed cases involving other drugs for supply

# Calculate the percentage
percentage_guilty_other_drugs_supply = (guilty_other_drugs_supply / total_other_drugs_supply) * 100

# Print the result
print(f""Final Answer: {percentage_guilty_other_drugs_supply}%"")

# Done
```"
876,"broken down by type of drug, what is the percentage of completed cases involving drugs other for possession with a guilty decision from 2008/2009 to 2011/2012?",[65.0],"```python
# Data from the table
guilty_other_drugs_possession = 22740  # Number of guilty cases involving drugs other for possession
total_guilty_cases_other_drugs_pos = 47959  # Total guilty cases for possession
percentage_guilty_other_drugs_pos = (guilty_other_drugs_possession / total_guilty_cases_other_drugs_pos) * 100

# Print the result
print(f""Percentage of completed cases involving drugs other for possession with a guilty decision: {percentage_guilty_other_drugs_pos:.2f}%"")

# Done
```"
877,what was the total number of appearances made by joe maloney in his 11-year career?,[289.0],"```python
# Data from the table
joe_maloney_appearances = 276

# Print the total number of appearances made by Joe Maloney
print(f""Total number of appearances made by Joe Maloney: {joe_maloney_appearances}"")

# Done
```"
878,"in 2018/2019, how many adults the total of admissions to adult correctional services?",[383369.0],"```python
# Data from the table
total_adults = 233606

# Print the result
print(f""Final Answer: {total_adults}"")

# Done
```"
879,"in 2018/2019,how many adults the total of admissions to provincial/territorial corrections?",[368821.0],"```python
# Data from the table
total_adults_total_provincial_territorial_corrections = 226048

# Print the result
print(f""Final Answer: {total_adults_total_provincial_territorial_corrections}"")

#Done
```"
880,"in 2018/2019, how many the total of admissions to federal corrections?",[14548.0],"```python
# Data from the table
admissions_to_federal_corrections = 7,558

# Print the result
print(f""Total admissions to federal corrections in 2018/2019: {admissions_to_federal_corrections}"")

# Done
```"
881,"overall, how much rates the total number of admissions of total correctional services was down compared to the previous year(2017/2018)?",[6],"```python
# Data from the table
total_correctional_1718 = 368821
total_correctional_1819 = 383369

# Calculate the rate of change
rate_of_change = ((total_correctional_1819 - total_correctional_1718) / total_correctional_1718) * 100

# Print the result
print(f""Overall Rate of Change : {rate_of_change:.2f}%"")

# Done
```"
882,what is the percentage of decrease in provincial/territorial admissions to custody and community services from 2017/2018?,[6],"```python
# Data from the table
total_custody_2018 = 72412
total_custody_2017 = 72312
total_community_services_2018 = 70107
total_community_services_2017 = 70207

# Calculate the percentage decrease in custody and community services
percent_decrease_custody = ((total_custody_2018 - total_custody_2017) / total_custody_2017) * 100
percent_decrease_community_services = ((total_community_services_2018 - total_community_services_2017) / total_community_services_2017) * 100

# Print the results
print(f""Percentage of decrease in provincial/territorial admissions to custody from 2017/2018: {percent_decrease_custody}%"")
print(f""Percentage of decrease in provincial/territorial admissions to community services from 2017/2018: {percent_decrease_community_services}%"")

# Done
```"
883,what is the percentage of federal admissions increased in 2018/2019?,[1.0],"```python
# Data from the table
federal_admissions_2018_2019 = 7,558
federal_admissions_2017_2018 = 7,323

# Calculate the percentage increase
percentage_increase = ((federal_admissions_2018_2019 - federal_admissions_2017_2018) / federal_admissions_2017_2018) * 100

# Print the result
print(f""Percentage Increase in Federal Admissions: {percentage_increase:.2f}%"")

# Done
```"
884,"in 2018/2019, what is the admissions to custody decreased in the provinces and territories?",[7],"```python
# Data from the table
custody_2018_2019 = 72_312
custody_2017_2018 = 77_473

# Calculate the decrease in admissions to custody
decrease_in_custody = custody_2017_2018 - custody_2018_2019

# Print the result
print(f""Final Answer: {decrease_in_custody}"")

# Done
```"
885,"in 2018/2019,what is the percentage of admissions to community supervision decreased in the provinces and territories?",[5],"```python
# Data from the table
admissions_to_community_supervision_2018 = 70,107
admissions_to_community_supervision_2019 = 61,406

# Calculate the percentage decrease
percentage_decrease = ((admissions_to_community_supervision_2018 - admissions_to_community_supervision_2019) / admissions_to_community_supervision_2018) * 100

# Print the result
print(f""Final Answer: {percentage_decrease}%"")

# Done
```"
886,"admissions to correctional services overall decreased in 9 of the 13 jurisdictions , what is the percentage of nova scotia recording the decrease from 2017/2018 ?",[18],"```python
# Data from the table
nova_scotia_percent_change = -18

# Print the result
print(f""Final Answer: {nova_scotia_percent_change}"")

# Done
```"
887,what is the percentage of admissions to correctional services involving nunavut recorded the increase which was driven by a large increase in custody admissions since the previous year?,[32.0],"```python
# Data from the table
admissions_nunavut_2018_2019 = 1475
custody_nunavut_2018_2019 = 544
total_admissions_2017_2018 = 1388

# Calculate the increase in custody admissions
increase_in_custody_admissions = custody_nunavut_2018_2019 - total_admissions_2017_2018

# Calculate the percentage of increase
percentage_increase = (increase_in_custody_admissions / total_admissions_2017_2018) * 100

# Print the result
print(f""Percentage of increase in Nunavut's admissions driven by custody admissions: {percentage_increase}%"")

# Done
```"
888,what is the percentage of nunavut of a increase in custody admissions since the previous year?,[50.0],"```python
# Data from the table
custody_nunavut_2019 = 544
custody_nunavut_2018 = 361
percent_change_nunavut = 50

# Calculate the increase in custody admissions
increase_custody_nunavut = custody_nunavut_2019 - custody_nunavut_2018

# Calculate the total increase in custody admissions across all jurisdictions
total_increase_custody_all_jurisdictions = 72_312

# Calculate the percentage of Nunavut's increase in custody admissions
percentage_nunavut_increase = (increase_custody_nunavut / total_increase_custody_all_jurisdictions) * 100

# Print the result
print(f""Final Answer: {percentage_nunavut_increase}"")

# Done
```"
889,"at the federal level, what is the percentage of admissions to custody increased in 2018/2019?",[3.0],"```python
# Data from the table
number_sentenced_custody_2018_2019 = 5161
number_sentenced_custody_2017_2018 = 4979

# Calculate the percentage increase in admissions to custody at the federal level
percentage_increase_custody_federal = ((number_sentenced_custody_2018_2019 - number_sentenced_custody_2017_2018) / number_sentenced_custody_2017_2018) * 100

# Print the result
print(f""Final Answer: {percentage_increase_custody_federal}%"")

# Done
```"
890,"at the federal level, what is the percentage of admissions to community supervision decreased in 2018/2019?",[2],"```python
# Data from the table
community_supervision_percent_2018 = 70.107
community_supervision_percent_2017 = 61.406

# Calculate the percentage decrease
percentage_decrease_community_supervision = ((community_supervision_percent_2017 - community_supervision_percent_2018) / community_supervision_percent_2017) * 100

# Print the result
print(f""Final Answer: {percentage_decrease_community_supervision}%"")

# Done
```"
891,what was the total number of deaths attributed to tc in canada from 2012 to 2016?,[850.0],"```python
# Data from the table
deaths_2016 = 850  # Number of deaths in 2016
deaths_2012 = 0  # Number of deaths in 2012 (not provided, assume zero for 2012)
total_deaths = deaths_2016 + deaths_2012

# Print the result
print(f""Total Deaths attributed to Thyroid Cancer from 2012 to 2016: {total_deaths}"")

# Done
```"
892,what percentage points did males and people aged 75 or older at diagnosis changed in apc from 1992 to 2016 respectively?,"[1.2, 0.9]","```python
# Data from the table
male_apc_change = 1.2
older_age_group_apc_change = 0.9

# Print the result
print(f""APC Change for Males: {male_apc_change} percentage points"")
print(f""APC Change for People aged 75 or older: {older_age_group_apc_change} percentage points"")

# Done
```"
893,which club did beresford play for in 1993-94?,['oldham athletic'],"```python
# Data from the table
club_beresford_played = ""oldham athletic""

# Print the result
print(f""Final Answer: {club_beresford_played}"")

# Done
```"
894,which club did filby play for in 1981?,['california surf'],"```python
# Data from the table
club_1981 = ""california surf""

# Print the result
print(f""Final Answer : {club_1981}"")

# Done
```"
895,how many games did martavis bryant play in 2018?,[8.0],"```python
# Data from the table
games_2018 = 8

# Print the result
print(f""Martavis Bryant played {games_2018} games in 2018"")

# Done
```"
896,how many touchdowns did davante adams get in 2017?,[10.0],"```python
# Data from the table
touchdowns_2017 = 10

# Print the result
print(f""Final Answer : {touchdowns_2017}"")

# Done
```"
