index,question,answer,response
0,"among the black canadian-born population aged 25 to 59, which group of people had a higher educational attainment for all countries of ancestry considered, and for both postsecondary diplomas as a whole and university diplomas only? women or men?",['women'],"Reasoning and Answer: The table shows the percentage of Canadian-born Black immigrants aged 25 to 59 with a postsecondary diploma, broken down by sex and region or country of ancestry. We need to compare the educational attainment of women and men across all countries of ancestry, considering both postsecondary diplomas as a whole and university diplomas only.

Examining the table, we see that for every single country of ancestry listed, women have a higher percentage for both ""non-university or university postsecondary diploma"" and ""university degree only"" compared to men.  

Final Answer: Women 
"
1,how many percent of university graduates among second-generation black women who originated from jamaica was higher than that of men in 2016?,[15.5],"Reasoning and Answer: The table shows the percentage of Canadian-born Black immigrants aged 25 to 59 with a postsecondary diploma, broken down by sex, region or country of ancestry, and type of diploma. We need to compare the percentage of women with a university degree only to the percentage of men with a university degree only, specifically for those originating from Jamaica. 

From the table:
- The percentage of women from Jamaica with a university degree only is 31.3%.
- The percentage of men from Jamaica with a university degree only is 15.8%.

To find the difference, we subtract the men's percentage from the women's percentage:
31.3% - 15.8% = 15.5%

Final Answer: 15.5% 
"
2,"in 2016, which region of ancestry had a higher percentage of second-generation black women with a university degree? second-generation women with other regions of ancestry or women of african ancestry?",['africa'],"Reasoning and Answer: The table provides the percentage of Canadian-born Black immigrants aged 25 to 59 with a postsecondary diploma, by sex and region or country of ancestry, in 2016. We need to compare the percentage of women with a university degree only for those with ""other regions of ancestry"" and those with ""African ancestry"".

From the table:

- Women with ""other regions of ancestry"" have a percentage of 19.1 for university degree only.
- Women with ""African ancestry"" have a percentage of 50.8 for university degree only.

Therefore, women of African ancestry had a higher percentage of university degree only compared to women with other regions of ancestry.

Final Answer: Women of African ancestry. 
"
3,how many percent of second-generation women with african ancestry had a university degree in 2016?,[50.8],"Reasoning and Answer: The table shows the percentage of Canadian-born Black immigrants aged 25 to 59 with a postsecondary diploma, broken down by sex and region or country of ancestry. The question asks for the percentage of second-generation women with African ancestry who hold a university degree in 2016.

The table provides data for women with African ancestry, but not specifically for second-generation women. Therefore, we can only answer the question for all women with African ancestry.

The table shows that 50.8% of women with African ancestry had a university degree in 2016. 

Final Answer: 50.8% 
"
4,how many percent of second-generation women with caribbean and latin american ancestry had a university degree in 2016?,[34.8],"Reasoning and Answer: The table provides the percentage of Canadian-born Black immigrants aged 25 to 59 with a postsecondary diploma, by sex and region or country of ancestry. We're looking for the percentage of women with Caribbean and Latin American ancestry who have a university degree only.

From the table: 

The percentage of women with Caribbean and Latin American ancestry who have a university degree only is 34.8%.

Final Answer: 34.8% 
"
5,how many percent of second-generation women with other regions of ancestry had a university degree in 2016?,[19.1],"The table only includes information for Canadian-born Black immigrants aged 25 to 59. There is no information about second-generation women with other regions of ancestry.

Final Answer: Not enough information provided in the table. 
"
6,which sedentary time has the largest beta coefficients?,['weekend'],"Reasoning and Answer: The table presents multiple linear regression coefficients (beta) for the associations between parent and child screen time, sedentary time, and physical activity in a household population in Canada (excluding territories) from 2009 to 2017. The specific focus here is on sedentary time, which is broken down into total, weekday, and weekend.

For sedentary time, the beta coefficients are:
- Total: 0.124
- Weekday: 0.079
- Weekend: 0.170

The largest beta coefficient for sedentary time is for the weekend, with a beta of 0.170.

Final Answer: Weekend 
"
7,how many million dollars did for-profit businesses perform in software r&d in 2016?,[120824.0],"Reasoning and Answer: The table shows total business R&D and software R&D expenditures for 2006 and 2016. It categorizes the data by industry (all industries, manufacturing, and nonmanufacturing). 

The question asks about software R&D expenditures for ""for-profit businesses"" in 2016.  However, the table doesn't differentiate between for-profit and non-profit businesses. It only provides data for ""all industries"" which includes both types.

Therefore, we can't answer the question definitively based on the provided data.

Final Answer:  This question cannot be answered with the provided data. 
"
8,how many million dollars did total bussiness r&d perform in domestic business r&d in 2016?,[374685.0],"Reasoning and Answer: The table provides the total business R&D expenditures in millions of dollars for both 2006 and 2016.  We need to identify the figure for 2016.

Looking at the table, the total business R&D expenditures for 2016 is listed as 374685.  

Final Answer: 374.685 million dollars 
"
9,"over the past 10 years, how many percentage points did software r&d increase annually compound at average growth rate?",[9.6],"Reasoning and Answer: The table displays total domestic business R&D and software R&D expenditures for the years 2006 and 2016, along with the annual growth rates for the period between these years. We are asked about the percentage point increase in software R&D over the 10-year period.

The table indicates that the annual growth rate for software R&D is 9.6%. This means that software R&D increased by 9.6 percentage points every year on average.

Final Answer: 9.6 percentage points 
"
10,"over the past 10 years, how many percentage points did total business r&d increase annually at compound average growth rate?",[4.2],"Reasoning and Answer: The table shows total business R&D expenditures for all industries, manufacturing, and nonmanufacturing sectors in 2006 and 2016. It also provides the annual growth rate in percentage for those sectors.  The question asks for the compound average growth rate (CAGR) of total business R&D over the 10 years from 2006 to 2016.  The annual growth rate provided in the table is already the CAGR, which is 4.2%. 

Final Answer: 4.2% 
"
11,which club did lodge play for in 1985-86?,['stockport county'],"Reasoning and Answer: The table shows the statistics of a player, but does not mention a player named Lodge. Therefore, we cannot determine which club Lodge played for in 1985-86. 

Final Answer: Not enough information provided. 
"
12,how many passing yards did ryan tannehill get in 2018?,[1979.0],"Reasoning and Answer: The table shows the passing yards for Ryan Tannehill each year. In 2018, his passing yards were 1,979. 

Final Answer: 1,979 
"
13,which group of people is least likely to have engaged in health risk behaviours such as binge drinking and drug use in the 12 months preceding the sspps?,['heterosexual'],"Reasoning: The table presents data on health risk behaviors in Canada in 2018, categorized by sexual orientation. We need to identify the group with the lowest percentages across various health risk behaviors.

The table includes data on binge drinking, non-medicinal cannabis use, non-prescribed drug use, and drug or alcohol use to cope with abuse or violence. Looking at the percentages, we can see that the **heterosexual group** consistently has the lowest percentage for each of these health risk behaviors.

Final Answer: Heterosexual 
"
14,how many percent of heterosexual canadians reported that they had engaged in binge drinking on at least one occasion in the past 12 months?,[44.1],"Reasoning: The table shows the percentage of Canadians who engaged in binge drinking in the past 12 months, categorized by their sexual orientation. To answer the question, we need to find the percentage for heterosexual Canadians.

The table shows that 44.1% of heterosexual Canadians reported binge drinking in the past 12 months.

Final Answer: 44.1% 
"
15,"how many times of gay or lesbian canadians were more likely as heterosexual canadians to report having used other non-prescribed drugs such as magic mushrooms, cocaine or heroin in the past year?",[2.538462],"Reasoning and Answer:

The table shows the percentage of Canadians who reported using non-prescribed drugs in the past 12 months, categorized by sexual orientation.  To determine how many times more likely gay or lesbian Canadians were compared to heterosexual Canadians, we need to:

1. **Find the percentage for gay or lesbian Canadians:**  This is 6.6%.
2. **Find the percentage for heterosexual Canadians:** This is 2.6%.
3. **Divide the gay or lesbian percentage by the heterosexual percentage:** 6.6% / 2.6% = 2.54

Therefore, gay or lesbian Canadians were **2.54 times** more likely than heterosexual Canadians to report having used other non-prescribed drugs in the past year.

Final Answer: 2.54 times 
"
16,how many percent of bisexual canadians have reported that they have used non-prescribed drugs in the past 12 months?,[14.0],"Reasoning: The table displays health risk behaviours by sexual orientation and gender for Canada in 2018. We need to locate the row for ""non-prescribed drug use in the past 12 months"" and then find the corresponding percentage for bisexual individuals.

Final Answer: 14.0% 
"
17,"how many percent of heterosexual canadians who had experienced abuse or violence in their lifetimes, have reported that they had used alcohol or drugs as a coping mechanism for these experiences?",[10.4],"Reasoning and Answer: The table presents the percentage of Canadians, categorized by their sexual orientation, who reported using drugs or alcohol to cope with abuse or violence experienced in their lifetime.  We need to find the percentage for heterosexual individuals.

The table shows that 10.4% of heterosexual Canadians reported using drugs or alcohol to cope with abuse or violence experienced in their lifetime.

Final Answer: 10.4% 
"
18,"how many percent of bisexual canadians who had experienced abuse or violence in their lifetimes, have reported that they had used drugs or alcohol to cope with their lifetime experiences of abuse or violence?",[29.5],"Reasoning and Answer: The table provides data on the percentage of Canadians from different sexual orientations who reported using drugs or alcohol to cope with abuse or violence experienced in their lifetime. We need to find the percentage for bisexual Canadians.

From the table, we find the following:

* The percentage of bisexual Canadians who used drugs or alcohol to cope with abuse or violence in their lifetime is 29.5%.

Final Answer: 29.5% 
"
19,"according to brdis, what was the total number of employees at r&d-performing companies in 2015?",[18913.0],"The table shows the total employment for R&D performing companies in Canada from 2008 to 2015.  We are asked to find the total number of employees in 2015. 

Looking at the table, we find the column for 2015 and the row for ""all companies"".  The intersection of these two is 18913.

**Final Answer: 18913** 
"
20,how many million dollars did funding for research and development to universities and colleges increase in 2017?,[29796.0],"Reasoning and Answer: The question asks for the increase in funding for research and development (R&D) to universities and colleges in 2017. To answer this, we need to find the R&D funding in 2016 and 2017 and then calculate the difference. The table provides data in both current dollars and constant dollars. Since the question doesn't specify which year's dollars to use, we'll assume it's referring to constant FY 2012 dollars for consistency.

From the table:

* R&D funding in 2016 (constant FY 2012 dollars): 26,939 million dollars
* R&D funding in 2017 (constant FY 2012 dollars): 27,635 million dollars

The increase in funding from 2016 to 2017 is:

27,635 million dollars - 26,939 million dollars = 696 million dollars

Final Answer: 696 million dollars 
"
21,"how many percent of the total number of enterprises in canada has increased from 1,028,397 in 2008 to 1,089,136 in 2014?",[5.9],"Reasoning and Answer: The table shows that the total number of enterprises in Canada increased from 1,028,397 in 2008 to 1,089,136 in 2014.  To find the percentage increase, we need to calculate the difference in the number of enterprises and then express it as a percentage of the original number.

1. **Difference in number:** 1,089,136 - 1,028,397 = 60,739
2. **Percentage increase:** (60,739 / 1,028,397) * 100% = 5.9%

Final Answer: 5.9% 
"
22,which enterprise size class has the highest share of enterprises in 2008 and in 2014?,['between 1 and 4'],"Reasoning: The table displays the number and share of active enterprises with one or more employees by enterprise size class for both 2008 and 2014. To find the enterprise size class with the highest share in both years, we need to look for the highest ""share"" values in both 2008 and 2014 columns. 

The ""between 1 and 4"" enterprise size class has the highest share in 2008 with 64.4% and in 2014 with 64.9%.

Final Answer: Between 1 and 4 
"
23,how many receiving yards did rex burkhead get in 2016?,[145.0],"The table shows regular season statistics for Rex Burkhead from 2013 to 2018. We need to find his receiving yards in 2016.

Looking at the row for 2016, the receiving yards are listed under the ""receiving yds"" column, which has a value of 145.

Final Answer: 145 
"
24,how many receving yards did braylon get in 2009?,[541.0],"The table contains career stats for Braylon Edwards and includes his receiving yards for each year. We need to find the total yards for 2009, which is split between two teams. 

* **Cleveland Browns:** 139 yards
* **New York Jets:** 541 yards

Adding these together, we get the total yards: 139 + 541 = 680

**Final Answer: 680** 
"
25,which age group of women has the highest surgical rates?,['50 to 69 years'],"Reasoning: The table shows the percentage of female breast cancer tumors diagnosed among patients aged 19 or older with at least one surgical treatment within one year of diagnosis, by age group and province or territory, Canada (excluding Quebec), 2010 to 2012.

The question asks for the age group with the highest surgical rates, which can be determined by comparing the ""percent"" column for each age group.

The age group with the highest percentage of tumors with one or more surgical intervention is **50 to 69 years** with a percentage of 91.1%.

Final Answer: 50 to 69 years 
"
26,"natural land for pasture is largely found in western canada, what was the percentage of alberta reporting the most amount of natural pasture area in 2011?",[6435825.0],"Reasoning and Answer: The table shows the area of agricultural land, including natural land for pasture, for each province in Canada. We need to find the percentage of Alberta's total agricultural land that is natural land for pasture.

From the table:

- Alberta's total agricultural land area is 20,436,150 hectares.
- Alberta's natural land for pasture area is 6,435,825 hectares.

To find the percentage, we divide the natural land for pasture area by the total agricultural land area and multiply by 100%:

(6,435,825 hectares / 20,436,150 hectares) * 100% = 31.5%

Final Answer: 31.5% 
"
27,"natural land for pasture is largely found in western canada, what was the percentage of manitoba reporting the amount of natural pasture area in 2011?",[1466968.0],"Reasoning and Answer: 
The table shows the area of natural land for pasture in hectares and percent for each province. To find the percentage of natural pasture area in Manitoba, we need to look at the ""natural land for pasture"" column and find the percentage value for Manitoba.

From the table:
Manitoba's percentage of natural land for pasture is 20.1%.

Final Answer: 20.1% 
"
28,"natural land for pasture is largely found in western canada, what was the percentage of british columbia reporting the amount of natural pasture area in 2011?",[1385359.0],"Reasoning and Answer: The table provides data on the area of natural land for pasture in hectares and as a percentage of the total agricultural land area for each province in Canada. We are specifically interested in the percentage of natural pasture area for British Columbia.

From the table, we can see that in 2011, British Columbia reported **53.1%** of its total agricultural land area as natural pasture.

Final Answer: 53.1% 
"
29,"natural land for pasture is largely found in western canada, what was the percentage of saskatchewan reporting the amount of natural pasture area in 2011?",[4816782.0],"Reasoning and Answer: The table shows the area of natural land for pasture in hectares and the percentage of the total agricultural land this represents for each province.  We need to find the percentage of natural land for pasture in Saskatchewan.

According to the table, Saskatchewan has 4,816,782 hectares of natural land for pasture, which represents 19.3% of its total agricultural land.

Final Answer: 19.3% 
"
30,what was the percentage of agricultural land in the atlantic provinces reported as woodlands and wetlands in 2011?,[42.3],"Reasoning and Answer: The table shows the area of agricultural land, cropland, natural land for pasture and woodlands and wetlands in hectares and percent for each province in Canada. The specific focus here is on the Atlantic provinces and the percentage of agricultural land that is woodlands and wetlands.

The table indicates that the Atlantic provinces have 1,063,343 hectares of agricultural land and 450,031 hectares of woodlands and wetlands.

To calculate the percentage of agricultural land that is woodlands and wetlands in the Atlantic provinces, divide the area of woodlands and wetlands by the total area of agricultural land and multiply by 100:

(450,031 hectares / 1,063,343 hectares) * 100 = 42.3%

Final Answer: 42.3% 
"
31,what was the percentgae of agricultural land in the quebec provinces reported as woodlands and wetlands in 2011?,[31.6],"Reasoning and Answer: The table provides the area of agricultural land, cropland, natural land for pasture, and woodlands and wetlands in hectares and percentages, by province, for an unspecified year.  Since the table does not provide the date, we can only state that the percentage of agricultural land in Quebec reported as woodlands and wetlands is 31.6%.

Final Answer: 31.6% 
"
32,what was the percentage of agricultural land in the ontario provinces reported as woodlands and wetlands in 2011?,[12.6],"The table shows the percentage of agricultural land used for woodlands and wetlands for each province. For Ontario, this percentage is 12.6%. 

Final Answer: 12.6% 
"
33,how many hectares did quebec report the area of woodland and wetland in 2011?,[1057417.0],"Reasoning and Answer: The table presents data on agricultural land use by province, including the area of woodlands and wetlands in hectares.  Quebec reported 1,057,417 hectares of woodlands and wetlands in 2011. 

Final Answer: 1,057,417 hectares 
"
34,how many hectares did saskatchewan report the area of woodland and wetland in 2011?,[1009381.0],"Reasoning and Answer: The table shows the area of woodland and wetlands for Saskatchewan is 1,009,381 hectares. The table does not provide information on what year these figures were recorded, so we can't definitively say how many hectares Saskatchewan reported the area of woodland and wetland in 2011. 

Final Answer: This information cannot be determined from the provided table. 
"
35,how many hectares did alberta report the area of woodland and wetland in 2011?,[893436.0],"Reasoning and Answer: The table displays the agricultural land use by province in 2011, including the area of woodlands and wetlands in hectares.  The data for Alberta indicates that there were 893,436 hectares of woodlands and wetlands. 

Final Answer: 893,436 hectares 
"
36,which age group has the lowest surgical rate?,['70 years and older'],"Reasoning and Answer: The table shows the number of thyroid cancer tumors diagnosed, the number of those tumors that involved surgery, and the percentage of tumors that involved surgery for each age group. We need to find the age group with the lowest percentage of tumors that involved surgery.

From the table:

- **19 to 49 years:** 94.7%
- **50 to 69 years:** 93.3%
- **70 years and older:** 86.1%

The lowest surgical rate is for the **70 years and older** age group, with a rate of 86.1%.

Final Answer: 70 years and older 
"
37,"what is the percentge of new mothers were in the first situation(with pre-birth-year, birth-year, or post-birth-year roe; and received ei in the birth year)in 2012?",[40.6],"Reasoning: The table displays job separation types for mothers and fathers who received a record of employment (ROE) for parental leave or received employment insurance (EI) benefits. We are specifically interested in the percentage of mothers who received EI in the birth year and had a pre-birth-year, birth-year, or post-birth-year ROE in 2012.

Looking at the table, for mothers in 2012, the percentage in this situation is 40.6%.

Final Answer: 40.6% 
"
38,"what is the percentge of new mothers were in the second situation(with pre-birth-year, birth-year, or post-birth-year roe; and received ei after the birth year)in 2012?",[2.8],"Reasoning and Answer: The table shows the percentage of mothers and fathers who received employment insurance (EI) benefits and a record of employment (ROE) for parental leave in various situations over the years.  We need to find the percentage of new mothers who received an ROE for parental leave in the birth year or before or after the birth year and received EI after the birth year in 2012. 

Looking at the table, under the category ""mothers"", we find the row ""with pre-birth-year, birth-year, or post-birth-year roe; and received ei after the child's birth year"", and the corresponding percentage for 2012 is 2.8%.

Final Answer: 2.8% 
"
39,"what is the percentage of new mothers took parental leave, according to the roe-based definition in 2012?",[43.4],"The question asks for the percentage of mothers who took parental leave in 2012, using the ""roe-based definition"". This means we need to consider only the rows that have information about Record of Employment (ROE) and Employment Insurance (EI) for parental leave. 

In 2012, the percentage of mothers who:

* received EI in the birth year with a pre-birth-year, birth-year, or post-birth-year ROE: 40.6%
* received EI after the child's birth year with a pre-birth-year, birth-year, or post-birth-year ROE: 2.8%

Adding these two percentages together gives us the total percentage of mothers who took parental leave in 2012 according to the ROE-based definition:

40.6% + 2.8% = 43.4%

**Final Answer: 43.4%** 
"
40,what is the percentage of new mothers who received ei benefits in 2012 were issued an roe for temporary leave other than parental leave?,[6.5],"The table shows the percentage of mothers who received employment insurance (EI) benefits and were issued a Record of Employment (ROE) for various types of leave in different years. 

We are looking for the percentage of mothers in 2012 who received EI benefits and had an ROE for temporary leave, excluding parental leave. This category is: ""no roe for parental leave, received ei, temporary leave"".

According to the table, this percentage for mothers in 2012 is **6.5%**.

**Final Answer: 6.5%** 
"
41,what is the percentage of new mothers who received ei benefits in 2012 quit the jobs they held before the leave?,[0.9],"Reasoning: The table shows job separation types among parents who received a record of employment for parental leave or received employment insurance benefits. We are interested in new mothers who received EI benefits in 2012 and quit their jobs permanently.

Looking at the table, for mothers in 2012, the percentage who ""no roe for parental leave, received ei, permanently quit"" is 0.9%.

Final Answer: 0.9% 
"
42,what is the percentage of new mothers who received ei benefits in 2012 were issued an roe for reasons other than parental leave and did not go back to the same employer?,[2.4],"Reasoning and Answer: 
The table shows the percentage of mothers who received EI benefits and the reasons for job separation.  We are looking for the percentage of mothers who had an ROE for reasons other than parental leave, which means we exclude the top two rows.  Also, these mothers did not go back to the same employer, which is indicated by the ""no roe for parental leave"" category.  The table shows the percentages for various reasons for leaving.  To find the total percentage, we need to sum the percentages for ""no roe for parental leave, received ei, temporary leave"", ""no roe for parental leave, received ei, permanently quit"", ""no roe for parental leave, received ei, other permanent leave"", and ""no roe at all, received ei"". These categories represent all the reasons for job separation other than parental leave.

From the table:
- No roe for parental leave, received ei, temporary leave: 6.5%
- No roe for parental leave, received ei, permanently quit: 0.9%
- No roe for parental leave, received ei, other permanent leave: 2.4%
- No roe at all, received ei: 10.5%

Summing these percentages, we get:
6.5% + 0.9% + 2.4% + 10.5% = 20.3%

Final Answer: 20.3% 
"
43,what is the percentage of new mothers who received ei benefits in 2012 were not issued an roe at all?,[10.5],"The table shows the percentage of mothers who received EI benefits in different years, categorized by their record of employment (ROE) status. We need to find the percentage of mothers who received EI benefits in 2012 and did not have an ROE at all. 

From the table, we can see that in 2012, the percentage of mothers who received EI and had no ROE at all is **10.5%**.

**Final Answer: 10.5%** 
"
44,which club did aladji mansour ba play for in 2017-18?,['kapaz'],"Reasoning and Answer: The table lists the number of appearances and goals scored by a player in different competitions for different clubs and seasons. The player's name is not explicitly mentioned in the table. Therefore, we cannot determine which club the player played for in 2017-18. 

Final Answer: The table does not provide information about the player's name, so we cannot determine which club Aladji Mansour Ba played for in 2017-18. 
"
45,what was the percentage of all farms reported woodlands and wetlands in 2011?,[49.9],"Reasoning and Answer: The table shows the percentage of all farms with woodlands and wetlands. In the first row, under ""farms with woodlands and wetlands"" the percentage is 49.9. 

Final Answer: 49.9% 
"
46,what is the proportion of people who reported having seen their friends a few times or more a week in 2003?,[56.0],"Reasoning and Answer: The table provides the percentage of people who reported seeing their friends a few times or more a week in 2003, broken down by different demographics. The question asks for the overall proportion of people who reported this in 2003.

From the table, the percentage of people who reported seeing their friends a few times or more a week in 2003 is 56%.

Final Answer: 56% 
"
47,what is the proportion of people who reported having seen their friends a few times or more a week in 2013?,[44.0],"The table shows the percentage of people who reported seeing or contacting their friends a few times or more a week in 2003, 2008, and 2013. We are asked to find the proportion of people who reported having seen their friends a few times or more a week in 2013.

Looking at the table, we find the percentage for ""people who saw their friends a few times or more a week"" in 2013 is 44%.

Final Answer: 44% 
"
48,how much did the proportion of people who reported having seen their friends a few times or more a week fall from 2003 to 2013?,[12],"Reasoning and Answer:
The table shows the percentage of people who saw their friends a few times or more a week in 2003, 2008, and 2013. We need to find the difference in the percentage between 2003 and 2013.

From the table:

The percentage of people who saw their friends a few times or more a week in 2003 was 56%.
The percentage of people who saw their friends a few times or more a week in 2013 was 44%.
The difference in percentage is: 56% - 44% = 12%

Final Answer: 12% 
"
49,how many goals did jack holliday score for brentford in 1934-35?,[25.0],"Reasoning: The table shows the number of goals scored by a player for a specific club during each season. We need to find the number of goals scored by Jack Holliday for Brentford in the 1934-35 season. However, the table does not provide information about the player, only the club and their goal statistics. 

Final Answer: This information cannot be determined from the given table. 
"
50,what was the percentage of admissions to correctional services in the nine reporting jurisdictions made up by aboriginal youth in 2017/2018?,[43.0],"Reasoning and Answer: 
The table presents data on admissions of youth to correctional services in 2017/2018, broken down by characteristics of the admitted individuals and type of supervision program. We are looking for the percentage of total admissions that were made up by Aboriginal youth across all nine jurisdictions.

The table shows that 7,194 youth identified as Aboriginal were admitted to correctional services in 2017/2018. The total number of youth admitted across all jurisdictions is 16,664.

To find the percentage of Aboriginal youth admissions, we divide the number of Aboriginal admissions by the total number of admissions and multiply by 100:

(7,194 / 16,664) * 100 = 43.17% (approximately)

Final Answer: 43.17% 
"
51,what was the percentage of custody admissions made up by aboriginal youth in 2017/2018?,[48.0],"Reasoning and Answer:
The table shows the number and percentage of youth admissions to correctional services broken down by custody and community supervision, and further categorized by various characteristics including aboriginal identity. We need to find the percentage of total custody admissions made up by aboriginal youth. 

From the table:

Total number of custody admissions: 7,361
Number of aboriginal youth custody admissions: 3,541

To find the percentage, we divide the number of aboriginal youth custody admissions by the total number of custody admissions and multiply by 100:

(3,541 / 7,361) * 100 = 48%

Final Answer: 48% 
"
52,what was the percentage of community admissions made up by aboriginal youth in 2017/2018?,[39.0],"Reasoning and Answer: The table provides the percentage of total youth admissions to correctional services by aboriginal identity for 2017/2018. We need to find the percentage of youth admissions to community supervision that were aboriginal.

From the table:

The percentage of aboriginal youth in total community supervision is 39%.

Final Answer: 39% 
"
53,what is the percentage of youth admitted into correctional services were male in 2017/2018?,[76.0],"Reasoning and Answer: The table shows the percentage of youth admitted to correctional services by sex in 2017/2018.  The table indicates that 76% of youth admitted were male.

Final Answer: 76% 
"
54,what is the percentage of youth admitted into custody were male in 2017/2018?,[76.0],"Reasoning: The question asks for the percentage of male youth admitted into custody in 2017/2018. The table shows that 5,625 males were admitted into custody, representing 76% of the total admissions to custody.

Final Answer: 76% 
"
55,what is the percentage of youth admitted into community supervision were male in 2017/2018?,[76.0],"Reasoning and Answer: The table provides the percentage of total youth admissions into community supervision by sex for 2017/2018. 

We need to find the percentage of male youth admissions in the ""total community supervision"" category.

From the table:

The percentage of male youth in total community supervision is 76%.

Final Answer: 76% 
"
56,what was the percentage of youth admissions to correctional services in 2017/2018 involved youth aged 16 to 17 years at the time of admission?,[54],"Reasoning and Answer: The table provides the percentage of total youth admissions to correctional services by age for 2017/2018. We need to find the combined percentage for youth aged 16 and 17 years.

From the table:

The percentage of youth aged 16 years is 25%.
The percentage of youth aged 17 years is 29%.
Adding these together, we get the total percentage of youth aged 16 to 17 years:
25% + 29% = 54%

Final Answer: 54% 
"
57,what was the percentage of youth admitted to custody aged 16 and 17 years old in 2017/2018?,[60],"Reasoning and Answer: 
The table lists the percentage of youth admitted to custody and community supervision by age in 2017/2018. To find the percentage of youth admitted to custody aged 16 and 17 years old, we need to add the percentages for each age group.

From the table:

- The percentage of youth aged 16 years admitted to custody is 27%.
- The percentage of youth aged 17 years admitted to custody is 33%.
- Adding these together: 27% + 33% = 60%

Final Answer: 60% 
"
58,what was the percentage of youth admitted to community supervision aged 16 and 17 years old in 2017/2018?,[49],"Reasoning and Answer: The table shows the percentage of youth admissions to community supervision by age in 2017/2018.  To find the percentage of youth admitted to community supervision aged 16 and 17 years old, we need to find the combined percentage of those age groups.

From the table:

The percentage of youth aged 16 years admitted to community supervision is 22%.
The percentage of youth aged 17 years admitted to community supervision is 27%.

Adding these together, we get the total percentage of youth aged 16 to 17 years admitted to community supervision:
22% + 27% = 49%

Final Answer: 49% 
"
59,what was the mean absolute revision to the annual growth in nominal gdp between 1981 and 2014?,[0.13],"Reasoning: The table displays the mean absolute revision to the annual growth in nominal GDP for different time periods. The question asks for the mean absolute revision for the period from 1982 to 2014. The table directly provides this information for the time period of 1982 to 2014.

Final Answer: 0.13 
"
60,what was the the mean absolute revision to annual nominal gdp for the period 2010 to 2014?,[0.2],"The table displays the mean absolute revision to the growth in annual nominal GDP (percentage points). We are looking for the value in the column ""mean absolute revision to the growth in annual gdp"" for the period ""2010 to 2014"".

According to the table, the mean absolute revision to the growth in annual nominal GDP for the period 2010 to 2014 is **0.20 percentage points**.

Final Answer: 0.20 percentage points 
"
61,what was the mean absolute revision to the annual growth in real gdp between 1981 and 2014?,[0.11],"Reasoning: The table provides information about revisions to the growth in annual GDP, both nominal and real, over different time periods.  The question asks for the mean absolute revision to the annual growth in real GDP between 1982 and 2014. The table includes a column titled ""mean absolute revision to the growth in annual real gdp"" and provides the value for the period 1982 to 2014.

Final Answer: 0.11 
"
62,what was the annual real growth over the 1981 to 2013 period was in alberta?,[3.13],"Reasoning and Answer: The table provides the average annual growth in real gross domestic product for various provinces and territories, including Alberta, for the period 1982 to 2013. The question asks for the average annual real growth in Alberta over the 1981 to 2013 period. The table contains the revised estimate of the average growth in real gross domestic product for Alberta for the period 1982 to 2013, which is 3.13%.

Final Answer: 3.13% 
"
63,what was the percentage of french-speaking people in canada in 2011?,[22.9],"The table shows the percentage of the population that speaks English, French, or neither language in Canada, Quebec, and Canada outside Quebec in 2011 and 2036. We are looking for the percentage of French speakers in Canada in 2011. 

According to the table, the percentage of French speakers in Canada in 2011 was 22.9%.

Final Answer: 22.9% 
"
64,what is the low boundary of percentage of french-speaking people in canada is projected to be in 2036 ?,[20.2],"The table shows the projected percentage of French-speakers in Canada for 2036, broken down by various scenarios. We need to identify the ""low immigration"" scenario, as this represents the lowest boundary of the projection.

Looking at the ""2036"" column for Canada and ""French"", we find:
- ""Low Immigration"": 20.9%

Therefore, the low boundary of the percentage of French-speaking people in Canada is projected to be 20.9% in 2036.

Final Answer: 20.9% 
"
65,what is the high boundary of percentage of french-speaking people in canada is projected to be in 2036 ?,[20.9],"The table shows the projected percentage of French-speaking people in Canada in 2036 under different scenarios.  Looking at the ""French"" row for Canada and the ""high immigration"" column, we find the projected percentage to be 20.2%. 

**Final Answer: 20.2%** 
"
66,what was the percentage of french-speaking people in quebec in 2011?,[85.4],"The table shows the percentage of the population that speaks French in Quebec in 2011.  

Final Answer: 85.4% 
"
67,what is the low boundary of percentage of french-speaking people in quebec is projected to be in 2036 ?,[82.0],"The table shows the projected percentage of French-speaking people in Quebec in 2036 under various scenarios. The ""low immigration"" scenario is the one with the lowest projected percentage of French speakers. 

Looking at the ""low immigration"" column for Quebec in 2036, we find the percentage of French speakers is 83.0%.

**Final Answer: 83.0%** 
"
68,what is the high boundary of percentage of french-speaking people in quebec is projected to be in 2036 ?,[83.0],"The table shows projected percentages for French-speaking people in Quebec in 2036. The ""High Immigration"" column represents the highest projected percentage.  

Final Answer: 82.0% 
"
69,what was the percentage of french-speaking people outside quebec in 2011?,[3.9],"The table shows the percentage of people speaking English, French, and neither English nor French for Canada, Quebec, and Canada outside Quebec. The percentage of French-speaking people outside Quebec in 2011 is shown in the row ""Canada outside Quebec"" and the column ""2011"".

**Final Answer: 3.9%** 
"
70,what is the percentage of rc-prs from the 1999 cohort collected social assistance one year after initiating their claim?,[73.8],"The table provides the percentage of people receiving social assistance income by cohort and number of years since landing or filing a refugee claim. We are interested in the percentage of refugee claimants who became permanent residents (RC-PRS) from the 1999 cohort who received social assistance one year after initiating their claim.

Looking at the table, we find the row for refugee claimants-permanent residents (RC-PRS) and the column for year 1.  The corresponding value is 73.8%. 

**Final Answer: 73.8%** 
"
71,what is the percentage of rc-prs from the 1999 cohort reported receiving social assistance after six years?,[20.5],"Reasoning and Answer: The table shows the percentage of different groups of people who received social assistance income at different points in time after landing or filing a refugee claim. We need to find the percentage of refugee claimants who became permanent residents (RC-PRS) from the 1999 cohort that received social assistance after six years.

Looking at the table, we find the 1999 cohort for RC-PRS and go to the column representing six years after landing or filing a claim.  The value in that cell is 20.5%.

Final Answer: 20.5% 
"
72,what is the percentage of rc-prs from the 2010 cohort registered social assistance one years after their initial claim?,[71.1],"Reasoning and Answer: The table shows the percentage of refugees receiving social assistance income, broken down by cohort (year of landing or refugee claim filing) and the number of years since landing or filing a claim. 

We are asked to find the percentage of refugee claimants who are permanent residents (RC-PRS) from the 2010 cohort who received social assistance one year after their initial claim.

Looking at the row for the 2010 cohort of RC-PRS and the column for ""1"" year since claim, we see the percentage is 71.1%.

Final Answer: 71.1% 
"
73,what is the percentage of gars who landed in 1999 reported to have social assistance income one year later?,[90.8],"Reasoning and Answer: The table shows the percentage of individuals receiving social assistance income, categorized by their landing or refugee claim filing year and their group (government-assisted refugees, privately sponsored refugees, refugee claimants-permanent residents, refugee claimants-non-permanent residents). We need to find the percentage of government-assisted refugees (GARs) who landed in 1999 and received social assistance income one year later.

Locate the row for ""government-assisted refugees"" and the column for ""1999"" under the ""number of years since landing or filing a refugee claim"" heading. Then, look for the corresponding percentage value under the ""1"" column for ""1 year since landing."" 

The value for GARs who landed in 1999 and received social assistance income one year later is 90.8%.

Final Answer: 90.8% 
"
74,what is the percentage of gars from the 1999 cohort reported to have social assistance income six years after landing?,[22.2],"The table shows the percentage of different groups receiving social assistance income in Canada, based on the number of years since they landed or filed a refugee claim. The groups are categorized as refugee claimants - permanent residents, government-assisted refugees (GARs), privately sponsored refugees, and refugee claimants - non-permanent residents. 

The question asks for the percentage of GARs from the 1999 cohort who received social assistance income six years after landing. Looking at the table, we find the relevant data in the row labeled ""government-assisted refugees"" and the column labeled ""6"". The corresponding cell value is 22.2.

**Final Answer: 22.2%** 
"
75,what is the percentage of gars from the 2010 cohort reported to have social assistance income one years after landing?,[96.7],"Reasoning and Answer: The table shows the percentage of different cohorts receiving social assistance income at various years since landing or filing a refugee claim. We need to find the percentage of government-assisted refugees (GARs) from the 2010 cohort who received social assistance one year after landing.

From the table:

The 2010 GAR cohort's percentage receiving social assistance one year after landing is 96.7%.

Final Answer: 96.7% 
"
76,what is the percentage of gars from the 2010 cohort reported to have social assistance income six years after landing?,[48.4],"The table shows the percentage of individuals receiving social assistance income by cohort, categorized as refugee claimants-permanent residents, government-assisted refugees (GARs), privately sponsored refugees, and refugee claimants-non-permanent residents.  

We are looking for the percentage of GARs from the 2010 cohort that received social assistance income six years after landing. 

Looking at the row for government-assisted refugees and the column for year 6, we find the percentage for the 2010 cohort to be 48.4%.

**Final Answer: 48.4%** 
"
77,"from the 1999 cohort to the 2010 cohort,how many percentage points of rc-prs who received social assistance income six years after making their initial claim have declined?",[0.7],"Reasoning and Answer: 
The table shows the percentage of refugee claimants who became permanent residents (RC-PRs) receiving social assistance income at different time points after filing their refugee claim.  We need to focus on the ""6"" column, which represents the percentage receiving social assistance income six years after filing the claim.

In 1999, the percentage of RC-PRs receiving social assistance six years after filing the claim was 20.5%.

In 2010, the percentage of RC-PRs receiving social assistance six years after filing the claim was 19.8%.

The difference between these two percentages represents the decline: 20.5% - 19.8% = 0.7 percentage points.

Final Answer: 0.7 percentage points 
"
78,what is the margin point of gars who received social assistance income six years after landing between the 1999 and 2010 cohorts?,[26.2],"Reasoning and Answer: The table shows the percentage of government-assisted refugees (GARs) receiving social assistance income six years after landing for different cohorts. To find the margin point, we need to calculate the difference between the percentage for the 1999 cohort and the 2010 cohort.

From the table:

* Percentage for the 1999 cohort: 22.2%
* Percentage for the 2010 cohort: 48.4%

The margin point is: 48.4% - 22.2% = 26.2%

Final Answer: 26.2% 
"
79,which club did luke rodgers play for in 2012?,['lillestrøm sk'],"Reasoning: The table presents statistics for Luke Rodgers across various clubs and seasons. We need to find the club he played for in the year 2012.

Looking at the table, we can see that Luke Rodgers played for ""Lillestrøm SK"" in the ""2012"" season.

Final Answer: Lillestrøm SK 
"
80,how many rushing yards did matt asiata get in 2008?,[707.0],"Reasoning and Answer: 
The table provides statistics for rushing yards by season. The row for 2008 shows that Matt Asiata had 707 rushing yards.

Final Answer: 707 
"
81,what is the percentage of canadians aged 15 to 19 volunteering their time in 2013?,[66.0],"The table shows volunteer rates for Canadians of various age groups in 2013. We are looking for the volunteer rate of Canadians aged 15 to 19 in 2013.

The table indicates a volunteer rate of 66% for Canadians aged 15 to 19 in 2013.

**Final Answer: 66%** 
"
82,which age group is the lowest rate of volunteering recorded among in 2013?,['75 years and older'],"The table shows volunteer rate percentages for different age groups in 2013.  We need to find the age group with the lowest percentage. 

Looking at the ""Volunteer Rate"" column for 2013, we see the following percentages:

- 15 to 19: 66%
- 20 to 24: 42%
- 25 to 34: 42%
- 35 to 44: 48%
- 45 to 54: 45%
- 55 to 64: 41%
- 65 to 74: 38%
- 75 years and older: 27%

The lowest volunteer rate in 2013 is **27%** for the **75 years and older** age group. 

**Final Answer: 75 years and older** 
"
83,what is the percentage of canadians with a school-aged child in the household volunteering their time in 2013?,[59.0],"Reasoning and Answer: The table displays the percentage of Canadians volunteering their time by various characteristics in 2013, including presence of children in the household. We need to find the volunteer rate for Canadians with a school-aged child in the household. 

From the table:

The volunteer rate for Canadians with a school-aged child in the household is 59%.

Final Answer: 59% 
"
84,what is the percentage of canadians with both preschool and school-aged children in the household volunteering their time in 2013?,[52.0],"Reasoning: The table provides information on volunteer rates by various characteristics, including the presence of children in the household. We are interested in the volunteer rate of Canadians with both preschool and school-aged children in 2013.

The table shows that 52% of Canadians with both preschool and school-aged children volunteered their time in 2013. 

Final Answer: 52% 
"
85,what is the volunteer rate for those without children in 2013?,[38.0],"The table displays the volunteer rate for various demographic characteristics across different years. We are looking for the volunteer rate for those without children in 2013. 

The ""presence of children in the household"" category has a row for ""no child"". Under the 2013 column, the volunteer rate for this row is 38%.

**Final Answer: 38%** 
"
86,which kind of household income of volunteers dedicate the fewest number of hours?,"['$120,000 and over']","Reasoning and Answer: The table presents data on volunteer rates and average volunteer hours grouped by household income.  We are looking for the income group with the lowest average number of volunteer hours.  

Looking at the ""mean number of hours"" column, the lowest value is 130 hours, corresponding to the household income group of ""$120,000 and over"".

Final Answer: $120,000 and over 
"
87,"how many hours do the volunteers with a household income of $120,000 or more contribute over the course of a year?",[130.0],"Reasoning and Answer: The table shows the average number of volunteer hours contributed annually by people in different income brackets. For the income bracket of $120,000 and over, the average number of volunteer hours is 130.

Final Answer: 130 
"
88,"how many hours do the volunteers with a household income of less than $20,000 contribute over the course of a year?",[182.0],"Reasoning and Answer: The table shows the average number of volunteer hours contributed by individuals within different household income brackets. For households with an income of less than $20,000, the average number of volunteer hours is 182.

Final Answer: 182 
"
89,"what is the percentage of volunteers organizing, supervising or coordinating events in 2013?",[46.0],"Reasoning and Answer: The table provides the participation rate by type of volunteer activities in percentages for the years 2013, 2010, 2007 and 2004.  We need to find the percentage of volunteers who participated in organizing events in 2013.

From the table, the percentage of volunteers who participated in organizing events in 2013 was 46%.

Final Answer: 46% 
"
90,what is the percentage of volunteers helping with fundraising in 2013?,[45.0],"Reasoning: The table presents the participation rate of volunteers in various activities. We need to find the percentage of volunteers participating in ""fundraising"" in the year 2013.

Looking at the row labeled ""fundraising"" and the column labeled ""2013"", we see a value of 45.

Final Answer: 45% 
"
91,what is the percentage of volunteers sitting on a committee or board in 2004?,[36.0],"Reasoning and Answer: The table shows the percentage of volunteers participating in different activities across different years. To find the percentage of volunteers sitting on a committee or board in 2004, locate the row labelled ""sitting on a committee or board"" and the column labelled ""2004.""  The corresponding cell shows the percentage, which is 36.

Final Answer: 36% 
"
92,what is the percentage of volunteers sitting on a committee or board in 2013?,[33.0],"Reasoning and Answer: The table displays participation rates for various volunteer activities by year, expressed as the percentage of volunteers engaged in each activity.  We need to find the percentage of volunteers who participated in ""sitting on a committee or board"" in 2013. 

Looking at the table, we find that the percentage of volunteers sitting on a committee or board in 2013 is 33%.

Final Answer: 33% 
"
93,"in which year is the prevalence of sitting on a committee or board less , 2004 or 2013?",['2013'],"Reasoning and Answer: The table shows the participation rate of different volunteer activities by year. We are looking at ""sitting on a committee or board"" and comparing the percentage in 2004 and 2013.

In 2013, the percentage of volunteers sitting on a committee or board was 33%.
In 2004, the percentage of volunteers sitting on a committee or board was 36%.

Therefore, the prevalence of sitting on a committee or board was less in 2013.

Final Answer: 2013 
"
94,"which group of decedents were less likely to experience continuous employment, made less in employment income, and were more likely to be reliant on social assistance, those who had contact with police in 24 months prior to death or those who had no contact with police in 24 months prior to death?",['at least one contact with police in 24 months prior to death'],"Reasoning: The table provides information about the socio-economic characteristics of decedents, comparing those who had at least one police contact in the 24 months prior to death to those who had no police contact. We need to determine which group shows a pattern of less employment, lower employment income, and higher reliance on social assistance.

Let's examine each characteristic:

- **Years employed:** The group with ""no police contact"" has a higher percentage with ""all five"" years of employment (29%) compared to ""at least one contact"" (20%). This suggests that the ""no contact"" group was more likely to have continuous employment.
- **Income:** The ""no contact"" group has a significantly higher mean total income for the last year employed ($25,207) compared to the ""at least one contact"" group ($15,325). This indicates a higher employment income for the ""no contact"" group.
- **Social assistance:** The ""no contact"" group has a lower percentage receiving social assistance for ""all five"" years (30%) compared to the ""at least one contact"" group (34%).  This suggests that the ""no contact"" group was less reliant on social assistance.

Based on this analysis, the group with at least one police contact in the 24 months prior to death demonstrates a pattern of less continuous employment, lower employment income, and a greater reliance on social assistance.

Final Answer: Those who had at least one contact with police in 24 months prior to death. 
"
95,"among decedents who had contact with police in 24 months prior to deaths, what is the percentage of those who were employed in each of the 5 years prior to their fatal overdose?",[20.0],"Reasoning and Answer: 

The table presents data on socio-economic characteristics of decedents, categorized by whether they had police contact within 24 months of their death. We are interested in the percentage of those who had at least one police contact and were employed in all five years prior to death.

From the table, we can see that:

* 34% of decedents had at least one police contact within 24 months of death.
* Of those with police contact, 20% were employed in all five years prior to death. 

Therefore, the percentage of decedents with police contact who were employed in each of the 5 years prior to their fatal overdose is 20%.

Final Answer: 20% 
"
96,"among decedents who had did not contact with police in 24 months prior to deaths, what is the percentage of those who were employed in each of the 5 years prior to their fatal overdose?",[29.0],"Reasoning and Answer:

The table presents data on socio-economic characteristics of individuals who died and whether they had contact with police in the 24 months prior to their death. We are asked about the percentage of individuals with **no police contact** who were employed for **all five years** prior to their death.

Looking at the table, we find the following:

* Under the ""years employed in the 5 years prior to death"" category, the row for ""all five"" indicates that **29%** of decedents with no police contact were employed in all five years prior to their death.

Final Answer: 29% 
"
97,"which group of decedents earned less in the 2 years preceding their overdose death, those who had contact with the police or those who did not have contact with police?",['at least one contact with police in 24 months prior to death'],"Reasoning: The table shows the mean income for the last year employed for decedents who did and did not have contact with the police in the 24 months prior to their death.  

The table states that those who had no contact with the police in the 24 months prior to death had a mean income of $25,207 for the last year employed. Those who had at least one contact with the police in the 24 months prior to death had a mean income of $15,325 for the last year employed. 

Final Answer: Those who had contact with the police. 
"
98,what is the mean total income of decedents who had contact with police for the last year they were employed?,[15325.0],"Reasoning: The table presents information on the socio-economic characteristics of decedents, categorized by whether they had contact with police in the 24 months prior to their death. We are interested in the ""at least one contact with police"" group and specifically the mean total income for the last year they were employed. 

The table indicates that the mean total income for the last year employed for decedents with at least one police contact is $15,325.

Final Answer: $15,325 
"
99,what is the mean total income of decedents who did not have contact with police for the last year they were employed?,[25207.0],"Reasoning and Answer: The table provides the mean total income for the last year employed for individuals who did not have police contact in the 24 months prior to death.  Looking at the row for ""total income for last year employed - mean"", we see the value for ""no police contact in 24 months prior to death"" is $25,207. 

Final Answer: $25,207 
"
100,"which one has been growing more rapidly during these three years, the production of dried cannabis or the sales?",['production'],"Reasoning and Answer:

The table shows the production and sales of dried cannabis in kilograms for the years 2015, 2016, and 2017. To determine which has been growing more rapidly, we need to compare the percentage increase in production and sales from year to year.

Here's the calculation:

* **Production:**
    * 2016 increase: (35,912 - 9,659) / 9,659 = 2.72 (or 272%)
    * 2017 increase: (80,535 - 35,912) / 35,912 = 1.24 (or 124%)

* **Sales:**
    * 2016 increase: (26,716 - 8,446) / 8,446 = 2.16 (or 216%)
    * 2017 increase: (46,186 - 26,716) / 26,716 = 0.73 (or 73%)

Comparing the percentage increases, the production of dried cannabis has been growing more rapidly than sales in both 2016 and 2017.

Final Answer: Production of dried cannabis. 
"
101,how many rusing yards did alexander get in 2006?,[896.0],"Reasoning and Answer: The table shows rushing yards by team and season, not by individual player.  Therefore, we cannot determine how many rushing yards Alexander got in 2006.

Final Answer: Cannot be determined. 
"
102,"in 2019, what was the number of incidents per 100,000 population of police-reported child pornography?",[23.0],res
103,"in 2019, what was the national rate of police-reported child pornography increased?",[46.0],res
104,"in 2019, the national rate of police-reported child pornography increased 46%, what was an increase of incidents from 2018?",[2881],res
105,what was the number of violent offences specific to firearms increased by in 2019?,[642],res
106,"the number of violent offences specific to firearms increased by 642 incidents in 2019 (from 2,861 in 2018 to 3,503 in 2019), what was the increase in rate?",[21.0],res
107,"in 2019, what was combined total of the immigration and refugee protection act (irpa)?",[170.0],res
108,"in total, how many drug-impaired driving violations in 2019?",[6453.0],res
109,what was the percent of the national rate of major assault (level 2 and 3) increased in 2019 for the fifth consecutive year due to higher rates of assault with a weapon or causing bodily harm (level 2)?,[8.0],"Reasoning and Answer: The table shows the percentage change in the rate of major assault from 2018 to 2019 for each province and territory.  We need to find the provinces or territories that have had increases in the rate of major assault for five consecutive years and calculate the percentage increase from the national rate in 2019. 

Unfortunately, the provided table only contains data for one year (2019) and does not provide information about previous years. Therefore, we cannot determine which provinces or territories have had increases for five consecutive years. 

Final Answer: Insufficient information. 
"
110,"for the fourth consecutive year, how many homicides per 100,000 population did thunder bay have which recorded the highest homicide rate among cmas?",[5.56],"Reasoning and Answer: The table shows the homicide rate per 100,000 population for each CMA in 2019.  We need to find the CMA with the highest homicide rate and that information is not provided in the table.  The table only lists the homicide rate for each CMA.  Therefore, we cannot answer this question.

Final Answer:  Cannot be determined from the table. 
"
111,"the largest gain in representation was observed within the u.s. federal government, where women nearly doubled their share, how many percent of all federally employed seh doctorate holders in 1997?",[18.8],"The question asks for the percentage of women employed in the federal government in 1997. 

Looking at the table for the ""federal government"" row and the year ""1997"":

* The total number of federally employed SEH doctorate holders is 38,050.
* The number of women employed in the federal government is 7,150.

To calculate the percentage, we divide the number of women by the total number and multiply by 100%:

(7,150 / 38,050) * 100% = 18.8%

**Final Answer: 18.8%** 
"
112,"the largest gain in representation was observed within the u.s. federal government, where women nearly doubled their share, how many percent of all federally employed seh doctorate holders in 2017?",[35.4],"Reasoning and Answer: The table shows the percentage of female SEH doctorate holders in the federal government in 1997 and 2017.  We need to find the percentage of female SEH doctorate holders in the federal government in 2017. 

In 2017, the table shows that 35.4% of all federally employed SEH doctorate holders are female.

Final Answer: 35.4% 
"
113,how many percent was the share of women employed in the 4-year educational institution sector in 1997?,[24.9],"The table shows the number and percentage of male and female employed U.S.-trained SEH doctorate holders in different employment sectors in 1997 and 2017. We need to find the percentage of women employed in the four-year educational institution sector in 1997.

Looking at the table, we find the following information:

- **Employment sector:** Four-year educational institution
- **Year:** 1997
- **Female:** 57,250
- **Total employed in the sector:** 230,000

To find the percentage, we can use the formula: (Female / Total employed) * 100

Therefore, the percentage of women employed in the four-year educational institution sector in 1997 is: (57,250 / 230,000) * 100 = 24.9%

**Final Answer: 24.9%** 
"
114,how many percent was the share of women employed in the 4-year educational institution sector in 2017?,[37.8],"The table shows the number of employed U.S.-trained SEH doctorate holders residing in the United States, by employment sector and sex, for the years 1997 and 2017. 

To answer the question, we need to look at the 2017 data for the ""Four-year educational institution"" sector and find the percentage of female employees.

According to the table, in 2017, there were 120,650 female employees in the four-year educational institution sector.  

The total number of employees in that sector in 2017 was 319,400. 

To find the percentage of women, we divide the number of female employees by the total number of employees and multiply by 100:

(120,650 / 319,400) * 100 = 37.8%

**Final Answer: 37.8%** 
"
115,"in 2019, how many total drug offences reported by police?",[70140.0],"The table shows the number of police-reported drug offences in 2019.  We need to find the total number of drug offences reported.

From the table:
Total drug offences in 2019: 70,140

Final Answer: 70,140 
"
116,"in 2019, there were over 70,100 total drug offences reported by police, what was the rate did total drug offences represent per 100,000 population?",[187.0],"The table shows the number of total drug offenses reported by police in 2019, which is 70,140. The rate per 100,000 population is 187. 

Final Answer: 187 
"
117,"northern saskatchewan and northern manitoba had consistently higher violent crime rates than the territories for males and females of all major age groups, how many times did northern saskatchewan have the highest rate for canadians in the territories overall?",[2.177774],"Reasoning and Answer:

The question asks how many times Northern Saskatchewan had the highest rate for Canadians in the Territories overall. Looking at the table, we need to compare the rate for Northern Saskatchewan (13,886 for young women and girls, 17,829 for adult women, 7,951 for young men and boys, and 12,518 for adult men) with the overall rates for the Territories (7,232 for young women and girls, 7,635 for adult women, 3,272 for young men and boys, and 5,379 for adult men). 

Northern Saskatchewan has the highest rates in all four categories compared to the Territories. 

Final Answer: 4 
"
118,which club did dave hockaday play for in 1990-91?,['hull city'],"Reasoning and Answer: The table shows Dave Hockaday's career statistics across different clubs and seasons. To find the club he played for in the 1990-91 season, we need to look for the row where the 'season' column shows '1990-91'.  We find that he played for **Hull City** during that season.

Final Answer: Hull City 
"
119,which club did woodward play for in 1964-65?,['stoke city'],"Reasoning and Answer: The table provides career statistics for a player named Woodward. The table contains information about the club, season, division, league, FA Cup, League Cup, and total games played and goals scored. We need to identify the club Woodward played for in the 1964-65 season. 

Looking at the table, we find that in the 1964-65 season, Woodward played for Stoke City.

Final Answer: Stoke City 
"
120,which club did mathieu valbuena play for in 2006-07?,['marseille'],"Reasoning and Answer: The table shows the statistics of a player's performance across different clubs and seasons.  It doesn't include player names. Therefore, we cannot determine which club Mathieu Valbuena played for in 2006-07.

Final Answer:  Cannot be determined from the table. 
"
121,what was the percent of the cmc students who experienced unwanted sexualized behaviours in the previous 12 months indicated that it was a friend or an acquaintance who was responsible?,[53.0],"The table shows the percentage of students at Canadian Military Colleges (CMC) who experienced unwanted sexualized or discriminatory behaviors in the past 12 months, categorized by various characteristics of the incident. 

We need to find the percentage of students who experienced unwanted sexualized behavior where the perpetrator was a friend or acquaintance. 

Looking at the row ""relationship of perpetrator"" and the column ""unwanted sexualized behaviours"", we find that 53% of students indicated a friend or acquaintance was responsible.

**Final Answer: 53%** 
"
122,what was the percent of the canadian military college students who experienced unwanted sexualized behaviours in the past 12 months indicated that the person(s) responsible for the behaviours was a man or multiple men?,[44.0],"Reasoning and Answer: The table provides the percentage of Canadian military college students who experienced unwanted sexualized behaviours in the past 12 months, categorized by various incident characteristics, including the gender of the perpetrator(s).  

We need to locate the row labeled ""gender of perpetrators"" and find the percentage associated with ""one man or multiple men.""

Looking at the table, the percentage for ""one man or multiple men"" is 44%.

Final Answer: 44% 
"
123,what was the percent of cmc students who had a disability experienced some form of unwanted sexualized behaviour in the previous 12 months?,[46.0],"The table shows the percentage of Canadian Military College (CMC) students who experienced unwanted sexualized or discriminatory behaviours in the past 12 months, categorized by various student characteristics. 

We are looking for the percentage of students who experienced unwanted sexualized behavior and are living with a disability. 

According to the table, **46%** of CMC students who were living with a disability experienced unwanted sexualized behaviour in the previous 12 months.

**Final Answer: 46%** 
"
124,what was the percent of cmc students who did not have a disability experienced some form of unwanted sexualized behaviour in the previous 12 months?,[32.0],"The table shows the percentage of students at Canadian Military Colleges (CMC) who experienced unwanted sexualized or discriminatory behaviours in the past 12 months, broken down by various student characteristics. We need to find the percentage of students who did *not* have a disability and experienced unwanted sexualized behaviour.

Looking at the table, we find the following:

-  ""Not living with a disability"":  32% experienced unwanted sexualized behaviours.

**Final Answer: 32%** 
"
125,how many passing yards did j.j. raterink get in 2012?,[4870.0],"The table does not include information about individual players, specifically about passing yards for J.J. Raterink in 2012.

Final Answer: There is no information about passing yards for J.J. Raterink in 2012. 
"
126,what the matches did the ifk norrkoping club compete in?,"['allsvenskan', '2014-15 svenska cupen', '2015-16 svenska cupen']","Reasoning and Answer: The table shows the appearances and goals for each player in the IFK Norrköping club during the 2014-2016 seasons. The matches include ""allsvenskan,"" ""2014-15 svenska cupen,"" ""2015-16 svenska cupen,"" ""svenska supercupen,"" and ""total.""

Final Answer: allsvenskan, 2014-15 svenska cupen, 2015-16 svenska cupen, svenska supercupen. 
"
127,what was the percent of finance and insurance and management of companies had the lowest year-on-year growth rates in closures?,[38.9],"The table shows the number of business openings, closures and active businesses by industry in April 2019 and April 2020.  We need to determine the industry with the lowest year-on-year growth rate in closures. 

To do this, we look at the ""change from April 2019 to April 2020"" column for business closures. The lowest percentage growth rate for closures is **-10.1%**. This corresponds to the **finance and insurance and management of companies and enterprises** industry.

**Final Answer: Finance and insurance and management of companies and enterprises** 
"
128,"what was the percent of mining, quarrying, oil and gas extraction had the lowest year-on-year growth rates in closures?",[47.6],"Reasoning: The table shows the business openings, closures, and active businesses by industry for April 2019 and April 2020. We need to identify the industry with the lowest year-on-year growth rate in closures. This is represented by the ""change from April 2019 to April 2020"" column in the 'percent' row for 'business closures'. 

Looking at the table, the lowest growth rate in closures is for the 'mining, quarrying, oil and gas extraction' industry at 47.6%. 

Final Answer: 47.6% 
"
129,how many dollars were food and beverage services were revis up in 2015?,[1100.0],"The table provides revised estimates and previous estimates for various components of tourism demand in millions of dollars. We are interested in the revision for food and beverage services in 2015.

The table shows that the revised estimate for food and beverage services in 2015 is 14,536 million dollars and the previous estimate was 13,436 million dollars.

Therefore, the revision for food and beverage services in 2015 is 14,536 - 13,436 = 1,100 million dollars.

Final Answer: 1,100 million dollars 
"
130,what was the number of college graduates in the united states in 2017?,[61220000.0],"Reasoning: The table provides information about education and military background of college graduates in the United States in 2017. We need to find the total number of college graduates.

The first row of the table, ""all college graduates,"" gives us the total number of college graduates in 2017.

Final Answer: 61,220,000 
"
131,what was the number of college graduates employed in the united states in 2017?,[48223000.0],"Reasoning and Answer: The table shows data for college graduates in 2017, broken down by various characteristics. The column ""employed, by occupation"" provides the total number of employed college graduates. 

The first row, labeled ""all college graduates,"" shows a total of 48,223,000 employed college graduates in the United States.

Final Answer: 48,223,000 
"
132,how many college graduates had served on active duty in the u.s. armed forces in the past?,[3674000.0],"Reasoning and Answer: The table shows the number of college graduates by labor force status, categorized by education and military background. We are looking for the number of college graduates who have served on active duty in the past but are not currently serving. This is indicated by the row titled ""served on active duty in the past, but not now"".

According to the table, the number of college graduates who served on active duty in the past, but not now is 3,674,000.

Final Answer: 3,674,000 
"
133,"roughly 3.7 million college graduates had served on active duty in the u.s. armed forces in the past, how many million people currently serving?",[241000.0],"The table shows the number of college graduates who have served in the U.S. military. It indicates that 3,674,000 college graduates have served on active duty in the past, but are not currently serving. The table also shows that 241,000 college graduates are currently serving on active duty. 

**Final Answer:** 0.241 million 
"
134,what was the win-loss record of houston astros in regular season?,"[215.0, 197.0]","Reasoning and Answer: The table shows the regular season win-loss record for several teams, including the Houston Astros.  We need to find their ""g"" (games played), ""w"" (wins), and ""l"" (losses) from the row that corresponds to the Houston Astros.

The Houston Astros row shows:
* g = 412
* w = 215
* l = 197

Final Answer: 412 games, 215 wins, 197 losses. 
"
135,"from 1981 to 2009,what's the percentage of the log growth of value-added in oil and gas extraction per year?",[-2.27],"Reasoning and Answer: The table presents the annual average log growth of value-added for the period 1981 to 2009, which is 2.31%.

Final Answer: 2.31% 
"
136,"in 2017, how many percent of women in the u.s. civilian college educated population?",[54.4],"Reasoning and Answer: The table shows that 32,204,000 women are nonveteran civilian college graduates out of a total of 57,256,000 nonveteran civilian college graduates. To find the percentage, we can divide the number of women by the total number and multiply by 100.

(32,204,000 / 57,256,000) * 100 = 56.2%

Final Answer: 56.2% 
"
137,which club did luke freeman play for in 2015-16?,['bristol city'],"Reasoning and Answer: The table shows career statistics for Luke Freeman. In the 2015-16 season, the table shows that Freeman played for Bristol City.

Final Answer: Bristol City 
"
138,how many passing yards did tittle get in 1957?,[2157.0],"The table shows career statistics for a player, including passing yards per year. We need to find the passing yards for the year 1957.

Looking at the table, in the year 1957, the player had 2,157 passing yards.

Final Answer: 2,157 
"
139,what were the percentages of households in the second and third income quartiles reported using only mobile devices for accessing the internet respectively?,"[14.7, 13.8]","Reasoning and Answer: The table shows the percentage of households in each income quartile using only mobile devices for accessing the internet. We need to find the percentages for the second and third income quartiles.

From the table:

- Second quartile: 14.7%
- Third quartile: 13.8%

Final Answer: 14.7%, 13.8% 
"
140,"who were more likely to use only mobile devices to access the internet,households in the second and third income quartiles or households in the highest quartile?","['second quartile', 'third quartile']","Reasoning: The table shows the percentage of households using only mobile devices to access the internet, categorized by income quartile.  We need to compare the percentages for the second and third quartiles combined against the percentage for the highest quartile.

From the table:
- Second quartile: 14.7%
- Third quartile: 13.8%
- Highest quartile: 8.0%

Combining the second and third quartile percentages gives us: 14.7% + 13.8% = 28.5%

Therefore, households in the second and third income quartiles were more likely to use only mobile devices to access the internet than households in the highest quartile.

Final Answer: Households in the second and third income quartiles. 
"
141,what was the changes in the number of completed cases in yukon from 2012/2013 to 2013/2014?,[17.0],"Reasoning and Answer: The table presents the number of cases completed in youth court by province and territory, for the years 2012/2013 and 2013/2014. We need to focus on Yukon and compare the number of cases completed in both years.

From the table:

The number of cases completed in Yukon in 2012/2013 was 64.
The number of cases completed in Yukon in 2013/2014 was 75.

Therefore, the change in the number of cases completed in Yukon is:
75 - 64 = 11

Final Answer: 11
"
142,what was the changes in the number of completed cases in northwest territories from 2012/2013 to 2013/2014?,[2.0],"Reasoning: The table shows the number of cases completed in youth court for each province and territory in Canada from 2012/2013 to 2013/2014. We are looking for the change in the number of completed cases in the Northwest Territories.

From the table:
- The number of cases completed in the Northwest Territories in 2012/2013 was 129.
- The number of cases completed in the Northwest Territories in 2013/2014 was 132.

To find the change, we subtract the number of cases in 2012/2013 from the number of cases in 2013/2014:
132 - 129 = 3

Final Answer: 3
"
143,what was the declines in the number of completed cases in prince edward island from 2012/2013 to 2013/2014?,[25],"The table presents data on cases completed in youth court by province and territory for 2012/2013 and 2013/2014.  We need to find the decline in the number of completed cases in Prince Edward Island.

The table shows that the number of completed cases in Prince Edward Island in 2012/2013 was 212 and in 2013/2014 it was 158.

To find the decline, subtract the number of cases in 2013/2014 from the number in 2012/2013:

212 - 158 = 54

Therefore, the decline in the number of completed cases in Prince Edward Island from 2012/2013 to 2013/2014 was 54.

Final Answer: 54 
"
144,what was the declines in the number of completed cases in nova scotia from 2012/2013 to 2013/2014?,[24],"The table presents the number of cases completed in youth court by province and territory for 2012/2013 and 2013/2014, along with the median length of these cases, and the percent change in the number of cases and median length of cases from 2012/2013 to 2013/2014. 

The question asks for the decline in the number of completed cases in Nova Scotia from 2012/2013 to 2013/2014. 

We can find this information in the table:

- 2012/2013: Nova Scotia had 1,328 cases completed.
- 2013/2014: Nova Scotia had 1,010 cases completed.

To find the decline, we subtract the 2013/2014 number from the 2012/2013 number:

1,328 - 1,010 = 318

Therefore, there was a decline of 318 cases in Nova Scotia from 2012/2013 to 2013/2014.

Final Answer: 318 
"
145,what was the declines in the number of completed cases in ontario from 2012/2013 to 2013/2014?,[16],"Reasoning: The table provides data on completed cases in youth court by province/territory, for the years 2012/2013 and 2013/2014. We need to find the decline in the number of cases in Ontario from 2012/2013 to 2013/2014.

From the table:
- In 2012/2013, the number of cases in Ontario was 17,338.
- In 2013/2014, the number of cases in Ontario was 14,617.

To find the decline, we subtract the 2013/2014 number from the 2012/2013 number:
17,338 - 14,617 = 2,721

Final Answer: 2,721 
"
146,what was the declines in property offences from 2012/2013 to 2013/2014?,[15],"Reasoning and Answer: The table shows the number of cases completed in youth court by type of offence in Canada for 2012/2013 and 2013/2014. The column ""percent change in number of cases 2012/2013 to 2013/2014"" provides the percentage change in the number of cases for each type of offence. 

For property offences, the percent change from 2012/2013 to 2013/2014 is -15%. This indicates a decline in property offences.

Final Answer: -15% 
"
147,what was the declines in administration of justice offences from 2012/2013 to 2013/2014?,[12],"The table shows that there were 4,893 cases of administration of justice offences in 2012/2013 and 4,290 cases in 2013/2014. To find the decline, we need to subtract the 2013/2014 number from the 2012/2013 number: 
4,893 - 4,290 = 603 cases

Final Answer: 603 cases 
"
148,what was the declines in other federal statute offences from 2012/2013 to 2013/2014?,[12],"The table shows the number of cases completed in youth court by type of offence in Canada for the years 2012/2013 and 2013/2014. The percentage change in the number of cases between these two years is also provided for each type of offence. We need to find the percentage change for ""other federal statute offences"".

According to the table, the percentage change in the number of cases for ""other federal statute offences"" from 2012/2013 to 2013/2014 was **-12%**.

Final Answer: -12% 
"
149,what was the declines in violent offences from 2012/2013 to 2013/2014?,[8],"The table provides data on cases completed in youth court by type of offence for 2012/2013 and 2013/2014. We need to find the decline in violent offences between these two years.

The table shows the percent change in the number of cases from 2012/2013 to 2013/2014. This percentage represents the decline in violent offences. 

The percent change in violent offences from 2012/2013 to 2013/2014 is -8%.

Final Answer: -8% 
"
150,what was the declines in cases involving disturbing the peace from 2012/2013 to 2013/2014?,[35],"The table displays cases completed in youth court by type of offense for Canada in 2012/2013 and 2013/2014. We are looking for the change in cases involving disturbing the peace.

The table shows that the number of cases involving disturbing the peace in 2012/2013 was 132. In 2013/2014, the number of cases dropped to 86. 

To calculate the decline, we can find the difference between these two numbers: 132 - 86 = 46.

**Final Answer: 46** 
"
151,what was the declines in cases involving robbery from 2012/2013 to 2013/2014?,[18],"The table shows the number of cases completed in youth court for various types of offenses in Canada for 2012/2013 and 2013/2014.  We need to find the percentage change in the number of robbery cases between these two years.

The table indicates the following:

- Number of robbery cases in 2012/2013: 2,336
- Number of robbery cases in 2013/2014: 1,904

The percentage change is calculated as:

(New Value - Old Value) / Old Value * 100

Therefore, the percentage change is:

(1904 - 2336) / 2336 * 100 = -18%

Final Answer: -18% 
"
152,what was the declines in cases involving impaired driving from 2012/2013 to 2013/2014?,[25],"The table shows the number of cases completed in youth court for various offences, including impaired driving, for 2012/2013 and 2013/2014.  We need to find the percent change in the number of cases from the earlier to the later year.

From the table:

- The number of impaired driving cases in 2012/2013 was 424.
- The number of impaired driving cases in 2013/2014 was 318.

The percent change in cases is calculated as:
[(New Value - Old Value) / Old Value] * 100

Plugging in the values:
[(318 - 424) / 424] * 100 = -25%

Final Answer: -25% 
"
153,what was the declines in drug possession offences from 2012/2013 to 2013/2014?,[15],"The table shows the number of cases completed in youth court by type of offence for the years 2012/2013 and 2013/2014. We need to find the decline in drug possession offences from 2012/2013 to 2013/2014. 

The table shows that:

- Number of drug possession offences in 2012/2013: 1,844
- Number of drug possession offences in 2013/2014: 1,568

Therefore, the decline in drug possession offences is: 1,844 - 1,568 = 276

Final Answer: 276
"
154,what was the declines in other drug offences from 2012/2013 to 2013/2014?,[8],"The table shows that the number of cases completed in Youth Court for ""other drug offences"" decreased from 718 in 2012/2013 to 662 in 2013/2014. To find the percentage decline, we can use the formula:

**Percent change = [(New value - Old value) / Old value] * 100**

In this case, the percent change is:

**[(662 - 718) / 718] * 100 = -8%**

**Final Answer: -8%** 
"
155,what was the declines in offences involving the use of a weapon from 2012/2013 to 2013/2014?,[7],"Reasoning and Answer: The table displays cases completed in youth court by type of offence in Canada for the years 2012/2013 and 2013/2014. We need to find the decline in offences involving the use of a weapon from 2012/2013 to 2013/2014.

The table shows that in 2012/2013, there were 1,555 cases involving weapons, while in 2013/2014, there were 1,451 cases. 

To find the decline, subtract the number of cases in 2013/2014 from the number of cases in 2012/2013: 
1,555 - 1,451 = 104 cases.

Therefore, there was a decline of 104 cases involving the use of a weapon from 2012/2013 to 2013/2014.

Final Answer: 104 cases. 
"
156,what was the changes in offences of sexual assault from 2012/2013 to 2013/2014?,[8.0],"The table shows data on cases completed in youth court by type of offense in Canada for the years 2012/2013 and 2013/2014. We need to find the change in the number of cases for sexual assault from one year to the next.

- The number of cases for sexual assault in 2012/2013 was 696.
- The number of cases for sexual assault in 2013/2014 was 750.

To find the change, we subtract the 2012/2013 number from the 2013/2014 number: 750 - 696 = 54.

Therefore, there was an increase of 54 cases for sexual assault from 2012/2013 to 2013/2014.

Final Answer: 54 more cases
"
157,what was the changes in offences of homicide from 2012/2013 to 2013/2014?,[6.0],"The table shows the number of cases completed in youth court by type of offense in Canada for 2012/2013 and 2013/2014.  The column 'percent change in number of cases 2012/2013 to 2013/2014' indicates the percentage change in the number of cases for each offense type between the two years.

To find the change in offences of homicide from 2012/2013 to 2013/2014, look at the row for 'homicide'.  The percent change in the number of cases is 6%.

**Final Answer: 6%** 
"
158,what was the changes in offences of other sexual assault from 2012/2013 to 2013/2014?,[5.0],"The table shows the number of cases completed in youth court for various types of offences in Canada, for the years 2012/2013 and 2013/2014.  We need to find the percent change in the number of cases for ""other sexual offences"" from 2012/2013 to 2013/2014.

The table shows that the number of cases for ""other sexual offences"" was 635 in 2012/2013 and 667 in 2013/2014.

The percent change is calculated as follows:

[(New Value - Old Value) / Old Value] * 100

So, in this case, the percent change is:

[(667 - 635) / 635] * 100 = 5%

Final Answer: 5% 
"
159,what was the changes in offences of criminal harassment from 2012/2013 to 2013/2014?,[3.0],"Reasoning and Answer: The table shows the number of cases completed in youth court by type of offense for 2012/2013 and 2013/2014. We need to find the changes in offenses of criminal harassment from 2012/2013 to 2013/2014.

From the table:

The number of cases of criminal harassment in 2012/2013 is 186.
The number of cases of criminal harassment in 2013/2014 is 192.

The change in cases is 192 - 186 = 6.

Final Answer: 6 
"
160,which kind of offences took the longest length to complete in 2013/2014?,['homicide'],"Reasoning and Answer: The table presents data on cases completed in youth court in Canada for the years 2012/2013 and 2013/2014. We are asked to find the type of offense that had the longest median length of case in 2013/2014.

Looking at the table, the ""Median length of case"" column for 2013/2014 shows that the homicide offense has the longest median length of case at 611 days. 

Final Answer: Homicide 
"
161,what was the median length of time to complete homicide cases in 2012/2013?,[448.0],"The table presents data on cases completed in youth court by type of offense in Canada for the years 2012/2013 and 2013/2014. The question asks for the median length of time to complete homicide cases in 2012/2013. 

Looking at the row for homicide, we can see the median length of case in 2012/2013 is 448 days.

**Final Answer: 448 days** 
"
162,what was the median length of time to complete sexual assault cases in 2013/2014?,[256.0],"The table shows the median length of time to complete cases in youth court, by type of offence, for the years 2012/2013 and 2013/2014. We are looking for the median length of time to complete sexual assault cases in 2013/2014. 

Looking at the table, under the ""2013/2014"" column and the ""sexual assault"" row, the median length of case is 256 days.

Final Answer: 256 days 
"
163,what was the median length of time to complete attempted murder cases in 2013/2014?,[248.0],"The table provides information about the median length of time for various types of offences in youth court in 2013/2014. To find the median length for attempted murder cases, we need to locate the row corresponding to ""attempted murder"" in the 2013/2014 column.

The median length of time for attempted murder cases in 2013/2014 is 248 days.

**Final Answer: 248 days** 
"
164,what was the percentage of all cases completed in youth court resulted in a guilty finding in 2013/2014?,[56.0],"Reasoning and Answer: The table shows the number and percentage of cases completed in youth court by type of offense and decision in Canada for 2013/2014. We are interested in the overall percentage of cases that resulted in a guilty finding.

From the table, we see that a total of 22,524 cases resulted in a guilty finding, out of a total of 39,901 cases completed.

To find the percentage, we can use the following formula:
(Number of guilty findings / Total number of cases) * 100%

Plugging in the values from the table:
(22,524 / 39,901) * 100% = 56.4%

Final Answer: 56.4% 
"
165,what was the winning percentage in the regular season of st. louis cardinals?,[0.544],"Reasoning and Answer: The table shows the regular season records of the Chicago White Sox, Oakland Athletics, and St. Louis Cardinals, along with their combined totals. We are looking for the regular season win percentage for the St. Louis Cardinals.

The table shows that the St. Louis Cardinals had 1408 wins and 1182 losses in the regular season, resulting in a win percentage of .544.

Final Answer: .544 
"
166,what was the proportion of reasons for not reporting to the police were that the crime was minor and it was not worth taking the time to report?,[71.0],"Reasoning and Answer: The table presents the percentages of reasons for not reporting sexual assault to the police in Canada in 2014, broken down by the sex of the victim.  The question asks for the proportion of reasons for not reporting to the police that were because ""the crime was minor and it was not worth taking the time to report"".

The table indicates that this reason was cited by 71% of women and 75% of men.  However, the table also provides an overall percentage for this reason, which is 71%. This overall percentage represents the proportion of all victims, regardless of their sex, who gave this reason for not reporting.

Final Answer: 71% 
"
167,what was the amount government final consumption expenditure was revised downward in 2013?,[3784],"The table shows revisions to expenditure-based gross domestic product components. We need to find the revision for government final consumption expenditure in 2013.

Looking at the row for 2013 and the column ""government final consumption expenditure"", the average revision is -3,784.  

Final Answer: -3,784 million dollars 
"
168,what was the amount government final consumption expenditure was revised downward in 2015?,[2118],"The table provides revised average levels and previously published average levels of expenditure-based gross domestic product (GDP) components for 2013 to 2015. We are interested in the downward revision of government final consumption expenditure in 2015.

Looking at the table for 2015, we find that:

- Government final consumption expenditure revised average level: 417,730 million dollars
- Government final consumption expenditure previously published average level: 419,848 million dollars

The difference between these two values represents the downward revision:

419,848 - 417,730 = 2,118 million dollars

**Final Answer: 2,118 million dollars** 
"
169,what was the percentage of the 2015 graduates who graduated with student debt still had an outstanding debt after three years?,[64.4],"The table shows the proportion of graduates with student debt who had full debt repayment and remaining debt after three years. We are asked to find the percentage of graduates with student debt who still had an outstanding debt after three years. This corresponds to the ""remaining debt"" column in the ""all levels of study"" category.

The table shows a proportion of 64.4% for remaining debt after three years for all levels of study.

**Final Answer: 64.4%** 
"
170,what was the percentage of graduates with a professional degree who graduated with student debt still had an outstanding debt after three years ?,[61.5],"Reasoning: The table shows characteristics of graduates with student debt at graduation (in 2015), by repayment status three years later. We are interested in graduates with a professional degree.  

Looking at the table, we can see that the percentage of graduates with a professional degree who still had outstanding debt after three years is listed under the ""remaining debt"" column for ""master's, doctorate and professional degree holders"".

Final Answer: 61.5% 
"
171,what was the percentage of college graduates who graduated with student debt still had an outstanding debt after three years ?,[66.0],"The table shows the proportion of graduates with student debt at graduation, categorized by level of study, and the repayment status three years later. We need to find the percentage of college graduates who still had remaining debt after three years.

The table indicates that 66.0% of college graduates had remaining debt after three years. 

**Final Answer: 66.0%** 
"
172,the median student debt at graduation for those who had not repaid their debt in 2018 was at least twice as high as for those who had repaid their debt in full in three years.what was the times the median student debt at graduation for those who had not repaid their debt in 2018 higher than those who had repaid their debt in full in three years?,[2.209954],"Reasoning: The question asks for the multiple by which the median student debt at graduation for those who had not repaid their debt in 2018 is higher than those who had repaid their debt in full in three years. 

The table shows that the median debt at graduation for those who had not repaid their debt in 2018 is 21,936 for all levels of study.  The median debt at graduation for those who had repaid their debt in full in three years is 9,926. 

To determine the multiple, we divide the median debt for those who did not repay by the median debt for those who did repay: 21,936 / 9,926 = 2.21.

Final Answer: 2.21 
"
173,what was the median debt at graduation for those who had not repaid their debt after three years?,[21936.0],"The table shows the median debt at graduation for all graduates with student debt, broken down by repayment status after three years. 

The question asks for the median debt at graduation for those who *had not* repaid their debt after three years. This corresponds to the ""remaining debt"" column.

Looking at the table, we see that the median debt at graduation for those with remaining debt is:

* **All levels of study:** $21,936
* **College:** $14,978
* **Bachelor's degree holders:** $25,319
* **Master's, doctorate, and professional degree holders:** $29,815

Since the question doesn't specify a particular level of study, the **final answer** is the median debt for *all levels of study*:

**Final Answer: $21,936** 
"
174,how many yards did fuller get in 2015?,[1258.0],"Reasoning and Answer: The table provides career statistics for a player named Fuller. The table is organized by year, team, and various receiving statistics. The row for 2015 shows that Fuller had 1,258 receiving yards.

Final Answer: 1,258 
"
175,what was the percentage of sexually active females aged 15 to 24 reported having used ec in the past 12 months?,[10.6],"The table shows the percentage of currently sexually active females aged 15 to 24 who reported using emergency contraception (EC) in the past year, along with the 95% confidence interval. 

The total percentage for all females aged 15 to 24 is listed in the first row:

**Total, 15- to 24-year-olds: 10.6%**

Therefore, the percentage of sexually active females aged 15 to 24 who reported using EC in the past 12 months is 10.6%.

**Final Answer: 10.6%** 
"
176,how many league goals did stefan moore score for leamington in 2017-18?,[2.0],"The table does not contain information about goals scored by individual players. It only provides total goals scored by the team in different leagues and cups. 

Final Answer: Not Available 
"
177,how many goals did tottenham hotspur score for tottenham hotspur in 9 seasons?,[73.0],"The table shows the goals scored by Tottenham Hotspur in each season for 9 seasons.  To find the total, we need to sum the goals column for those 9 seasons: 

1900-01: 1 goal
1901-02: 2 goals
1902-03: 7 goals
1903-04: 13 goals
1904-05: 7 goals
1905-06: 8 goals
1906-07: 7 goals
1907-08: 10 goals
1908-09: 18 goals

Total goals: 1 + 2 + 7 + 13 + 7 + 8 + 7 + 10 + 18 = 73 goals

**Final Answer: 73** 
"
178,which club did julio play for in 2015?,['atletico tucuman'],"Reasoning: The table provides career statistics for a player named Julio, but does not explicitly state the player's full name. The table lists the clubs he played for and the seasons he played in each club.  We need to find the club Julio played for in the year 2015.

The table indicates that Julio played for **Atletico Tucuman** in the year 2015.

Final Answer: Atletico Tucuman 
"
179,"in 2013, what is the proportion of people who reported that they followed news and current affairs daily was in quebec?",[63.0],"The table shows the frequency at which people follow news and current affairs in 2003 and 2013.  We need to find the proportion of people in Quebec who follow news and current affairs daily in 2013.

The table shows that in 2013, 63% of people in Quebec followed news and current affairs daily.

**Final Answer: 63%** 
"
180,"in 2013, what is the proportion of people who reported that they followed news and current affairs daily was in manitoba?",[55.0],"Reasoning and Answer: 
The table shows the percentage of people who followed news and current affairs daily in 2013, broken down by various demographics.  To find the proportion in Manitoba, we look at the row for Manitoba and the column for 2013 daily.

The percentage for Manitoba in 2013 is 55%.  

Final Answer: 55% 
"
181,"in 2013, what is the proportion of people who reported that they followed news and current affairs daily was in alberta?",[53.0],"The table shows the frequency at which people follow news and current affairs in 2003 and 2013. We need to find the percentage of people in Alberta who follow news daily in 2013.

Looking at the table, under the ""Alberta"" row and the ""2013"" column for ""daily"" frequency, we find the percentage to be 53%.

Final Answer: 53% 
"
182,"in 2012, how many percentge point of aboriginal women aged 15 or older reported disabilities that limited their daily activities?",[22],"Reasoning and Answer: The table provides the prevalence of disability among women and men aged 15 or older, by Aboriginal identity and age group in Canada for 2011. The question asks about the percentage point of Aboriginal women aged 15 or older reporting disabilities in 2012. While the table provides data for 2011, it does not offer information for 2012. 

**Therefore, we cannot answer the question with the provided data.** 

Final Answer: Unable to answer with the provided data. 
"
183,"in 2012, how many percentge point of aboriginal men aged 15 or older reported disabilities that limited their daily activities?",[14.6],"Reasoning and Answer: The table presents the prevalence of disability among women and men aged 15 or older, by Aboriginal identity and age group in Canada, 2011. The question asks about the percentage point of Aboriginal men aged 15 or older who reported disabilities that limited their daily activities in 2012. 

Unfortunately, the table only provides data for 2011, not 2012. We cannot answer the question without data for the year 2012.

Final Answer: Cannot be determined from the given information. 
"
184,how many times aboriginal women aged 15 or older were more likely than non-aboriginal women to report disabilities?,[1.496599],"Reasoning and Answer: The table shows the prevalence of disability among women and men aged 15 or older, categorized by Aboriginal identity and age group. To determine how many times more likely Aboriginal women are to report disabilities compared to non-Aboriginal women aged 15 or older, we need to compare the percentages for the ""15 or older"" age group.

From the table:

- Prevalence of disability for Aboriginal women aged 15 or older: 22.0%
- Prevalence of disability for non-Aboriginal women aged 15 or older: 14.7%

To find the ratio, we divide the prevalence for Aboriginal women by the prevalence for non-Aboriginal women:

22.0% / 14.7% = 1.4966 (approximately)

Therefore, Aboriginal women aged 15 or older were about 1.5 times more likely than non-Aboriginal women to report disabilities. 

Final Answer: 1.5 times 
"
185,how many times aboriginal men aged 15 or older were more likely than non-aboriginal men to report disabilities?,[1.168],"Reasoning and Answer: The table shows the prevalence of disability among men and women aged 15 or older by aboriginal identity and age group in Canada in 2011. To determine how many times more likely Aboriginal men aged 15 or older were to report disabilities compared to non-Aboriginal men, we need to find the ratio of their prevalence rates.

* **Prevalence for Aboriginal men aged 15 or older:** 14.6%
* **Prevalence for non-Aboriginal men aged 15 or older:** 12.5%

To find the ratio, we divide the prevalence for Aboriginal men by the prevalence for non-Aboriginal men:

14.6% / 12.5% = 1.168

Therefore, Aboriginal men aged 15 or older were **1.17 times** more likely to report disabilities than non-Aboriginal men.

Final Answer: 1.17 times 
"
186,how many times aboriginal women aged 25 to 54 were more likely than non-aboriginal women to report disabilities?,[2.340659],"Reasoning and Answer: 
The table shows the prevalence of disability among women and men aged 15 or older, by aboriginal identity and age group in Canada, 2011. We need to compare the prevalence of disability among aboriginal women aged 25 to 54 with non-aboriginal women in the same age group.

From the table:
- Prevalence of disability among aboriginal women aged 25 to 54: 21.3%
- Prevalence of disability among non-aboriginal women aged 25 to 54: 9.1%

To determine how many times more likely aboriginal women are to report disabilities, we divide the prevalence of disability for aboriginal women by the prevalence of disability for non-aboriginal women: 21.3% / 9.1% = 2.34

Final Answer: 2.34 times 
"
187,how many times aboriginal women aged 55 to 64 were more likely than non-aboriginal women to report disabilities?,[1.629808],"Reasoning and Answer: The table displays the prevalence of disability by age group, gender, and aboriginal identity. We need to compare the disability prevalence for Aboriginal women aged 55 to 64 with non-Aboriginal women in the same age group.

From the table:

- Aboriginal women aged 55 to 64 have a disability prevalence of 33.9%.
- Non-Aboriginal women aged 55 to 64 have a disability prevalence of 20.8%.

To find how many times more likely Aboriginal women are to report disabilities, we divide the prevalence for Aboriginal women by the prevalence for non-Aboriginal women:

33.9% / 20.8% = 1.63

This means Aboriginal women aged 55 to 64 were approximately 1.63 times more likely than non-Aboriginal women to report disabilities.

Final Answer: 1.63 times 
"
188,how many times aboriginal women aged 65 or older were more likely than non-aboriginal women to report disabilities?,[1.525714],"Reasoning and Answer: 
The table shows the prevalence of disability among women and men aged 15 or older, by aboriginal identity and age group in Canada, 2011. We need to compare the disability prevalence rate between aboriginal and non-aboriginal women aged 65 or older.

From the table:

- The prevalence of disability among non-aboriginal women aged 65 or older is 35.0%.
- The prevalence of disability among aboriginal women aged 65 or older is 53.4%.

To find how many times more likely aboriginal women are to report disabilities, we divide the prevalence rate for aboriginal women by the prevalence rate for non-aboriginal women:

53.4% / 35.0% = 1.53

Therefore, aboriginal women aged 65 or older were 1.53 times more likely to report disabilities than non-aboriginal women.

Final Answer: 1.53 times 
"
189,how many times aboriginal men aged 15 to 24 were more likely than non-aboriginal men to report disabilities?,[1.590909],"Reasoning and Answer: The table shows the prevalence of disability among women and men aged 15 or older, by aboriginal identity and age group in Canada in 2011.  We need to find the ratio of disability prevalence between aboriginal men and non-aboriginal men aged 15 to 24.

From the table:

- The prevalence of disability among aboriginal men aged 15 to 24 is 7.0%.
- The prevalence of disability among non-aboriginal men aged 15 to 24 is 4.4%.

To find how many times more likely aboriginal men are to report disabilities, we divide the prevalence among aboriginal men by the prevalence among non-aboriginal men:

7.0% / 4.4% = 1.59 (approximately)

Therefore, aboriginal men aged 15 to 24 were about 1.59 times more likely to report disabilities than non-aboriginal men in the same age group.

Final Answer: 1.59 times 
"
190,how many times aboriginal men aged 25 to 54 were more likely than non-aboriginal men to report disabilities?,[1.493827],"Reasoning and Answer: The table shows the prevalence of disability by age group, gender, and aboriginal identity for Canada in 2011.  To determine how many times more likely aboriginal men aged 25-54 were to report a disability compared to non-aboriginal men in the same age group, we need to:

1. **Find the prevalence of disability for each group:**
    - Aboriginal men aged 25-54: 12.1%
    - Non-aboriginal men aged 25-54: 8.1%

2. **Calculate the ratio:**
    - Divide the prevalence of disability for aboriginal men by the prevalence for non-aboriginal men: 12.1% / 8.1% = 1.49

This means that aboriginal men aged 25-54 were approximately 1.49 times more likely to report a disability than non-aboriginal men in the same age group.

Final Answer: 1.49 times 
"
191,how many times aboriginal women aged 15 or older were more likely than non-aboriginal women to report disabilities?,[1.496599],"Reasoning and Answer: 
The table shows the prevalence of disability among women and men aged 15 or older, by aboriginal identity and age group, in Canada in 2011. To answer the question, we need to compare the percentage of disability for aboriginal women aged 15 or older with the percentage for non-aboriginal women of the same age group.

From the table:

- Aboriginal women aged 15 or older have a disability prevalence of 22.0%.
- Non-aboriginal women aged 15 or older have a disability prevalence of 14.7%.

To determine how many times more likely aboriginal women are to report disabilities, we divide the prevalence for aboriginal women by the prevalence for non-aboriginal women:

22.0% / 14.7% = 1.4966 

Therefore, aboriginal women aged 15 or older were approximately 1.5 times more likely than non-aboriginal women to report disabilities.

Final Answer: 1.5 
"
192,how many times aboriginal women aged 15 or older were more likely than same-aged non-aboriginal men to report disabilities?,[1.176],"Reasoning and Answer:

The table shows the prevalence of disability among different demographic groups. We need to compare the percentage of disability reported by aboriginal women aged 15 or older with the percentage reported by non-aboriginal men of the same age group.

From the table:

- Aboriginal women aged 15 or older: 22.0%
- Non-aboriginal men aged 15 or older: 12.5%

To find how many times more likely aboriginal women are to report disabilities, we divide the prevalence for aboriginal women by the prevalence for non-aboriginal men:

22.0% / 12.5% = 1.76

Therefore, aboriginal women aged 15 or older were approximately 1.76 times more likely to report disabilities than same-aged non-aboriginal men.

Final Answer: 1.76 times 
"
193,"using employment rates as an example, what was the percent of aboriginal people in couples were employed in 2015?",[75.1],"Reasoning and Answer: The table provides employment rates for people aged 25 to 54 by aboriginal group and marital status in 2015.  We need to find the employment rate for Aboriginal people who are married or common-law.

The table indicates that the employment rate for Aboriginal people who are married or common-law was 75.1%. 

Final Answer: 75.1% 
"
194,"using employment rates as an example, what was the percent of non-aboriginal people in couples were employed in 2015?",[84.0],"Reasoning and Answer: The table shows the employment rates of people aged 25 to 54 by aboriginal group and marital status for the year 2015. The column labeled ""married or common-law"" represents people in couples.  

The table indicates that the employment rate for non-aboriginal people in couples (married or common-law) was 84.0%.

Final Answer: 84.0% 
"
195,"using employment rates as an example, 75.1% of aboriginal people in couples were employed in 2015, as were 84.0% of their non-aboriginal counterparts, what was the difference of these two types?",[8.9],"Reasoning: The table shows employment rates for aboriginal and non-aboriginal people aged 25 to 54, broken down by marital status. The question asks for the difference in employment rates between aboriginal people in couples and their non-aboriginal counterparts.  

We can directly find this difference in the ""difference between aboriginal population and non-aboriginal population"" row under the ""employment rate"" section. 

Final Answer: -8.9 percentage points 
"
196,"which is more likely to rate their health in positive terms ,senior women aged 65 to 74 or senior men aged 65 to 74.","['65 to 74 years', 'women']","Reasoning and Answer: The table shows the self-reported general health rating of senior women and men in Canada from 2013-2014. We need to compare the percentage of positive health ratings for senior women aged 65 to 74 years with that of senior men aged 65 to 74 years.

According to the table:

- Senior women aged 65 to 74 years have a positive health rating of 83.0%.
- Senior men aged 65 to 74 years have a positive health rating of 81.0%.

Therefore, senior women aged 65 to 74 years are more likely to rate their health in positive terms than senior men in the same age group.

Final Answer: Senior women aged 65 to 74 years. 
"
197,what are the percentages of senior women and men living in private households rated their mental health in positive terms in the 2013-2014 canadian community health survey.,[94.3],"Reasoning and Answer: The table presents self-reported mental health ratings of senior women and men in Canada from 2013-2014.  We need to find the percentage of senior women and men who rated their mental health as ""positive"". 

The table shows that 94.3% of senior women and 94.3% of senior men rated their mental health as ""positive"".

Final Answer: 94.3% for women and 94.3% for men. 
"
198,"among both 75- to-84-year-old women and women aged 85 and over ,which were the most commonly reported primary caregivers.",['daughter'],"Reasoning and Answer: The table shows the percentage of primary caregivers for seniors receiving unpaid help in the last 12 months, broken down by age group and sex. We need to compare the most frequent primary caregiver categories for women in the 75-84 age group and those aged 85 and over.

For women aged 75-84, the most frequent primary caregiver is a daughter (44%).
For women aged 85 and over, the most frequent primary caregiver is a daughter (57%).

In both age groups, the most common reported primary caregiver is a daughter.

Final Answer: Daughters 
"
199,what was the national quarterly rate at two times?,[18.6],"Reasoning and Answer: The table provides the average rate of victims of police-reported sexual assault for each Census Metropolitan Area (CMA) in Canada for both pre-#metoo and post-#metoo periods. The question asks for the national quarterly rate at two times.

To determine the national quarterly rate at two times, we need to double the average rate for Canada across all periods. 

The national quarterly rate is 15.0 pre-#metoo and 18.6 post-#metoo.
Therefore, the national quarterly rate at two times is 15.0 x 2 = 30.0 for pre-#metoo and 18.6 x 2 = 37.2 for post-#metoo. 

Final Answer: 30.0 (pre-#metoo), 37.2 (post-#metoo) 
"
200,which club did lokko play for in 2015-16?,['welling united'],"Reasoning and Answer: The table provides career statistics for a player named Lokko, broken down by club and season. The row for the 2015-16 season shows that Lokko played for **Welling United** in the National League.

Final Answer: Welling United 
"
201,"in 2017, how many firearm-related homicides reported in canada?",[266.0],"The table provides information on homicides, including those related to firearms, for 2016 and 2017. 

To find the number of firearm-related homicides in Canada for 2017, we need to look at the ""Canada"" row for 2017.

The table indicates that there were **266** firearm-related homicides in Canada in 2017.

**Final Answer: 266** 
"
202,"in 2017, there were 266 firearm-related homicides reported in canada, what was the difference in 2016?",[43],"Reasoning and Answer: The table provides data on homicides in Canada for 2016 and 2017, broken down by province/territory and firearm-related status.  We need to determine the difference in firearm-related homicides between 2016 and 2017.

The table shows that in 2016, there were 223 firearm-related homicides reported in Canada.  The difference between 2017 and 2016 is:

266 (2017) - 223 (2016) = 43

Final Answer: 43
"
203,what was the firearm-related homicide rate increased 18% from the previous year?,[0.72],"Reasoning and Answer: The table displays homicide data for 2016 and 2017, including firearm-related homicides, their rates, and the total number of homicides. We need to identify the province or territory where the firearm-related homicide rate increased by 18% from 2016 to 2017.

Looking at the ""rate"" columns for 2016 and 2017, we need to find the province where the 2017 rate is 18% higher than the 2016 rate.

* **Newfoundland and Labrador:** 0.00 (2017) - 0.00 (2016) = 0% increase
* **Prince Edward Island:** Data unavailable for 2017
* **Nova Scotia:** 0.84 (2017) - 0.95 (2016) = -11.6% decrease
* **New Brunswick:** 0.66 (2017) - 0.40 (2016) = 65% increase
* **Quebec:** 0.42 (2017) - 0.32 (2016) = 31.3% increase
* **Ontario:** 0.59 (2017) - 0.59 (2016) = 0% increase
* **Manitoba:** 0.97 (2017) - 0.38 (2016) = 155.3% increase
* **Saskatchewan:** 0.86 (2017) - 1.48 (2016) = -41.9% decrease
* **Alberta:** 1.19 (2017) - 1.04 (2016) = 14.4% increase
* **British Columbia:** 1.18 (2017) - 0.74 (2016) = 59.5% increase
* **Yukon:** 5.20 (2017) - 2.63 (2016) = 97.3% increase
* **Northwest Territories:** 0.00 (2017) - 0.00 (2016) = 0% increase
* **Nunavut:** 2.63 (2017) - 0.00 (2016) = Not applicable (cannot calculate a percentage increase from 0)
* **Canada:** 0.72 (2017) - 0.61 (2016) = 17.7% increase 

Therefore, the only province or territory where the firearm-related homicide rate increased by approximately 18% from 2016 to 2017 is **Canada**.

Final Answer: Canada 
"
204,"in 2017, how many victims were reported to have been killed by a stranger?",[77.0],"Reasoning and Answer: The table shows the number of homicide victims in Canada in 2017, categorized by the relationship between the victim and the accused. We are interested in the row labeled ""stranger.""

According to the table, in 2017, there were 77 homicide victims killed by a stranger.

Final Answer: 77 
"
205,"how many victims in 2017 were more than in 2016, were killed by someone with whom they had a criminal relationship?",[19],"Reasoning and Answer:
The table presents data on homicides in Canada for 2016 and 2017, broken down by the relationship between the victim and the accused.  We need to find the difference in the number of victims with a criminal relationship in 2017 compared to 2016.

According to the table:

* In 2017, there were 59 victims killed by someone with whom they had a criminal relationship.
* In 2016, there were 40 victims killed by someone with whom they had a criminal relationship. 

The difference in the number of victims is 59 - 40 = 19. 

Final Answer: 19 
"
206,which club did junior kabananga play for in 2015?,['astana'],"The table does not provide information about players, including Junior Kabananga, and his club history. Therefore, we cannot answer the question based on the given table. 

Final Answer:  Insufficient Information 
"
207,what was the percentage points were they less likely to be employed full time?,[-0.083],"Reasoning and Answer: 

The table shows the regression results for the estimated relationship between teacher job characteristics and private high school employment. We are looking at the coefficient for ""employed full time"" to determine the percentage points less likely to be employed full time.

The coefficient for ""employed full time"" is -0.083. This means that for every one unit increase in the independent variable, the probability of being employed full time decreases by 0.083 percentage points.  

Therefore:

Final Answer: 0.083 percentage points 
"
208,which club did yagmur uraz join in 2015-16?,['kirecburnu spor'],"The table does not contain information about individual players. Therefore, it is impossible to determine which club Yagmur Uraz joined in the 2015-16 season based on the given context. 

Final Answer: Unable to determine. 
"
209,"given women's greater number of work interruptions, what was the total duration combined amounted to an average of months?",[18.5],"Reasoning and Answer: The table shows that women had an average duration of 18.5 months for all work interruptions combined. This means that, on average, women in this age group who had work interruptions experienced a total of 18.5 months of interruption from their employment. 

Final Answer: 18.5 months 
"
210,"given men's greater number of work interruptions, what was the total duration combined amounted to an average of months?",[8.6],"Reasoning and Answer: The table presents information about work interruptions and maternity/parental leave for individuals aged 25 to 54 who have worked at any point in Canada in 2011. We are specifically interested in the average duration of all work interruptions combined for men.

The table states that the average duration of all work interruptions combined for men is 8.6 months.

Final Answer: 8.6 months 
"
211,how many month did the average duration of a women's maternity or parental leave combin?,[15.2],"Reasoning and Answer: The table shows the average duration of all maternity/parental leaves combined for women aged 25 to 54 who have worked anytime in the past in Canada, 2011. 

The table indicates that the average duration of all maternity/parental leaves combined for women is 15.2 months.

Final Answer: 15.2 months 
"
212,how many month did the average duration of a men's maternity or parental leave combin?,[3.7],"Reasoning and Answer: The table shows the average duration of all maternity/parental leaves combined for men, which is 3.7 months.

Final Answer: 3.7 months 
"
213,how many million dollars did usdia and brdis surveys perform of r&d in the united states in 2010?,[197163.0],"The table provides data on business R&D performed in the United States by source of funds and MNC status for the years 2008-2010. However, it does not specify any information about specific surveys conducted by the USDA or BRDIS. 

Therefore, we cannot answer the question based on the provided table.

**Final Answer:** Cannot be determined from the table. 
"
214,how many percent did usdia and brdis surveys performe of the $279 billion performed by all u.s.-located companies in the same year?,[0.706736],"The table shows business R&D performed in the United States by source of funds and MNC status for 2008-2010. The question asks for the percentage of R&D performed by US-located companies that was paid for by the company.

For the year 2010, the total R&D performed by US-located companies was $278,977 million. Of this amount, $221,706 million was paid for by the company.

To find the percentage, we divide the amount paid for by the company by the total R&D and multiply by 100:

($221,706 million / $278,977 million) * 100 = 79.5%

Final Answer: 79.5% 
"
215,"in 2003, which club did furuholm make his veikkausliiga debut for?",['jazz'],"Reasoning and Answer: 

The table shows the number of appearances and goals for each club furuholm played for, across various leagues and seasons.  We are asked for his debut veikkausliiga club in 2003.  Looking at the row for 2003, we can see that the only club he played in that year was Jazz, in the veikkausliiga.

Final Answer: Jazz 
"
216,how many receiving yards did davis get in 2018?,[891.0],"Reasoning and Answer: The table provides statistics for a player's receiving and rushing yards, among other data, for the years 2017 and 2018. The question asks for the receiving yards for the year 2018. 

Looking at the row for the year 2018, we see the receiving yards are listed as 891.

Final Answer: 891 
"
217,which club did tarquini play for in 2014?,['union santa fe'],"Reasoning and Answer: The table lists Tarquini's career statistics, including the clubs he played for and the seasons he played in.  The table shows that Tarquini played for Union Santa Fe in the 2014 season.

Final Answer: Union Santa Fe 
"
218,what was weekly wage of families among minimum wage workers who were spouses/partners in dual-earner couples in early 2018?,[1435.0],"The table provides information about weekly wages for minimum wage workers and their families. We are specifically interested in the weekly wage of families where the minimum wage worker is a spouse/partner in a dual-earner couple.

The table includes a section called ""weekly wages of all employees in the economic family"".  This is the relevant information to answer the question. 

The table shows that for group 3 (spouses/partners in dual-earner couples) the average weekly wage of all employees in the economic family is $817.

**Final Answer: $817** 
"
219,"what was weekly wage of families among minimum wage workers who were single, lone parents or partners in single-earner couples in early 2018?",[454.0],"The table provides weekly wage information for minimum wage workers broken down into three groups. The question asks for the weekly wage of families among minimum wage workers who were single, lone parents or partners in single-earner couples. This corresponds to Group 2 in the table.

The table lists weekly wages of all employees in the economic family for Group 2. 

**Final Answer:** The average weekly wage of families among Group 2 minimum wage workers was $454. The median weekly wage was $422.  The 25th percentile was $280, and the 75th percentile was $520. 
"
220,what were average total weekly wages adjusted for family size among those that were spouses/partners in dual-earner couples?,[817.0],"Reasoning and Answer:

The table provides information on average total weekly wages of all employees in the economic family and average family size for the three groups. To get the average total weekly wages adjusted for family size, we need to divide the average total weekly wages by the average family size.

For spouses/partners in dual-earner couples (group 3), the average total weekly wages of all employees in the economic family is 817 and the average family size is 3.3.

Therefore, the average total weekly wages adjusted for family size is 817 / 3.3 = 247.

Final Answer: 247 
"
221,"what were average total weekly wages adjusted for family size among those that were unattached, lone parents or spouses/partners in single-earner couples?",[347.0],"Reasoning and Answer:

The table provides information on ""weekly wages of all employees in the economic family"" and ""family size"" for each of the three groups. We need to find the average total weekly wages adjusted for family size for the second group (unattached, lone parents or spouses/partners in single-earner couples).

To adjust the average weekly wages for family size, we can divide the average weekly wages of all employees in the economic family by the average family size for that group. 

From the table:

- Average weekly wages of all employees in the economic family for Group 2: $454
- Average family size for Group 2: 2.0

Therefore, the average total weekly wages adjusted for family size for Group 2 is $454 / 2.0 = $227.

Final Answer: $227 
"
222,which club did tede play for in 2003-04?,['cacereno'],"Reasoning and Answer: The table contains statistics for multiple clubs across various seasons and leagues. The question asks about ""tede"" and his club in 2003-04, but the table only contains statistics for clubs and does not mention any player names. 

Final Answer: There is no information available to answer the question.  
"
223,which club did darren murphy play for in 2017?,['avondale united'],"Reasoning: The table provides career statistics for Darren Murphy, including the clubs he played for and the seasons. We need to find the club he played for in 2017.

From the table:

* Darren Murphy played for Cobh Ramblers in 2017, as indicated by the row with ""Cobh Ramblers"" in the ""Club"" column and ""2017"" in the ""Season"" column.

Final Answer: Cobh Ramblers 
"
224,"in nunavut in 2016, how many inuit with inuktut as their mother tongue who never spoke their mother tongue at home?",[630],"Reasoning and Answer: The table presents devitalizing and mitigating factors for Inuktut in Nunavut in 2016.  We are looking for the number of Inuit who reported Inuktut as their mother tongue but never spoke it at home. This is represented by the ""non-transmission of mother tongue"" category. 

The table indicates that the ""non-transmission of mother tongue"" category had -7,075 individuals. The negative sign indicates a loss of speakers.

Final Answer: 7,075 
"
225,"in nunavut in 2016, what was the percent of the inuit population (negative factor of 2.1 percentage points)?",[2.1],"The table provides information about the devitalizing and mitigating factors affecting Inuktut language use in Nunavut in 2016.  The row ""complete language transfers"" represents a devitalizing factor with a negative factor of 2.1 percentage points. 

**Final Answer: 2.1%** 
"
226,how many inuit learned inuktut as a second language?,[450.0],"Reasoning: The table shows the number of Inuit who learned Inuktut as a second language, categorized by how they use the language. The categories for secondary speakers are ""secondary use"" and ""secondary speakers"". To get the total number of Inuit who learned Inuktut as a second language, we need to add the number of people in each of those categories.

From the table:
- Secondary use: 2,920
- Secondary speakers: 450

Adding these together, we get the total number of secondary speakers:
2,920 + 450 = 3,370

Final Answer: 3,370 
"
227,"how many percentage points did these second-language speakers contribute to the vitality of inuktut, since they can use this language outside the home?",[1.5],"Reasoning and Answer: The table provides information on devitalizing factors and mitigating factors for the vitality of Inuktut in Nunavut in 2016.  The question asks about the contribution of second-language speakers to the vitality of Inuktut, specifically those who use it outside the home. 

We need to focus on the ""mitigating factors"" section. Within this section, we have two categories relevant to second-language speakers:

* **""Use of Inuktut at home among non-Inuit who do not report it as mother tongue""**: This category represents non-Inuit who use Inuktut at home, contributing to its vitality.  This has a percentage point contribution of 0.7.
* **""Secondary speakers""**: This category represents individuals who have learned Inuktut as a second language and can use it outside the home.  This category has a percentage point contribution of 0.4.

The question asks for the total contribution of **both** these categories. Adding these together:

0.7 + 0.4 = 1.1

Final Answer: 1.1 percentage points 
"
228,how many times were aboriginal people more likely to report having ever been homeless or temporarily having to live with someone than non-aboriginal people?,[2.5],"The table shows that 20% of aboriginal people reported having ever been homeless or temporarily lived with someone because they had nowhere else to live, while only 8% of non-aboriginal people reported the same. To find out how many times more likely aboriginal people were to report this, we divide the percentage for aboriginal people by the percentage for non-aboriginal people:

20% / 8% = 2.5

**Final Answer: 2.5** 
"
229,how many times were aboriginal people more likely to report using drugs during the month prior to the survey than non-aboriginal people?,[2.285714],"The table shows that 16% of aboriginal people reported using drugs during the month prior to the survey, while only 7% of non-aboriginal people reported the same. To determine how many times more likely aboriginal people were to report drug use, we divide the percentage for aboriginal people by the percentage for non-aboriginal people:

16% / 7% = 2.29 (approximately)

This means aboriginal people were about **2.29 times** more likely to report using drugs during the month prior to the survey than non-aboriginal people. 

**Final Answer: 2.29 times** 
"
230,how many times were aboriginal people more likely to report fair or poor mental health than non-aboriginal people?,[2],"Reasoning: The table shows the percentage of Aboriginal and non-Aboriginal people reporting fair or poor mental health. To find how many times more likely Aboriginal people are to report this, we need to divide the percentage for Aboriginal people by the percentage for non-Aboriginal people.

From the table:

* Aboriginal people: 10%
* Non-Aboriginal people: 5%

Calculating the ratio: 10% / 5% = 2

Final Answer: 2 times 
"
231,how many times were aboriginal people more likely to perceive social disorder in their neighbourhood than non-aboriginal people?,[1.454545],"The table shows that 32% of Aboriginal people perceive social disorder in their neighborhood, while only 22% of non-Aboriginal people do. To find out how many times more likely Aboriginal people are to perceive social disorder, we can divide the percentage for Aboriginal people by the percentage for non-Aboriginal people:

32% / 22% = 1.45

This means that Aboriginal people were approximately 1.45 times more likely to perceive social disorder in their neighborhood than non-Aboriginal people.

**Final Answer: 1.45 times** 
"
232,how many times were aboriginal people more likely to have a disability than non-aboriginal people?,[1.333333],"Reasoning: The table shows the percentage of Aboriginal people and non-Aboriginal people with disabilities. We need to find the ratio of these percentages.

From the table:

* Aboriginal people with disabilities: 32%
* Non-Aboriginal people with disabilities: 24%

The ratio of these percentages is 32 / 24 = 1.33. This means Aboriginal people were 1.33 times more likely to have a disability than non-Aboriginal people.

Final Answer: 1.33 times 
"
233,how many times were aboriginal people more likely to participate in more than 20 evening activities per month than non-aboriginal people?,[1.333333],"Reasoning and Answer: The table presents the percentage of aboriginal and non-aboriginal people who participated in a specific number of evening activities during the month preceding the survey.  We need to compare the percentage of aboriginal people who participated in 21 or more evening activities to the percentage of non-aboriginal people who participated in 21 or more evening activities. 

From the table:

- The percentage of aboriginal people who participated in 21 or more evening activities is 32%.
- The percentage of non-aboriginal people who participated in 21 or more evening activities is 24%.

To determine how many times more likely aboriginal people were to participate, divide the percentage of aboriginal people by the percentage of non-aboriginal people:

32% / 24% = 1.33

Therefore, aboriginal people were 1.33 times more likely to participate in 21 or more evening activities than non-aboriginal people.

Final Answer: 1.33 times 
"
234,how many times were aboriginal people more likely to have engaged in binge drinking during the month prior to the survey than non-aboriginal people?,[1.153846],"Reasoning and Answer: 
The table shows the percentage of Aboriginal and non-Aboriginal people who engaged in binge drinking during the month prior to the survey.  

- 30% of Aboriginal people reported binge drinking at least once.
- 26% of non-Aboriginal people reported binge drinking at least once.

To find out how many times more likely Aboriginal people were to engage in binge drinking, we divide the percentage for Aboriginal people by the percentage for non-Aboriginal people:

30% / 26% = 1.15

This means Aboriginal people were 1.15 times more likely to have engaged in binge drinking than non-Aboriginal people.

Final Answer: 1.15 times 
"
235,how many receiving yards did beasley get in 2016?,[833.0],"The table shows the receiving yards for each year. In 2016, Beasley got 833 receiving yards.

Final Answer: 833 
"
236,"in 2015,what were the increased number of homicides in alberta, saskatchewan and ontario respectively?","[27, 19, 18]","Reasoning and Answer: 
The table presents the number of homicides in Canada by province or territory from 1985 to 2015. We need to find the increase in homicides in Alberta, Saskatchewan, and Ontario for the year 2015 compared to the previous year (2014).

From the table:

- Alberta: 2015 has 133 homicides and 2014 has 106 homicides. The increase is 133 - 106 = 27.
- Saskatchewan: 2015 has 43 homicides and 2014 has 24 homicides. The increase is 43 - 24 = 19.
- Ontario: 2015 has 174 homicides and 2014 has 156 homicides. The increase is 174 - 156 = 18.

Therefore, the increased number of homicides in Alberta, Saskatchewan, and Ontario respectively in 2015 were 27, 19, and 18.

Final Answer: 27, 19, 18 
"
237,"what were the increases in the number of firearm-related homicides from 2014 in alberta,saskatchewan, manitoba and ontario respectively?","[13, 7, 3, 3]","Reasoning: The table presents the number of homicides by shootings for each province or territory in 2015 and 2014.  We need to find the difference in the number of victims for each province or territory.

Here's the breakdown:

* **Alberta:** 49 (2015) - 36 (2014) = 13 increase
* **Saskatchewan:** 11 (2015) - 4 (2014) = 7 increase
* **Manitoba:** 7 (2015) - 4 (2014) = 3 increase
* **Ontario:** 49 (2015) - 46 (2014) = 3 increase

Final Answer: 13, 7, 3, 3 
"
238,which club did akpo sodje appear in the chinese super league in 2012?,['tianjin teda'],"The table provides information about a player's career statistics, including the clubs he played for and the leagues, but it does not include player names. There is no information on which club Akpo Sodje played for in the Chinese Super League in 2012.

Final Answer: The table does not provide information on which club Akpo Sodje played for in the Chinese Super League in 2012. 
"
239,how many rushing yards didjohnson get in 2016?,[358.0],"The table shows career statistics for a player named Johnson. The row for 2016 shows that he had 358 rushing yards. 

**Final Answer: 358** 
"
240,"among seniors who did report time spent on unpaid household work,who spent the least time in this activity?",['fair or poor'],"Reasoning and Answer: The table shows the average time spent on unpaid household work by seniors based on their self-rated health.  We are looking for the group that reported spending the least amount of time on this activity.

The table shows that those with ""fair or poor"" self-rated health spent an average of 2.9 hours on unpaid household work, which is the least amount of time compared to the other two groups.

Final Answer: Seniors with fair or poor self-rated health. 
"
241,what were the average time spent on unpaid work for those who reported fair or poor health and for those in excellent or very good health respectively?,"[2.9, 3.4]","Reasoning and Answer:

The table shows the average time spent on various activities, categorized by self-rated health. We need to find the average time spent on unpaid household work for those reporting ""fair or poor"" health and ""excellent or very good"" health.

From the table:

* For those reporting ""fair or poor"" health, the average time spent on unpaid household work is 2.9 hours.
* For those reporting ""excellent or very good"" health, the average time spent on unpaid household work is 3.4 hours.

Final Answer: 2.9 hours and 3.4 hours respectively. 
"
242,"among those who watched television,how many hours did the average time spent by those who reported their health as fair or poor more than those who reported their health excellent or ver good?",[1.2],"Reasoning: The table shows the average time spent watching television and videos by people with different self-rated health. We are asked to find the difference in average time spent between those who reported their health as fair or poor and those who reported their health as excellent or very good.

From the table:

- Average time spent watching television for those with fair or poor health: 4.9 hours
- Average time spent watching television for those with excellent or very good health: 3.7 hours

The difference between these two values is:
4.9 hours - 3.7 hours = 1.2 hours

Final Answer: 1.2 hours 
"
243,"who spent more time sleeping,those in fair or poor health or seniors in excellent or very good health?",['fair or poor'],"Reasoning and Answer: The table shows the average time spent on various activities by individuals categorized by their self-rated health. We need to compare the average time spent sleeping by those in ""fair or poor"" health and those in ""excellent or very good"" health.

From the table:

- Those in ""fair or poor"" health spent an average of 9.5 hours sleeping.
- Those in ""excellent or very good"" health spent an average of 8.9 hours sleeping.

Therefore, individuals in ""fair or poor"" health spent more time sleeping than those in ""excellent or very good"" health.

Final Answer: Those in fair or poor health. 
"
244,how many touchdowns did danny wuerffe get in 1996?,[39],"Reasoning: The table shows passing statistics for a college season, including the number of touchdowns (TD) for each year. We need to find the number of touchdowns in 1996.

From the table, we see that the number of touchdowns in 1996 was 39.

Final Answer: 39 
"
245,how many percentage points did the employment rates of canadian men without a bachelor's degree fall from 2000 to 2017?,[0.7],"Reasoning and Answer: The table presents the changes in employment shares of men and women aged 25 to 54 without a bachelor's degree, by industry, for Canada and the United States from 2000 to 2017.  We are interested in the change in employment rates for Canadian men without a bachelor's degree.

The table shows the change in employment rates for Canadian men without a bachelor's degree is -0.7 percentage points.

Final Answer: -0.7 percentage points 
"
246,how many percentage points did the employment rates of american men without a bachelor's degree fall from 2000 to 2017?,[5],"The question asks for the change in employment rates of American men without a bachelor's degree from 2000 to 2017.  This information is found in the ""Changes in employment rate"" row under the ""United States"" column for men. 

Final Answer: -5.0 percentage points 
"
247,how many percentage points did the share of canadian men employed in construction increase from 2000 to 2017?,[5.6],"The table shows the change in employment shares of men and women aged 25 to 54 without a bachelor's degree, by industry, for both Canada and the United States from 2000 to 2017. 

We need to find the change in employment share for Canadian men in the construction industry.

The table shows that the employment share of Canadian men in construction increased by **5.6 percentage points** from 2000 to 2017.

**Final Answer: 5.6** 
"
248,how many percentage points did the share of american men employed in construction rise from 2000 to 2017?,[0.1],"The table shows the changes in employment shares for men and women aged 25 to 54 without a bachelor's degree, by industry, for Canada and the United States from 2000 to 2017. The question asks about the change in employment share of American men employed in construction.

The table shows a change of **0.1 percentage points** for American men employed in construction between 2000 and 2017.

Final Answer: 0.1 percentage points 
"
249,how many percentage points did the mployment rate increase among canadian women aged 25 to 54 without a bachelor's degree from 2000 to 2017?,[3.8],"Reasoning and Answer: The table shows the change in employment rates for Canadian women aged 25 to 54 without a bachelor's degree from 2000 to 2017.  We need to find the value for ""changes in employment rate"" for Canada under the ""women"" column.

Looking at the table, the ""changes in employment rate"" for Canadian women is **3.8 percentage points**. 

Final Answer: 3.8 percentage points 
"
250,how many percentage points did the mployment rate increase among american women aged 25 to 54 without a bachelor's degree from 2000 to 2017?,[5.4],"Reasoning and Answer: The table shows the change in employment rate between 2000 and 2017 for men and women aged 25 to 54 without a bachelor's degree, in both Canada and the United States. 

We need to find the change in employment rate for American women. Looking at the bottom row of the table, we find the ""change in employment rate"" for women in the United States is -5.4 percentage points. 

However, the question asks for the increase, not the decrease. Therefore, the increase is the opposite of -5.4, which is 5.4. 

Final Answer: 5.4% 
"
251,what was the overall change in the employment rate of women aged 25 to 54 without a bachelor's degree from 2000 to 2017?,[9.2],"Reasoning and Answer: The table shows the change in employment rates for both men and women aged 25 to 54 without a bachelor's degree in both Canada and the United States.  We are specifically interested in the overall change in employment rate of women from 2000 to 2017.

The table shows that the overall change in employment rate for women aged 25 to 54 without a bachelor's degree in Canada was 3.8 percentage points and in the United States was -5.4 percentage points. 

Final Answer: The overall change in employment rate of women aged 25 to 54 without a bachelor's degree was 3.8 percentage points in Canada and -5.4 percentage points in the United States. 
"
252,"of the difference in the overall change in the employment rate of women aged 25 to 54 without a bachelor's degree, how many percentage points was attributable to the increase in the share of canadian women employed in educational services, health care and social assistance from 2000 to 2017?",[3.9],"The table shows the changes in employment shares of men and women aged 25 to 54 without a bachelor's degree, by industry, in Canada and the United States, from 2000 to 2017. The question asks for the percentage point contribution of the increase in the share of Canadian women employed in ""educational services, health care and social assistance"" to the overall change in the employment rate of women aged 25 to 54 without a bachelor's degree.

From the table, we can see:

* The overall change in the employment rate of women aged 25 to 54 without a bachelor's degree in Canada is **3.8 percentage points**.
* The change in the employment share of Canadian women in ""educational services, health care and social assistance"" is **4.8 percentage points**.

Therefore, the increase in the share of Canadian women employed in ""educational services, health care and social assistance"" accounts for **4.8 percentage points** of the overall change in the employment rate of women aged 25 to 54 without a bachelor's degree in Canada.

**Final Answer: 4.8 percentage points** 
"
253,"regardless of the region considered, when was the employment rate of men aged 25 to 54 without a bachelor's degree higher, in 2000 or in 2017?",[2000.0],"Reasoning and Answer: The table shows the employment rate of individuals aged 25 to 54 with no bachelor's degree for men and women, by region, in the US for selected years. We need to determine whether the employment rate for men was higher in 2000 or 2017, regardless of the region. 

To answer this, we can look at the ""all regions"" row for men, which represents the average across all regions:

- In 2000, the employment rate for men was 86.7%.
- In 2017, the employment rate for men was 81.8%.

Therefore, the employment rate of men aged 25 to 54 without a bachelor's degree was higher in 2000.

Final Answer: 2000 
"
254,"regardless of the region considered, when was the employment rate of women aged 25 to 54 without a bachelor's degree higher, in 2000 or in 2017?",[2000.0],"Reasoning and Answer: The table shows employment rates for women aged 25 to 54 without a bachelor's degree for various regions in the United States.  We need to compare the employment rates in 2000 and 2017, regardless of the region. 

Looking at the ""women"" section, each row represents a region and shows the employment rate for that region in 2000 and 2017.  In every single region, the employment rate in 2000 is higher than the employment rate in 2017. 

Final Answer: 2000 
"
255,which sectors witnessed the canada-u.s. difference in wage growth amounted to 15 percentage points or more from 2000 to 2017?,"['construction', 'mining, quarrying and oil and gas extraction', 'public administration']","Reasoning and Answer:

The table displays the growth in real median hourly wages of men and women aged 25 to 54 without a bachelor's degree, by industry, for Canada and the United States from 2000 to 2017. We need to identify the industries where the difference in wage growth between Canada and the United States was 15 percentage points or more.

To find the difference, we need to subtract the US wage growth percentage from the Canadian wage growth percentage for each industry, both for men and women. 

Here are the industries that meet the criteria:

* **Agriculture, forestry, fishing and hunting (men):** 13.7% (US) - 2.5% (Canada) = 11.2% difference
* **Mining, quarrying and oil and gas extraction (men):** 26.4% (Canada) - 4.4% (US) = 22% difference
* **Mining, quarrying and oil and gas extraction (women):** 25.9% (Canada) - (-1.1%) (US) = 27% difference
* **Construction (men):** 15.6% (Canada) - (-2.2%) (US) = 17.8% difference
* **Construction (women):** 20.3% (Canada) - 5.3% (US) = 15% difference

Final Answer:
- Agriculture, forestry, fishing and hunting (men)
- Mining, quarrying and oil and gas extraction (men)
- Mining, quarrying and oil and gas extraction (women)
- Construction (men)
- Construction (women) 
"
256,how many percentage points did the canada-u.s. difference in wage growth for men employed in manufacturing amount to from 2000 to 2017?,[1.8],"Reasoning and Answer: 
The table shows the growth in real median hourly wages of men and women aged 25 to 54, without a bachelor's degree, by industry, for both Canada and the United States between 2000 and 2017.  We are looking for the percentage point difference in wage growth for men employed in manufacturing.

From the table:
- Canada's growth for men in manufacturing: -2.2%
- United States' growth for men in manufacturing: -4.0%

The difference in percentage points is:
-4.0% - (-2.2%) = -1.8%

Final Answer: 1.8% 
"
257,how many rushing yards did russell wilson get in 2012?,[489.0],"The table provides statistics for Russell Wilson's performance in the regular season, including rushing yards, for each year from 2012 to 2018.

To find his rushing yards in 2012, locate the row corresponding to the year 2012 and look for the column labeled ""rushing yds"". The value in this cell is 489.

**Final Answer: 489** 
"
258,what is the participation rate in 2007?,[67.4],"Reasoning and Answer: The table presents the participation rate, which is the percentage of people participating in a particular activity, in 2007 and 2016 for both sexes, men and women. The table also includes counterfactual participation rates for 2016, which are calculated by assuming that certain factors, such as age structure, education and school attendance, or family structure, remained at the levels observed in 2007.

The question asks for the participation rate in 2007. The table provides the actual participation rate for both sexes in 2007, which is 67.4%.

Final Answer: 67.4% 
"
259,what is the participation rate in 2016 if the age structure had been the same as in 2007?,[68.3],"Reasoning and Answer: The table shows the participation rate for both sexes, men, and women in 2007 and 2016. It also provides counterfactual scenarios for 2016, showing how the participation rate would have been different if certain demographic characteristics were held constant at their 2007 levels. 

The question asks for the participation rate in 2016 *if the age structure had been the same as in 2007*.  This is precisely the information provided in the row labeled ""with 2007 age structure only"".

The participation rate in 2016 with the 2007 age structure is given as 68.3% for both sexes.

Final Answer: 68.3% 
"
260,"if the age structure in 2016 had been the same as in 2007, which year has a higher participation rate?",['with 2007 age structure only'],"Reasoning: The table shows the participation rate for both sexes, men and women for the year 2007 and 2016. The table also presents a counterfactual scenario for 2016, where the participation rate is calculated with the age structure of 2007. We are interested in finding which year has a higher participation rate when 2016's age structure is replaced with the 2007 age structure.

From the table:

- Actual participation rate for 2007 (both sexes) is 67.4%
- Counterfactual participation rate for 2016 (with 2007 age structure) is 68.3%

The counterfactual participation rate for 2016 with the 2007 age structure is higher than the actual participation rate for 2007.

Final Answer: 2016 
"
261,how much the participation rate declined from 2007 to 2016?,[1.7],"Reasoning and Answer:

The table shows the participation rate for both sexes, men, and women in 2007 and 2016. To determine the decline in participation rate from 2007 to 2016, we need to compare the participation rates for the same category (both sexes, men, or women) in the respective years.

The question asks for the decline in participation rate for ""both sexes"".

From the table:
- Participation rate in 2007 for both sexes: 67.4%
- Participation rate in 2016 for both sexes: 65.7%

The decline in participation rate is:
67.4% - 65.7% = 1.7%

Final Answer: 1.7% 
"
262,what was the proportion of children who met all three 24-hour guidelines recommendations?,[13.9],"The table shows the proportion of children and youth who met all three 24-hour guideline recommendations. For children, the proportion is 13.9%.

Final Answer: 13.9% 
"
263,what was the proportion of youth who met all three 24-hour guidelines recommendations?,[4.8],"Reasoning and Answer: The table provides the weighted percentage of youth who met all three 24-hour guideline recommendations. The percentage is 4.8%. 

Final Answer: 4.8% 
"
264,how many rushing yards did jackson get in four seasons totally.,[2782.0],"Reasoning: The table provides rushing yards for the team ""rai"", not Jackson. The question asks for Jackson's rushing yards, which cannot be determined from the table. 

Final Answer: Cannot be determined. 
"
265,"in 2012, how many percent of inuit women had been diagnosed with arthritis while the same percentage had been diagnosed with high blood pressure?",[15.2],"Reasoning and Answer:

The table shows the prevalence of different chronic conditions diagnosed in female populations aged 15 and over, broken down by aboriginal identity group.  We need to find the percentage of Inuit women diagnosed with arthritis and the percentage diagnosed with high blood pressure.

According to the table:

* The percentage of Inuit women diagnosed with arthritis is 15.2%
* The percentage of Inuit women diagnosed with high blood pressure is 14.8%

Therefore, the answer is **14.8%**.

Final Answer: 14.8% 
"
266,which club did kablash play for in 2015?,['nasaf'],"The table provides information about various clubs Kablash played for, the season, league, and number of appearances and goals. However, it doesn't contain any information about Kablash's full name or any details on which club he played for in 2015. 

**Final Answer:** There is no information available in the table to answer the question. 
"
267,"in 2014/2015, how many cases did canada's youth courts complet involving 120,907 charges related to criminal code and other federal statute offences, including offences related to the ycja?",[32835.0],"Reasoning and Answer: The table provides information on the total number of charges and cases completed in youth courts across Canada from 2005/2006 to 2014/2015. The question asks for the number of cases completed in 2014/2015. The table shows that in 2014/2015, there were 32,835 cases completed. 

Final Answer: 32,835 
"
268,"in 2014/2015, how many charges did canada's youth courts complet cases involving related to criminal code and other federal statute offences, including offences related to the ycja?",[120907.0],"Reasoning: The table provides data on total charges and cases completed in youth courts in Canada from 2005/2006 to 2014/2015. It shows the number of charges and cases, as well as the percentage change from the previous year. However, the table doesn't provide a breakdown of charges and cases by type of offence, including those related to the Youth Criminal Justice Act (YCJA).  Therefore, it's impossible to determine how many charges were related to criminal code, other federal statutes, and YCJA offences in 2014/2015.

Final Answer: This information cannot be determined from the table. 
"
269,what was the number of aboriginal victims of homicide in canada in 2016?,[142.0],"The table shows the number of aboriginal homicide victims by province or territory. We need to find the total number of aboriginal victims across all provinces and territories. 

Looking at the ""aboriginal"" column under ""male homicide victims"", ""female homicide victims"" and ""total homicide victims"" we sum the individual values:

1 + 0 + 1 + 0 + 4 + 17 + 21 + 29 + 21 + 15 + 2 + 2 + 0 = **142**

Final Answer: 142 
"
270,what was the homicide rate for aboriginal people in 2016?,[8.19],"The table provides the homicide rate for aboriginal people in 2016 for each province or territory, along with the overall rate for Canada. To find the overall homicide rate for aboriginal people across Canada in 2016, we need to look at the ""Canada"" row and the ""aboriginal"" column. 

**Final Answer: 8.19** 
"
271,what was the multiple relationship between the rate of homicide for aboriginal people in 2016 and for non-aboriginal people?,[6.11194],"Reasoning and Answer: The table shows the rates of homicide victims and accused persons, by sex and aboriginal identity for Canada in 2016. To determine the relationship between the rate of homicide for aboriginal people and the rate of homicide for non-aboriginal people, we need to compare the rates for both groups across all provinces and territories. 

From the table, it's clear that the homicide rate for Aboriginal people is consistently higher than the homicide rate for non-Aboriginal people in every province and territory.  

Final Answer:  The rate of homicide for Aboriginal people was consistently higher than the rate of homicide for non-Aboriginal people in 2016. 
"
272,"among saskatchewan, alberta and manitoba,which province reported the highest rate of homicide for aboriginal people in 2016?",['saskatchewan'],"The table provides homicide rates for aboriginal and non-aboriginal populations in different provinces and territories. We need to identify the province with the highest homicide rate for aboriginal people among Saskatchewan, Alberta, and Manitoba.

Examining the table:

- Saskatchewan: Rate for aboriginal homicide victims is 31.03
- Alberta: Rate for aboriginal homicide victims is 14.91
- Manitoba: Rate for aboriginal homicide victims is 18.51

Saskatchewan has the highest rate of homicide for aboriginal people, with a rate of 31.03.

**Final Answer: Saskatchewan** 
"
273,what was the rate of homicide for aboriginal people in 2016 in manitoba?,[11.71],"The table provides homicide rates for both aboriginal and non-aboriginal populations, broken down by sex and province/territory. We need to find the homicide rate for aboriginal people in Manitoba.

Looking at the row for Manitoba:

- The rate for aboriginal male homicide victims is 18.51.
- The rate for aboriginal female homicide victims is 5.12.

To find the overall rate for aboriginal people, we need to combine these rates. However, without further information on the relative proportions of males and females within the aboriginal population, we cannot accurately calculate the overall rate. 

**Final Answer:**  We cannot determine the overall homicide rate for aboriginal people in Manitoba in 2016 from the provided data. 
"
274,what was the rate of homicide for aboriginal people in 2016 in alberta?,[10.99],"The table shows the rates of homicide victims by sex, aboriginal identity, and province/territory in 2016. To find the rate of homicide for aboriginal people in Alberta, we need to look for the ""aboriginal"" row under ""Alberta"" and find the value in the ""rate"" column.

The table shows the rate of homicide for aboriginal people in Alberta is **10.99**.

Final Answer: 10.99 
"
275,"what was the percent change of csis from 2016 to 2017 in northwest territories,yukon and nunavut respectively?","[2.0, 1.0, 1.0]","The question asks for the percent change of CSIS (Crime Severity Index) from 2016 to 2017 in Northwest Territories, Yukon, and Nunavut.

Looking at the table, we can find the following information:

* **Northwest Territories:**  The percent change in CSIS from 2016 to 2017 is **2%**.
* **Yukon:** The percent change in CSIS from 2016 to 2017 is **1%**.
* **Nunavut:** The percent change in CSIS from 2016 to 2017 is **1%**.

**Final Answer: 2%, 1%, 1%** 
"
276,which province reported the largest increase in the nvcsi from 2016 to 2017?,['new brunswick'],"Reasoning and Answer: The table provides the percent change in the non-violent crime severity index (NVCSI) from 2016 to 2017 for each province and territory.  We need to find the province with the highest positive percentage change.

Looking at the ""percent change 2016 to 2017"" column for NVCSI, we find:

* New Brunswick has a 14% increase.

All other provinces have either a decrease or a smaller increase. 

Final Answer: New Brunswick 
"
277,which province reported the largest decrease in the nvcsi in 2017?,"['prince edward island', 'newfoundland and labrador']","Reasoning and Answer: The table presents police-reported crime severity indexes (CSI) for each province and territory in Canada in 2017. We are interested in the Non-Violent Crime Severity Index (NVCSI) and the percentage decrease from 2016 to 2017.

Looking at the ""percent change 2016 to 2017"" column for the NVCSI, we can see the following decreases:

* Newfoundland and Labrador: -11%
* Prince Edward Island: -11%
* British Columbia: -7%
* Yukon: -4%
* Nunavut: -4%

The largest decrease in the NVCSI in 2017 is a tie between Newfoundland and Labrador and Prince Edward Island, both reporting a -11% decrease.

Final Answer: Newfoundland and Labrador, Prince Edward Island 
"
278,list the top3 cmas with the highest crime rates in 2017.,"['saskatoon', 'edmonton', 'regina']","Reasoning: The table shows the total crime rates for each Census Metropolitan Area (CMA) in 2017. To find the top 3 CMAs with the highest crime rates, we need to look at the 'total crime rate' column and identify the 3 highest values.

From the table:

1. Regina has a crime rate of 8,681.
2. Saskatoon has a crime rate of 8,694.
3. Edmonton has a crime rate of 8,614.

Final Answer: Regina, Saskatoon, Edmonton 
"
279,how many league goals did franco brienza score for palermo in 2004-05?,[10.0],"The table shows the number of goals scored by Franco Brienza for various clubs in different competitions. We need to find the number of league goals scored by Franco Brienza for Palermo in the 2004-05 season. 

We can locate this information by looking at the ""Palermo"" row, the ""2004-05"" season, and the ""League"" column. The table shows that Franco Brienza scored **10 goals** for Palermo in the league during the 2004-05 season.

Final Answer: 10 
"
280,what was the percentage change in foreign control during the period before 2000?,[-0.2],"The question asks for the percentage change in foreign control during the period before 2000. This period corresponds to the time between 1973-1975 and 1997-1999.

The table provides the percentage change in foreign control ""between the 1973-to-1975 and 1997-to-1999 periods"".

Final Answer:  The percentage change in foreign control during the period before 2000 is provided in the table's column ""between the 1973-to-1975 and 1997-to-1999 periods"". 
"
281,what was the percentage change in foreign controling at the science-based sector and product-differentiated sector during the period before 2000 respectively?,"[-30.0, -14.7]","The table provides information on foreign control in different sectors, including percentage changes in foreign control between periods. We need to find the percentage change in foreign control for the science-based sector and product-differentiated sector between the 1973-to-1975 and 1997-to-1999 periods. 

From the table:

* The percentage change in foreign control for the science-based sector between 1973-to-1975 and 1997-to-1999 is -30.0%.
* The percentage change in foreign control for the product-differentiated sector between 1973-to-1975 and 1997-to-1999 is -14.7%.

Final Answer: -30.0% and -14.7% 
"
282,what was the percentage change in foreign control during the years before 2000?,[-14.4],"The table shows the percentage change in foreign control between two periods: 1973-1975 and 1997-1999, and 1997-1999 and 2009-2011. The years before 2000 would refer to the period 1973-1975 and 1997-1999.

The column titled ""between the 1973-to-1975 and 1997-to-1999 periods"" shows the percentage change in foreign control during those years.  

Final Answer: between the 1973-to-1975 and 1997-to-1999 periods 
"
283,what was the percentage change in foreign control in natural resources before 2000?,[-29.5],"The table shows the percentage change in foreign control between different periods. We are interested in the natural-resources-based sector between the 1973-to-1975 and 1997-to-1999 periods.  

Looking at the row for ""natural-resources-based"", the percentage change in foreign control between 1973-to-1975 and 1997-to-1999 is -29.5%.

**Final Answer: -29.5%** 
"
284,what was the percentage change in foreign control at the scale-based sector before 2000?,[7.2],"Reasoning and Answer: The table provides the percentage change in foreign control for various sectors across different time periods. We need to find the percentage change in foreign control for the ""scale-based"" sector between the 1973-to-1975 and 1997-to-1999 periods.

From the table, the percentage change in foreign control for the ""scale-based"" sector between the 1973-to-1975 and 1997-to-1999 periods is 7.2%.

Final Answer: 7.2% 
"
285,what were the shares of manufacturing output of labour-intensive industries between 1973 to 1975 and 1997 to 1999 respectively?,"[14.4, 10.1]","The table provides the average sector output share for various industries, including labour-intensive industries, for three periods: 1973 to 1975, 1997 to 1999, and 2009 to 2011.

The share of manufacturing output of labour-intensive industries is presented under the ""average sector output share"" column. 

- For the period 1973 to 1975, the share is 14.4%.
- For the period 1997 to 1999, the share is 10.1%.

**Final Answer:** 14.4%, 10.1% 
"
286,what were the shares of manufacturing output of scale-based industries between 1973 to 1975 and 1997 to 1999 respectively?,"[34.8, 41.8]","The table shows the average sector output share for various industries, including scale-based industries, for different time periods. We need to find the output share of scale-based industries for 1973 to 1975 and 1997 to 1999.

From the table:

- The average sector output share of scale-based industries for 1973 to 1975 was 34.8%.
- The average sector output share of scale-based industries for 1997 to 1999 was 41.8%.

Final Answer: 34.8% and 41.8% 
"
287,what was the percentage change in foreign control at the scale-based sector after 2000?,[-5.2],"Reasoning and Answer: The table displays data on average sector output and average foreign-controlled market shares, along with percentage change in foreign control for various sectors. We need to find the percentage change in foreign control for the ""scale-based"" sector between the periods 1997-to-1999 and 2009-to-2011. 

Looking at the table, the percentage change in foreign control for the scale-based sector between the 1997-to-1999 and 2009-to-2011 periods is -5.2%. 

Final Answer: -5.2% 
"
288,what was the percentage change in the share of manufacturing output for natural-resource-based industries between 1973 to 1975 and 1997 to 1999?,[0.8],"The table provides data on the average sector output share (nominal) for different sectors, including natural-resource-based industries, over three time periods: 1973 to 1975, 1997 to 1999, and 2009 to 2011. 

To find the percentage change in the share of manufacturing output for natural-resource-based industries between 1973 to 1975 and 1997 to 1999, we need to:

1. **Identify the relevant data:** 
    -  The average sector output share for natural-resource-based industries in 1973 to 1975 is 15.5%.
    - The average sector output share for natural-resource-based industries in 1997 to 1999 is 14.7%.

2. **Calculate the change:** 
    -  14.7% (1997 to 1999) - 15.5% (1973 to 1975) = -0.8%

3. **Express the change as a percentage:**
    -  (-0.8% / 15.5%) * 100% = -5.2% (approximately)

**Final Answer: -5.2%** 
"
289,what was the percentage change in foreign control in the science-based sector after 2000?,[-8.2],"The table shows the percentage change in foreign control between different time periods for various sectors. We are interested in the science-based sector's change after 2000. 

The table provides two percentage change values for the science-based sector:
* Between the 1997-to-1999 and 2009-to-2011 periods: -8.2% 
* Between the 1973-to-1975 and 2009-to-2011 periods: -35.8%

Since we are looking for the change after 2000, we need the percentage change between the 1997-to-1999 and 2009-to-2011 periods.

Final Answer: -8.2% 
"
290,what was the average sector output share of natural-resources-based industries in the 2009-to-2011 period?,[26.3],"The table provides information about average sector output share for different industries over three periods: 1973-to-1975, 1997-to-1999, and 2009-to-2011. We are looking for the average sector output share of natural-resources-based industries during the 2009-to-2011 period.

According to the table, the average sector output share of natural-resources-based industries in the 2009-to-2011 period was **26.3%**.

**Final Answer: 26.3%** 
"
291,how many rushing yards did barkley get in 2015?,[1076.0],"The table shows statistics for a college football team, with a focus on the rushing yards for each season.  We need to find the rushing yards for 2015.

The table lists the rushing yards for each season under the 'yds' column.  For 2015, the rushing yards are listed as 1,076.

Final Answer: 1,076 
"
292,"for men, the probabilities of permanent retirement decreased by 29%, what is the high percentage in 1941?",[48.5],"Reasoning and Answer: 

The question asks for the original 'high' percentage in 1941 for men, given that it decreased by 29%.  

We can solve this by considering the decreased percentage as a fraction of the original percentage: 

* Let 'x' represent the original 'high' percentage in 1941.
* A 29% decrease means the remaining percentage is 100% - 29% = 71% of the original percentage.
* We know that 71% of the original percentage (x) equals the current 'high' percentage in 1941, which is 48.5. 

This can be represented by the equation: 0.71 * x = 48.5

Solving for x:
x = 48.5 / 0.71 
x = 68.31 (rounded to two decimal places)

Final Answer: 68.31% 
"
293,"for men, the probabilities of permanent retirement decreased by 29%, what is the high percentage in 1946?",[34.5],"Reasoning and Answer: 
The question states that for men, the probabilities of permanent retirement decreased by 29% between 1944 and 1946. We need to find the percentage for 'high' unemployment rate in 1946. 

- In 1944, the probability of permanent retirement for men with a 'high' unemployment rate was 29.3%.
- A decrease of 29% means the probability in 1946 was 29.3% - (29.3%*0.29) = 20.7%.

However, the table shows the probability in 1946 for men with a 'high' unemployment rate is 34.5%, which is different from the calculated value. This indicates there might be an error in the question or the context provided.

Final Answer: There is no valid answer based on the table and the given information. 
"
294,"for women, the decline was similar, at close to 31%, what is the high probabilities in 1941 ?",[74.5],"Reasoning and Answer: The table shows the cumulative probabilities of permanent retirement before age 62, broken down by birth cohort (1941 to 1946), ER unemployment rate (low, moderate, high), and sex (men, women). The question asks for the ""high"" probability for women in 1941. The table shows that the probability for women in 1941 with a ""high"" unemployment rate is 74.5%. 

Final Answer: 74.5% 
"
295,"for women, the decline was similar, at close to 31%, what is the high probabilities in 1946 ?",[51.6],"Reasoning: The table shows predicted probabilities of permanent retirement before age 62 for different birth cohorts (1941-1946) and unemployment rate categories (low, moderate, high). The question asks for the probability of permanent retirement before age 62 for women in the ""high"" unemployment category born in 1946.

The table indicates that for women born in 1946 with a high unemployment rate, the predicted probability is 51.6%.

Final Answer: 51.6% 
"
296,what was the percentage of the share of revenues for employers in born more than 10 years for first nations csds in service?,[59.4],"Reasoning and Answer: The table shows the distribution of revenues by industry and age of business for First Nations, Inuit, and non-Indigenous comparison groups. We need to find the percentage of revenues for employers in the ""born more than 10 years"" category for First Nations in the ""service"" industry.

From the table:

- The percentage of revenues for First Nations employers in the ""born more than 10 years"" category in the ""service"" industry is 59.4%.

Final Answer: 59.4% 
"
297,what was the percentage of the share of revenues for employers in born more than 10 years for first nations csds in goods (resource) industries?,[79.4],"The table shows the distribution of revenues by industry and age of business. We are looking for the percentage of the share of revenues for employers in born more than 10 years for First Nations CSDS in goods (resource) industries.

From the table, we find the percentage for the following:
- **First Nations CSDS** in **Goods (Resource)** industries, **born more than 10 years** : **68.6%**

**Final Answer: 68.6%** 
"
298,which age group of non-employers in inuit csds in goods (non-resource) industries for which most of the revenues are earned by businesses?,['born last 5 years'],"Reasoning: The question asks for the age group of Inuit non-employer businesses in the goods (non-resource) industries where the majority of revenues are earned.  We need to look at the ""Inuit"" column and ""Goods"" row, specifically the ""Non-employer"" percentage for each age group.

- ""Born last 5 years"": 78.9%
- ""Born between 5 and 10 years"": 16.3%
- ""Born more than 10 years"": 4.8%

The highest percentage is for businesses born in the last 5 years.

Final Answer: Born last 5 years 
"
299,what was the percentage of the share of revenues for employers in born more than 10 years for first nations csds in service?,[59.4],"The table shows the distribution of revenues by industry and age of business for First Nations, Inuit, and a non-Indigenous comparison group. We need to find the percentage of revenue share for First Nations employers in the service industry who were born more than 10 years ago.

From the table:

* Under ""First Nations"" and ""Service"", the percentage of revenue share for employers born more than 10 years ago is 59.4%.

**Final Answer: 59.4%** 
"
300,what was the percentage of the share of revenues for employers in born more than 10 years for first nations csds in goods (resource) industries?,[79.4],"The table shows the distribution of revenues by industry and age of business for First Nations, Inuit, and non-Indigenous comparison groups. We are asked to find the percentage of revenue share for employers in First Nations CSDs in the goods (resource) industries that were born more than 10 years ago.

Looking at the table, for ""First Nations"" and ""goods"", and ""born more than 10 years"", we find the percentage for employers is 68.6%.

Final Answer: 68.6% 
"
301,which age group of non-employers in inuit csds in goods (non-resource) industries for which most of the revenues are earned by businesses?,['born last 5 years'],"The table provides the distribution of revenues by industry and age of business for First Nations, Inuit, and a non-Indigenous comparison group. We need to identify the age group of non-employer businesses in the Inuit group for the ""goods (non-resource)"" industry where the majority of revenues are earned.

Looking at the ""goods (non-resource)"" section for the Inuit group, we see the following percentages of non-employer businesses for different age groups:

- Born last 5 years: 5.6%
- Born between 5 and 10 years: 7.5%
- Born more than 10 years: 86.9%

Since 86.9% of revenues for non-employer businesses in the Inuit group in the ""goods (non-resource)"" industry are generated by businesses born more than 10 years ago, this is the age group where the most revenues are earned.

**Final Answer: Born more than 10 years** 
"
302,"according to the 2014 sepr, what is the percentage of individuals indicated that their homes had a working smoke detector?",[98.0],"Reasoning: The table shows the percentage of Canadians whose households have a working smoke detector, carbon monoxide detector, and fire extinguisher, by province in 2014. The last row represents the total for all provinces.

The percentage of Canadians with a working smoke detector in their homes is listed as 98% in the ""Total"" row. 

Final Answer: 98% 
"
303,"according to the 2014 sepr, what is the percentage of individuals indicated that their homes had a working fire extinguisher?",[66.0],"Reasoning and Answer: The table shows the percentage of Canadians whose household has a working fire extinguisher, by province, in 2014. To answer the question, we need to look at the ""fire extinguisher"" column and find the percentage for ""total"".

According to the table, 66% of Canadians indicated that their homes had a working fire extinguisher.

Final Answer: 66% 
"
304,"according to the 2014 sepr, what is the percentage of individuals indicated that their homes had a working carbon monoxide detector?",[60.0],"Reasoning and Answer: The table shows the percentage of Canadians whose household has a working carbon monoxide detector by province in 2014. To find the overall percentage of individuals indicating their homes had a working carbon monoxide detector, we look at the ""Total"" row. 

The table shows that 60% of Canadians indicated their homes had a working carbon monoxide detector.

Final Answer: 60% 
"
305,"in 1977, which album did true release the single ""n.y., you got me dancing"" from?",['white witch'],"Reasoning and Answer: The table lists the singles released by the band ""Singles"" along with their corresponding albums.  Looking at the year 1977, we find that the single ""N.Y., You Got Me Dancing"" was released from the album ""White Witch."" 

Final Answer: White Witch 
"
306,"even after taking demographic and field of study differences into account, how many percent of undergraduate students who graduated in 2009 earned is less than those who graduated in 2008?",[8.1],"Reasoning and Answer: The table shows the unadjusted and adjusted gaps in earnings between graduates of different cohorts.  The adjusted gaps are calculated using Model A and Model B to account for demographic and field of study differences. 

The question asks about the adjusted gap in earnings between 2009 and 2008 undergraduate graduates. 

According to the table, the adjusted gap in earnings for 2009 undergraduate graduates is -7.3% (Model A) and -7.8% (Model B). However, there is no data available for the 2008 cohort. We can't determine the exact difference in earnings between those who graduated in 2009 and 2008 based on the provided information.

Final Answer: Unable to answer, there is no data available for 2008 graduates. 
"
307,"godfrey's best season with brentford came in 1990-91, how many appearances did he make?",[46.0],"Reasoning: The table shows Godfrey's career statistics, including the number of appearances (apps) he made for each club and season. The question asks for the number of appearances he made in the 1990-91 season with Brentford.

Looking at the table, we find Godfrey's statistics for Brentford in the 1990-91 season. The number of appearances is listed as 46.

Final Answer: 46 
"
308,"godfrey's best season with brentford came in 1990-91, how many goals did he score?",[6.0],"Reasoning: The table shows Godfrey's career statistics, including goals scored in different seasons for Brentford. We need to find the number of goals he scored in the 1990-91 season for Brentford.

Looking at the table, under the ""Brentford"" club and ""1990-91"" season, we find the ""goals"" column for the ""league"" is ""4.""

Final Answer: 4 
"
309,what percent of individuals aged 60 years old on average are immigrants?,[6.1],"The table provides information on various demographic characteristics, including the percentage of individuals who are immigrants. However, it doesn't specifically break down the information by age.  Therefore, we can't determine the percentage of individuals aged 60 years old who are immigrants from the given table. 

**Final Answer: Not enough information.** 
"
310,what percent of individuals and their spouses were employed in 2006?,"[62.9, 62.6]","Reasoning: The table shows descriptive statistics on various aspects of individuals and their spouses in 2006.  The percentages of individuals and their spouses having ""labour income"" represent the percentage employed. 

Final Answer: 62.9% of individuals and 62.6% of spouses were employed. 
"
311,which age group has the highest rate of accused of property crimes in 2017?,['12 to 17'],"The table shows the number and rate of persons accused of property offences in Canada in 2017, broken down by age group and sex. To find the age group with the highest rate, we need to look at the ""rate"" column for each age group. 

The highest rate is found in the ""18 to 24"" age group for males, with a rate of 2,311. While the total rate for the ""18 to 24"" age group is 1,696, the male rate is higher than any other age group, regardless of sex.

Final Answer: 18 to 24 
"
312,how many times of overall rate of females accused of property crimes in 2017 among youth aged 12 to 17 are higher than the rate for females aged 65 to 89?,[17.967213],"Reasoning and Answer:

The table presents the number and rate of females accused of property crimes in 2017, broken down by age groups. 

We need to compare the rate for females aged 12 to 17 (1,096) with the rate for females aged 65 and older (61).

The rate for females aged 12 to 17 is 1,096, which is higher than the rate for females aged 65 and older (61).

To find how many times higher the rate is, we divide the rate for females aged 12 to 17 by the rate for females aged 65 and older:

1,096 / 61 = 18

The rate for females aged 12 to 17 is 18 times higher than the rate for females aged 65 and older.

Final Answer: 18 
"
313,"between 2007 and 2017, how many homicides wre recorded in manitoba overall.",[677.0],"Reasoning: The table lists the number of persons accused of homicide by province and territory, separated by sex. To find the total number of homicides in Manitoba, we need to add the number of accused females and males.

From the table:
- Females accused of homicide in Manitoba: 104
- Males accused of homicide in Manitoba: 573

Therefore, the total number of homicides recorded in Manitoba between 2007 and 2017 is 104 + 573 = 677

Final Answer: 677 
"
314,how many rushing yards did joe mixon finish the season with?,[1168.0],"Reasoning and Answer: The table shows rushing statistics for a team, not individual players. There is no information about Joe Mixon's rushing yards for the season. 

Final Answer: This information cannot be determined from the table. 
"
315,how many percentage pionts was internet use among seniors aged 65 to 69 in 2007?,[40.8],"Reasoning and Answer: The table shows the predicted probability of internet use by seniors across sociodemographic characteristics from 2007 to 2016. We are looking for the percentage of internet use among seniors aged 65 to 69 in 2007.

According to the table, the predicted probability of internet use among seniors aged 65 to 69 in 2007 was 40.8%.

Final Answer: 40.8% 
"
316,how many percentage pionts was internet use among seniors aged 70 to 74 in 2007?,[35.1],"Reasoning and Answer: The table provides the predicted probability of internet use among seniors by various sociodemographic characteristics, including age, from 2007 to 2016. We need to find the percentage point for seniors aged 70 to 74 in 2007.

From the table:

The predicted probability of internet use among seniors aged 70 to 74 in 2007 was 35.1%.

Final Answer: 35.1% 
"
317,how many percentage pionts was internet use among seniors aged 75 to 79 in 2007?,[28.3],"Reasoning and Answer: The table shows the predicted probability of internet use by seniors across various sociodemographic characteristics, including age, from 2007 to 2016. We need to find the percentage of internet use among seniors aged 75 to 79 in 2007.

According to the table, the predicted probability of internet use among seniors aged 75 to 79 in 2007 was 28.3%.

Final Answer: 28.3% 
"
318,how many percentage pionts was internet use among seniors aged 80 and older in 2007?,[19.3],"Reasoning: The question asks about the percentage of internet use among seniors aged 80 and older in 2007.  The table shows that the predicted probability of internet use for seniors aged 80 and older in 2007 was 19.3%. 

Final Answer: 19.3% 
"
319,how many percentage points did the absolute gap between seniors aged 65 to 69 and seniors aged 80 and older stand in 2017?,[21.5],"Reasoning and Answer:

The table shows the predicted probability of internet use by seniors across various sociodemographic characteristics from 2007 to 2016. We need to determine the percentage point difference between seniors aged 65 to 69 and those aged 80 and older in 2016. 

From the table:

- In 2016, seniors aged 65 to 69 had a predicted probability of 81.3% of using the internet.
- In 2016, seniors aged 80 and older had a predicted probability of 49.2% of using the internet.

The absolute gap between these two groups is: 81.3% - 49.2% = 32.1%

Final Answer: 32.1% 
"
320,how many percentage points did the absolute gap between seniors aged 65 to 69 and seniors aged 80 and older increase to in 2017?,[32.1],"The table provides predicted probability of internet use by seniors across sociodemographic characteristics from 2007 to 2016. We need to calculate the absolute gap between seniors aged 65 to 69 and seniors aged 80 and older for each year and then find the increase in the gap from 2016 to 2017. However, the table only provides data up to 2016, so we cannot determine the increase in the gap for 2017.

**Final Answer:**  This question cannot be answered with the given information. 
"
321,"how many percentage points was the internet use for seniors with a household income between $60,000 and $79,999 in 2016?",[73.0],"Reasoning and Answer: The table shows the predicted probability of internet use by seniors across sociodemographic characteristics, including household income.  The column labeled ""2016"" provides the percentage of seniors in each income category who are predicted to use the internet.  The question asks for the percentage point for seniors with a household income between $60,000 and $79,999,  which is 73.0%.

Final Answer: 73.0% 
"
322,"how many percentage points was the internet use for seniors with a household income under $20,000 in 2016?",[54.1],"Reasoning and Answer: The table presents predicted probabilities of internet use for seniors across various sociodemographic characteristics, including household income in 2016. The question specifically asks for the percentage of seniors with a household income under $20,000 who used the internet in 2016.

The table shows that the predicted probability of internet use for seniors with a household income under $20,000 in 2016 was 54.1%. 

Final Answer: 54.1% 
"
323,"how many percentage points was the internet use for seniors with a household income of $100,000 and over in 2016?",[79.4],"Reasoning and Answer: The table shows the predicted probability of internet use by seniors across sociodemographic characteristics, including household income, in 2016. We need to find the percentage of seniors with a household income of $100,000 and over who used the internet in 2016.

According to the table, the percentage of internet use for seniors with a household income of $100,000 and over in 2016 was 79.4%.

Final Answer: 79.4% 
"
324,what was the percentage of manufacturers engaged in import activities from 2002 to 2012?,[30.64],"Reasoning and Answer: 
The table shows the import participation rates of firms in the manufacturing and wholesale trade sectors. The import participation rate for all manufacturing firms is given as 30.64%. 

Final Answer: 30.64% 
"
325,what was the percentage of wholesalers engaged in import activities from 2002 to 2012?,[31.54],"Reasoning and Answer: 
The table displays the import and export participation rates of firms in the manufacturing and wholesale trade sectors, specifically highlighting the participation rates of immigrant-owned firms.  The question asks for the percentage of wholesalers engaged in import activities from 2002 to 2012.  The table displays that 31.54% of all firms in the wholesale trade sector were engaged in import activities.  This is the answer the question seeks.

Final Answer: 31.54% 
"
326,what was the percentage of manufactures exported in 2011 and 2012?,[20.04],"Reasoning and Answer: 
The table displays the import and export participation rates of firms in the manufacturing and wholesale trade sectors. While it provides information on participation rates, it doesn't provide specific data for the years 2011 and 2012.  Therefore, we cannot determine the percentage of manufactures exported in those specific years. 

Final Answer: This information cannot be determined from the table. 
"
327,what was the percentage of wholesalers exported in 2011 and 2012?,[10.42],"Reasoning and Answer: The table shows import and export participation rates of firms in the manufacturing and wholesale trade sectors. However, it does not provide information about the specific years 2011 and 2012. The table only displays a general participation rate for all firms and immigrant-owned firms. 

Therefore, we cannot determine the percentage of wholesalers exported in 2011 and 2012 from the provided information.

Final Answer: The table does not provide data to answer the question. 
"
328,"in 2016/2017, how many initial entries into the adult correctional system in the six reporting jurisdictions?",[97044.0],"Reasoning and Answer: 
The table shows the number of initial entries into the adult correctional system in the six reporting jurisdictions for 2016/2017.  The table indicates that the total number of initial entries into the adult correctional system for the reporting jurisdictions was 97,044.

Final Answer: 97,044 
"
329,"in 2016/2017, initial entries into the adult correctional system in the six reporting jurisdictions, what was the percent of increase from the previous year?",[1.0],"Reasoning and Answer: The table provides information on initial entry of adults into correctional services by type of supervision in selected jurisdictions for 2016/2017. We need to find the percent change in the number of initial entries from 2015/2016.

The table shows the percent change for the total correctional services, which is 1%. 

Final Answer: 1% 
"
330,how many percent of initial entries into custody were down in 2016/2017?,[2],"Reasoning and Answer: 
The table provides information on the initial entry of adults into correctional services, categorized by type of supervision and with percent change in numbers from the previous year. The question focuses on custody, and seeks the percentage decrease in initial entries in 2016/2017 compared to the previous year.

The table shows a percent change of -2 for initial entries into custody in 2016/2017. This signifies a decrease of 2%.

Final Answer: 2% 
"
331,how many percent of initial entries into community supervision were down in 2016/2017?,[6.0],"Reasoning and Answer: The table shows the number and percentage of initial entries into correctional services by type of supervision in 2016/2017. We're interested in the percentage change in the number of initial entries into community supervision from 2015/2016.

According to the table, the percent change in the number of initial entries into community supervision from 2015/2016 is **6%**.

Final Answer: 6% 
"
332,"in 2016/2017, how many percent did aboriginal adults account for of admissions to provincial/territorial correctional services?",[28.0],"Reasoning and Answer: The table provides the percentage of Aboriginal adults admitted to provincial/territorial correctional services in 2016/2017.  The final row of the table, ""Total-provinces and territories,"" shows that 28% of admissions to provincial/territorial correctional services were Aboriginal adults.

Final Answer: 28% 
"
333,"in 2016/2017, how many percent did aboriginal adults account for federal correctional services?",[27.0],"The table shows the percentage of Aboriginal adults in federal correctional services for 2016/2017.  We need to find the percentage under the 'federal' row and 'aboriginal' column.

Final Answer: 27% 
"
334,how many percent did aboriginal adults account for admissions to custody among the provinces and territories in 2016/2017?,[30.0],"Reasoning and Answer: The table shows the percentage of Aboriginal adults among admissions to custody in provinces and territories in 2016/2017. According to the table, Aboriginal adults accounted for 30% of admissions to custody in provinces and territories in 2016/2017.

Final Answer: 30% 
"
335,how many percent did aboriginal adults account for admissions to community supervision among the provinces and territories in 2016/2017?,[25.0],"The table shows the percentage of Aboriginal adults admitted to community supervision in each province and territory.  To find the overall percentage for provinces and territories, we need to look at the ""total-provinces and territories"" row. 

**Final Answer: 25%** 
"
336,when did milad kamandani make his debut with persepolis in the pro league?,['2013-14'],"Reasoning and Answer: The provided table presents Milad Kamandani's club career statistics, but it doesn't include any information about the player's debut date. We only have the number of appearances (apps) and goals scored for each season. 

Therefore, the table does not contain the answer to the question about when Milad Kamandani made his debut with Persepolis in the Pro League.

Final Answer: The table does not provide the answer. 
"
337,how many percent of male youth did aboriginal male youth account for admissions to custody in the provinces and territories in 2016/2017?,[47.0],"The table shows the percentage of male youth admissions to custody broken down by Aboriginal and non-Aboriginal identity for each province and territory in 2016/2017.  To find the percentage of male youth admissions that were Aboriginal, we need to average the percentages across all provinces and territories.

Unfortunately, some data points are missing (indicated by '..').  We'll need to exclude these from our calculation to avoid skewing the results.

Here's the breakdown of the available data:

* Newfoundland and Labrador: 6%
* Prince Edward Island: 13%
* New Brunswick: 11%
* Ontario: 10%
* Manitoba: 81%
* Saskatchewan: 92%
* Yukon: 74%
* Northwest Territories: 94%
* Nunavut: 100% 

Summing these percentages: 6 + 13 + 11 + 10 + 81 + 92 + 74 + 94 + 100 = 481

Counting the available provinces and territories: 9

Calculating the average percentage: 481 / 9 = 53.4% (rounded to one decimal place)

**Final Answer: 53.4%** 
"
338,what is the percentage of the total respondents who reported that they engaged in utilitarian walking less than an hour a week?,[34.2],"The table provides information on selected characteristics of household population aged 20 to 79 in Canada (excluding territories) from 2007 to 2011.  We need to find the percentage of the total respondents who reported engaging in less than 1 hour of utilitarian walking per week.

Looking at the ""hours utilitarian walking per week"" section, we find the following:

- **Less than 1 hour:** 34.2% 

**Final Answer: 34.2%** 
"
339,what is the percentage of the total respondents who reported that they engaged in utilitarian walking 1 to 5 hours a week?,[48.0],"Reasoning and Answer: The table provides data on selected characteristics, including utilitarian walking hours per week, for the household population aged 20 to 79 in Canada (excluding territories) from 2007 to 2011. We need to find the percentage of respondents who reported engaging in utilitarian walking for 1 to 5 hours per week. 

Looking at the table, we find the following:

- **Total percentage for 1 to 5 hours of utilitarian walking:** 48.0%

Final Answer: 48.0% 
"
340,what is the percentage of the total respondents who reported that they engaged in utilitarian walking more than 5 hours a week?,[17.8],"The table shows the percentage of respondents engaged in utilitarian walking for more than 5 hours a week, which is 17.8%. 

Final Answer: 17.8% 
"
341,"for the years 2006 to 2010,which region had the lowest birth rate among mothers aged 10 to 17?",['quebec'],"The table presents age-specific live birth rates for female populations aged 10 to 19 across different regions in Canada (excluding Ontario) from 2006 to 2010. We need to identify the region with the lowest birth rate among mothers aged 10 to 17 years.

Looking at the 'live births per 1,000 females' column for the '10 to 17 years' age group, we can see the following birth rates:

- Newfoundland and Labrador: 4.2
- Prince Edward Island: 2.9
- Nova Scotia: 3.6
- New Brunswick: 4.1
- Quebec: 1.6
- Manitoba: 7.4
- Saskatchewan: 8.2
- Alberta: 4.0
- British Columbia: 2.1
- Yukon: 4.7
- Northwest Territories: 7.9
- Nunavut: 29.4
- Canada: 3.2

The lowest birth rate among mothers aged 10 to 17 years is **1.6**, which belongs to **Quebec**.

**Final Answer: Quebec** 
"
342,"what was the percentage of female lone parents that had no certificate, diploma or degree in 1991?",[34.0],"Reasoning and Answer: The table provides the percentage of female lone parents and female parents in couples aged 25 to 54 with children aged 15 and under in Canada for different educational attainment levels. 

The question asks specifically for the percentage of female lone parents with no certificate, diploma or degree in 1991. 

Looking at the table, we find that in 1991, 34% of female lone parents had no certificate, diploma or degree.

Final Answer: 34% 
"
343,"what was the percentage of female lone parents that had no certificate, diploma or degree in 2011?",[13.0],"Reasoning and Answer: The table shows the percentage of female lone parents with different levels of education in 1991, 2001, and 2011.  We are looking for the percentage of female lone parents with ""no certificate, diploma or degree"" in the year 2011. 

According to the table, 13% of female lone parents had no certificate, diploma or degree in 2011.

Final Answer: 13% 
"
344,"how much did the proportion of female lone parents that had no certificate, diploma or degree drop from 1991 to 2011?",[21],"Reasoning and Answer: 
The table shows the percentage of female lone parents with different educational attainment levels in 1991, 2001, and 2011.  We are interested in the percentage of female lone parents with ""no certificate, diploma or degree.""

In 1991, the proportion was 34%. In 2011, the proportion was 13%.  To find the difference, we subtract the 2011 proportion from the 1991 proportion:

34% - 13% = 21%

Final Answer: 21% 
"
345,what was the percentage of female parents in couples had not completed high school or any postsecondary qualification in 1991?,[24.0],"Reasoning and Answer: The table provides information on the percentage of highest certificate, diploma, or degree held by female lone parents and female parents in couples aged 25 to 54 with children aged 15 and under in 1991, 2001, and 2011 in Canada. We need to find the percentage of female parents in couples who had ""no certificate, diploma, or degree"" in 1991.

From the table:

- The percentage of female parents in couples with ""no certificate, diploma, or degree"" in 1991 is 24%.

Final Answer: 24% 
"
346,what was the percentage of female parents in couples had not completed high school or any postsecondary qualification in 2011?,[8.0],"Reasoning and Answer: 
The table shows the percentage of female lone parents and female parents in couples with different levels of education in 1991, 2001, and 2011.  We are looking for the percentage of female parents in couples who had ""no certificate, diploma or degree"" in 2011. 

From the table, we can see that the percentage of female parents in couples with ""no certificate, diploma or degree"" in 2011 is 8%.

Final Answer: 8% 
"
347,what was the percentage of female lone parents that had a university degree in 1991?,[9.0],"Reasoning and Answer: The table shows the percentage of female lone parents and female parents in couples with different levels of education in 1991, 2001 and 2011. We need to find the percentage of female lone parents with a university degree in 1991. 

From the table:

The percentage of female lone parents with a university degree at the bachelor's level or above in 1991 is 9%.

Final Answer: 9% 
"
348,what was the percentage of female lone parents that had a university degree in 2011?,[20.0],"Reasoning and Answer: The table shows the percentage of female lone parents with different levels of education in 1991, 2001, and 2011.  We need to find the percentage of female lone parents who had a university degree at the bachelor's level or above in 2011.

Looking at the row for ""university degree at the bachelor's level or above"" and the column for ""2011"", we see the percentage is 20.

Final Answer: 20% 
"
349,how much did the proportion of female lone parents that had a university degree increase from 1991 to 2011?,['difference'],"Reasoning: The table shows the percentage of female lone parents with different educational attainment levels in 1991, 2001, and 2011. To find the increase in the proportion of female lone parents with a university degree from 1991 to 2011, we need to compare the percentages for those two years.

From the table:

- In 1991, 9% of female lone parents had a university degree.
- In 2011, 20% of female lone parents had a university degree.

To find the increase, we subtract the 1991 percentage from the 2011 percentage:

20% - 9% = 11%

Final Answer: 11% 
"
350,what was the percentage of female parents in couples had a university degree in 1991?,[15.0],"Reasoning: The table shows the percentage of female lone parents and female parents in couples with different levels of education in 1991, 2001, and 2011. We need to find the percentage of female parents in couples with a university degree at the bachelor's level or above in 1991.

Looking at the table, under the ""female parent in couples"" column, and the row ""university degree at the bachelor's level or above"", we find that the percentage in 1991 was 15%.

Final Answer: 15% 
"
351,what was the percentage of female parents in couples had a university degree in 2011?,[33.0],"Reasoning and Answer: The table provides the percentage of female parents in couples with different levels of education in 1991, 2001, and 2011.  We need to find the percentage of female parents in couples who had a university degree at the bachelor's level or above in 2011.

From the table:

The percentage of female parents in couples with a university degree at the bachelor's level or above in 2011 is 33%.

Final Answer: 33% 
"
352,how much did the proportion of female parents in couples that had a university degree increase from 1991 to 2011?,[18.0],"Reasoning and Answer: The table presents the percentage of female lone parents and female parents in couples, aged 25 to 54 with children aged 15 and under, by their highest certificate, diploma, or degree level in 1991, 2001, and 2011. We need to find the difference in the percentage of female parents in couples who had a university degree at the bachelor's level or above between 1991 and 2011.

From the table:

The percentage of female parents in couples with a university degree in 1991 was 15%.
The percentage of female parents in couples with a university degree in 2011 was 33%.

The difference in the proportion is: 33% - 15% = 18%

Final Answer: 18% 
"
353,what was the percentage of female apprenticeship certificate holders who worked full time and full year that was in personal and culinary services?,[35.0],"Reasoning and Answer: The table shows the percentage of female apprenticeship certificate holders by field of study. We are looking for the percentage of female apprenticeship certificate holders who worked full time and full year in ""personal and culinary services."" 

According to the table, the percentage of female apprenticeship certificate holders in ""personal and culinary services"" is 35%.

Final Answer: 35% 
"
354,what was the annual median employment income for female apprenticeship certificate holders who worked full time and full years that was in personal and culinary services?,[30898.0],"Reasoning and Answer: 
The table shows the median annual employment income of apprenticeship certificate holders aged 25 to 64 who worked full time and full year in 2010 for different fields of study. We need to find the median income for females in the ""personal and culinary services"" field.

From the table, we see that the median annual employment income for females in the ""personal and culinary services"" field was $30,898.

Final Answer: $30,898 
"
355,what was the annual median employment income for male apprenticeship certificate holders who worked full time and full years that was in mechanic and repair technologies?,[61526.0],"Reasoning and Answer: The table shows the median annual employment income for apprenticeship certificate holders aged 25-64 working full-time and full-year in 2010, categorized by sex and field of study. We are looking for the median income for male apprenticeship certificate holders in the ""mechanic and repair technologies/technicians"" field.

According to the table, the median income for male apprenticeship certificate holders in the ""mechanic and repair technologies/technicians"" field is $61,526.

Final Answer: $61,526 
"
356,what was the percentage of male apprenticeship certificate holders who worked full time and full year that was in mechanic and repair technologies?,[34.0],"Reasoning and Answer: The table presents the median annual employment income in 2010 for paid employees who worked full-time and full-year with an apprenticeship certificate, aged 25 to 64, for the three fields of study with the highest proportion of graduates by sex in 2011, in Canada. We are interested in the percentage of male apprenticeship certificate holders in the ""mechanic and repair technologies/technicians"" field.

From the table:

The percentage of male apprenticeship certificate holders in the ""mechanic and repair technologies/technicians"" field is 34%.

Final Answer: 34% 
"
357,how many yards did michael bishop finish by playing two seasons?,[4401.0],"Reasoning and Answer: The table shows the passing yards for two seasons played by a team, not an individual player. The table doesn't mention Michael Bishop. Therefore, we cannot determine how many yards Michael Bishop finished with.

Final Answer:  We cannot determine how many yards Michael Bishop finished with. 
"
358,how many touchdown passes did michael bishop finish by playing two seasons?,[36.0],"Reasoning and Answer: The table provides passing statistics for a team, including touchdown passes (TD) for each year and career. Michael Bishop's career touchdown passes are listed under the ""career"" row, which includes both seasons.

From the table:
- Career TD: 36

Final Answer: 36 
"
359,"in the 1897-98 season, which division did jack eccles play for stoke?",['first division'],"Reasoning and Answer: The table shows the league division for Stoke in the 1897-98 season, which is listed as ""first division"".

Final Answer: First Division 
"
360,"in 2015, which league did gonzalez play of villa mitre?",['torneo federal b'],"Reasoning and Answer: The table shows Gonzalez's career statistics by club and season.  We are looking for the league he played in for Villa Mitre in the year 2015.  The table shows that he played for Villa Mitre in the ""torneo federal b"" league in 2015.

Final Answer: torneo federal b 
"
361,"among all the provinces, which province has the largest revision between the previously-published rate and the revised growth rate in 2015?",['new brunswick'],"Reasoning and Answer: The question asks for the province with the largest difference between the previously published growth rate and the revised growth rate in 2015. To find this, we need to calculate the absolute value of the difference between the two columns for each province in 2015.

Here are the differences for each province:

* Newfoundland and Labrador: |-1.50 - (-1.08)| = 0.42
* Prince Edward Island: |1.51 - 1.40| = 0.11
* Nova Scotia: |1.16 - 0.76| = 0.40
* New Brunswick: |2.30 - 0.79| = 1.51
* Quebec: |1.01 - 0.96| = 0.05
* Ontario: |2.78 - 2.65| = 0.13
* Manitoba: |1.36 - 1.37| = 0.01
* Saskatchewan: |-1.24 - (-0.76)| = 0.48
* Alberta: |-3.93 - (-3.49)| = 0.44
* British Columbia: |3.25 - 2.32| = 0.93
* Yukon: |-7.94 - (-7.60)| = 0.34
* Northwest Territories: |1.24 - 1.02| = 0.22
* Nunavut: |-0.66 - (-0.41)| = 0.25

The largest difference is for New Brunswick, with a difference of 1.51.

Final Answer: New Brunswick 
"
362,"among all the provinces, which provinces has the top two largest revision between the previously-published rate and the revised growth rate in 2016?","['prince edward island', 'nova scotia']","Reasoning and Answer: 
The table displays the previously published and revised growth rate of real gross domestic product by industry for provinces and territories in Canada from 2015 to 2017. We need to identify the two provinces with the largest difference between their previously published and revised growth rate in 2016.

Let's calculate the revision for each province in 2016:

* **Newfoundland and Labrador:** 1.72 - 1.72 = 0
* **Prince Edward Island:** 1.68 - 2.19 = -0.51
* **Nova Scotia:** 1.52 - 1.05 = 0.47
* **New Brunswick:** 1.39 - 1.20 = 0.19
* **Quebec:** 1.46 - 1.53 = -0.07
* **Ontario:** 2.45 - 2.62 = -0.17
* **Manitoba:** 1.67 - 2.12 = -0.45
* **Saskatchewan:** -0.26 - (-0.45) = 0.19
* **Alberta:** -4.06 - (-3.60) = -0.46
* **British Columbia:** 3.36 - 3.59 = -0.23
* **Yukon:** 7.00 - 8.29 = -1.29
* **Northwest Territories:** 1.27 - 0.83 = 0.44
* **Nunavut:** 3.46 - 1.90 = 1.56

The two provinces with the largest revisions are:

* **Nunavut:** 1.56 (largest revision)
* **Yukon:** 1.29 (second largest revision)

Final Answer: Nunavut and Yukon. 
"
363,"among all the provinces, which province has the largest downward revision between previously-published rate and the revised growth rate in 2017?",['newfoundland and labrador'],"The question asks for the province with the largest downward revision between the previously published rate and the revised growth rate in 2017. We need to find the province with the biggest difference between the ""previously published"" and ""revised growth"" columns for 2017, where the revised growth is lower. 

Here's how to find the answer:

1. **Focus on 2017:** Look only at the data in the columns titled ""previously published"" and ""revised growth"" for 2017.
2. **Calculate the difference:** Subtract the ""revised growth"" percentage from the ""previously published"" percentage for each province.
3. **Identify the largest downward revision:** Find the province with the largest negative difference, as this indicates the biggest downward revision.

Looking at the table:

* Newfoundland and Labrador: 2.10 - 0.88 = 1.22
* Prince Edward Island: 3.17 - 3.45 = -0.28
* Nova Scotia: 1.22 - 1.49 = -0.27
* New Brunswick: 1.95 - 1.99 = -0.04
* Quebec: 3.08 - 2.90 = 0.18
* Ontario: 2.79 - 2.77 = 0.02
* Manitoba: 2.91 - 3.13 = -0.22
* Saskatchewan: 2.86 - 2.29 = 0.57
* Alberta: 4.85 - 4.59 = 0.26
* British Columbia: 3.94 - 4.01 = -0.07
* Yukon: -1.44 - 2.90 = -4.34
* Northwest Territories: 5.25 - 3.88 = 1.37
* Nunavut: 13.33 - 10.31 = 3.02

**The largest downward revision is in Yukon, with a difference of -4.34.**

**Final Answer: Yukon** 
"
364,"among the provinces, the previously-published growth rate of which province changed signs in 2017?",['yukon'],"Reasoning and Answer: 
The question asks for the province whose previously-published growth rate changed signs in 2017. We need to find a province where the previously-published growth rate in 2016 was positive and the previously-published growth rate in 2017 was negative. 

Examining the table, we find that only **Yukon** satisfies this condition:

* 2016 previously published growth: 8.29% (positive)
* 2017 previously published growth: -1.44% (negative)

Final Answer: Yukon 
"
365,"for workers in the top 1%,who were less likely to work 40 to 49 hours?",['women'],"Reasoning: The table shows the percentage of workers who work different hours by income groups and sex. We need to find who, among the top 1% income group, were less likely to work 40 to 49 hours.

Comparing the percentages for the top 1% income group for men and women, we see:

* **Women:** 40.2% of women in the top 1% income group worked 40 to 49 hours.
* **Men:** 42.5% of men in the top 1% income group worked 40 to 49 hours.

Since 40.2% is less than 42.5%, women in the top 1% income group were less likely to work 40 to 49 hours.

Final Answer: Women 
"
366,"for workers in the top 1%,what were the percentages of women spent over 50 hours on paid work in the week prior to census day and their male counterparts respectively?","[33.8, 41.6]","The table presents the distribution of hours worked in the week before census day by income groups and sex.  We need to find the percentage of women and men in the top 1% income group who worked over 50 hours.

Looking at the table:

- **Women in the top 1%:** The percentage of women working 50 hours and over is **33.8%**.
- **Men in the top 1%:** The percentage of men working 50 hours and over is **41.6%**.

**Final Answer:** 33.8% for women, 41.6% for men. 
"
367,"for core-aged workers in the top 1%,what were the percentages of women spent over 50 hours on paid work in the week prior to census day and their male counterparts respectively?","[35.7, 46.3]","The table shows the distribution of hours worked in the week before census day, broken down by income groups and sex, for both all workers and core-aged workers. We need to find the percentage of women and men who worked over 50 hours in the week before census day, specifically for core-aged workers in the top 1% income group.

Looking at the table, under the ""distribution of hours worked for core-aged workers"" section, we find:

* **Women in the top 1% income group:** 35.7% worked 50 and over hours
* **Men in the top 1% income group:** 46.3% worked 50 and over hours

**Final Answer:** 35.7% for women and 46.3% for men. 
"
368,"what were the percentages of sexual assaults (levels 1, 2, and 3) reported to police classified as unfounded in 2017 and 2016 respectively?","[13.6, 18.7]","Reasoning: The table provides the number of police-reported incidents of sexual assault, categorized by clearance status, including ""unfounded"" incidents, for each province and territory in Canada for 2016 and 2017. We need to find the percentage of ""unfounded"" incidents for both years.

For 2016, the total number of reported incidents in Canada was 26,557, and 4,978 were classified as unfounded. 
The percentage of unfounded incidents in 2016 is (4,978 / 26,557) * 100 = 18.7%

For 2017, the total number of reported incidents in Canada was 28,551, and 3,879 were classified as unfounded. 
The percentage of unfounded incidents in 2017 is (3,879 / 28,551) * 100 = 13.6%

Final Answer: 18.7%, 13.6% 
"
369,what was the number of incidents of sexual assault (including founded and unfounded) reported to the police in 2017?,[28551.0],"Reasoning: The table provides data on police-reported incidents of sexual assault by province/territory for both 2016 and 2017. We need to find the total number of reported incidents in 2017. This includes both founded and unfounded incidents.

From the table:

The total number of reported incidents in Canada in 2017 is 28,551.

Final Answer: 28,551
"
370,what was the percent change of the number of founded incidents from 2016?,[0.125365],"Reasoning and Answer:
The table presents police-reported incidents of sexual assault by clearance status and province or territory for 2016 and 2017. We need to find the percent change of the number of founded incidents from 2016 to 2017.

From the table:

The number of founded incidents in 2016 is 21,579.
The number of founded incidents in 2017 is 24,672.

The change in the number of founded incidents is:
24,672 - 21,579 = 3,093

The percentage change in the number of founded incidents is:
(3,093 / 21,579) * 100% = 14.3%

Final Answer: 14.3% 
"
371,what was the percent change of the number of cleared incidents from 2016?,[2.9],"Reasoning and Answer:

The table shows the number of cleared incidents for each province and territory in 2016 and 2017. To calculate the percent change, we need to follow these steps:

1. **Find the total number of cleared incidents in 2016:** This is found in the ""Canada"" row for 2016, which is 12,109.
2. **Find the total number of cleared incidents in 2017:** This is found in the ""Canada"" row for 2017, which is 13,125.
3. **Calculate the difference in cleared incidents:** 13,125 - 12,109 = 1,016
4. **Divide the difference by the original number of cleared incidents (2016):** 1,016 / 12,109 = 0.084
5. **Multiply by 100 to express the answer as a percentage:** 0.084 * 100 = 8.4%

Therefore, the percent change of the number of cleared incidents from 2016 to 2017 is 8.4%.

Final Answer: 8.4% 
"
372,which album had performed a sigle negasonic teenage warhead in 1995?,['dopes to infinity'],"The table lists the singles for each Monster Magnet album, alongside their chart positions in different countries. The song ""Negasonic Teenage Warhead"" was released in 1995, and is listed under the album ""Dopes to Infinity"". 

Final Answer: Dopes to Infinity 
"
373,what is the proportion of non-vaccinated persons among adults aged 18 to 64 years with no cmc?,[77.8],"Reasoning and Answer: The table provides the proportion of unvaccinated persons among Canadians aged 18 to 64 years without a chronic medical condition (CMC). The information for the total proportion of unvaccinated individuals is provided in the first row. 

The proportion of unvaccinated individuals among those aged 18 to 64 with no CMC is 77.8%.

Final Answer: 77.8% 
"
374,how many seasons did karim ziani spend on playing for troyes in ligue 1?,[2],"Reasoning and Answer: 
The table provides information about Karim Ziani's career, including the clubs he played for, the seasons he spent at each club, and the leagues and cups he played in. We need to find the number of seasons he spent playing for Troyes in Ligue 1.

Looking at the table, we see that Karim Ziani played for Troyes for two seasons: 2001-02 and 2002-03. Both of these seasons were in Ligue 1. 

Final Answer: 2 
"
375,how many respondents do the immigrant and npr frames comprise respectively?,"[2548, 1470]","Reasoning and Answer: The table provides the sample size and classification of individuals in different survey frames. To find the number of respondents from each frame, we need to look at the ""enumerated individuals"" column, which represents individuals who were successfully included in the sample. 

From the table:

- The ""immigrants"" frame has 1,900 enumerated individuals.
- The ""non-permanent residents"" frame (NPR) has 670 enumerated individuals.

Final Answer: Immigrants: 1,900; NPR: 670 
"
376,how many immigrants and nprs were classified as enumerated or missed?,"[2548, 1900, 1470, 670]","Reasoning and Answer: The table shows the sample size and classification by sampling frame for the 2011 survey. We need to find the number of immigrants and non-permanent residents (NPRs) classified as ""enumerated individuals"" or ""missed individuals"".

From the table:

* The number of enumerated immigrants is 1,900.
* The number of missed immigrants is 332.
* The number of enumerated NPRs is 670.
* The number of missed NPRs is 298.

Adding the enumerated and missed individuals for both immigrants and NPRs:

* Immigrants: 1,900 + 332 = 2,232
* NPRs: 670 + 298 = 968

Therefore, the total number of immigrants and NPRs classified as enumerated or missed is 2,232 + 968 = 3,200.

Final Answer: 3,200 
"
377,"who were significantly more likely to be missed, respondents aged 20 to 24 years or those aged 30 to 34?",['20 to 24 years'],"Reasoning: The table provides odds ratios for the propensity of being missed for the NPR frame in 2011. We need to compare the odds ratios for respondents aged 20 to 24 years and those aged 30 to 34 years. An odds ratio greater than 1 indicates a higher probability of being missed.

From the table:

- The odds ratio for respondents aged 20 to 24 years is 1.95 in the multivariate model.
- The odds ratio for respondents aged 30 to 34 years is 1.00 in the multivariate model.

Since the odds ratio for respondents aged 20 to 24 years is significantly greater than 1, indicating a higher probability of being missed, while the odds ratio for those aged 30 to 34 years is 1, indicating no increased probability, we can conclude that respondents aged 20 to 24 years were significantly more likely to be missed.

Final Answer: Respondents aged 20 to 24 years. 
"
378,"who were significantly more likely to be missed, respondents aged 25 to 29 years or those aged 30 to 34?",['25 to 29 years'],"Reasoning and Answer: The table presents odds ratios of the propensity for being missed for the National Population Register (NPR) frame in 2011, examining various characteristics.  We need to compare the odds ratios for respondents aged 25 to 29 years and those aged 30 to 34 years to determine who was more likely to be missed.

From the table:

- Respondents aged 25 to 29 years have an odds ratio of 2.08 in the univariate model and 1.88 in the multivariate model. 
- Respondents aged 30 to 34 years have an odds ratio of 1.00 in both the univariate and multivariate models.

Since the odds ratio is greater than 1 for the age group 25 to 29 years, this indicates a higher likelihood of being missed for the NPR frame compared to the reference group (30 to 34 years).

Final Answer: Respondents aged 25 to 29 years. 
"
379,"who were more likely to be missed, nprs who were granted temporary residence status in canada less than one year or at least two years before census day?","['0 to 6 months', '6 to 12 months']","Reasoning: The table shows odds ratios for various characteristics related to the propensity of being missed for the NPR frame in 2011. We need to compare the odds ratios for those with a length of stay in Canada of 0 to 6 months and those with a length of stay of 24 months or more. 

- The odds ratio for those with a length of stay of 0 to 6 months is 1.98 in the univariate model and 2.24 in the multivariate model.
- The odds ratio for those with a length of stay of 24 months or more is 1.00 in both the univariate and multivariate models.

A higher odds ratio indicates a greater likelihood of being missed. 

Final Answer: NPRs who were granted temporary residence status in Canada less than one year before Census Day were more likely to be missed. 
"
380,"who were less likely to be missed, nprs whose temporary residence permit was their first permit or nprs who had obtained other permits in the past?",['yes'],"Reasoning: The table presents odds ratios of the propensity for being missed for the National Population Register (NPR) frame in 2011. An odds ratio less than 1 indicates a lower likelihood of being missed. We need to compare the odds ratios for those who had their first NPR permit and those who had other permits before. 

- The odds ratio for those who had their first NPR permit was 0.60, which is less than 1.
- The odds ratio for those who had other permits before was 0.84, which is also less than 1.

Although both groups were less likely to be missed compared to those who didn't have their first permit (odds ratio of 1.00), the odds ratio for those who had their first NPR permit was lower, indicating that they were even less likely to be missed. 

Final Answer: NPRs whose temporary residence permit was their first permit. 
"
381,"in the 2001 season, which league did garcia join in categoria for america de cali?",['categoria primera a'],"The table shows Garcia's career statistics, including the clubs, seasons, leagues, and number of appearances and goals. We are looking for the league Garcia joined in the 2001 season for América de Cali.

The table shows that in the 2001 season, Garcia played for América de Cali in the **Categoria Primera A** league.

**Final Answer: Categoria Primera A** 
"
382,list the province with the highest infant mortality in 2013.,['nvt'],"Reasoning and Answer: The table provides infant mortality rates for various provinces and territories in Canada.  We need to find the highest rate for 2013. 

Looking at the 'rate per 1,000' column for 2013, we can see that the highest rate is 7.5, found in Saskatchewan. 

Final Answer: Saskatchewan 
"
383,what was the infant mortality in british columbia in 2013?,[3.7],"Reasoning: The table displays infant mortality data by year and province. We need to find the infant mortality information for British Columbia (B.C.) in the year 2013.

Looking at the row for 2013 and the column for B.C., we find two values:

- Number: 285
- Rate per 1,000: 5.3

The question asks for the overall infant mortality, so we need to consider the rate per 1,000.

Final Answer: 5.3 per 1,000 
"
384,"in 2015, how many yards did jacoby brissett pass for?",[2662.0],"The table provides statistics for a player named Jacoby Brissett across different years and teams. We need to find the passing yards for 2015.

Looking at the row for 2015 and the column for ""yds"" (passing yards), we find the value 2,662.

Final Answer: 2,662 
"
385,"in 2015, how many touchdowns did jacoby brissett pass for?",[20.0],"Reasoning and Answer: 
The table provides passing statistics for Jacoby Brissett for various years and teams.  The row for 2015 and the NC State team shows that he threw 20 passing touchdowns. 

Final Answer: 20 
"
386,"in 2015, how many interceptions did jacoby brissett pass for?",[6.0],"Reasoning and Answer: The table provides passing statistics for Jacoby Brissett, including interceptions. In the 2015 row for NC State, we find that Brissett threw 6 interceptions. 

Final Answer: 6 
"
387,list the province with the lowest rate of sexual violations against children in rural areas in 2017.,['p.e.i'],res
388,"what were the numbers of medium-sized firms in the private sector according to the one-year methodology,according to the three-year average methodology and when the two-out-of-three-years condition is imposed respectively?","[65659.0, 63894.0, 61630.0]","Reasoning: The table compares different methodologies for determining medium-sized firms.  We need to identify the number of medium-sized firms according to:
* Methodology 1: One-year employment
* Methodology 3: Three-year average employment
* Methodology 4: Three-year average employment and the firm belongs to the size class at least two years out of three

From the table:

* Methodology 1:  The number of medium-sized firms is 65,659.
* Methodology 3: The number of medium-sized firms is 63,894.
* Methodology 4: The number of medium-sized firms is 61,630.

Final Answer: 65,659, 63,894, 61,630 
"
389,what was the percentage of firms identified as having become large employed at least 500 workers in at least two out of the three years with the one-year method?,[80.4],"Reasoning and Answer: The table presents data on the outcome of medium-sized firms after a transition period, comparing different methodologies for identifying firm size. We are asked for the percentage of firms identified as having become large using the one-year method that employed at least 500 workers in at least two out of the three years. 

The table provides the number of firms that become large using the one-year method: 923. This number represents all firms identified as becoming large regardless of their employment status in the preceding years. The table does not include information about the employment levels of these firms in the three years preceding the transition year.

Therefore, we cannot determine the percentage of firms that became large and employed at least 500 workers in at least two out of the three years using the one-year method.

Final Answer: This information cannot be determined from the provided table. 
"
390,what was the percentage of firms identified as having become small employed fewer than 100 workers for at least two out of the three post-transition years?,[77.8],"Reasoning: The table provides information about the outcome of medium-sized firms after a transition period. We need to find the percentage of firms that ""became small"" and also had ""outcome size class is observed at least twice in the three years following the transition year.""

From the table:
* The percentage of medium-sized firms that became small in the post-transition period using methodology 4 (which meets the condition of being a medium-sized firm for at least two out of three years prior to the transition) is 12.5%.
* The percentage of those firms that also had the ""outcome size class is observed at least twice in the three years following the transition year"" is 100%.

Therefore, 100% of the firms that became small and met methodology 4's criteria also had their size class observed at least twice in the post-transition years. This means 12.5% of the firms in methodology 4 became small and had their size class observed at least twice in the post-transition period.

Final Answer: 12.5% 
"
391,what was the percentage of firms that become large in the third and fourth productivity quartiles one year prior to the transition?,[69.4],"Reasoning and Answer: The table shows the share of firms in each productivity quartile in year 't' and year 't-5', categorized by their outcome size class. We need to find the combined percentage of firms that became large in the third and fourth productivity quartiles in year 't-5'.

From the table:

* The percentage of firms in the third quartile in year 't-5' that become large in year 't' is 27.1%.
* The percentage of firms in the fourth quartile in year 't-5' that become large in year 't' is 39.9%.
* Adding these together, we get the total percentage of firms in the third and fourth quartiles in year 't-5' that become large in year 't':
27.1% + 39.9% = 67%

Final Answer: 67% 
"
392,what was the percentage of firms that become large in the third and fourth productivity quartiles in year t-5 ?,[67],"Reasoning and Answer:
The table provides the percentage of firms that become large (meaning they were medium-sized in year t-5 and became large in year t) for each productivity quartile in year t-5. 

We need to find the percentage of firms that became large from both the third and fourth quartiles in year t-5.

From the table:

* The percentage of firms that became large from the third quartile in year t-5 is 27.1%.
* The percentage of firms that became large from the fourth quartile in year t-5 is 39.9%.

Therefore, the total percentage of firms that became large from the third and fourth quartiles in year t-5 is 27.1% + 39.9% = 67%.

Final Answer: 67% 
"
393,what was the percentage of medium-sized firms with workers in solely one province or territory throughout the entire six-year period?,[64.2],"Reasoning and Answer: The table provides the percentage of medium-sized firms with workers in one, two, or three or more provinces or territories throughout the six-year period (from t-5 to t). We need to find the average percentage of medium-sized firms with workers in solely one province or territory.

From the table:

The percentage of medium-sized firms with workers in one province or territory is:
- t-5: 64.2%
- t-4: 63.7%
- t-3: 62.9%
- t-2: 62.2%
- t-1: 61.9%
- t: 62.1%

To find the average percentage over the six-year period, we sum the percentages and divide by six:
(64.2 + 63.7 + 62.9 + 62.2 + 61.9 + 62.1) / 6 = 376.9 / 6 = 62.82%

Final Answer: 62.82% 
"
394,what was the percentage of firms that become large with workers in multiple provinces or territories as early as five years prior to the transition?,[59.3],"Reasoning and Answer: The table shows the percentage of firms that become large, small, or remain medium-sized across different geographic scopes (one, two, or three or more provinces or territories) from year t-5 to year t. We need to find the percentage of firms that become large and operate in two or more provinces or territories five years prior to their transition (year t-5).

Looking at the ""become large"" section, we find the percentage of firms operating in two provinces or territories in year t-5 is 19.1%.

Final Answer: 19.1% 
"
395,what was the percentage of firms that become large with workers in multiple provinces or territories in transition year t?,[68],"Reasoning and Answer: The table shows the percentage of firms in different size classes and geographic scopes from year t-5 to year t. We need to find the percentage of firms that ""become large"" and have workers in ""two provinces or territories"" in year t. 

Looking at the row ""become large"" and the column ""two provinces or territories"" in year t, we find the percentage is 17.1%.

Final Answer: 17.1% 
"
396,what is the average number of children aged 0 to 14 among syrian couples with children?,[2.8],"The table provides information on household and family characteristics of refugees resettled in Canada between January 1, 2015, and May 10, 2016, by source country. The question specifically asks for the average number of children aged 0 to 14 among Syrian couples with children. 

Looking at the row for Syria, we find the average number of children aged 0 to 14 among couples with children is **2.8**.

**Final Answer: 2.8** 
"
397,what is the average number of children aged 0 to 14 among couples with children from all the other countreis?,[2.2],"The table shows the average number of children aged 0 to 14 among couples with children, broken down by source country. We need to find this average for ""other countries"". 

According to the table, the average number of children aged 0 to 14 among couples with children from ""other countries"" is **2.2**.

**Final Answer: 2.2** 
"
398,what is the average number of chilren aged 0 to 14 among congolese couples with children?,[3.0],"The table shows various household and family characteristics of refugees resettled in Canada.  We need to find the average number of children aged 0 to 14 among couples with children from the Democratic Republic of the Congo.

Looking at the row for the Democratic Republic of the Congo, we find the average number of children aged 0 to 14 among couples with children is **3.0**.

**Final Answer: 3.0** 
"
399,which source country had a higher average number of children aged 0 to 14 among couples with children?,['democratic republic of the congo'],"The table shows household and family characteristics of refugees who resettled in Canada between January 1, 2015 and May 10, 2016 by source country. We need to identify the source country with the highest average number of children aged 0 to 14 among couples with children.

The table shows that Syria had an average of 2.8 children aged 0 to 14 among couples with children.

**Final Answer:** Syria 
"
400,"in 2012, how many percent of canadians aged 15 or older met all three criteria for past 12-month gad?",[2.6],"The table does not provide the prevalence of Canadians meeting all three criteria for past 12-month GAD. It only shows the prevalence of GAD based on individual criteria like sex, age, education, etc., but not the combination of all three criteria. 

Therefore, the question cannot be answered from the provided table.

**Final Answer:** Cannot be determined. 
"
401,"in 2012, how many canadians aged 15 or older met all three criteria for past 12-month gad?",[721.7],"Reasoning and Answer:  The table does not provide information on people who meet all three criteria for past 12-month generalized anxiety disorder (GAD). It only shows the prevalence of GAD based on various characteristics, but doesn't specify a group meeting multiple criteria simultaneously.

Final Answer:  The table does not provide the information to answer this question. 
"
402,what is the percentage of syrian refugees who were admitted in 2016 in the atlantic provinces?,[93.4],"Reasoning and Answer: The table shows the proportion of Syrian refugees admitted in 2015 for each region. To find the percentage of Syrian refugees admitted in 2016, we need to subtract the proportion admitted in 2015 from 100%.

From the table, the proportion of Syrian refugees admitted in 2015 in the Atlantic provinces is 6.6%.
Therefore, the percentage of Syrian refugees admitted in 2016 is:
100% - 6.6% = 93.4%

Final Answer: 93.4% 
"
403,what is the percentage of syrian refugees who were admitted in 2015 in the cma of montreal?,[46.5],"The table provides the percentage of Syrian refugees admitted in 2015 for each region of residence in Canada. The specific focus is on the Montreal Census Metropolitan Area (CMA).

From the table, the percentage of Syrian refugees admitted in 2015 in the Montreal CMA is 46.5%.

**Final Answer: 46.5%** 
"
404,what is the percentage of syrian refugees who were admitted in 2016?,[94.7],"Reasoning and Answer: The table provides the proportion of Syrian refugees admitted in 2015. To find the percentage admitted in 2016, we need to subtract the proportion admitted in 2015 from 100%.

From the table, the proportion of Syrian refugees admitted in 2015 is 28.7%. 

Therefore, the percentage of Syrian refugees admitted in 2016 is: 100% - 28.7% = 71.3%

Final Answer: 71.3% 
"
405,what is the percentage of syrian refugees admitted in 2015 in the rest of ontario and the british columbia?,[28.7],"Reasoning and Answer: The table provides the percentage of Syrian refugees admitted in 2015 for each region of residence in Canada. 

From the table: 
* The percentage of Syrian refugees admitted in 2015 in the Rest of Ontario is 27.5%
* The percentage of Syrian refugees admitted in 2015 in British Columbia is 29.4%

Adding these together, the total percentage of Syrian refugees admitted in 2015 in Rest of Ontario and British Columbia is 27.5% + 29.4% = 56.9%

Final Answer: 56.9% 
"
406,which country had the second highest ratios of listings to dwellings?,"['prince edward island', 'yukon']","Reasoning and Answer: The table shows the ratio of listings to dwellings for each Canadian province and territory.  We need to identify the second-highest ratio.

The ratios, in descending order, are:

* British Columbia: 1.7%
* Prince Edward Island: 1.4%
* Yukon: 1.4%
* Quebec: 1.2%
* Ontario: 0.8% 
* Northwest Territories: 0.8%
* Nova Scotia: 0.6% 
* Alberta: 0.5%
* Newfoundland and Labrador: 0.4%
* Manitoba: 0.2%
* Saskatchewan: 0.2%
* Nunavut: 0.2%

The second-highest ratio is 1.4%, which is found for both Prince Edward Island and Yukon.

Final Answer: Prince Edward Island and Yukon. 
"
407,which country had the highest daily revenue per available listing and the highest daily revenue per hotel room?,['british columbia'],"Reasoning: The table shows the ratio of listings to dwellings, the daily revenue per available listing, and the daily revenue per available room for Canada and its provinces and territories in 2016. We need to find the province or territory with the highest revenue per listing AND the highest revenue per available hotel room.

Looking at the table:

- British Columbia has the highest daily revenue per available listing at $50.55.
- Quebec has the highest daily revenue per available hotel room at $108.34.

Therefore, no single province or territory has the highest revenue in both categories.

Final Answer: None. 
"
408,which country had the lowest daily revenue per available room?,['nunavut'],"Reasoning and Answer: The table presents the ratio of listings to total dwellings, the daily revenue per available listing, and the daily revenue per available room for Canada and its provinces and territories in 2016. The question asks for the country with the lowest daily revenue per available room.

Examining the table, we find the following daily revenue per available room figures:

* Canada: 94.82
* Newfoundland and Labrador: 90.45
* Prince Edward Island: 77.43
* Nova Scotia: 84.36
* New Brunswick: 66.36
* Quebec: 108.34
* Ontario: 98.79
* Manitoba: 76.63
* Saskatchewan: 67.67
* Alberta: 68.81
* British Columbia: 111.45
* Yukon:  -  (not available)
* Northwest Territories: - (not available)
* Nunavut: - (not available)

The lowest available daily revenue per available room is for **New Brunswick** at 66.36. 

Final Answer: New Brunswick 
"
409,"in 2011, how many receptions did michael crabtree finish with?",[72.0],"Reasoning: The table provides information on receiving yards, average yards per reception, longest reception, and touchdowns. We can use this information to find the number of receptions for Michael Crabtree in 2011.

We know that in 2011, Crabtree had 874 receiving yards. We also know that his average yards per reception was 12.1.  

To find the number of receptions, we can divide the total receiving yards by the average yards per reception:

Number of receptions = Total receiving yards / Average yards per reception

Number of receptions = 874 / 12.1

Number of receptions = 72.31

Since we can't have a fraction of a reception, we round down to the nearest whole number.

Final Answer: 72 
"
410,"in 2011, how many receiving yards did michael crabtree finish with?",[874.0],"Reasoning and Answer: The table provides receiving statistics for a player, but it does not specify the player's name. Therefore, we cannot determine how many receiving yards Michael Crabtree had in 2011.

Final Answer: Cannot be determined from the table. 
"
411,"in 1997, how many yards did davis record?",[1750.0],"Reasoning and Answer: The table displays regular season stats for a team called 'den' over multiple years, including rushing and receiving yards. We need to find the total yards for the year 1997. Looking at the row corresponding to 1997, we find the rushing yards to be 1,750 and receiving yards to be 287. Adding these together gives us the total yards:

1,750 + 287 = 2,037

Final Answer: 2,037 
"
412,"in 1997, how many rushing touchdowns did davis record?",[15.0],"The table shows rushing statistics for a player named Davis, including the number of touchdowns he scored in each year. Looking at the row for 1997, we see that Davis scored 15 rushing touchdowns. 

Final Answer: 15 
"
413,"in 2014-15 iran pro league, where did milad jalali make his debut for?",['pro league'],"Reasoning and Answer: The table shows Milad Jalali's club career statistics, including the teams he played for, the divisions, seasons, and the number of appearances and goals he scored in different competitions.  

We are looking for the club where he made his debut in the 2014-15 Iran Pro League. The table shows that Milad Jalali played for Malavan in the 2014-15 season, in the Pro League, with 2 appearances. This indicates that Malavan was his club during this season. 

Final Answer: Malavan 
"
414,"in 2009, which club did bergin play in the national league division 2?",['offaly'],"Reasoning and Answer: The table presents career statistics for a player, but it does not specify which player. Therefore, we cannot determine which club Bergin played for in the National League Division 2 in 2009 based on this table.

Final Answer: Not enough information. 
"
415,"in 2014/2015, what is the number of cases completed in adult criminal court?",[328028.0],"Reasoning and Answer: The table provides the number of cases completed in adult criminal court for each fiscal year from 2005/2006 to 2014/2015. We need to find the number of cases completed in 2014/2015.

According to the table, the number of cases completed in 2014/2015 was 328,028.

Final Answer: 328,028 
"
416,"in 2014/2015, what is the number of charges related to criminal code and other federal statute offences?",[992635.0],"Reasoning: The provided table only displays the total number of charges and cases completed in adult criminal court in Canada, not specific breakdowns by offense type.  Therefore, the table cannot provide the number of charges related to criminal code and other federal statute offenses for 2014/2015.

Final Answer: This information is not available in the table. 
"
417,how many percentage points was the low-income rate for women aged between 65 and 69 years old without transfers?,[48.8],"Reasoning and Answer: The table displays low-income rates of individuals by sex and age group, with and without transfers. The specific question asks for the percentage points of the low-income rate for women aged between 65 and 69 years old without transfers. 

From the table, we can see that the low-income rate for women aged between 65 and 69 years old without transfers is 48.8%.

Final Answer: 48.8% 
"
418,how many percentage points was the low-income rate for women aged between 65 and 69 years old with transfers?,[12.7],"Reasoning and Answer: The table shows the low-income rates for individuals by sex and age group, with and without transfers in 2016. We are asked to find the percentage point difference in low-income rates for women aged 65 to 69 years old with transfers.

From the table:
- Low-income rate for women aged 65 to 69 years old with transfers is 12.7%

Final Answer: 12.7% 
"
419,how many percentage points was the low-income rate for women aged 85 years and older without transfers?,[67.4],"Reasoning and Answer: The table shows the low-income rates for individuals by sex and age group, both with and without transfers, in 2016. We are interested in the low-income rate for women aged 85 years and older without transfers.

From the table, we find that the low-income rate for women aged 85 years and older without transfers is 67.4%.

Final Answer: 67.4% 
"
420,how many percentage points was the low-income rate for women aged 85 years and older with transfers?,[24.5],"Reasoning and Answer: The table displays the low-income rates for individuals by sex and age group, both with and without transfers, in 2016. We need to find the low-income rate for women aged 85 years and older with transfers.

From the table:

The low-income rate for women aged 85 years and older with transfers is 24.5%.

Final Answer: 24.5% 
"
421,how many percentage points did primary donors live in a household in the highest income quintile in 2013?,[30.0],"Reasoning and Answer: The table shows the percentage of primary donors living in each household income quintile. We need to find the percentage of primary donors in the highest quintile.

According to the table, 30% of primary donors lived in a household in the highest income quintile in 2013.

Final Answer: 30% 
"
422,how many percentage points did other donors live in a household in the highest income quintile in 2013?,[20.0],"Reasoning and Answer: The table shows the percentage of primary donors, other donors, and non-donors in different demographic categories, including household income quintile. We need to find the percentage of other donors living in the highest income quintile. 

From the table, we see that 20% of other donors lived in a household in the highest income quintile.

Final Answer: 20% 
"
423,how many percentage points did non-donors live in a household in the highest income quintile in 2013?,[14.0],"Reasoning and Answer: The table shows the percentage of primary donors, other donors, and non-donors by different characteristics, including household income quintile.  

We need to find the percentage of non-donors who live in the highest income quintile.  From the table, we see that 14% of non-donors live in the highest income quintile.

Final Answer: 14% 
"
424,how many percentage points were 55 years of age and older among primary donors in 2013?,[51.0],"Reasoning and Answer: The table provides the percentage of primary donors in 2013 based on age group. We need to find the percentage of primary donors who are 55 years of age and older. 

From the table:

The percentage of primary donors aged 55 years and older is 51%.

Final Answer: 51% 
"
425,how many percentage points were 55 years of age and older among other donors in 2013?,[34.0],"Reasoning and Answer: The table shows the percentage of primary donors, other donors, and non-donors in 2013, categorized by various personal characteristics. We're specifically interested in the percentage of ""other donors"" who are 55 years of age and older.

According to the table, 34% of ""other donors"" are 55 years of age and older.

Final Answer: 34% 
"
426,how many percentage points were 55 years of age and older among non-donors in 2013?,[26.0],"Reasoning and Answer: The table shows the percentage of individuals in each age group among primary donors, other donors, and non-donors in 2013. We are interested in the percentage of non-donors who are 55 years of age and older.

From the table, the percentage of non-donors aged 55 years and older is 26%.

Final Answer: 26% 
"
427,how many percentage points had primary donors participated in religious activities at least once a week?,[54.0],"Reasoning and Answer: The table shows the percentage of primary donors, other donors, and non-donors who participate in religious activities at least once a week. 

We need to find the difference in percentage points between primary donors who participate in religious activities at least once a week and those who don't. 

From the table, we see:

- Primary donors who participate in religious activities at least once a week: 54%
- Primary donors who do not participate in religious activities at least once a week: 46%

The difference is: 54% - 46% = 8 percentage points.

Final Answer: 8 percentage points 
"
428,how many percentage points had other donors participated in religious activities at least once a week?,[14.0],"Reasoning and Answer: The table shows the percentage of primary donors, other donors, and non-donors who participate in religious activities at least once a week. We need to find the difference in percentages between ""other donors"" and ""non-donors"" for this category.

From the table:

* Other donors who participate in religious activities at least once a week: 14%
* Non-donors who participate in religious activities at least once a week: 8%

The difference is 14% - 8% = 6%

Final Answer: 6% 
"
429,how many percentage points had non-donors participated in religious activities at least once a week?,[8.0],"Reasoning and Answer: The table shows the percentage of primary donors, other donors, and non-donors who participate in religious activities at least once a week.  We need to find the difference in percentage between non-donors and the other groups.

From the table:

- Non-donors who participate in religious activities at least once a week: 8%
- Primary donors who participate in religious activities at least once a week: 54%
- Other donors who participate in religious activities at least once a week: 14%

The difference in percentage points between non-donors and primary donors is: 8% - 54% = -46 percentage points
The difference in percentage points between non-donors and other donors is: 8% - 14% = -6 percentage points

Final Answer: -6 percentage points 
"
430,how many millions of dollars did religious organizations receive in donations in 2013?,[5228.0],"The table shows the total amount donated to religious organizations in 2013 was 5,228 million dollars.

Final Answer: 5,228 
"
431,how many percentage points does donation religious organizations received represent among the total donations made by canadians in 2013?,[41.0],"Reasoning and Answer:
The table shows that religious organizations received 41% of the total donations made by Canadians in 2013.  

Final Answer: 41% 
"
432,"in 2013, which club did tiago cameta appear for the serie a club?",['ponte preta'],"Reasoning and Answer: The table provides career statistics for a player named Tiago Cametá.  It includes the clubs he played for, the seasons, the leagues, and the number of appearances and goals for each club.

To answer the question, we need to find the row where:
* Season is 2013
* League is Serie A

The only row that matches this is the row for ""Ponte Preta"".

Final Answer: Ponte Preta 
"
433,"in march 2012, how many peopl were killed in iraq, according to government figures?",[112.0],"Reasoning and Answer: The table presents Iraqi government figures for the number of people killed each month. The data for March 2012 is located in the row for 2012 and the column for March. This cell indicates 112 people were killed.

Final Answer: 112 
"
434,"in 2016, which club did romero play in primera division?",['argentinos juniors'],"Reasoning and Answer: The table shows the career statistics of a player, but it does not include the player's name. Therefore, we cannot determine which club Romero played for in 2016. 

Final Answer:  Not enough information to determine. 
"
435,what is the number of passengers enplaned and deplaned at canadian airports in 2017?,[149641672.0],"Reasoning and Answer: The table shows the number of passengers enplaned and deplaned at Canadian airports for both domestic and international segments. The question asks for the total number of passengers in 2017. We can find this by looking at the ""total"" row under ""enplaned and deplaned passengers"" for 2017. 

Final Answer: 149,641,672 
"
436,how many percentage points did the number of passengers enplaned and deplaned at canadian airports increase in 2017 compared to the previous year?,[6.2],"Reasoning and Answer: The table provides the number of passengers enplaned and deplaned at Canadian airports in 2016 and 2017, along with the percentage change from 2016 to 2017. The question asks for the difference in percentage points between the two years. 

The table shows that the number of passengers increased by 6.2% from 2016 to 2017.

Final Answer: 6.2% 
"
437,how many percentage points did the weight of cargo loaded and unloaded at canadian airports increase in 2017?,[7.4],"Reasoning and Answer: The table provides data on passenger and cargo numbers for Canadian airports in 2016 and 2017, including the percentage change from 2016 to 2017.  The relevant information is in the ""loaded/unloaded cargo"" row. 

The table shows that the cargo weight increased by 7.4% in 2017.  Percentage points are a measure of the absolute difference between two percentages. Since the percentage change from 2016 to 2017 is 7.4%, the increase in cargo weight was **7.4 percentage points**.

Final Answer: 7.4 percentage points 
"
438,how many tonnes did the weight of cargo loaded and unloaded at canadian airports increase to in 2017?,[1313376.0],"The table provides data on the number of cargo loaded/unloaded at Canadian airports in 2016 and 2017.  The question asks for the weight in tonnes. The table only shows the number of cargo loaded/unloaded, not the weight in tonnes.  

**Final Answer:**  Cannot be determined from the table. 
"
439,how many appearances did okoli make in the 2018-19 super lig for bursaspor?,[0.0],"Reasoning and Answer: The table provides data on appearances and goals for a player named Okolie across different clubs, seasons, leagues, and competitions.  We are specifically interested in his appearances in the 2018-19 Super Lig season for Bursaspor. 

The table shows that Okolie had 0 appearances in the 2018-19 Super Lig for Bursaspor. 

Final Answer: 0 
"
440,how many qualifying places are available for archery at the 2012 summer olympics in total.,[128.0],"Reasoning and Answer: The table shows qualification summaries for archery at the Olympics, with the number of qualifying places broken down by gender and team/individual competitions. 

To find the total number of qualifying places, we need to add up all the qualifying places for both men and women in individual and team events.

* **Individual:** 64 men + 64 women = 128 
* **Team:** 12 men + 12 women = 24

Adding these together: 128 + 24 = 152

**Final Answer: 152** 
"
441,"for employees aged 18 to 64,how many individuals were hired in 2009?",[2437.0],"The table shows data on hires and layoffs for employees aged 18 to 64 and 25 to 54 in Canada from 2003 to 2013. We are looking for the number of hires for employees aged 18 to 64 in 2009.

In the row corresponding to 2009 and the column ""hires"" for employees aged 18 to 64, the value is 2,437.

Final Answer: 2,437 thousand. 
"
442,"in 2009, how many individuals were laid off among employees aged 18 to 64?",[902.0],"The table shows the number of layoffs in thousands for employees aged 18 to 64 in each year. In 2009, the number of layoffs was 902 thousand.

Final Answer: 902 thousand 
"
443,"among workers aged 25 to 54, what is the total paid employment, number of hires, number of layoffs, respectively in 2009?","[9671.0, 1460.0, 581.0]","The table provides data on employment, hires, and layoffs for two age groups: 18-64 and 25-54. We need to focus on the 25-54 age group for the year 2009.

Looking at the table, we find the following information for 2009 and employees aged 25-54:

* **Number of employees in January:** 9,671 thousand
* **Hires:** 1,460 thousand
* **Layoffs:** 581 thousand

**Final Answer:** 9,671 thousand, 1,460 thousand, 581 thousand 
"
444,when did cher sign with atco records and release 3614 jackson highway album?,"['released: june 20, 1969 label: atco, rhino formats: lp, cd']","Reasoning: The table shows album details, including the release date and record label. According to the table, the album ""3614 Jackson Highway"" was released on June 20, 1969 and was released by Atco Records. 

Final Answer: June 20, 1969 
"
445,"in 2013, what percent of university educated canadians felt that the rcmp was a very important national symbol?",[46.0],"The table shows the perception of various national symbols as ""very important"" to Canadian identity, broken down by various demographic characteristics, including highest level of education completed. To answer the question, we need to find the percentage of Canadians with a university degree who felt the RCMP was very important.

Looking at the ""university degree"" row, we find the percentage for the RCMP is 46%.

**Final Answer: 46%** 
"
446,who coached the team from 2003 to 2011 with 139 regular season games?,['jack del rio'],"Reasoning: The table provides information about coaches, including their names, term (years), and regular season games coached. We need to find the coach who led the team from 2003 to 2011 and coached 139 regular season games.

Looking at the table, we see that Jack Del Rio coached from 2003 to 2011 and coached 139 regular season games.

Final Answer: Jack Del Rio 
"
447,which province has the largest prevalence of self-employment in 2018?,['british columbia'],"Reasoning and Answer: The table shows the self-employment rate in 2018 for various provinces and territories in Canada. We need to find the province with the highest self-employment rate in 2018.

Scanning the ""2018"" column, we see that British Columbia has the highest self-employment rate at 17.9%.

Final Answer: British Columbia 
"
448,"in 2018, what percent of british columbia employed population worked as self-employed in their main job?",[17.9],"Reasoning and Answer: The table shows the self-employment rate for different Canadian provinces in 2018 and 1976.  We are looking for the self-employment rate in British Columbia in 2018.

The table indicates that the self-employment rate in British Columbia in 2018 was 17.9%.

Final Answer: 17.9% 
"
449,what is the self-emploment rate in british columbia in 1976?,[12.0],"Reasoning and Answer: The table shows the self-employment rate in various provinces and territories in Canada in 2018 and 1976.  We need to find the self-employment rate for British Columbia in 1976.

Looking at the row for British Columbia, we see that the self-employment rate in 1976 was 12.0%.

Final Answer: 12.0% 
"
450,which region has a higher self-employment rate in 2018? saskachewan or national average?,['saskatchewan'],"Reasoning and Answer: The table shows self-employment rates in 2018 for different Canadian regions and the national average. 

Saskatchewan's self-employment rate in 2018 is 17.4%. 
The national average in 2018 is 15.3%.

Therefore, Saskatchewan has a higher self-employment rate in 2018.

Final Answer: Saskatchewan 
"
451,how many percentage points of the self-employment rate in saskatchewan was lower in 2018 than in 1976?,[11.8],"Reasoning and Answer: The table shows self-employment rates for various provinces in both 2018 and 1976.  We need to find the difference in self-employment rates for Saskatchewan between these two years.

From the table:
- Saskatchewan's self-employment rate in 2018 was 17.4%.
- Saskatchewan's self-employment rate in 1976 was 29.2%.

The difference between these rates is:
29.2% - 17.4% = 11.8%

Final Answer: 11.8% 
"
452,"who were less likely to have all of their needs met for wpa, employees who were in a company for 2 years or less or employees who have been with the company for 3 years or more?",['0-2 years'],"Reasoning and Answer: The table shows the percentage of employees with disabilities aged 25 to 64 years who required a workplace accommodation (WPA) and the level of needs met for that accommodation by different characteristics. We are looking at the 'all' column, which indicates the percentage of employees who had all their needs met.

For employees with 0-2 years at the same company:  The percentage of needs met is 47.1%.
For employees with 3 or more years at the same company: The percentage of needs met is 60.5%.

Therefore, employees who were in a company for 2 years or less were less likely to have all of their needs met for WPA.

Final Answer: Employees who were in a company for 2 years or less. 
"
453,what is the ratio of mothers of second generation filipinos with a university degree?,[35.9],"Reasoning and Answer: The table shows the percentage of mothers of second generation Filipinos with a university degree, which is 35.9%. Ratios are typically expressed as a value out of 100, so the ratio is 35.9 out of 100. 

Final Answer: 35.9 out of 100 
"
454,what is the ratio of mothers of second generation blacks with a university degree?,[7.9],"The table shows the percentage of fathers and mothers with a university degree among different second-generation groups. We need to find the ratio of mothers of second generation blacks with a university degree.

The table indicates that 7.9% of mothers of second generation blacks have a university degree. 

**Final Answer: 7.9%** 
"
455,what is the ratio of mothers of second generation latin americans with a university degree?,[9.6],"Reasoning and Answer: The table provides the percentage of immigrant mothers with a university degree for various second-generation groups. We are interested in the percentage for Latin American mothers.  

According to the table, 9.6% of mothers of second generation Latin Americans have a university degree.

Final Answer: 9.6% 
"
456,what is the ratio of mothers of second generation southeast asians with a university degree?,[8.7],"Reasoning and Answer: The table displays the percentage of mothers with a university degree across various second-generation groups.  We need to identify the percentage for mothers from the Southeast Asian group.

From the table, the percentage of Southeast Asian mothers with a university degree is 8.7%.

Final Answer: 8.7% 
"
457,"in 2013, how many students enrolled in s&e graduate programs in the united states?",[570300.0],"Reasoning: The table provides data on graduate enrollment in science and engineering fields in the United States from 2008 to 2013. We need to find the total number of students enrolled in 2013.

The table shows that in 2013, there were 570,300 students enrolled in S&E graduate programs in the United States.

Final Answer: 570,300 
"
458,how many percent did full-time enrollment increase by in 2013?,[2.4],"The table shows graduate enrollment in science and engineering fields by enrollment status, sex, citizenship, ethnicity, and race from 2008 to 2013. We are interested in the percentage change in full-time enrollment between 2012 and 2013.

From the table:
- Full-time enrollment in 2012 was 414,384
- Full-time enrollment in 2013 was 424,508

To calculate the percentage change, we use the formula:
(New value - Old value) / Old value * 100%

Therefore, the percentage change in full-time enrollment between 2012 and 2013 is:
(424,508 - 414,384) / 414,384 * 100% = 2.4%

Final Answer: 2.4% 
"
459,how many students did full-time enrollment increase in 2013?,[424508.0],"Reasoning: The table provides information about graduate enrollment in science and engineering fields by enrollment status, sex, citizenship, ethnicity, and race from 2008-2013. We need to find the difference in full-time enrollment between 2012 and 2013.

From the table:

Full-time enrollment in 2012 was 414,384.
Full-time enrollment in 2013 was 424,508.
Subtracting the 2012 value from the 2013 value, we get the increase in full-time enrollment:
424,508 - 414,384 = 10,124

Final Answer: 10,124 
"
460,which club of the 2017-18 primera division did ramiro martinez appear for?,['godoy cruz'],"Reasoning and Answer: The table shows statistics for Ramiro Martinez's career across various clubs and seasons. We need to find the club he played for in the 2017-18 Primera Division.

The table indicates that Ramiro Martinez played for Godoy Cruz in the 2017-18 Primera Division season.

Final Answer: Godoy Cruz 
"
461,how many games in total did jeff fisher lose during the regular-season?,[165.0],"The table shows the regular season won and lost games for each team coached by Jeff Fisher throughout his career.  To get the total regular season losses, we need to add the losses for each team he coached:

* **Houston (HOU):** 1 + 9 + 8 = 18
* **Tennessee (TEN):** 3 + 3 + 9 + 5 + 4 + 12 + 8 + 6 + 10 = 60
* **St. Louis (STL):** 8 + 9 + 10 + 9 = 36
* **Los Angeles (LA):** 9 = 9

Adding all these together: 18 + 60 + 36 + 9 = **123**

**Final Answer: 123** 
"
462,what were the percentages of the single/never-married population and those who had ever been (or were currently) married or living common-law who had been cyberstalked?,"[6.0, 4.1]","Reasoning and Answer:

The table shows the percentage of individuals within various demographics who have experienced cyberbullying and/or cyberstalking. We need to find the percentage of ""single/never-married"" and ""currently married or ever-married/common-law"" individuals who were cyberstalked.

* **Single/never-married:** The percentage of this group who were cyberstalked, but not cyberbullied, is 6.0%. The percentage of this group who were both cyberbullied and cyberstalked is 5.7%. Therefore, the total percentage of single/never-married individuals who were cyberstalked is 6.0% + 5.7% = **11.7%**.

* **Currently married or ever-married/common-law:** The percentage of this group who were cyberstalked, but not cyberbullied, is 4.1%. The percentage of this group who were both cyberbullied and cyberstalked is 3.2%. Therefore, the total percentage of currently married or ever-married/common-law individuals who were cyberstalked is 4.1% + 3.2% = **7.3%**.

Final Answer: 11.7% and 7.3% 
"
463,what were the percentages of those aged 15 to 17 and 27- to 29-year-olds who experienced cyberstalking or cyberbullying or both?,"[19.1, 14.6]","Reasoning and Answer:

The table provides the percentage of 15-to-29 year-olds who experienced cyberbullying, cyberstalking, or both. We need to find the combined percentage of those who experienced either or both for the age groups 15-17 and 27-29.

From the table:

- The percentage of 15-to-17 year-olds who experienced either or both is: 9.3% + 5.0% + 4.8% = 19.1%
- The percentage of 27-to-29 year-olds who experienced either or both is: 3.5% + 5.6% + 5.5% = 14.6%

Final Answer: 19.1% for those aged 15 to 17 and 14.6% for those aged 27 to 29. 
"
464,"what was the percentage of individuals from households that earn less than $40,000 who said they were a victim of cyberstalking in the last five years?",[11.1],"Reasoning and Answer: The table shows the percentage of individuals who experienced cyberbullying and/or cyberstalking within the past five years, broken down by household income. We need to find the percentage of individuals from households earning less than $40,000 who reported being cyberstalked, regardless of whether they were also cyberbullied.  

Looking at the table, under the ""household income"" section, we find that 11.1% of individuals from households earning less than $40,000 reported being cyberstalked.

Final Answer: 11.1% 
"
465,how many rushing yards did giovani bernard finish the 2012 season with?,[1228.0],"Reasoning and Answer: The table presents college career statistics for Giovanni Bernard, including rushing yards for the 2012 season.  The table shows that he had 1,270 rushing yards in 2012. 

Final Answer: 1,270 
"
466,what were the numbers of wastewater treatment plants and the population in 2018(millions) respectively?,"[14.0, 8.4]","Reasoning and Answer: The table provides information on the number of wastewater treatment plants and the 2018 population (in millions) for various test sites. To find the total number of wastewater treatment plants and the total population in 2018, we need to sum up the values across all test sites.

From the table:

- Total wastewater treatment plants: 14
- Total population in 2018: 8.4 million

Final Answer: 14, 8.4 
"
467,what was the percentage of men that had employment in all five years?,[27.9],"Reasoning and Answer: The table shows the percentage of men and women who had T4 earnings in 0 to 5 years before their death.  To find the percentage of men who had employment in all five years, we need to look at the row where ""number of years with t4 earnings"" is 5.

The table shows that 27.9% of men had T4 earnings in all five years. 

Final Answer: 27.9% 
"
468,what was the average annual earnings of men that had employment in all five years?,[42200.0],"Reasoning and Answer: The table shows the percentage of men and women who had T4 earnings in a given number of years prior to death, along with the mean annual and cumulative T4 earnings for those individuals. We need to find the average annual earnings of men who had employment in all five years.

From the table:
- The percentage of men with T4 earnings in all five years (5 years) is 27.9%.
- The mean annual T4 earnings for men with 5 years of T4 earnings is $42,200 in 2016 constant dollars.

Therefore, the average annual earnings of men who had employment in all five years was $42,200.

Final Answer: $42,200 
"
469,what was the percentage of women who were employed in all five years?,[13.7],"Reasoning and Answer: The table shows the percentage of men and women who had T4 earnings (meaning they were employed) for each of the five years prior to death.  We need to find the percentage of women who had T4 earnings for *all* five years.

The table indicates that 13.7% of women had T4 earnings in all 5 years.

Final Answer: 13.7% 
"
470,what was the percentage of women who did not have employment in any of the previous five years?,[51.0],"Reasoning: The table shows the percentage of men and women who had T4 earnings in the five years prior to death. We are looking for the percentage of women who had zero years with T4 earnings, which represents those who did not have employment in any of the previous five years. 

The table shows that 51.0% of women had 0 years with T4 earnings.

Final Answer: 51.0% 
"
471,what was the percentage of women who had employment in just one or two years?,[18.6],"Reasoning and Answer: The table provides the percentage of men and women who had employment in a certain number of years prior to death. To find the percentage of women who had employment in just one or two years, we need to add the percentages for those who had employment for one year and those who had employment for two years.

From the table:

- The percentage of women with employment for 1 year is 11.5%.
- The percentage of women with employment for 2 years is 7.1%.

Adding these together, we get the total percentage of women with employment for one or two years:
11.5% + 7.1% = 18.6%

Final Answer: 18.6% 
"
472,what was the percentage of men who had no employment and who had employment in one or two years out of the five-year period respectively?,"[28.9, 20.8]","Reasoning and Answer:

The table displays the percentage of men and women who had T4 earnings for various numbers of years out of a five-year period before their death. 

For men:
- The percentage with 0 years of T4 earnings is 28.9%.
- The percentage with 1 year of T4 earnings is 10.5%.
- The percentage with 2 years of T4 earnings is 10.3%.

Therefore, the percentage of men with no employment (0 years) is 28.9%. The percentage of men with employment in one or two years (1 or 2 years) is 10.5% + 10.3% = 20.8%. 

Final Answer: 28.9% (no employment), 20.8% (one or two years of employment) 
"
473,"in 2016, which club in kazakhstan premier league did shitov appear for?",['astana'],"Reasoning: The table shows the statistics of player Shitov for different clubs, seasons, leagues, and competitions. We need to find the club he played for in the Kazakhstan Premier League in 2016. Looking at the table, we find that Shitov played for **Astana** in the Kazakhstan Premier League in 2016. 

Final Answer: Astana 
"
474,"according to the census of 2010, wht was shaoyang's permanent resident population?",[7071741.0],"Reasoning and Answer: The table displays demographic data for Shaoyang city and its divisions, including the permanent resident population. The question asks for the permanent resident population of Shaoyang city according to the census of 2010. While the table provides data, it doesn't explicitly state the census year. Therefore, we can't determine the specific permanent resident population for the 2010 census.

Final Answer: Unable to determine. 
"
475,what was the percentage of the past-year sdmnm cannabis users who identified alleviating pain as the primary purpose for their medical use.,[52.5],"Reasoning and Answer: The table shows the percentage of past-year SDMNMM cannabis users (household population aged 15 or older) in Canada (excluding territories) who identified alleviating pain as the primary purpose for their medical use, by age and sex in 2015. 

The overall percentage for the total population is 52.5%.

Final Answer: 52.5% 
"
476,what was the percentage of the past-year sdmnm cannabis users who identified alleviating insomnia as the primary purpose for their medical use.,[18.3],"Reasoning and Answer: 
The table presents the primary reasons for using cannabis for medical purposes, broken down by age and sex.  We need to find the percentage of individuals who reported alleviating insomnia as their primary reason.  

The table shows that 18.3% of all medical cannabis users reported insomnia as their primary reason.

Final Answer: 18.3% 
"
477,how many passing interceptions did michael bishop have in 2001.,[7.0],"The table does not include information about individual player statistics, only team statistics. Therefore, it's impossible to determine the number of passing interceptions Michael Bishop had in 2001.

Final Answer: The information is not available in the table. 
"
478,which club did barrientos appear in the serie a in the 2009-10 season?,['catania'],"The table shows Barrientos' career statistics, including the clubs he played for and the seasons he played in. Looking at the table, we can see that Barrientos played for **Catania** in the Serie A during the 2009-10 season.

Final Answer: Catania 
"
479,"in 2017, which club of the uruguayan primera division nicolas silva did join with?",['sud america'],"Reasoning and Answer: The table shows Nicolás Silva's career statistics, including the clubs he has played for and the seasons he played in.  The table shows that in 2017, Nicolás Silva played in the Uruguayan Primera Division for Sud America.

Final Answer: Sud America 
"
480,"in 2018, which club did farizal play in malaysia premier league?",['felda united'],"Reasoning: The table shows the club, season, league and apps(appearances) for each player.  To answer the question we need to find the club where Farizal played in 2018, in the Malaysia Premier League.

The table does not include player names, so we cannot find the club where Farizal played.

Final Answer: Unable to determine. 
"
481,"overall, what was the proportion of economic families with school-age children that held an resp in 1999?",[0.159],"The table displays the proportion of economic families with children who held a Registered Education Savings Plan (RESP) in 1999 and 2012.  The table breaks down the data by various characteristics of the families, including income quintile, net worth, parental education, age of parents, number of children, and age of the youngest and oldest child.

The question asks for the overall proportion of economic families with school-age children who held an RESP in 1999. However, the table does not provide data on families with school-age children specifically. Instead, it provides data for all economic families with children.

Therefore, we cannot answer the question with the data provided in the table.

**Final Answer:** Unable to determine. 
"
482,what was the proportion of families in the top income quintile that had an resp account in 1999?,[0.318],"The table shows the proportion of families with RESPs by income quintile, with the ""top"" quintile representing the highest income earners.  

The table shows that in 1999, **0.318** (or 31.8%) of families in the top income quintile had an RESP.

**Final Answer: 0.318** 
"
483,what was the proportion of families in the bottom income quintile that had an resp account in 1999?,[0.098],"The table shows the proportion of families with an RESP account in 1999 and 2012, broken down by various factors including income quintile.  We are looking for the proportion of families in the bottom income quintile that had an RESP account in 1999.

Looking at the row for ""bottom"" in the ""after-tax income quintile"" section, we find the proportion of families with an RESP account in 1999 was 0.098.

**Final Answer: 0.098** 
"
484,how many times was the mean value of resps among families at the top higher than those at the bottom of the distribution in 1999?,[4.201072],"The question asks for the number of times the mean value of RESPs among families at the top was higher than those at the bottom of the distribution in 1999.

We need to compare the ""mean value of resps"" for the 'top' and 'bottom' categories within each of the specified breakdowns (after-tax income quintile, net worth quintile, highest parental education, age of oldest parent, age of youngest child, age of oldest child, region, and location).

Let's analyze each breakdown:

* **After-tax income quintile:** Top: 3,134, Bottom: 746
* **Net worth (less resps) quintile:** Top: 4,879, Bottom: 397
* **Highest parental education:** Top: 3,032, Bottom: 214
* **Age of oldest parent:** Top: 1,320, Bottom: 220
* **Age of youngest child:** Top: 969, Bottom: 897
* **Age of oldest child:** Top: 1,325, Bottom: 679
* **Atlantic provinces:**  Top: 1,320, Bottom: 1,302
* **Quebec:** Top: 622, Bottom: 622
* **Ontario:** Top: 1,579, Bottom: 1,579
* **Prairie provinces:** Top: 1,842, Bottom: 1,842
* **British Columbia:** Top: 1,240, Bottom: 1,240
* **Urban:** Top: 1,374, Bottom: 1,374
* **Rural:** Top: 1,133, Bottom: 1,133

We see that the mean value of RESPs for families at the top was higher than those at the bottom in 1999 for the following breakdowns:

* After-tax income quintile
* Net worth (less resps) quintile
* Highest parental education
* Age of youngest child
* Age of oldest child

Therefore, the mean value of RESPs was higher in the top group than the bottom group **5 times** in 1999.

**Final Answer: 5** 
"
485,did married couples tend to invest more in resps or did lone parents in 1999?,['married or common-law couple'],"The table shows the proportion of economic families with children that have an RESP and the mean value of RESPs in 2012 constant dollars for various family characteristics in 1999 and 2012. 

We are interested in comparing the mean value of RESPs for married or common-law couples and lone parents in 1999.

The table shows that:

* **Married or common-law couples:** had a mean RESP value of **$1,489** in 1999.
* **Lone parents:** had a mean RESP value of **$523** in 1999.

Therefore, married couples tended to invest more in RESPs than lone parents in 1999.

**Final Answer: Married couples** 
"
486,did families living in urban areas tend to invest more in resps or did rural ones in 1999?,['urban'],"Reasoning and Answer: The table displays the proportion of families holding an RESP and the mean value of RESPs in 1999, broken down by different demographic factors including geographic location. We need to compare the mean value of RESPs for families living in urban areas to the mean value of RESPs for families living in rural areas in 1999. 

From the table:

* The mean value of RESPs in urban areas in 1999 is $1,374 (in 2012 constant dollars).
* The mean value of RESPs in rural areas in 1999 is $1,133 (in 2012 constant dollars).

Therefore, families living in urban areas tended to invest more in RESPs than those in rural areas in 1999.

Final Answer: Urban"
487,in which year was resp participation higher for families in the bottom income quintile?,[2012.0],"Reasoning and Answer: The table shows the proportion of families with a registered education savings plan (RESP) in 1999 and 2012, categorized by various factors like income quintile, net worth, parental education, etc. We need to identify the year where RESP participation was higher for families in the bottom income quintile.

The table shows the following proportions:

* **1999:**  0.098 for the bottom income quintile
* **2012:** 0.253 for the bottom income quintile

Therefore, RESP participation was higher for families in the bottom income quintile in **2012**.

Final Answer: 2012 
"
488,in which year was the average dollar value of holdings higher for families in the bottom income quintile?,[2012.0],"Reasoning and Answer: 
The table shows the mean value of RESPs for families in the bottom income quintile in both 1999 and 2012. 

In 1999, the mean value of RESPs for families in the bottom income quintile was $746 in 2012 constant dollars. In 2012, this value was $2,072.

Therefore, the average dollar value of holdings was higher in **2012**. 

Final Answer: 2012 
"
489,how many dollars more did families in the top quintile hold in resps on average than those in the bottom quintile in 1999?,[2388],"The table provides information on Registered Education Savings Plan (RESP) holdings of economic families with children in 1999 and 2012. We are asked to find the difference in average RESP holdings between families in the top and bottom income quintiles in 1999.

From the table:

- **Top quintile mean RESP value in 1999:** $3,134 (in 2012 constant dollars)
- **Bottom quintile mean RESP value in 1999:** $746 (in 2012 constant dollars)

To find the difference, we subtract the bottom quintile value from the top quintile value:

$3,134 - $746 = $2,388

**Final Answer: $2,388** 
"
490,how many dollars more did families in the top quintile hold in resps on average than those in the bottom quintile in 2012?,[13843],"The table shows the mean value of RESPs in 2012 constant dollars for families in different income quintiles.  We need to find the difference in mean values between the top and bottom quintiles.

- **Top quintile mean RESP value:** $15,915
- **Bottom quintile mean RESP value:** $2,072

**Difference:** $15,915 - $2,072 = $13,843

**Final Answer:** $13,843 
"
491,how many times was the average dollar value of resp holdings among families in the top income quintile higher than those in the bottom quintile in 1999?,[4.201072],"Reasoning:  The question asks for the ratio of the mean RESP value for the top income quintile to the mean RESP value for the bottom income quintile in 1999.  

From the table:

* Mean value of RESPs for the top quintile in 1999 (2012 constant dollars) = 3,134
* Mean value of RESPs for the bottom quintile in 1999 (2012 constant dollars) = 746

To find the ratio, divide the mean value for the top quintile by the mean value for the bottom quintile: 

3,134 / 746 = 4.20

Final Answer: 4.20 
"
492,how many times was the average dollar value of resp holdings among families in the top income quintile higher than those in the bottom quintile in 2012?,[7.680985],"The table shows the mean value of RESP holdings in 2012 constant dollars for different groups of families, categorized by income quintile. 

We need to compare the average RESP holdings for families in the top income quintile to those in the bottom income quintile.

From the table:
- Mean value of RESP holdings in the top quintile: $15,915
- Mean value of RESP holdings in the bottom quintile: $2,072

Divide the mean value of the top quintile by the mean value of the bottom quintile:
$15,915 / $2,072 = 7.68

Therefore, the average dollar value of RESP holdings among families in the top income quintile was approximately **7.7 times** higher than those in the bottom quintile in 2012.

Final Answer: 7.7 
"
493,"in jerome bettis's first season in pittsburgh, how many yards did he rush for?",[1431.0],"Reasoning and Answer: The table provides Jerome Bettis' rushing statistics for each season in his career. We need to find the year he first played for Pittsburgh and then look for his rushing yards in that year.  Looking at the table, we see he played for Pittsburgh in 1996. In 1996, Jerome Bettis rushed for 1,431 yards.

Final Answer: 1,431 
"
494,"in the 2015 primera b nacional campaign with santamarina, how many appearances did franco ferrari make?",[15.0],"The table does not contain information about the appearances of a player named Franco Ferrari. It only provides statistics about goals and appearances for the club as a whole. 

Final Answer: This information is not available in the table. 
"
495,"in 2015, which club did arao sign in serie b?",['botafogo'],"Reasoning and Answer: The table provides data on club appearances and goals for different seasons. It doesn't mention any player information, including signing details. Therefore, the question cannot be answered based on this table.

Final Answer: This question cannot be answered from the table. 
"
496,how many rushing yards did ray rice make in the 2012 season?,[1143.0],"The table provides rushing statistics for Ray Rice over his career. We need to find the rushing yards he made in the 2012 season.

Looking at the row for 2012, we find the rushing yards column, which states 1,143. 

Final Answer: 1,143 
"
497,"among those with poorer official language skills, how much did citizenship rate decline between 1996 and 2016?",[29.5],"The question asks about the decline in citizenship rate for those with poorer official language skills, which is represented by the category ""neither English nor French"" in the table.

We need to find the citizenship rate for this category in 1996 and 2016 and calculate the difference.

- In 1996, the citizenship rate for those who spoke neither English nor French was 62.1%.
- In 2016, the citizenship rate for those who spoke neither English nor French was 32.6%.

The decline in citizenship rate between 1996 and 2016 is: 62.1% - 32.6% = 29.5 percentage points.

**Final Answer: 29.5 percentage points** 
"
498,"among those whose mother tongue was english or french, how much did citizenship rate decline between 1996 and 2016?",[8.2],"The table shows citizenship rates for immigrants who arrived in Canada 5 to 9 years ago, broken down by various socio-demographic characteristics. We need to find the decline in citizenship rate between 1996 and 2016 for those whose mother tongue was English or French.

Looking at the row ""English or French mother tongue"", we see that the citizenship rate in 1996 was 69.2%, and in 2016 it was 61.0%. 

To find the decline, we subtract the 2016 rate from the 1996 rate: 69.2% - 61.0% = 8.2%

**Final Answer: 8.2%** 
"
499,"between 1996 and 2016, among which group of people was the decline greater, among those with poorer official language skills or among those whose mother tongue was english or french?",['neither english nor french'],"Reasoning: The table shows citizenship rates for immigrants who arrived in Canada five to nine years ago, categorized by different socio-demographic characteristics. We need to compare the ""1996-to-2016 change"" in percentage points for two groups: those with ""neither english nor french"" language skills and those with ""english or french mother tongue.""

* **""Neither English nor French""** group experienced a decline of **-29.5 percentage points**.
* **""English or French Mother Tongue""** group experienced a decline of **-8.2 percentage points**.

Final Answer: Among those whose mother tongue was neither english nor french. 
"
500,"in 1996, how many immigrants with less than a high school education became naturalized?",[69.4],"The table does not contain data on the number of immigrants who became naturalized. It only provides the percentage of immigrants aged 18 and older who arrived in Canada five to nine years ago, by selected socio-demographic characteristics, who became naturalized from 1991 to 2016. 

We can find that in 1996, 69.4% of immigrants with less than a high school education became naturalized, but the table does not show the actual number.

Final Answer: The table does not provide the number of immigrants with less than a high school education who became naturalized in 1996. 
"
501,"in 1996, how many immigrants with university degrees became naturalized?",[80.9],"The table shows the citizenship rate (percentage) of immigrants aged 18 and older who arrived in Canada 5-9 years ago by various factors including education.  It does not provide the actual number of immigrants who became naturalized. Therefore, we cannot determine how many immigrants with university degrees became naturalized in 1996. 

**Final Answer: This information cannot be determined from the table.** 
"
502,how much did the citizenship rate fall among immigrants with less than a high school education between 1996 and 2016?,[22.5],"The table shows citizenship rates for immigrants aged 18 and older who arrived in Canada five to nine years ago, broken down by various socio-demographic characteristics. We are looking for the change in citizenship rate between 1996 and 2016 for immigrants with less than a high school education.

From the table:

* Citizenship rate for immigrants with less than a high school education in 1996: 69.4%
* Citizenship rate for immigrants with less than a high school education in 2016: 46.9%

The difference between these two rates represents the fall in citizenship rate:

69.4% - 46.9% = 22.5%

**Final Answer: 22.5%** 
"
503,how much did the citizenship rate fall among immigrants with university degreees between 1996 and 2016?,[13.8],"The table shows citizenship rates among immigrants aged 18 and older who arrived in Canada five to nine years ago, by selected socio-demographic characteristics, from 1991 to 2016. We need to find the change in citizenship rate for immigrants with university degrees between 1996 and 2016.

The citizenship rate for immigrants with university degrees in 1996 was 80.9%. 
In 2016, the citizenship rate for immigrants with university degrees was 67.1%.

The difference between the two is 80.9% - 67.1% = 13.8%.

Final Answer: 13.8 percentage points 
"
504,how many interceptions did kirk cousins make in the 2017 season ?,[13.0],"Reasoning: The table presents regular season statistics for the Washington Redskins and Minnesota Vikings teams from 2012 to 2018. We need to find the number of interceptions Kirk Cousins threw in the 2017 season.

The table shows that Kirk Cousins played for the Washington Redskins from 2012 to 2017.  

The ""int"" column represents the number of interceptions thrown.  In 2017, Kirk Cousins threw 13 interceptions.

Final Answer: 13 
"
505,which club did spencer appear at second division during the 1997-98 season?,['brentford'],"Reasoning and Answer: The table provides career statistics for Spencer, listing the clubs he played for, the season, league, and number of appearances (apps) and goals scored in different competitions. 

Looking at the 1997-98 season, we see Spencer played for two clubs: Brentford and Yeovil Town. Brentford played in the Second Division during this season, while Yeovil Town played in the Conference.

Therefore, Spencer played for **Brentford** in the Second Division during the 1997-98 season.

Final Answer: Brentford 
"
506,"in 2014, which club did max appear in primera b nacional?",['atletico tucuman'],"Reasoning and Answer: The table shows career statistics, including appearances (apps) and goals for each club in different seasons. We need to find the club where Max appeared in Primera B Nacional in 2014. However, the table doesn't provide information about player names, including ""Max."" Therefore, we can't answer the question based on the provided information.

Final Answer: Unable to answer. 
"
507,"from 2012 to 2017, how many league games did steinar strømnes play for strømmen?",[166.0],"The table shows the number of appearances (apps) for Steinar Strømnes across different clubs and seasons. 

To find the number of league games for Strømmen from 2012 to 2017, we need to sum the 'apps' column for Strømmen in the '1. divisjon' league during those years. 

* **2012:** 27 apps
* **2013:** 29 apps
* **2014:** 26 apps
* **2015:** 29 apps
* **2016:** 29 apps
* **2017:** 26 apps

Total league games played for Strømmen from 2012 to 2017: 27 + 29 + 26 + 29 + 29 + 26 = **166 apps**

**Final Answer: 166** 
"
508,which club in championship did lee join in 2014-15 season?,['brentford'],"Reasoning:  The table shows Lee's career statistics across different clubs and seasons. We need to find the club Lee joined in the 2014-15 season, playing in the Championship.

Looking at the table:

* Lee played for Watford in the Championship during the 2004-05 season.
* Lee played for Brentford in the Championship during the 2014-15 season.
* Lee played for Dunstable Town in the Southern League Premier Division during the 2017-18 season.

Final Answer: Brentford 
"
509,which cup or league did fc istiklol season participate in?,"['tajik league', 'tajik cup', 'super cup', 'afc cup']","Reasoning and Answer:  The table lists appearances and goals for FC Istiklol players across different cups and leagues.  The ""Tajik League"", ""Tajik Cup"", ""Super Cup"", and ""AFC Cup"" are all listed as columns, meaning FC Istiklol participated in all of these competitions during the season. 

Final Answer: Tajik League, Tajik Cup, Super Cup, and AFC Cup 
"
510,how many runs did morris get in the second inning?,[182.0],"Reasoning: The table provides runs scored by each batsman in both innings. We need to find the runs scored by Morris in the second innings.

From the table:
- Morris' runs in the second innings are listed under the ""second innings"" column and next to his name.

The table shows Morris scored 182 runs in the second innings.

Final Answer: 182 
"
511,how many receptions did mcfadden get in 2011?,[19.0],"Reasoning: The table provides information about NFL statistics, including receptions per year. We need to find the number of receptions McFadden had in 2011.

The table shows McFadden's statistics for each year, and in 2011, he had 19 receptions.

Final Answer: 19 
"
512,which club did troy deeney play for in 2010?,['watford'],"Reasoning: The table contains career statistics for a player, but it doesn't specify the player's name. Therefore, we can't determine which club Troy Deeney played for in 2010 based on the provided information.

Final Answer: Unable to determine. 
"
513,how many rushing yards did emmitt smith of cowboys get in 1993?,[1486.0],"Reasoning and Answer: The table provides rushing yards for Emmitt Smith while playing for the Cowboys. The row corresponding to the year 1993 shows 1,486 rushing yards. 

Final Answer: 1,486 
"
514,which club did ben chorley play for in 2015-16?,['bromley'],"Reasoning and Answer: The table shows the career statistics of Ben Chorley, including the clubs he played for each season. The table indicates that Ben Chorley played for Bromley during the 2015-16 season.

Final Answer: Bromley 
"
515,how many comps did manning get in 2017?,[352.0],"The table shows data about the New York Giants (NYG) team during the regular season. Each row represents a different year, and the columns show various statistics about the team's performance. The column labeled 'comp' represents the number of completed passes. We need to find the value in the 'comp' column for the year 2017.

Looking at the row for 2017, we find that the value in the 'comp' column is 352.

**Final Answer: 352** 
"
516,which club did simkovic play for in 2014?,['tobol'],"Reasoning: The table provides data on appearances and goals for a player across different clubs and seasons. We need to find the club where the player Simkovic played in 2014. 

The table does not specify which player's data is being presented. Therefore, it's impossible to determine which club Simkovic played for in 2014.

Final Answer: The table does not contain information about which club Simkovic played for in 2014. 
"
517,"what was associated with greater mortality risks, reporting no physical activity or reporting 60 or more minutes a day?",['none'],"Reasoning and Answer: 
The table presents age-adjusted hazard ratios for mortality associated with selected health behaviors, including physical activity.  We're looking for the behavior associated with a greater mortality risk: reporting no physical activity or reporting 60 or more minutes a day.

The hazard ratio for those reporting no physical activity is 1.89 for men and 2.04 for women. This is greater than 1, indicating an increased risk of mortality.  The hazard ratio for those reporting 60 or more minutes a day is 1.00 for both men and women. This indicates no significant increase in mortality risk compared to the reference group.

Final Answer: Reporting no physical activity. 
"
518,"what was associated with greater mortality risks, reporting less than 30 minutes of physical activity a day, or reporting 60 or more minutes a day?",['less than 30'],"Reasoning: The table presents age-adjusted hazard ratios for mortality associated with selected health behaviors, separated by sex. We are looking at the hazard ratio for mortality associated with ""minutes of physical activity per day"" and comparing those who reported ""less than 30 minutes"" to those who reported ""more than 60 minutes."" 

Looking at the table:
- For men, the hazard ratio for ""less than 30 minutes"" is 1.23, while for ""more than 60 minutes"" it is 1.00.
- For women, the hazard ratio for ""less than 30 minutes"" is 1.22, while for ""more than 60 minutes"" it is 1.00.

A hazard ratio greater than 1.00 indicates an increased risk of mortality. Therefore, reporting less than 30 minutes of physical activity a day was associated with greater mortality risks compared to reporting 60 or more minutes a day.

Final Answer: Reporting less than 30 minutes of physical activity a day. 
"
519,"which behavior was less likely to be associated with elevated mortality risks, eating fewer than five servings of fruit and vegetables per day or more than five servings?",['more than 5'],"Reasoning and Answer: The table displays hazard ratios (HR) for mortality associated with different health behaviors. An HR of 1.00 represents no association with mortality, HR greater than 1.00 represents increased risk of mortality, and HR less than 1.00 represents decreased risk of mortality.

We are looking for the behavior associated with lower mortality risks. Comparing the HRs for ""fruit and vegetable servings per day"" we find:

- Less than 2 servings: HR = 1.52 (increased risk)
- 2 to 5 servings: HR = 1.18 (increased risk)
- More than 5 servings: HR = 1.00 (no association)

Eating more than five servings of fruit and vegetables per day is associated with no increased risk of mortality, while eating fewer than five servings is associated with an increased risk.

Final Answer: More than five servings of fruit and vegetables per day. 
"
520,how many receptions did roddy white get in 2012?,[92.0],"The table provides receiving statistics for Roddy White throughout his career. We need to find the number of receptions he had in 2012.

Looking at the table, we find the row corresponding to the season 2012. The ""rec"" column represents the number of receptions.

In the row for 2012, the value under ""rec"" is 92.

Final Answer: 92 
"
521,how many games did pablo zabaleta play for manchester city over nine seasons?,[333.0],"Reasoning and Answer: The table provides details about Pablo Zabaleta's career statistics, including the number of games played for each club in different competitions. To find the total number of games played for Manchester City, we need to sum up the ""Apps"" column for all seasons played at Manchester City.

From the table:

* 2008-09: 29 apps
* 2009-10: 27 apps
* 2010-11: 26 apps
* 2011-12: 21 apps
* 2012-13: 30 apps
* 2013-14: 35 apps
* 2014-15: 29 apps
* 2015-16: 13 apps
* 2016-17: 20 apps

Adding all these together: 29 + 27 + 26 + 21 + 30 + 35 + 29 + 13 + 20 = **230 games**

Final Answer: 230 games 
"
522,how many receptions did matt asiata get in 2010?,[32.0],"Reasoning and Answer: The table shows statistics for a player named Matt Asiata, breaking down rushing, receiving, and passing statistics by season. We are looking for the number of receptions (rec) in the year 2010.

From the table, we can see that Matt Asiata had 32 receptions in the 2010 season.

Final Answer: 32 
"
523,which club did ozlem arac played for in 2011-12?,['medical park antalyaspor'],"Reasoning: The table lists the clubs that the player Ozlem Arac played for, along with their seasons and total appearances. We need to find the club for which Ozlem Arac played in the 2011-12 season.

From the table, we can see that Ozlem Arac played for Medical Park Antalyaspor in the 2011-12 season.

Final Answer: Medical Park Antalyaspor 
"
524,list the term that adam oates served as a head coach.,['2012-2014'],"The table lists coaching terms for various coaches, including Adam Oates. The row corresponding to Adam Oates shows his coaching term as 2012-2014. 

Final Answer: 2012-2014 
"
525,"whose rates of self-reported violent victimization were higher in 2014, women or men?",['female'],"Reasoning and Answer: The table provides the number and rate per 1,000 people of self-reported violent victimization for men and women in 2014. To answer the question, we need to compare the rate per 1,000 for men and women in the ""total violent victimization"" column. 

The rate per 1,000 for men is 67, while the rate per 1,000 for women is 85.

Final Answer: Women 
"
526,which club did elliott play for in 2016?,['shelbourne'],"Reasoning: The table provides career statistics for a player named Elliott.  We need to find the club he played for in the year 2016.

Looking at the table, we find that Elliott played for **Shelbourne** in the year 2016.

Final Answer: Shelbourne 
"
527,what was the percentage weight loss of neil in the 9th week?,[5.31],"The table shows the weekly weight-in percentages for each contestant.  We need to find Neil's weight loss percentage in week 9. 

From the table:

- Neil's weight-in percentage in week 8 is 8.87%.
- Neil's weight-in percentage in week 9 is 5.31%.

To find the weight loss percentage, subtract week 9's percentage from week 8's percentage:

8.87% - 5.31% = 3.56%

Final Answer: 3.56% 
"
528,which club di fox play for in 2017?,['afc eskilstuna'],"Reasoning and Answer: The table shows career statistics for Fox, broken down by club, season, and competition. Looking for the year 2017, we find that Fox played for **AFC Eskilstuna**. 

Final Answer: AFC Eskilstuna 
"
529,what is the regular season record of tony la russa for team chicago white sox?,"[522.0, 510.0]","Reasoning and Answer: The table shows the managerial record of Tony La Russa for different teams, including the Chicago White Sox.  We need to find the regular season record for his time with the White Sox.

According to the table, Tony La Russa managed the Chicago White Sox from 1979 to 1986. The regular season record for this period is listed as:

- Wins (W): 522
- Losses (L): 510

Therefore, the regular season record of Tony La Russa for the Chicago White Sox is 522-510.

Final Answer: 522-510 
"
530,which club did hysaj play for in 2012-13?,['empoli'],"The table shows data about clubs and their performance across different seasons, leagues, and competitions.  However, it does not include information about players.  Therefore, we cannot determine which club Hysaj played for in 2012-13.

Final Answer: Not enough information. 
"
531,which club did jansson play for in 1985?,['kalmar'],"Reasoning: The table provides statistics for several clubs, including the seasons and divisions they played in. However, it does not provide information on individual players like Jansson, so we cannot determine which club he played for in 1985.

Final Answer: This information cannot be found in the table. 
"
532,how many rushing yards did woodhead get in 2004?,[1840.0],"Reasoning: The table provides statistics for rushing yards by year.  We can find the rushing yards for 2004 in the row corresponding to 2004, under the column ""yds"".

Final Answer: 1,840 
"
533,which club did talisca play for in 2018?,['guangzhou evergrande'],"The table shows the career statistics of a player named Talisca. In 2018, he played for Guangzhou Evergrande. 

Final Answer: Guangzhou Evergrande 
"
534,"within the nine jurisdictions where data were available, how many female youth was admitted to youth correctional services in 2014/2015?",[17744.0],"Reasoning: The table shows the number of youth admitted to correctional services by jurisdiction, broken down by type of supervision (pre-trial detention, secure custody, open custody). It also gives the percentage of female youth admitted in each category. To find the total number of female youth admitted, we need to sum the female percentages for each jurisdiction and multiply by the total number of youth admitted for each jurisdiction.

1. Calculate the number of female youth admitted in each jurisdiction:
   - Newfoundland and Labrador: 256 * 0.23 = 59
   - Prince Edward Island: 282 * 0.28 = 79
   - New Brunswick: 865 * 0.22 = 190
   - Ontario: 7639 * 0.19 = 1451
   - Manitoba: 4386 * 0.28 = 1228
   - British Columbia: 4096 * 0.26 = 1065
   - Yukon: 91 * 0.37 = 34
   - Northwest Territories: 75 * 0.24 = 18
   - Nunavut: 54 * 0.17 = 9

2. Sum the number of female youth admitted across all jurisdictions:
   59 + 79 + 190 + 1451 + 1228 + 1065 + 34 + 18 + 9 = **4133**

Final Answer: 4133 
"
535,what was the percentage of females among the youth admitted to youth correctional services in 2014/2015?,[23.0],"Reasoning and Answer: The table provides the total number and percentage of female admissions to youth correctional services in 2014/2015 across different jurisdictions.  To determine the overall percentage of females admitted, we need to look at the ""total correctional services"" column. 

The table shows that a total of 17,744 youth were admitted, with 23% of them being female.

Final Answer: 23% 
"
536,whose percentage of admissions of female youth in youth correctional services was relatively low in 2014/2015?,['secure custody'],"Reasoning:  The table displays admissions to youth correctional services, categorized by jurisdiction and type of supervision. The question asks us to identify the jurisdiction with a relatively low percentage of female youth admissions. We need to compare the 'percent female' in the 'total correctional services' column for each jurisdiction. 

Looking at the table, we can see the following percentages of female youth admissions:

* Newfoundland and Labrador: 23%
* Prince Edward Island: 28%
* New Brunswick: 22%
* Ontario: 19%
* Manitoba: 28%
* British Columbia: 26%
* Yukon: 37%
* Northwest Territories: 24%
* Nunavut: 17%

Ontario has the lowest percentage of female youth admissions at 19%.

Final Answer: Ontario 
"
537,what was the percentage of admissions of female youth to secure custody in youth correctional services in 2014/2015?,[16.0],"The table shows the percentage of female youth admitted to each type of custody in youth correctional services in 2014/2015. To find the percentage of female youth admitted to secure custody, we need to locate the ""percent female"" value for the ""secure custody"" column. 

Looking at the table, we see that the percentage of female youth admitted to secure custody across all jurisdictions is **16%**.

**Final Answer: 16%** 
"
538,what was the percentage of female judges employed in the criminal justice system in 1991?,[14.0],"The table shows the number and percentage of individuals employed in various occupations within the criminal justice system, but it does not provide information about gender breakdowns for specific occupations. 

Final Answer: This information is not available in the provided table. 
"
539,what was the percentage of female judges employed in the criminal justice system in 2011?,[36.0],"The table only provides information about the total number and percentage of people employed in different occupations within the criminal justice system. It does not provide any information about the gender of the individuals in those occupations.  

Final Answer: This information cannot be determined from the table. 
"
540,what was the percentage of female correctional workers employed in the criminal justice system in 1991?,[22.0],"Reasoning and Answer: The table shows the number and percentage of workers in various occupations within the criminal justice system, but it does not specify the gender breakdown of those workers. Therefore, we cannot determine the percentage of female correctional workers employed in the criminal justice system in 1991.

Final Answer: Not enough information to answer the question. 
"
541,what was the percentage of female correctional workers employed in the criminal justice system in 2011?,[32.0],"The table does not provide the percentage of female correctional workers employed in the criminal justice system in 2011.  It only shows the total number and percentage of correctional service officers, not the gender breakdown. 

**Final Answer:** The table does not contain this information. 
"
542,what was the percentage of female lawyers and notaries employed in the criminal justice system in 1991?,[27.0],"The table only provides the total number and percent of workers in different occupations in the criminal justice system, but it does not provide a breakdown by gender. 

Final Answer: This question cannot be answered from the table provided. 
"
543,what was the percentage of female lawyers and notaries employed in the criminal justice system in 2011?,[42.0],"The provided table only includes the total number of employees for each occupation in the criminal justice system, not the gender breakdown. Therefore, we cannot determine the percentage of female lawyers and notaries employed in 2011. 

Final Answer: Not enough information. 
"
544,what was the percentage of female probation and parole officers in 1991?,[50.0],"The table provides the total number and percentage of people employed in various occupations, but does not provide information on gender distribution within each occupation. 

**Final Answer: Not enough information** 
"
545,what was the percentage of probation and parole officer positions held by women in 2011?,[65.0],"Reasoning and Answer: The table shows the number and percentage of workers in different occupations, but it doesn't provide information about the gender breakdown of these positions. Therefore, we cannot determine the percentage of probation and parole officer positions held by women in 2011. 

Final Answer: This information cannot be determined from the table. 
"
546,what was the percentage of paralegal and related positions held by women in 2011?,[85.0],"Reasoning and Answer: 
The table provides the percentage of total people employed in each occupation in each year, not the percentage of women. The information about the gender breakdown of people employed in each position is not included in the table. 

Final Answer: There is not enough information to answer this question. 
"
547,"in 2013-2014, what was the percentage of seniors got a flu vaccination?",[64.0],"Reasoning and Answer: 
The table provides flu vaccination rates by age group for 2003 and 2013-2014. We are looking for the percentage of seniors who received a flu vaccination in 2013-2014. The table categorizes seniors as ""65 and over.""

From the table, the percentage of flu vaccination for the age group 65 and over in 2013-2014 is 64%.

Final Answer: 64% 
"
548,"in 2003, what was the percentage of seniors got a flu vaccination?",['65 and over'],"Reasoning and Answer: The table displays flu vaccination rates for various age groups in Canada, both for 2003 and 2013-2014.  We are specifically interested in the vaccination rate for seniors (65 and over) in 2003. 

According to the table, the flu vaccination rate for individuals aged 65 and over in 2003 was 67%.

Final Answer: 67% 
"
549,"when had a lower percentage of seniors got a flu vaccination, in 2003 or in 2013-2014?",[2003.0],"Reasoning and Answer: The table shows flu vaccination rates by age group in Canada for 2003 and 2013-2014. We're interested in the percentage of seniors who received the flu vaccine in each year.

The table shows that 67% of seniors received a flu vaccine in 2003, compared to 64% in 2013-2014.

Final Answer: 2013-2014 
"
550,"in 2003, what was the percentage of younger canadians (12 to 44 years) who got a flu vaccination?",[16.0],"Reasoning and Answer: The table provides flu vaccination rates by age groups in Canada for 2003 and 2013-2014. We need to find the percentage of younger Canadians (12 to 44 years) who received a flu vaccination in 2003.

The table shows the vaccination rate for the age group 12 to 44 years in 2003 as 16%.

Final Answer: 16% 
"
551,"in 2013-2014, what was the percentage of younger canadians (12 to 44 years) who got a flu vaccination?",[19.0],"Reasoning and Answer: The table shows flu vaccination rates by age group for Canada in 2003 and 2013-2014. The question asks for the percentage of younger Canadians (12 to 44 years old) who got vaccinated in 2013-2014. 

We need to find the flu vaccination rate for the 12 to 44 age group in the 2013-2014 column. This value is 19%.

Final Answer: 19% 
"
552,"which year had a higher rate among younger canadians (12 to 44 years) got a flu vaccination, in 2003 or in 2013/2014?",['2013-2014'],"Reasoning and Answer: The table shows flu vaccination rates by age group in Canada for the years 2003 and 2013-2014. The question asks which year had a higher vaccination rate for younger Canadians (12 to 44 years old).

Looking at the table, the vaccination rate for the age group 12 to 44 years was 16% in 2003 and 19% in 2013-2014.

Therefore, 2013-2014 had a higher vaccination rate among younger Canadians aged 12 to 44.

Final Answer: 2013-2014 
"
553,which municipalities were seen the largest increases in the rates of police strength in 2016?,"['delta, b.c']","Reasoning and Answer: 
The table provides information on police strength for municipalities with a population of 100,000 or more in Canada.  The column ""percentage change from previous year"" is the indicator for the increase or decrease of the police strength rates.
The largest increase in the rates of police strength was in Delta, BC with 6.6% growth.  Red Deer, Alta. had the second largest increase at 3.7%.

Final Answer: Delta, BC & Red Deer, Alta. 
"
554,"how many did the rate of police strength in delta, british columbia increase in 2016?",[6.6],"Reasoning and Answer: The table shows the police officers per 100,000 population rate for 2017.  We are asked about the change in 2016, which is not provided in this table. Therefore, we cannot answer the question with the provided information.

Final Answer: Not enough information provided. 
"
555,"how many did the rate of police strength in red deer, alberta increase in 2016?",[3.7],"The table provides the 2017 rate of police officers per 100,000 population, and the percentage change from the previous year. To determine the increase in police strength from 2016, we need to use the percentage change information.

The percentage change for Red Deer, Alberta is 3.7%. This means the number of police officers per 100,000 population increased by 3.7% from 2016 to 2017. 

However, the question asks about the *rate* increase, not the percentage increase. The table shows the rate for Red Deer in 2017 is 166. To find the rate in 2016, we need to work backwards from the 2017 rate.

Let's denote the 2016 rate as ""x"". We know that a 3.7% increase in ""x"" resulted in the 2017 rate of 166. We can express this mathematically:

x + (3.7/100)*x = 166

Simplifying the equation:

1.037*x = 166

x = 166 / 1.037 ≈ 160

Therefore, the rate of police strength in Red Deer, Alberta increased from approximately 160 in 2016 to 166 in 2017.

**Final Answer: 6** 
"
556,"how many did the rate of police strength in london, ontario increase in 2016?",[2.5],"The table does not contain information about police strength in 2016. It only shows the 2017 police officers per 100,000 population. Therefore, it is impossible to calculate the rate of increase in police strength from 2016 to 2017.

Final Answer: Cannot be determined. 
"
557,"how many did the rate of police strength in codiac region, new brunswick increase in 2016?",[-9.8],"Reasoning and Answer: The table provides data for 2017, not 2016.  The question asks about the increase from 2016, but the table only provides information on changes from the previous year (2016). The table doesn't contain information to calculate the change in police strength from 2015 to 2016. 

Final Answer: There is not enough information to answer the question. 
"
558,"how many did the rate of police strength in abbotsford, british columbia increase in 2016?",[-5.6],"The table does not provide information about the police strength rate in Abbotsford, BC for 2016. It only provides the rate for 2017, which is 139 police officers per 100,000 population.

**Final Answer:  Not enough information provided** 
"
559,"how many did the rate of police strength in toronto, ontario increase in 2016?",[-4.9],"The table does not provide information about the rate of police strength in Toronto, Ontario in 2016. It only provides the rate of police strength for 2017. 

Final Answer: This question cannot be answered with the given table. 
"
560,"among these 50 police services, what were the 10 ones with the highest rates of police strength in 2017?","['victoria, b.c', 'montreal, que', 'halifax, n.s', 'thunder bay, ont', 'vancouver, b.c', 'windsor, ont', 'winnipeg, man', 'edmonton, alta', 'toronto, ont', 'regina, sask']","The question asks for the 10 police services with the highest rates of police officers per 100,000 population in 2017. 

To answer this, we need to look at the '2017 police officers per 100,000 population' column. We need to find the 10 highest values in this column.

Here are the top 10 police services with the highest rates:

1. **Montreal, Que**: 228
2. **Winnipeg, Man**: 192
3. **Vancouver, B.C**: 196
4. **Windsor, Ont**: 193
5. **Thunder Bay, Ont**: 197
6. **Halifax, N.S**: 223
7. **Regina, Sask**: 178
8. **Saskatoon, Sask**: 173
9. **Red Deer, Alta**: 166
10. **Calgary, Alta**: 168

**Final Answer:** Montreal, Que; Winnipeg, Man; Vancouver, B.C; Windsor, Ont; Thunder Bay, Ont; Halifax, N.S; Regina, Sask; Saskatoon, Sask; Red Deer, Alta; Calgary, Alta. 
"
561,what was the rate of police strength in victoria in 2017?,[233.0],"The table shows the rate of police officers per 100,000 population for each municipal police service in Canada in 2017. We need to find the rate for Victoria, BC.

Looking at the table, we find the row for Victoria, BC, and in the column ""2017 police officers per 100,000 population"" we see the rate is 233.

Final Answer: 233 
"
562,what was the rate of police strength in montreal in 2017?,[228.0],"The table displays data for municipal police services in Canada in 2017. We need to find the police officer rate per 100,000 population for Montreal.

Looking at the row for ""Montreal, que"", the rate is listed under the ""2017 police officers per 100,000 population"" column.

Final Answer: 228 
"
563,what was the rate of police strength in halifax in 2017?,[223.0],"The table provides information on police strength per 100,000 population for various Canadian cities in 2017.  We need to find the police strength rate for Halifax.

From the table, the rate of police officers per 100,000 population in Halifax, NS in 2017 was 223.

Final Answer: 223
"
564,what was the rate of police strength in thunder bay in 2017?,[197.0],"The table presents information about municipal police services in Canada in 2017. It provides data for cities with a population of 100,000 or more. The question asks for the police strength rate in Thunder Bay in 2017.

We can find this information in the table under the column ""2017 police officers per 100,000 population"" where the row for Thunder Bay shows the rate as **197**.

Final Answer: 197
"
565,what was the rate of police strength in vancouver in 2017?,[196.0],"The table provides information on municipal police services in Canada for 2017. We need to find the rate of police strength per 100,000 population in Vancouver in 2017.

The table shows that the police officers per 100,000 population in Vancouver in 2017 was 196.

Final Answer: 196
"
566,what was the rate of police strength in winsor in 2017?,[193.0],"The table provides the 2017 police officers per 100,000 population (rate) for Windsor, Ontario.

From the table:

The rate of police officers per 100,000 population in Windsor, Ontario in 2017 is 193.

Final Answer: 193
"
567,what was the rate of police strength in winnipeg in 2017?,[192.0],"The table provides information on municipal police services in Canada in 2017, including the number of police officers per 100,000 population for each service. 

To find the rate of police strength in Winnipeg in 2017, we need to look at the row for ""Winnipeg, Man"" and find the value under the column ""2017 police officers per 100,000 population"". 

Final Answer: 192
"
568,what was the rate of police strength in edmonton in 2017?,[183.0],"The table shows the police officers per 100,000 population for each city in 2017.  We need to find the rate for Edmonton.

Edmonton had a rate of 183 police officers per 100,000 population in 2017.

Final Answer: 183
"
569,what was the rate of police strength in toronto in 2017?,[180.0],"The table shows the rate of police officers per 100,000 population for each municipality in 2017. 

For Toronto, the rate is listed as 180.

**Final Answer: 180** 
"
570,what was the rate of police strength in regina in 2017?,[178.0],"Reasoning and Answer: The table shows the police strength per 100,000 population for each municipality listed. To find the police strength rate for Regina, we need to find the row for Regina in the table and locate the column ""2017 police officers per 100,000 population"". 

The table indicates that the police strength rate in Regina for 2017 was 178. 

Final Answer: 178
"
571,"for the third consecutive year, which municipality was observed the lowest rates of police strength?","['richmond, b.c']","Reasoning and Answer:  The question asks for the municipality with the lowest police strength rates for three consecutive years.  Unfortunately, the table only provides data for a single year (2017). To answer this question, we need information on police strength rates for previous years (2015 & 2016). 

Final Answer: Insufficient information. 
"
572,"for the third consecutive year, what was the rate of police strength in british columbia's municipality of richmond?",[98.0],"Reasoning and Answer: The table only provides data for 2017. Therefore, we cannot determine the rate of police strength in Richmond for the third consecutive year, as we only have data for a single year. 

Final Answer: Not enough information provided to answer the question. 
"
573,"for the third consecutive year, what was the rate of police strength in quebec's municipality of richelieu saint-laurent?",[103.0],"The table provides information on the 2017 police strength (number of officers per 100,000 population) for various municipalities in Canada, but it does not contain historical data for consecutive years. Therefore, we cannot answer the question about the rate of police strength in Richelieu Saint-Laurent for three consecutive years. 

**Final Answer:** Not enough information provided. 
"
574,"for the third consecutive year, what was the rate of police strength in quebec's municipality of levis?",[107.0],"The table provides data for 2017, and it does not provide historical data for previous years. Therefore, we cannot determine the rate of police strength for the third consecutive year in Levis, Quebec.

**Final Answer:** Cannot be determined from the table. 
"
575,how many appearances did tommy higginson make for his 12-years with brentford?,[433.0],"Reasoning and Answer: The table provides information on career statistics for Brentford, including appearances (apps) in different competitions. However, the table doesn't provide any information about individual players like Tommy Higginson. Therefore, we can't answer the question about his appearances.

Final Answer: Not enough information. 
"
576,how many passing touchdowns did manuel throw from 2014 to 2017?,[8],"The table shows passing touchdowns for each year. To get the total passing touchdowns from 2014 to 2017, we need to add the passing touchdowns for each year:

* **2014:** 5 touchdowns
* **2015:** 3 touchdowns
* **2016:** 0 touchdowns
* **2017:** 1 touchdown

Total: 5 + 3 + 0 + 1 = 9 touchdowns

**Final Answer: 9** 
"
577,"in 1982-83, which division did steve fox join port vale in?",['fourth division'],"Reasoning and Answer: The table shows statistics for Steve Fox's career. It includes the club, season, division, and appearances for each club. We need to find the division Steve Fox joined Port Vale in for the 1982-83 season. 

The table shows that Steve Fox joined Port Vale in the 1982-83 season. According to the table, Port Vale played in the **fourth division** in the 1982-83 season.

Final Answer: Fourth Division 
"
578,"in 2011, what was the life expectancy for the first nations household males at age 1?",[72.5],"The table provides life expectancy (LE) data for various age groups within different Indigenous populations and non-Indigenous people in Canada for the year 2011.  We need to find the LE for First Nations males at age 1.

Looking at the row for males aged 1 and the column for First Nations people, the LE is listed as 72.5 years.

**Final Answer: 72.5** 
"
579,"in 2011, what was the life expectancy for the first nations household females at age 1?",[77.7],"The table shows life expectancy (LE) in years at various ages, by group and sex for the household population in Canada in 2011. The question asks for the LE of First Nations females at age 1.  

Looking at the table, we find the row for females and the column for First Nations people. The LE for First Nations females at age 1 is 77.7 years.

**Final Answer: 77.7** 
"
580,"at age 65, what was the gap in life expectancy between first nations and non-indigenous males in 2011?",[4.6],"The table shows the life expectancy (LE) in years at various ages, by group and sex for the household population at baseline in Canada in 2011. 

We are asked for the gap in LE between First Nations and non-Indigenous males at age 65.

From the table:

* LE for First Nations males at age 65 is 16.4 years.
* LE for non-Indigenous males at age 65 is 21.0 years.

The gap in LE is the difference between the two: 21.0 - 16.4 = 4.6 years.

**Final Answer: 4.6 years** 
"
581,"at age 65, what was the gap in life expectancy between first nations and non-indigenous females in 2011?",[6.2],"Reasoning: The table displays life expectancy (LE) at different ages, broken down by gender and Indigenous status (First Nations, Métis, Inuit, and non-Indigenous). To answer the question, we need to look at the LE for First Nations and non-Indigenous females at age 65.

From the table:

- First Nations females at age 65 had a LE of 19.7 years.
- Non-Indigenous females at age 65 had a LE of 25.9 years.

The difference between these two is: 25.9 - 19.7 = 6.2 years.

Final Answer: 6.2 years 
"
582,"for the 2011 metis household population, what was the life expectancy at age 1 for males?",[76.9],"The table shows life expectancy (LE) at various ages for different groups and sexes in the Canadian household population at baseline in 2011.

We are asked to find the life expectancy at age 1 for males in the Metis household population.

Looking at the table, we locate the row for males and age 1. We then move across the row until we reach the column for the Metis household population and find the LE value.

**Final Answer: 76.9** 
"
583,"for the 2011 metis household population, what was the life expectancy at age 1 for females?",[82.3],"The table shows life expectancy (LE) for various ages in the household population of Canada in 2011.  We need to find the LE for females at age 1 within the Metis population.

Looking at the table under ""Metis,"" and in the row for females at age 1, we see the LE is 82.3.

**Final Answer: 82.3** 
"
584,"for the 2011 metis household population, how many years was the life expectancy at age 1 for males shorter than that for non-indigenous ones?",[4.5],"The table shows the life expectancy (LE) at various ages for different groups, including Métis and non-Indigenous people, broken down by sex. We need to find the difference in LE at age 1 for Métis males and non-Indigenous males.

From the table:

* LE at age 1 for Métis males is 76.9 years.
* LE at age 1 for non-Indigenous males is 81.4 years.

The difference is: 81.4 - 76.9 = 4.5 years.

**Final Answer: 4.5** 
"
585,"for the 2011 metis household population, how many years was the life expectancy at age 1 for females shorter than that for non-indigenous ones?",[5],"The table shows life expectancy (LE) at various ages for different groups (First Nations, Métis, Inuit, and Non-Indigenous) by sex.  We need to find the difference in LE at age 1 between Métis females and Non-Indigenous females.

* **Métis females at age 1:** LE = 82.3 years
* **Non-Indigenous females at age 1:** LE = 87.3 years

The difference is 87.3 - 82.3 = 5 years.

**Final Answer: 5 years** 
"
586,"at age 65, what was the gap in life expectancy between metis and non-indigenous males in 2011?",[2.7],"The table displays life expectancy (LE) in years for males at various ages, including First Nations, Métis, Inuit, and non-Indigenous people in Canada in 2011. We need to find the gap in LE between Métis and non-Indigenous males at age 65.

From the table:

- LE for Métis males at age 65 is 18.3 years.
- LE for non-Indigenous males at age 65 is 21.0 years.

The gap in LE between Métis and non-Indigenous males at age 65 is:

21.0 years - 18.3 years = 2.7 years

**Final Answer: 2.7 years** 
"
587,"at age 65, what was the gap in life expectancy between metis and non-indigenous females in 2011?",[3.8],"The table provides life expectancy (LE) at various ages, by group and sex, for the household population at baseline in Canada in 2011. We need to find the difference in LE between Metis and non-Indigenous females at age 65.

From the table:

- The LE for Metis females at age 65 is 22.1 years.
- The LE for non-Indigenous females at age 65 is 25.9 years.

The gap in life expectancy is:
25.9 - 22.1 = 3.8 years

**Final Answer: 3.8 years** 
"
588,what was the life expectancy at age 1 for the inuit household males in 2011?,[70.0],"The table provides life expectancy (LE) at various ages for males and females of different Indigenous groups and non-Indigenous people. To find the LE at age 1 for Inuit household males in 2011, we need to look at the row for ""males"" and the column for ""Inuit"".

The LE for Inuit males at age 1 is 70.0.

**Final Answer: 70.0** 
"
589,what was the life expectancy at age 1 for the inuit household females in 2011?,[76.1],"The table shows life expectancy at various ages for different groups and sexes in Canada in 2011. We need to find the life expectancy at age 1 for Inuit household females.

From the table, we can see that the life expectancy at age 1 for Inuit females is 76.1 years.

Final Answer: 76.1 years 
"
590,how many years was the life expectancy at age 1 for the inuit household males shorter than that for non-indigenous ones in 2011?,[11.4],"The table shows life expectancy (LE) at various ages for different groups and sexes in Canada in 2011. We need to compare the LE at age 1 for Inuit household males to that for non-Indigenous males.

- LE at age 1 for Inuit males is 70.0 years.
- LE at age 1 for non-Indigenous males is 81.4 years.

The difference in LE is 81.4 - 70.0 = 11.4 years.

**Final Answer: 11.4** 
"
591,how many years was the life expectancy at age 1 for the inuit household females shorter than that for non-indigenous ones in 2011?,[11.2],"The table shows life expectancy (LE) at various ages for different groups (First Nations, Métis, Inuit, and Non-Indigenous) and sexes in Canada in 2011. We need to find the difference in LE at age 1 for Inuit females and Non-Indigenous females.

From the table:

- LE at age 1 for Inuit females: 76.1 years
- LE at age 1 for Non-Indigenous females: 87.3 years

The difference is: 87.3 - 76.1 = 11.2 years.

**Final Answer: 11.2** 
"
592,"at age 65, how many years was the life expectancy for inuit men shorter than that for non-indigenous men in 2011?",[4.9],"The table shows the life expectancy (LE) for males at various ages for First Nations People, Metis, Inuit, and non-Indigenous people in Canada in 2011. We need to find the difference in LE between Inuit and non-Indigenous men at age 65.

From the table:

* LE for Inuit men at age 65 is 16.1 years
* LE for non-Indigenous men at age 65 is 21.0 years

The difference is: 21.0 - 16.1 = 4.9 years

**Final Answer: 4.9 years** 
"
593,"at age 65, how many years was the life expectancy for inuit women shorter than that for non-indigenous women in 2011?",[5.9],"The table shows life expectancy (LE) at various ages for different groups and sexes in Canada in 2011. To answer the question, we need to find the LE for Inuit women at age 65 and compare it to the LE for non-Indigenous women at the same age.

-  Inuit women at age 65 have a LE of 20.0 years (found in the ""Inuit"" column and ""females"" row, at age 65).
- Non-Indigenous women at age 65 have a LE of 25.9 years (found in the ""Non-Indigenous people"" column and ""females"" row, at age 65).

The difference between the two LE is: 25.9 years - 20.0 years = 5.9 years.

**Final Answer: 5.9 years** 
"
594,"in 2017, which league did montgomery participate in the national leagues nsw for wollongong wolves?",['national premier leagues nsw'],"Reasoning and Answer: The table provides career statistics, including league information for different clubs.  The information for Wollongong Wolves is listed, but no information is provided about a player named Montgomery. Therefore, it is impossible to determine which league he played in.

Final Answer: The provided information does not include any details about a player named Montgomery, so it's impossible to answer this question. 
"
595,"in 1974, which single did george warren mccrae release his single?",['rock your baby'],"The table lists the singles released by George McCrae, but does not include any information about George Warren McCrae. 

Final Answer: There is no answer to this question in the table. 
"
596,how many days with a reign of is edward one of the shortest-reigning monarchs in british history?,['326 days'],"Reasoning: The table lists monarchs of the United Kingdom in order of the duration of their reign, starting with the longest reign.  The table shows that Edward VIII has the shortest reign. We need to find the number of days in Edward VIII's reign.

Answer: The table shows Edward VIII reigned for 326 days. 

Final Answer: 326 
"
597,which league did bateman appear for brentford team in the 1934-35 season?,['second division'],"Reasoning and Answer: The table presents career statistics for Bateman, showing the clubs he played for, the seasons, leagues, and number of appearances (apps) and goals scored. We need to find the league he played in for Brentford during the 1934-35 season.

Looking at the table, we find the following information for Brentford in the 1934-35 season:

* **Club:** Brentford
* **Season:** 1934-35
* **League:** Second Division 

Final Answer: Second Division 
"
598,"in 2016, which league did gerson vieira appear for mumbai city in indian super league?",['indian super league'],"Reasoning and Answer: The table does not include information about players, only club statistics.  Therefore, we cannot determine which league Gerson Vieira played in for Mumbai City in 2016. 

Final Answer: Not enough information provided. 
"
599,how many yards did fitzpatrick throw for in 2008?,[193.0],"The table provides NFL statistics for a player named Fitzpatrick across multiple years. We need to find the passing yards for the year 2008.

Looking at the table, under the year 2008, the ""yds"" column for passing shows ""1,905"".

Final Answer: 1,905 
"
600,how many touchdowns did fitzpatrick throw for in 2008?,[2.0],"The table shows passing statistics for a player named Fitzpatrick, with the year listed in the first column. To answer the question, we need to find the row corresponding to the year 2008 and then locate the column representing touchdowns.

* The row for 2008 shows that Fitzpatrick threw 8 touchdowns.

**Final Answer: 8** 
"
601,"in 2006, what is the ranking for peaches released song ""impeach my bush,"" in the us.",[168.0],"Reasoning and Answer: 
The table shows the peak chart positions for each Peaches album release, including the album ""Impeach My Bush"" which was released in 2006. We need to find the US ranking for this album.

According to the table, ""Impeach My Bush"" reached the following positions in the US:

* US: 168
* US Dance: 5
* US Indie: 13

Therefore, the ranking for ""Impeach My Bush"" in the US in 2006 was 168.

Final Answer: 168 
"
602,how many rushing yards did alfred morris finish the season with?,[1613.0],"Reasoning: The table shows rushing yards for different teams and seasons. We need to find the rushing yards for Alfred Morris in a single season. However, the table only provides data for teams, not individual players. 

Final Answer: This information is not available in the table. 
"
603,how many touchdowns did alfred morris finish the season with?,[13.0],"Reasoning: The table presents rushing and receiving stats for Alfred Morris throughout his career.  The table also includes the team he played for and the season. To find his touchdown totals for the season, we need to look up his stats per season.

* **2012:** 13 touchdowns
* **2013:** 7 touchdowns
* **2014:** 8 touchdowns
* **2015:** 1 touchdown
* **2016:** 2 touchdowns
* **2017:** 1 touchdown
* **2018:** 2 touchdowns

To find his total touchdown, we need to sum up his touchdown from all his seasons:
13 + 7 + 8 + 1 + 2 + 1 + 2 = 34 touchdowns

Final Answer: 34"
604,"in 2002, which competition did canada participate in the gold cup?",['gold cup'],"Reasoning and Answer:
The table shows Canada's participation in different competitions across various years. Focusing on the year 2002, the row for Canada in that year indicates participation in the ""gold cup"" competition. 

Final Answer: gold cup 
"
605,"in 2014, which league did elyounoussi join side molde fk?",['tippeligaen'],"Reasoning and Answer: The table shows Elyounoussi's career statistics, including the clubs, seasons, divisions, and leagues he played in.  We need to find the league he played in during the 2014 season for Molde FK.

Looking at the table, we find Elyounoussi played for Molde FK in the 2014 season and the league listed is 'tippeligaen'. 

Final Answer: tippeligaen 
"
606,which division did cross begin his career at walsall in 1966-67?,['third division'],"The table does not contain information about a player named ""Cross"" or any player information. Therefore, we cannot answer the question. 

**Final Answer:**  The question cannot be answered from the provided table. 
"
607,how many votes did the libertarian party took part in the election of 1994 receive?,[2754.0],"Reasoning and Answer: The table shows the number of votes the Libertarian party received in the House of Representatives elections for 1994, 2012, and 2017. The table lists the number of overall votes for each election year. The number of votes for the 1994 election is listed as 2,754. 

Final Answer: 2,754 
"
608,"what is the peak chart position of the album, the rhythm of the night, on the us heatseekers chart?",[2.0],"Reasoning and Answer: The table provides information about various studio albums, including their peak chart positions across different countries.  We are looking for the peak chart position of the album ""The Rhythm of the Night"" on the US Heatseekers chart.

According to the table, ""The Rhythm of the Night"" peaked at position **2** on the US Heatseekers chart.

Final Answer: 2 
"
609,which song was released by kim cesarion in 2013.,['undressed'],"Reasoning: The table lists singles released by Kim Cesarion, sorted by year of release. The row corresponding to the year 2013 shows two singles: ""Undressed"" and ""Brains Out"". 

Final Answer: ""Undressed"" and ""Brains Out"" 
"
610,"in the 1997 season, how many rushing yards did alexander finish with?",[415.0],"The table shows college statistics for a player named Alexander, broken down by season. We need to find the rushing yards for the 1997 season.

Looking at the row for the 1997 season, the rushing yards are listed as 415.

**Final Answer: 415** 
"
611,"in the 1997 season, how many rushing touchdowns did alexander finish with?",[3.0],"Reasoning: The table provides rushing statistics for each season. To find the number of rushing touchdowns in the 1997 season, we need to look at the ""td"" column under the ""rushing"" category for the year 1997. 

Final Answer: 3 
"
612,what was the share of unincorporated self-employed workers in 2016 who satisfy the definition of gig workers?,[8.2],"Reasoning and Answer: The table provides the shares of self-employed workers among all workers using different data sources in 2016. We need to find the share of unincorporated self-employed workers who fit the definition of gig workers.

The table shows the share of unincorporated self-employed workers across all data sources, but it also breaks down the share of gig workers within the unincorporated category only using administrative data (CEEDD).

From the table:
- The share of unincorporated self-employed workers in 2016 using administrative data is 14.6%. 
- Within this category, the share of gig workers is 8.2%.

Therefore, the share of unincorporated self-employed workers in 2016 who fit the definition of gig workers is 8.2%.

Final Answer: 8.2% 
"
613,which league did mladen devetak make an official debut for vojvodina in the 2016-17 season?,['serbian superliga'],"Reasoning: The table shows the number of appearances (apps) made by a player in different leagues, cups, and continental competitions for different clubs and seasons. We need to find the league where Mladen Devetak made his debut for Vojvodina in the 2016-17 season. 

While the table doesn't directly mention the player's name, it does provide information about Vojvodina's appearances in different leagues during the 2016-17 season.  We can see that Vojvodina had one appearance in the Serbian Superliga in the 2016-17 season.

Final Answer: Serbian Superliga 
"
614,"which deni hines's album including ""what about love"" was released in 2016?",['the soul sessions'],"Reasoning and Answer: The table provides information about Deni Hines's singles as lead artist, including the release year and album name. 

The table shows that ""What About Love"" was released in 2016 and was included in the album ""The Soul Sessions"".

Final Answer: The Soul Sessions 
"
615,how many kilograms did josef strassberger press in the men's +82.5 kg weightlifting category at the 1932 summer olympics?,[125.0],"Reasoning and Answer: The table displays results for the men's +82.5 kg weightlifting category at the 1932 Summer Olympics. It shows the weightlifter, their scores in the press, snatch, and clean & jerk lifts, and their total weight lifted. 

We need to find the weight Josef Strassberger lifted in the press. The table shows that Josef Strassberger lifted 115kg in his first press attempt, 120kg in his second attempt, and 125kg in his third attempt.

Final Answer: 125kg 
"
616,"after a one season stint with boca unidos in 2017-18, which league did maldonado join central cordoba in 2018?",['primera b nacional'],"Reasoning: The table shows the career statistics of a player, including the clubs he played for and the leagues he participated in.  We are looking for the league that Maldonado joined Central Cordoba in for the 2018-19 season. 

The table shows that Maldonado played for Boca Unidos in the Primera B Nacional league in 2017-18. It also shows that he joined Central Cordoba in the 2018-19 season. We need to find the league associated with Central Cordoba in the 2018-19 season.

The table indicates that Central Cordoba played in the ""Primera B Nacional"" league in the 2018-19 season.

Final Answer: Primera B Nacional 
"
617,how many matches did simen wangberg play in tippeligaen before he moved to brann in 2012?,[24.0],"Reasoning and Answer:

The table provides data on club appearances and goals for a player, but it doesn't specify the player's name.  We cannot determine the number of matches played in Tippeligaen by a player named Simen Wangberg before moving to Brann in 2012 based on the information provided.

Final Answer: Cannot be determined. 
"
618,how many goals did corentin tolisso score in the 2015-16 ligue 1 season with lyon?,[5.0],"The table does not include information on goals scored by individual players. It only shows the total number of goals scored by the Lyon team across various competitions in each season.

Final Answer: This information is not available in the table. 
"
619,"in 2014, which league did susvielles join olimpo of?",['primera division'],"Reasoning: The table provides career statistics for a player named Susvielles. It lists the clubs, seasons, leagues, and number of appearances (apps) and goals scored for each club and season. We are asked to find the league Susvielles joined Olimpo in during the 2014 season. 

Looking at the table, we find that Susvielles played for Olimpo in 2014 and the league is listed as ""Primera Division"". 

Final Answer: Primera Division 
"
620,what was the result of jan sekpona in the heat?,['1:54.25'],"Reasoning and Answer: The table displays athletic results for various events, including heat, semifinal, and final. We need to focus on Jan Sekpona and his result in the heat of the men's 800m.

According to the table, Jan Sekpona ran the heat in 1:54.25.

Final Answer: 1:54.25 
"
621,"in 2018, which league did adrian mierzejewski play for changchun yatai?",['chinese super league'],"The table shows the clubs, seasons, leagues, appearances, goals, and other details of Adrian Mierzejewski's career. We need to find the league he played in for Changchun Yatai in 2018.

Looking at the table, we find the row for Changchun Yatai with the season 2018. In this row, we see the league is listed as **""Chinese Super League""**.

**Final Answer: Chinese Super League** 
"
622,where did torres go after he played for the houston dynamo in the 2017 major league soccer season?,['cruz azul'],"The table provides career statistics for a player, but it does not mention the player's name. Therefore, we cannot determine where Torres went after playing for the Houston Dynamo in 2017.

**Final Answer:** Cannot be determined from the provided context. 
"
623,"in 2016, how many yards did dan raudabaugh throw for?",[4303.0],"Reasoning and Answer: The table contains passing statistics, not individual player statistics, for different teams and years. There is no mention of Dan Raudabaugh in the table, and it is impossible to determine his individual performance based on team statistics.

Final Answer: Cannot be determined from the table. 
"
624,"in 2016, how many touchdowns did dan raudabaugh throw for?",[101.0],"Reasoning: The table doesn't provide information on individual players, only team statistics. Therefore, we cannot determine how many touchdowns Dan Raudabaugh threw in 2016. 

Final Answer: We cannot determine this from the table. 
"
625,which league did clarence seedorf play for milan in the 2011-12?,['serie a'],"Reasoning and Answer: The table doesn't provide information on which players played for each club. It only shows the number of appearances and goals scored in different competitions for each club during specific seasons. Therefore, we can't answer the question based on the provided table.

Final Answer: The table does not provide information to answer the question. 
"
626,how many yards did jake locker rush in 2014?,[142.0],"Reasoning:  The table shows rushing statistics for different years. We need to find the ""yds"" (yards) for rushing in the year 2014. 

Looking at the row for year 2014, we find the ""yds"" column for rushing, which shows 142.

Final Answer: 142 
"
627,which league did blinkhorn sign for side york city for the 2011-12 season?,['conference premier'],"The table shows career statistics for a player named Blinkhorn. It lists the clubs he played for, the seasons, and the leagues they competed in.  We are looking for the league where Blinkhorn played for York City in the 2011-12 season. 

The table shows that Blinkhorn played for York City during the 2011-12 season and the league was **Conference Premier**.

**Final Answer: Conference Premier** 
"
628,"in 2016, which league did mokin appear for astana?",['kazakhstan premier league'],"Reasoning and Answer: The table doesn't have any information about ""mokin"" or any other player. It only provides the number of appearances and goals for each club per season. Therefore, the question cannot be answered based on the information provided in the table. 

Final Answer: Cannot be answered. 
"
629,"as all boys, how many goals did juan manuel vazquez have over the course of the 2016-17 primera b nacional?",[5.0],"Reasoning and Answer: The table provides career statistics for Juan Manuel Vazquez, including the number of goals scored for various clubs and seasons. The question asks specifically about his goals for ""All Boys"" in the ""2016-17"" season in the ""Primera B Nacional"" league. 

Looking at the table, we can see that for ""All Boys"" in the ""2016-17"" season, the ""goals"" column for ""league"" is ""5"".

Final Answer: 5 
"
630,what is the average all-in market price paid for legal cannabis flowers in the fourth quarter of 2018?,[9.7],"Reasoning and Answer: The table provides the average price of cannabis, both legal and illegal, in the fourth quarter of 2018. The table specifically lists the average price of legal cannabis as 9.70. 

Final Answer: 9.70 
"
631,what is the average price of illegal cannabis in the fourth quarter of 2018?,[6.51],"Reasoning and Answer: The table provides information on cannabis and gross domestic product prices in 2018, including the average price of both legal and illegal cannabis in the fourth quarter. 

Looking at the ""fourth quarter"" column, we find the average price of illegal cannabis is 6.51.

Final Answer: 6.51 
"
632,"in the fourth quarter of 2018, how mush was the average price of illegal cannabis lower than the price of legal cannabis?",[0.328866],"Reasoning and Answer: 

The table shows that in the fourth quarter of 2018, the average price of legal cannabis was 9.70, while the average price of illegal cannabis was 6.51.  To find the difference, we subtract the price of illegal cannabis from the price of legal cannabis:

9.70 - 6.51 = 3.19

Final Answer: 3.19 
"
633,how many times did larus sigurðsson play in 1998-99 at stoke?,[43.0],"Reasoning: The table shows the number of appearances for each player by club and season. It does not list individual players or their appearances. Therefore, we cannot determine how many times Larus Sigurðsson played in 1998-99 at Stoke.

Final Answer:  The table does not provide this information. 
"
634,"larus sigurðssonwas transferred to west bromwich albion in 1999, how many appearances did he make for stoke?",[228.0],"The table doesn't provide information about players or their transfers.  It only shows club statistics for various seasons and competitions. Therefore, we cannot determine the number of appearances Larus Sigurdsson made for Stoke.

Final Answer: Cannot be determined from the table. 
"
635,"in 2018, what is the number of women being sexually assaulted in the 12 months preceding the survey?",[340.0],res
636,"in 2018, what was the proportion of women being sexually assaulted in the 12 months preceding the survey?",[4.3],res
637,"in 2018, what was the proportion of men reporting that they had been sexually assaulted in the military workplace in the past 12 months?",[1.1],res
638,"in 2016, what was the most common type of sexual assault experienced by regular force members?",['unwanted sexual touching'],res
639,"in 2018, which is comparatively less common, sexual attacks or unwanted sexual touching?",['sexual attack'],res
640,"in 2018, which is comparatively less common, sexual activity or unwanted sexual touching?",['sexual activity where unable to consent'],res
641,"in 2018, how many times is the proportion of indigenous members being sexually assaulted in the previous 12 months than that of non-indigenous members?",[2],"Reasoning and Answer:

The table shows the percentage of regular force members who were sexually assaulted in the past 12 months, broken down by indigenous status.

For 2018:
- Indigenous members: 7.7%
- Non-indigenous members: 4.1%

To find how many times higher the proportion of indigenous members being sexually assaulted is compared to non-indigenous members, we divide the percentage for indigenous members by the percentage for non-indigenous members:

7.7% / 4.1% = 1.88

Final Answer: 1.88 times 
"
642,"in 2018, how many times is the proportion of indigenous members being sexually assaulted in the previous 12 months than that of members without disabilities?",[2],"Reasoning and Answer:

The table shows the percentage of victims who are Indigenous and the percentage of victims with disabilities. 

In 2018, the percentage of Indigenous victims is 3.0%, while the percentage of victims with disabilities is 3.0%. 

To find how many times greater the proportion of Indigenous victims is compared to victims with disabilities, we divide the percentage of Indigenous victims by the percentage of victims with disabilities:

3.0% / 3.0% = 1

Therefore, the proportion of Indigenous victims is the same as the proportion of victims with disabilities.

Final Answer: 1 
"
643,"in 2018, how many times is the proportion of members with disabilities being sexually assaulted in the previous 12 months than that of members without disabilities?",[2],"The table shows the percentage of CAF members who were sexually assaulted in the past 12 months, broken down by various characteristics. 

We need to find the ratio of the percentage of members **with disabilities** being sexually assaulted to the percentage of members **without disabilities**. 

In 2018: 
* The percentage of members with disabilities being sexually assaulted is 3.0%. 
* The percentage of members without disabilities being sexually assaulted is 1.5%. 

To find the ratio, we divide the percentage of members with disabilities by the percentage of members without disabilities:

3.0% / 1.5% = 2

**Final Answer: 2** 
"
644,"in 2018, how many times is the proportion of members with disabilities being sexually assaulted in the previous 12 months than that of non-indigenous members?",[2],"Reasoning and Answer:

The table shows that the percentage of members with disabilities being sexually assaulted in the previous 12 months is 3.0% in 2018. The percentage of non-indigenous members being sexually assaulted in the previous 12 months is 1.5% in 2018. 

To find how many times larger the proportion is for members with disabilities, we divide the percentage for members with disabilities by the percentage for non-indigenous members: 3.0% / 1.5% = 2.0

Final Answer: 2.0 
"
645,"in 2018, what is the percentage of those 24 years of age or younger having been sexually assaulted in the past 12 months?",[3.9],"The table shows the percentage of Canadian Armed Forces Regular Force members who were sexually assaulted in the past 12 months, broken down by age group and gender.

We are looking for the percentage of those 24 years of age or younger who were sexually assaulted in 2018.  

From the table, we can see:

* **Male:** 2.6% of male members 24 years and younger were sexually assaulted in 2018.
* **Female:** 15.4% of female members 24 years and younger were sexually assaulted in 2018. 

To find the overall percentage, we need to consider the number of male and female victims in this age group, but that information isn't available. We can't accurately calculate the overall percentage without knowing the proportion of male and female members in the 24 years and younger age group. 

**Final Answer:**  We cannot determine the exact percentage of those 24 years of age or younger having been sexually assaulted in the past 12 months in 2018 without knowing the proportion of male and female members in that age group. 
"
646,"in 2018, what is the percentage of those 45 to 49 years of age having been sexually assaulted in the past 12 months?",[0.8],"The table shows the percentage of Canadian Armed Forces Regular Force members who were sexually assaulted in the past 12 months, broken down by age group and gender. 

To find the percentage of those aged 45 to 49 years who were sexually assaulted in 2018, look at the row for ""45 to 49 years"" and the column for ""total victims"".

The percentage of those aged 45 to 49 years who were sexually assaulted in 2018 is 0.8%.

**Final Answer: 0.8%** 
"
647,"in 2018, what is the percentage of those 50 years and older having been sexually assaulted in the past 12 months?",[0.6],"The table shows the percentage of Canadian Armed Forces regular force members who were sexually assaulted in the past 12 months, broken down by gender and various characteristics. 

We need to find the percentage of those aged 50 years and older who experienced sexual assault in 2018.  

Looking at the table under ""2018"" and the ""age group"" section, we see that the percentage for those 50 years and older is 0.6%.

**Final Answer: 0.6%** 
"
648,"in the 2007-08 season, which leage division did grainger play in?",['scottish premier league'],"Reasoning: The table provides career statistics for a player named Grainger. We need to find the league division he played in during the 2007-08 season.

The table shows that Grainger played for Gretna in the 2007-08 season. Looking at the Gretna row for the 2007-08 season, we find that he played in the Scottish Premier League.

Final Answer: Scottish Premier League 
"
649,how many receiving yards did isaac bruce get in 1995?,[1781.0],"Reasoning: The table shows receiving statistics for Isaac Bruce across different seasons and teams. We need to find the receiving yards for the year 1995, when he was playing for the St. Louis Rams.

The table shows that in 1995, Isaac Bruce had 1,781 receiving yards.

Final Answer: 1,781 
"
650,"what is the percentage of members who were 24 years of age and younger saw, heard, or experienced sexualized or discriminatory behaviour in the past 12 months?",[73.0],"The table provides the percentage of Canadian Armed Forces regular force members who witnessed or experienced sexualized or discriminatory behaviors in the past 12 months, broken down by various characteristics. We need to find the percentage of members aged 24 years and younger who experienced such behavior. 

From the table:

The percentage of members aged 24 years and younger who experienced sexualized or discriminatory behavior is 73%. 

**Final Answer: 73%** 
"
651,"what is the percentage of members who were 24 years of age and younger saw, heard, or experienced sexualized or discriminatory behaviour in the past 12 months?",[59.0],"The table shows the percentage of Canadian Armed Forces members who experienced sexualized or discriminatory behaviours in the past 12 months, categorized by age groups.  

We need to find the percentage for the age group ""24 years and younger"".  

According to the table, 3,390 members out of the total 39,150 members who experienced sexualized or discriminatory behavior were 24 years and younger.  

To find the percentage, we use the formula: (Number of members in the age group / Total members) * 100%

(3,390 / 39,150) * 100% = 8.66% (approximately)

**Final Answer: 8.66%** 
"
652,what is the percentage of regular force members who were 24 years of age or younger were targeted in the past 12 months?,[21.1],"The table shows the percentage of regular force members who experienced targeted sexualized or discriminatory behaviours in the past 12 months, broken down by various characteristics, including age group. 

We need to find the percentage of members who were 24 years of age or younger and were targeted. 

According to the table, 970 members were in the age group 24 years and younger, and this represents 21.1% of the total regular force members who experienced targeted behaviors.

**Final Answer: 21.1%** 
"
653,what is the percentage of regular force members aged 25 to 29 years were targeted in the past 12 months?,[21.6],"The table shows the percentage of regular force members who experienced targeted sexualized or discriminatory behaviors in the past 12 months, broken down by age group. We need to find the percentage for the age group 25 to 29 years.

From the table:

The percentage of regular force members aged 25 to 29 years who were targeted is 21.6%.

**Final Answer: 21.6%** 
"
654,how much times is the proportion of regular force members 24 years of age or younger targeted in the last 12 months of the proportion of those 50 years of age and older?,[2.851351],"The table shows that 970 out of 8,370 members (11.6%) of the regular force are 24 years of age or younger, and 470 out of 8,370 members (5.6%) are 50 years of age or older. To find the times the proportion of younger members is higher than older members, we divide the percentage of younger members by the percentage of older members.

11.6% / 5.6% = 2.07

**Final Answer: 2.07** 
"
655,how much times is the proportion of regular force members aged 25 to 29 targeted in the last 12 months of the proportion of those 50 years of age and older?,[2.918919],"The table shows the percentage of Canadian Armed Forces Regular Force members who experienced targeted sexualized or discriminatory behaviors in the past 12 months, by age group. 

To find the ratio of the proportion of members aged 25 to 29 years to the proportion of those 50 years and older, we need to divide the percentage for the 25 to 29 year-old group by the percentage for the 50 years and older group.

From the table:

* Percentage of members aged 25 to 29 years targeted: 21.6%
* Percentage of members aged 50 years and older targeted: 7.4%

Dividing these percentages, we get:

21.6% / 7.4% = 2.92 (rounded to two decimal places)

Final Answer: 2.92 times 
"
656,how many games did don matthews won in the regular season totally?,[231.0],"The table provides coaching records for various coaches, but doesn't specify which coach is Don Matthews. Therefore, we cannot determine the number of regular season games Don Matthews won.

Final Answer: Unable to determine. 
"
657,how many rushing yards did peyton barber get in 2017?,[423.0],"Reasoning and Answer: 
The table shows NFL statistics for a player, but it doesn't specify which player. The question asks for the rushing yards of ""Peyton Barber"" in 2017, but the table does not contain any player names. Therefore, we cannot answer the question with the given information. 

Final Answer: Not enough information to answer. 
"
658,which club did lemsalu play for in 1999?,['strømsgodset'],"Reasoning: The table provides details of the clubs, seasons, and the corresponding number of appearances and goals for each club. However, the table does not provide information on players. Therefore, we cannot determine which club Lemsalu played for in 1999.

Final Answer: There is no information available in the table to answer the question. 
"
659,when did hjulmand become coach of lyngby?,['1 january 2006'],"Reasoning and Answer: 
The table provides a coaching record, including the team, dates of employment, and overall record.  The question asks about Hjulmand's start date with Lyngby. 

The table shows that the only team he coached named ""Lyngby"" was from January 1, 2006 to July 7, 2008. 

Final Answer: January 1, 2006 
"
660,what was the hazard ratio for avoidable mortality in the 1991-to-1996 period for first nations cohort men?,[1.5],"Reasoning and Answer: The table presents hazard ratios for avoidable mortality, broken down by sex and period.  We're looking for the hazard ratio for First Nations men in the 1991-to-1996 period. 

The table explicitly states that it compares First Nations cohort members to non-Aboriginal cohort members, meaning the hazard ratios listed represent the relative risk of avoidable mortality for First Nations individuals compared to non-Aboriginal individuals.

The hazard ratio for men in the 1991-to-1996 period is 1.50. 

Final Answer: 1.50 
"
661,what was the hazard ratio for avoidable mortality in the 1991-to-1996 period for first nations cohort women?,[2.08],"Reasoning and Answer: The table displays hazard ratios for avoidable mortality for First Nations individuals compared to non-Aboriginal individuals, separated by sex and period. We are looking for the hazard ratio for women in the 1991-to-1996 period.

The table shows a hazard ratio of **2.08** for women in the 1991-to-1996 period. 

Final Answer: 2.08 
"
662,which club did suarez play for in 2016-17?,['barcelona'],"The table lists clubs and their seasons, but doesn't contain information about specific players. Therefore, it's impossible to determine which club Suarez played for in 2016-17 based on this table.

Final Answer: Cannot be determined. 
"
663,how many passing yards did jones get in 2012?,[4267.0],"The table shows statistics for a team called ""Oklahoma"" but does not provide any information about individual players like Jones.  

Final Answer: This information is not available in the table. 
"
664,which club did curtis good play for in 2011-12?,['melbourne heart'],"Reasoning and Answer: The table lists the clubs Curtis Good played for, the season, league, and the number of appearances and goals in each competition. According to the table, Curtis Good played for Melbourne Heart in the 2011-12 season.

Final Answer: Melbourne Heart 
"
665,how many passing yards did brian zbydniewski get in 2013?,[2001.0],"The table provides statistics for passing and rushing yards by team, not by individual players. It does not contain information on individual players like Brian Zbydniewski. 

**Final Answer:** There is no information on Brian Zbydniewski's passing yards in the table. 
"
666,"of these individuals, what was the number in the labor force, which includes those employed full time or part time and those actively seeking work?",[709700.0],"Reasoning: The table presents data on the number in the labor force and the unemployment rate for scientists and engineers with U.S. doctoral degrees, categorized by field of doctorate. We are looking for the total number of individuals in the labor force across all fields. 

The first row of the table represents ""all seh fields"" and provides the number in the labor force for each year.

Final Answer: The number in the labor force for all fields was 582,500 in 2001, 606,300 in 2003, 630,300 in 2006, 670,200 in 2008, and 709,700 in 2010. 
"
667,how many percent was the unemployment rate for seh doctorate recipients in october 2010?,[2.4],"The table provides the unemployment rate for scientists and engineers with U.S. doctoral degrees, by field of doctorate, for various years between 2001 and 2010. We need to find the unemployment rate for all seh doctorate recipients in 2010.

The table shows an unemployment rate of 2.4% for all seh doctorate recipients in 2010.

Final Answer: 2.4% 
"
668,how many percent was the unemployment rate for seh doctorate recipients in october 2008?,[1.7],"The table shows unemployment rates for various fields of study in October of the years specified in the column headings.  We are looking for the unemployment rate for all seh doctorate recipients (represented by ""all seh fields"") in October 2008.

According to the table, the unemployment rate for all seh doctorate recipients in October 2008 was 1.7%.

**Final Answer: 1.7%** 
"
669,"of the approximately 709,700 seh doctoral degree holders in the labor force in 2010, how many percent had earned a doctorate in the biological, agricultural, and environmental life sciences?",[0.253065],"The table shows that in 2010, there were 179,600 seh doctoral degree holders in the labor force with a doctorate in the biological, agricultural, and environmental life sciences. To find the percentage, we divide this number by the total number of seh doctoral degree holders in the labor force in 2010 (709,700) and multiply by 100:

(179,600 / 709,700) * 100 = 25.3%

**Final Answer: 25.3%** 
"
670,"of the approximately 709,700 seh doctoral degree holders in the labor force in 2010, how many percent had doctorates in engineering?",[0.181908],"The table shows that in 2010, there were 129,100 individuals with engineering doctorates in the labor force.  To find the percentage, we can use the formula:

(Number with Engineering Doctorates / Total Number with SEH Doctorates) * 100%

Plugging in the numbers:

(129,100 / 709,700) * 100% = 18.2% (rounded to the nearest tenth)

**Final Answer: 18.2%** 
"
671,"of the approximately 709,700 seh doctoral degree holders in the labor force in 2010, how many percent in physical sciences?",[0.175285],"Reasoning: The table shows the number of scientists and engineers (SEH) with U.S. doctoral degrees in the labor force in 2010. We are looking for the percentage of those SEH doctoral degree holders who are in the physical sciences.

The total number of SEH doctoral degree holders in the labor force in 2010 is 709,700. 
The number of SEH doctoral degree holders in the labor force in 2010 in physical sciences is 124,400.

To find the percentage, we can use the formula:  (Part / Whole) * 100

Therefore, the percentage of SEH doctoral degree holders in the labor force in 2010 who are in physical sciences is: (124,400 / 709,700) * 100 = 17.5%

Final Answer: 17.5% 
"
672,"of the approximately 709,700 seh doctoral degree holders in the labor force in 2010, how many percent in psychology?",[0.146823],"The table shows that in 2010, there were approximately 104,200 seh doctoral degree holders in the labor force with a degree in psychology. The total number of seh doctoral degree holders in the labor force in 2010 was approximately 709,700.  To find the percentage of psychology degree holders, we divide the number of psychology degree holders by the total number of seh doctoral degree holders and multiply by 100:

(104,200 / 709,700) * 100 = 14.67%

Final Answer: 14.67% 
"
673,"of the approximately 709,700 seh doctoral degree holders in the labor force in 2010, how many percent in social sciences?",[0.124982],"The table shows the number of science and engineering (SEH) doctoral degree holders in the labor force for different fields in 2010. 

We see that the total number of SEH doctoral degree holders in the labor force in 2010 was 709,700.  We also see that the number in the social sciences field was 88,700.

To find the percentage, we can use the following formula:

(Number in social sciences / Total number of SEH doctoral degree holders) * 100%

(88,700 / 709,700) * 100% = 12.5% (approximately)

**Final Answer: 12.5%** 
"
674,"of the approximately 709,700 seh doctoral degree holders in the labor force in 2010, how many percent in mathematics and statistics?",[0.045794],"Reasoning: The table shows the number in the labor force for scientists and engineers with U.S. doctoral degrees, by field of doctorate for the years 2001-2010. We are interested in the percentage of those in mathematics and statistics out of the total number of seh doctoral degree holders in 2010.

The total number of seh doctoral degree holders in 2010 is 709,700.
The number of those in mathematics and statistics is 32,500.

To calculate the percentage, we divide the number in mathematics and statistics by the total number in the labor force and multiply by 100. 

(32,500 / 709,700) * 100 = 4.58%

Final Answer: 4.58% 
"
675,"of the approximately 709,700 seh doctoral degree holders in the labor force in 2010, how many percent in health?",[0.044808],"The table shows that in 2010, there were 709,700 seh doctoral degree holders in the labor force. We need to find the percentage that were in the health field. 

The table shows 31,800 health doctoral degree holders in the labor force in 2010. 

To find the percentage, divide the number of health doctoral degree holders by the total number of seh doctoral degree holders and multiply by 100:

(31,800 / 709,700) * 100 = 4.48% (rounded to two decimal places).

**Final Answer: 4.48%** 
"
676,"of the approximately 709,700 seh doctoral degree holders in the labor force in 2010, how many percent was in computer and information sciences?",[0.027335],"The table shows the number of people in the labor force with a U.S. doctorate degree in various fields, including computer and information sciences. We need to find the percentage of these computer science doctorate holders out of the total number of seh doctoral degree holders in the labor force in 2010.

From the table:

- The number of seh doctoral degree holders in the labor force in 2010 was 709,700.
- The number of computer and information sciences doctoral degree holders in the labor force in 2010 was 19,400.

To calculate the percentage, we divide the number of computer science doctorate holders by the total number of seh doctorate holders and multiply by 100:

(19,400 / 709,700) * 100 = 2.7%

**Final Answer: 2.7%** 
"
677,what is the 95% confidence interval of those reported experiencing discomfort or injury within the past 12 months?,"[0.7, 1.4]","Reasoning: The question asks for the 95% confidence interval of those who reported experiencing discomfort or injury within the past 12 months. The table provides this information directly in the row labeled ""discomfort or injury involving a laser product"".  

Final Answer: 0.7 to 1.4 
"
678,what percentage of the respondents reported an injury indicated it occurred only once in the past 12 months approximately?,[44.9],"The table provides information on the percentage of respondents who reported discomfort or injury involving a laser product, categorized by the number of times they experienced it. We are looking for the percentage of respondents who reported experiencing the injury ""1 time"".

According to the table, **44.9%** of respondents who reported discomfort or injury involving a laser product indicated it occurred only once in the past 12 months.

**Final Answer: 44.9%** 
"
679,what percentage of the respondents reported an injury indicated at least two occurrences in the past 12 months approximately?,[49.5],"Reasoning and Answer: The table shows the weighted distribution of respondents who used or were exposed to a laser beam over the past 12 months who experienced discomfort or injury involving a laser product. We need to find the percentage of respondents who reported an injury occurring 2 to 260 times in the past 12 months.

According to the table, the percentage of respondents who experienced discomfort or injury 2 to 260 times in the past 12 months is 49.5%.

Final Answer: 49.5% 
"
680,what percentage of those who reported harm caused by a laser device indicated that the discomfort or injury lasted two days or less?,[63.9],"Reasoning and Answer: The table shows the weighted distribution of respondents who experienced discomfort or injury involving a laser product. We need to find the percentage of those who reported the discomfort or injury lasted two days or less.

The table shows that 63.9% of those who reported discomfort or injury involving a laser product indicated that the discomfort or injury lasted two days or less.

Final Answer: 63.9% 
"
681,what percentage of those who reported harm caused by a laser device indicated that the injury lasted more than two days?,[34.0],"Reasoning and Answer: The table shows the weighted distribution of respondents who used or were exposed to a laser beam over the past 12 months who experienced discomfort or injury involving a laser product. We are looking for the percentage of those who reported harm caused by a laser device that indicated the injury lasted more than two days. This information is found in the row ""length of discomfort or injury"" and specifically in the row ""more than two days.""

The table shows that 34.0% of those who reported harm caused by a laser device indicated that the injury lasted more than two days.

Final Answer: 34.0% 
"
682,how many passing yards did couch get in 1998?,[4275.0],"Reasoning and Answer: The table provides passing statistics for a player named Couch, broken down by season.  We are specifically asked for the passing yards in 1998.  

Looking at the table, the 'yards' column under 'passing' for 1998 shows a value of 4,275. 

Final Answer: 4,275 
"
683,what was rose lokonyen's result in the 800m race in the heat?,['2:16.64'],"Reasoning and Answer: The table provides information on the results of female athletes in different events, including their results in heats and semifinals. We need to find Rose Lokonyen's result in the 800m heat. 

Looking at the table, we find Rose Lokonyen competed in the 800m race.  Her result in the heat is listed as 2:16.64.

Final Answer: 2:16.64 
"
684,"women of which age period had higher fertility rate in ontario in 2012,30 to 34 or 25 to 29?",['30 to 34 years'],"Reasoning: The table shows the fertility rate by age group of mother for Canada, provinces, and territories from 2012 to 2016. We need to compare the fertility rate for women aged 30 to 34 and 25 to 29 in Ontario in 2012.

Looking at the table, we find:

- Fertility rate for women aged 30 to 34 in Ontario in 2012 is 109.9.
- Fertility rate for women aged 25 to 29 in Ontario in 2012 is 85.9.

Therefore, women aged 30 to 34 had a higher fertility rate in Ontario in 2012.

Final Answer: 30 to 34 
"
685,"women of which age period had higher fertility rate in ontario in 2013,30 to 34 or 25 to 29?",['30 to 34 years'],"The table provides fertility rates for different age groups of mothers in Ontario in 2013. We need to compare the fertility rates for women aged 30 to 34 and 25 to 29.

From the table:

* Fertility rate for women aged 30 to 34 in 2013 is 109.4
* Fertility rate for women aged 25 to 29 in 2013 is 82.8

The fertility rate for women aged 30 to 34 in 2013 is higher than that for women aged 25 to 29.

Final Answer: 30 to 34 
"
686,"women of which age period had higher fertility rate in ontario in 2014,30 to 34 or 25 to 29?",['30 to 34 years'],"Reasoning: The table shows the fertility rate per 1000 women for each age group in Ontario for the year 2014. We need to compare the fertility rates for the age groups 30 to 34 and 25 to 29. 

From the table, the fertility rate for women aged 30 to 34 in Ontario in 2014 was 108.4, while the fertility rate for women aged 25 to 29 was 81.5. 

Final Answer: 30 to 34 
"
687,"women of which age period had higher fertility rate in ontario in 2015,30 to 34 or 25 to 29?",['30 to 34 years'],"Reasoning and Answer: The table shows the fertility rate by age group of mother for various regions of Canada, including Ontario, from 2012 to 2016. We need to compare the fertility rates for the 30 to 34 age group and the 25 to 29 age group in Ontario for the year 2015.

In the table, for Ontario in 2015:

* The fertility rate for women aged 30 to 34 years is 107.4
* The fertility rate for women aged 25 to 29 years is 78.7

Therefore, women aged 30 to 34 years had a higher fertility rate in Ontario in 2015 compared to those aged 25 to 29 years.

Final Answer: 30 to 34 
"
688,"women of which age period had higher fertility rate in ontario in 2016,30 to 34 or 25 to 29?",['30 to 34 years'],"Reasoning and Answer: The table shows the fertility rate for different age groups in Ontario (ONT) from 2012 to 2016. We are interested in the fertility rates for women aged 30 to 34 and 25 to 29 in 2016.

From the table:

- The fertility rate for women aged 30 to 34 in 2016 was 108.5.
- The fertility rate for women aged 25 to 29 in 2016 was 76.5.

Therefore, women aged 30 to 34 had a higher fertility rate in Ontario in 2016.

Final Answer: 30 to 34 
"
689,"how was the fertility rate of women aged 25 to 29 in ontario in 2012 presented by births per 1,000 women?",[85.9],"Reasoning and Answer: The table presents the fertility rate for women aged 25 to 29 in Ontario in 2012 as 85.9 births per 1,000 women. The table is organized by year, age group, and province/territory, with the fertility rate expressed in births per 1,000 women for each combination. Looking at the row for 2012 and the column for Ontario, we find the fertility rate for women aged 25 to 29 is 85.9.

Final Answer: 85.9 
"
690,"how was the fertility rate of women aged 25 to 29 in ontario in 2016 presented by births per 1,000 women?",[76.5],"Reasoning: The table shows the fertility rate by age group of mother, per 1,000 women. We need to find the fertility rate of women aged 25 to 29 in Ontario in 2016.

Looking at the table for 2016, in the row for women aged 25 to 29 and under the column for Ontario, we find the fertility rate is 76.5.

Final Answer: 76.5 
"
691,"how was the fertility rate of women aged 25 to 29 in quebec in 2012 presented by births per 1,000 women?",[111.7],"The table shows the fertility rate by age group of mother for Canada, provinces and territories from 2012 to 2016. The fertility rate is presented as ""for thousand women"". The question asks for the fertility rate for women aged 25 to 29 in Quebec in 2012, which is 111.7.

Final Answer: 111.7 
"
692,"how was the fertility rate of women aged 25 to 29 in quebec in 2016 presented by births per 1,000 women?",[100.9],"Reasoning: The table shows the fertility rate for different age groups in different provinces and territories of Canada from 2012 to 2016.  The fertility rate is presented as the number of births per 1,000 women. 

To answer the question, we need to locate the row for women aged 25 to 29 years, the column for Quebec, and the year 2016.

In the table, we find:

- Year 2016
- Age group: 25 to 29 years
- Quebec: 100.9

Final Answer: 100.9 
"
693,"the fertility rate for women aged 25 to 29 in which province was higher in 2012, quebec or ontario?",['que'],"The table shows fertility rates for women in Canada, broken down by province and age group. We need to compare the fertility rates for women aged 25 to 29 in Quebec and Ontario in 2012.

Looking at the table:

- Quebec's fertility rate for women aged 25 to 29 in 2012 was 111.7 per thousand women.
- Ontario's fertility rate for women aged 25 to 29 in 2012 was 85.9 per thousand women.

Therefore, Quebec had a higher fertility rate for women aged 25 to 29 in 2012 compared to Ontario.

**Final Answer: Quebec** 
"
694,"the fertility rate for women aged 25 to 29 in which province was higher in 2016, quebec or ontario?",['que'],"Reasoning and Answer: The table shows fertility rates for women in different age groups across Canada. We need to compare the fertility rate for women aged 25 to 29 in Quebec and Ontario in 2016.

From the table, the fertility rate for women aged 25 to 29 in Quebec in 2016 is 100.9, while the rate in Ontario is 76.5. Therefore, the fertility rate for women aged 25 to 29 was higher in Quebec.

Final Answer: Quebec 
"
695,"the fertility rate of which province was higher for women in their early twenties in 2012, quebec or ontario?",['que'],"The table shows fertility rates for women in different age groups in Canada, broken down by province and territory from 2012 to 2016. We are looking at the fertility rate for women in their early twenties (20 to 24 years) in 2012.

- The fertility rate for Quebec in 2012 for women aged 20 to 24 years is 43.8.
- The fertility rate for Ontario in 2012 for women aged 20 to 24 years is 35.8.

Therefore, the fertility rate was higher for women in their early twenties in Quebec in 2012.

Final Answer: Quebec 
"
696,"the fertility rate of which province was higher for women in their early twenties in 2016, quebec or ontario?",['que'],"Reasoning and Answer: The table shows the fertility rate by age group of mother, for each province and territory, from 2012 to 2016. We need to compare the fertility rate of Quebec and Ontario in 2016 for women aged 20 to 24 years.

From the table:

Quebec's fertility rate for women aged 20 to 24 years in 2016 was 38.7.
Ontario's fertility rate for women aged 20 to 24 years in 2016 was 29.7.

Therefore, the fertility rate of Quebec was higher than Ontario for women in their early twenties in 2016.

Final Answer: Quebec 
"
697,poku joined the conference south side st albans city for the 2009-10 season.,['conference south'],"Reasoning: The provided table displays career statistics for a player, but it does not include any information about a player named Poku. The table only shows the club, season, league, appearances (apps), and goals for each team the player has played for. There is no mention of any player named Poku joining St. Albans City. 

Final Answer: This cannot be determined from the provided data. 
"
698,how many receptions did blackmon finish his 2012 season with?,[64.0],"Reasoning and Answer: The table shows career statistics for Blackmon, including the number of receptions he had each season.  In the 2012 season, the table shows Blackmon had 64 receptions. 

Final Answer: 64 
"
699,how many yards receiving did blackmon finish his 2012 season with?,[865.0],"Reasoning: The table presents career statistics for a player named Blackmon.  We are looking for the receiving yards from his 2012 season. The table shows that in the 2012 season with the Jacksonville Jaguars, Blackmon had 865 receiving yards.

Final Answer: 865 
"
700,"in 1994, which league did jones participate for guangdong hongyuan?",['jia-a league'],"Reasoning and Answer: The table shows career statistics for a player named Jones, including the leagues and seasons he played in.  Looking at the row for Guangdong Hongyuan, we see that Jones played in the Jia-A League during the 1994 season.

Final Answer: Jia-A League 
"
701,"in 2010, how many percent was the labor force participation rate among seh doctorate holders for women?",[88.9],"The table shows the labor force participation rate for all U.S. SEH doctorate holders as 88.1%. 
For women, the labor force participation rate is shown as 88.9%. 

Final Answer: 88.9% 
"
702,"in 2010, how many percent was the labor force participation rate among seh doctorate holders for men?",[87.7],"Reasoning and Answer: The table shows the labor force participation rate for all US SEH doctorate holders, broken down by sex, ethnicity, race, and citizenship.  We need to find the labor force participation rate for men, which is listed in the row labeled ""Male"". 

The table indicates that the labor force participation rate for men was 87.7%.

Final Answer: 87.7% 
"
703,"which gender's seh doctorate holders were less likely than to be employed full time in 2010, male or female?",['female'],"The table shows that 77.9% of male SEH doctorate holders were employed full time in 2010, while only 72.4% of female SEH doctorate holders were employed full time. 

**Final Answer: Female** 
"
704,"in 1935-36, which league did william robertson play in side reading?",['third division south'],"Reasoning and Answer: The table shows William Robertson's career statistics, including the club, season, league, and number of appearances and goals. We need to find the league he played in during the 1935-36 season while playing for Reading.

Looking at the table, we see that William Robertson played for Reading during the 1935-36 season, and the league listed is ""third division south"".

Final Answer: third division south 
"
705,what the time did sven kramer set an olympic record in the 5000m men's speed skating event?,['6:14.60 or'],"Reasoning and Answer: The table shows the times and ranks for different speed skating events.  It does not explicitly state Olympic Records, but it does indicate the times with ""or"" (Olympic record) at the end. We can see that Sven Kramer's 5000m time is listed as ""6:14.60 or"". This indicates he set the Olympic record in the 5000m event.

Final Answer: 6:14.60 
"
706,which league did stephen darby join liverpool for the 2010-11 season?,['premier league'],"Reasoning and Answer: The table displays career statistics for Stephen Darby, including the club, season, league, and number of appearances and goals. To find the league he joined Liverpool for the 2010-11 season, we look at the row where ""club"" is ""Liverpool"" and ""season"" is ""2010-11"".

The table shows that Stephen Darby played for Liverpool in the ""Premier League"" during the 2010-11 season.

Final Answer: Premier League 
"
707,which season was the 22nd season in the national hockey league (nhl)?,['2013-14'],"Reasoning and Answer: The table lists the NHL seasons played by the Lightning. The NHL season 2003-04 was the 22nd season for the Lightning, as indicated by the ""lightning season"" column. 

Final Answer: 2003-04 
"
708,"what was the number of incidence of tb-related hospitalization in person-years adjusted per 100,000 population per 100,000 person-years for the landing cohort from 2000 to 2013?",[5.2],"The table provides the incidence adjusted for person-years per 100,000 person-years at risk for various landing cohorts. We need to find the incidence for the cohort ""2000 to 2003"".

From the table:

The incidence of TB-related hospitalization for the landing cohort ""2000 to 2003"" is 4.5.

**Final Answer: 4.5** 
"
709,which age group at hospitalization'rate were highest among immigrants in the landing cohort?,['65 years and older'],"Reasoning and Answer: The table provides the incidence rate of first tuberculosis-related hospitalization since landing per 100,000 person-years at risk, broken down by age group at hospitalization. 

We need to identify the age group with the highest incidence rate.

Looking at the table, the age group with the highest incidence rate is **65 years and older**, with an incidence rate of 11.3.

Final Answer: 65 years and older 
"
710,which arrived years' rate were highest among immigrants in the landing cohort?,['2009 to 2013'],"Reasoning and Answer: The table shows the incidence of first tuberculosis-related hospitalization since landing per 100,000 person-years at risk for different landing years. We need to find the landing year with the highest incidence rate.

From the table:

- Landing year 2000 to 2003: 4.5
- Landing year 2004 to 2008: 5.3
- Landing year 2009 to 2013: 6.8

The highest incidence rate is for the landing year 2009 to 2013 with a rate of 6.8 per 100,000 person-years at risk.

Final Answer: 2009 to 2013. 
"
711,"in 2016, what was the rank of forbes mittal as wealthiest billionaire?",[135.0],"Reasoning: The table provides the rank of the wealthiest billionaires according to Forbes for each year. In 2016, the information is provided in the row for year 2016. The Forbes rank for that year is 135.

Final Answer: 135 
"
712,"in 2016, what was a net worth did forbes list mittal as the 135th-wealthiest billionaire, with a net worth of?",[8.4],"Reasoning: The table provides information on the wealth rankings of individuals in the Sunday Times Rich List and Forbes The World's Billionaires list.  The question asks for the net worth of the 135th-wealthiest billionaire in the Forbes list for the year 2016.

The table shows that in 2016, the 135th-wealthiest billionaire on the Forbes list had a net worth of $8.4 billion.

Final Answer: $8.4 billion 
"
713,"in 1987-88, which league did gary pollard move to peterborough united?",['fourth division'],"Reasoning and Answer: The table shows Gary Pollard's statistics for various clubs and seasons, including league appearances. In the 1987-88 season, Gary Pollard played for Peterborough United. The table shows that Peterborough United was in the Fourth Division in the 1987-88 season.

Final Answer: Fourth Division 
"
714,"which gender group were slightly more likely to volunteer in 2013, men or women?",['women'],"Reasoning and Answer: The table shows the volunteer rate by gender and age for different years.  We need to compare the volunteer rate for men and women in 2013. 

According to the table:
* Men had a volunteer rate of 42% in 2013.
* Women had a volunteer rate of 45% in 2013.

Therefore, women were slightly more likely to volunteer in 2013. 

Final Answer: Women 
"
715,which age group was least likely to volunteer in 2013?,['75 and over'],"Reasoning and Answer: The table shows the volunteer rate by sex and age for various years, including 2013.  To find the age group least likely to volunteer in 2013, we need to identify the age group with the lowest volunteer rate in that year. 

Looking at the ""2013"" column, we see the lowest volunteer rate is 27% for the age group ""75 and over"". 

Final Answer: 75 and over 
"
716,which age group was most likely to volunteer in 2013?,['15 to 19'],"Reasoning and Answer: The table shows the volunteer rate by age group and year.  We're looking for the age group with the highest percentage of volunteerism in 2013.  

Scanning the '2013' column, we find the highest percentage is 66 for the age group '15 to 19'. 

Final Answer: 15 to 19 
"
717,what was the percentage of people aged 35 to 44 volunteered in 2013?,[48.0],"Reasoning and Answer: The table shows volunteer rates by sex and age for different years.  We are interested in the volunteer rate for people aged 35 to 44 in the year 2013.

Looking at the table, we find the row for the age group ""35 to 44"" and the column for the year ""2013."" The intersection of this row and column gives us the volunteer rate for this age group in 2013, which is 48%.

Final Answer: 48% 
"
718,what was the average volunteer rate of people aged 35 to 44 in 2013?,[43.625],"Reasoning: The table shows volunteer rates by sex and age for different years. We need to find the volunteer rate for people aged 35 to 44 in 2013.

The table shows the volunteer rate for the age group 35 to 44 in 2013 is 48%. 

Final Answer: 48% 
"
719,how many percentage did the share of people who volunteered decrease from 2010 to 2013 among people aged 35 to 44?,[6],"Reasoning and Answer: The table shows the volunteer rate by sex and age for different years.  We need to find the change in volunteer rate from 2010 to 2013 for people aged 35 to 44.

From the table:

- The volunteer rate for people aged 35 to 44 in 2010 was 54%.
- The volunteer rate for people aged 35 to 44 in 2013 was 48%.

The decrease in volunteer rate is 54% - 48% = 6%

Final Answer: 6% 
"
720,what was the percentage of people aged 55 to 64 volunteered their time in 2013?,[41.0],"Reasoning and Answer: The table shows the volunteer rate (percentage) by sex and age for various years. We need to find the volunteer rate for people aged 55 to 64 in 2013. 

Looking at the table, we can see that the volunteer rate for people aged 55 to 64 in 2013 was 41%.

Final Answer: 41% 
"
721,what was the percentage of people aged 55 to 64 volunteered their time in 2010?,[41.0],"Reasoning and Answer: The table displays the volunteer rate by sex and age, providing percentages for different years.  We're asked about the volunteer rate specifically for people aged 55 to 64 in the year 2010.

Looking at the table, we find the row for ""55 to 64"" and the column for ""2010"".  The value at their intersection is 41%.

Final Answer: 41% 
"
722,how many yards did pike throw for in 2009?,[2520.0],"Reasoning and Answer: The table shows statistics for a team, ""Cincinnati"", including passing yards for each year.  We need to find the passing yards for the year 2009.  The table indicates that in 2009 the team had 2,520 passing yards.

Final Answer: 2,520 
"
723,how many touchdowns did pike throw for in 2009?,[29.0],"Reasoning and Answer: The table presents statistics for a quarterback, most likely Andy Dalton, who played for the Cincinnati Bengals. The table shows passing and rushing statistics for each year from 2007 to 2009, as well as career totals. We are looking for the number of passing touchdowns he threw in 2009. 

The table shows that he threw 29 touchdown passes in 2009. 

Final Answer: 29 
"
724,which province had the highest volunteer rate in 2013?,['saskatchewan'],"Reasoning and Answer: The table shows volunteer rates for each province in Canada for the years 2013, 2010, 2007, and 2004. We need to find the province with the highest volunteer rate in 2013.

Looking at the 2013 column, we see that Saskatchewan has the highest volunteer rate at 56%.

Final Answer: Saskatchewan 
"
725,which province had the lowest volunteer rate in 2013?,['quebec'],"Reasoning: The table shows the volunteer rate in percentage for each province in Canada for the year 2013. We need to find the province with the lowest volunteer rate.

Looking at the table, we see that Quebec has the lowest volunteer rate in 2013, with a percentage of 32.

Final Answer: Quebec 
"
726,which province with an average number of volunteer hours was below the national average?,['quebec'],"Reasoning and Answer: The table shows the volunteer rate and average annual volunteer hours for Canada and each province in 2013, 2010, 2007 and 2004. We need to identify the province with an average number of volunteer hours below the national average in 2013.

The national average volunteer hours in 2013 was 154 hours.

Looking at the table, the provinces with average volunteer hours below 154 in 2013 are:

- Quebec (123 hours)
- Saskatchewan (139 hours)

Final Answer: Quebec, Saskatchewan 
"
727,which league did james ball (footballer) join club stalybridge celtic in the 2016-17 season before signing for stockport county in 2016.,['national league north'],"Reasoning and Answer: The table provides information about James Ball's career statistics, including the clubs he played for, the seasons, and the leagues. 

The table shows James Ball played for Stalybridge Celtic in the 2016-17 season. The league is listed as ""national league north"".

Final Answer: National League North 
"
728,which league did towers play for brentford in 1958-59?,['third division'],"Reasoning and Answer: The table provides information on the leagues and seasons Towers played in, along with the number of appearances and goals. We need to find the league Towers played in for Brentford in the 1958-59 season.

Looking at the table, we find that Towers played for Brentford in the 1958-59 season, and the league was ""third division"".

Final Answer: Third Division 
"
729,"in 1996, how many receptions did bruce have with a team stl?",[84.0],"Reasoning: The table provides receiving statistics for a player named Bruce, including the number of receptions (rec) for each season and team. To find the number of receptions Bruce had with team STL in 1996, we look for the row where ""season"" is 1996 and ""team"" is STL.

Final Answer: 84 
"
730,"in 1996, how many yards did bruce have with a team stl?",[1338.0],"Reasoning and Answer: The table shows receiving statistics for a player named Bruce for different seasons and teams. The table has columns for team, season, receiving yards (yds) and many other statistics.  To find the yards for Bruce in 1996 with the team STL, we need to locate the row with 'STL' in the 'team' column and '1996' in the 'season' column.  The corresponding value in the 'yds' column is 1,338.

Final Answer: 1,338 
"
731,what the time did duenas swim the 100 meter freestyle and finish the race with?,[53.37],"Reasoning and Answer: The table provides information about swimming events, including the athlete, event, heat time, heat rank, semifinal time, semifinal rank, final time, and final rank.  We are looking for the time Christopher Duenas swam the 100 meter freestyle.  Looking at the table we see that Duenas swam the 100m freestyle and finished the race with a time of 53.37 seconds. 

Final Answer: 53.37 seconds 
"
732,how many times do frontier firms pay more than non-frontier firms on average?,[2.54],"Reasoning: The table displays earnings premiums by firm characteristics across different years. We're looking at the row ""frontier firms relative to non-frontier firms,"" and the column ""pooled over all years."" This value tells us the average earnings premium of frontier firms compared to non-frontier firms across the whole period.

The value in that cell is 2.54, meaning frontier firms pay an average of 2.54 times more than non-frontier firms.

Final Answer: 2.54 times 
"
733,how many times do foreign-controlled pay more than non-globalized firms on average?,[1.25],"The table shows earnings premiums for various firm characteristics relative to their non-characterized counterparts. To find out how many times foreign-controlled firms pay more than non-globalized firms on average, we need to look at the ""pooled over all years"" value for ""foreign-controlled firms relative to domestic firms"".

This value is 1.25. This means that foreign-controlled firms pay, on average, 1.25 times more than domestic firms.

Final Answer: 1.25 times
"
734,how many times do high r&d intensity firms pay more than low r&d intensity firms on average?,[1.3],"The table shows earnings premiums by firm characteristics, comparing firms with specific attributes to those without. The row ""high research and development intensity firms relative to low research and development intensity firms"" indicates the earnings premium of high R&D firms over low R&D firms.

The average earnings premium across all years is 1.30. This means high R&D firms earn 1.30 times more than low R&D firms on average.

**Final Answer: 1.30** 
"
735,"in 2017-18 season, which league did bicaj play in side flamurtari vlore?",['albanian superliga'],"Reasoning and Answer: The table does not provide information about players or their playing leagues.  Therefore, it is impossible to determine which league Bicaj played in during the 2017-18 season.

Final Answer:  The information is not available in the table. 
"
736,"what was the majority of tanning equipment users reporting in the past year, fewer than 10 sessions or 10 or more sessions?",['periodic'],"Reasoning and Answer: The table indicates that 69.9% of users reported having between 1 to 10 sessions, while 24.9% reported 11 to 31 sessions. Since 69.9% is greater than 24.9%, the majority of tanning equipment users reported fewer than 10 sessions in the past year.

Final Answer: Fewer than 10 sessions 
"
737,what was the percentage of regular users of 11 to 31 sessions in the last month?,[24.9],"Reasoning and Answer: The table provides data on tanning equipment use, including frequency of use and frequency of use in the last month. We need to identify the percentage of regular users who had 11 to 31 sessions in the last month.

From the table:
- The percentage of regular users is 26.5%
- The percentage of users with 11 to 31 sessions in the last month is 24.9%

Therefore, the percentage of regular users who had 11 to 31 sessions in the last month is 24.9%.

Final Answer: 24.9% 
"
738,what was the percentage of the injuries occurred only once during the previous 12 months?,[56.3],"Reasoning and Answer: The table shows the percentage of tanning equipment users who experienced discomfort or injury to their skin in the past year, along with the number of episodes they experienced. The question asks for the percentage of injuries that occurred only once.

The table shows that 10.4% of users experienced discomfort or injury to their skin in the past year, and among those, 56.3% experienced only one episode.

To calculate the percentage of injuries that occurred only once during the past 12 months, we multiply the percentage of users experiencing discomfort or injury by the percentage who experienced only one episode:

10.4% * 56.3% = 5.85%

Final Answer: 5.85% 
"
739,what was the percentage of for most people who were injured the symptoms persisted for no more than two days?,[69.7],"Reasoning and Answer: The table shows the percentage of tanning equipment users who experienced discomfort or injury to their skin in the past year, and the duration of those symptoms.  We are looking for the percentage of people whose symptoms lasted for 2 or fewer days.

According to the table, 69.7% of people who experienced discomfort or injury to their skin in the past year reported that their symptoms lasted for 2 or fewer days.

Final Answer: 69.7% 
"
740,which league did derrick williams join club bristol city in the 2014-15 season?,['league one'],"Reasoning: The table shows the career statistics for Derrick Williams. We need to find the league he played in during the 2014-15 season while playing for Bristol City.

Looking at the table, we find that Derrick Williams played for Bristol City in the 2014-15 season and the corresponding league is League One.

Final Answer: League One 
"
741,how many appearances did sergio velazquez make during the 2013-14 primera b nacional season?,[9.0],"The table provides information on the club, season, league, appearances, and goals for various players. However, there is no information on individual players like Sergio Velazquez.  Therefore, we cannot answer the question.

**Final Answer:**  Cannot be determined from the table. 
"
742,how many goals did murdoch score for queens in the 2015-16 scottish championship?,[1.0],"Reasoning and Answer: The table shows the goals scored by a player for different clubs in various leagues and cup competitions. We need to find the number of goals scored by Murdoch for Queen of the South in the 2015-16 Scottish Championship.

The table shows Murdoch scored 1 goal for Queen of the South in the 2015-16 Scottish Championship.

Final Answer: 1 
"
743,what was the percent of all senior caregivers aged 65 and older providing care primarily for a spouse in the past 12 months?,[34.1],"Reasoning and Answer: 

The table shows the percentage of caregivers providing care primarily to various types of receivers, categorized by the caregiver's age. We are specifically interested in caregivers aged 65 and older who provide care primarily for a spouse.

Looking at the row for ""65 and older"" caregivers, the percentage providing care primarily for a spouse is 34.1%.

Final Answer: 34.1% 
"
744,how many iraqis were killed during august 2012?,[164.0],"Reasoning and Answer: The table displays monthly casualty figures for Iraq, starting in January 2012. We need to locate the August 2012 column to find the number of Iraqis killed that month. 

The table shows that in August 2012, 164 Iraqis were killed. 

Final Answer: 164 
"
745,what was the percent of people in wales declared no religion in 2011?,[32.1],"Reasoning and Answer: 
The table provides data on religious affiliations in Wales for the years 2001 and 2011.  We are specifically looking for the percentage of people who declared ""no religion"" in 2011.

According to the table, 32.1% of the population in Wales declared ""no religion"" in 2011.

Final Answer: 32.1% 
"
746,what was the percent of people in wales declared no religion in 2001?,[18.5],"Reasoning and Answer: The table shows the religious affiliation of people in Wales for the years 2001 and 2011. We need to find the percentage of people who declared no religion in 2001. 

According to the table, in 2001, 537,935 people declared no religion, which represented 18.5% of the total population.

Final Answer: 18.5% 
"
747,"in 1997, how many appearances did andy thompson join tranmere rovers, after making a total of appearances?",[451.0],"Reasoning and Answer: The table shows the total appearances for each club Andy Thompson played for, but it doesn't specify the year or give individual season appearances. We need more information about Andy Thompson's appearances to answer the question.

Final Answer: Insufficient information 
"
748,"in 2017, which league did sarsenov join side kairat?",['kazakhstan premier league'],"Reasoning and Answer: The table shows the clubs and seasons that Sarsenov played in, as well as the leagues, divisions, and competitions he participated in. We need to find the league where he played for Kairat in 2017.

Looking at the table, we find that Sarsenov played for Kairat in the **Kazakhstan Premier League** in 2017.

Final Answer: Kazakhstan Premier League 
"
749,"among the federal agencies, the department of health and human services (hhs) accounted for all of the drop in the federally funded total, what was the declines from 2011 to 2012?",[4.7],"Reasoning and Answer:

The table shows that the total federally funded R&D expenditures declined by 1.6% from FY 2011 to FY 2012. The question states that the Department of Health and Human Services (HHS) accounted for all of this decline. We need to find the percentage change in HHS funding from FY 2011 to FY 2012.

The table shows that HHS funding declined by 4.7% from FY 2011 to FY 2012.  

Final Answer: 4.7% 
"
750,"among the federal agencies, the national aeronautics and space administration (nasa) accounted for all of the drop in the federally funded total, what was the declines from 2011 to 2012?",[6.5],"Reasoning and Answer: The table shows federally financed higher education R&D expenditures for various federal agencies from fiscal years (FY) 2010 to 2012. The question asks for the decline in total federally funded R&D between FY 2011 and 2012, assuming NASA was the only agency responsible for the drop.

- Total federally funded R&D in FY 2011 was 40,771.
- Total federally funded R&D in FY 2012 was 40,130.
- The difference between these two values is 40,771 - 40,130 = 641.

Therefore, the decline in total federally funded R&D from FY 2011 to 2012 was 641.

Final Answer: 641 
"
751,how many premier league appearances did barry make in the 2011-12 season for manchester city?,[34.0],"The table does not provide information on player appearances or goals, only team appearances and goals. Therefore, we cannot determine how many Premier League appearances Barry made in the 2011-12 season for Manchester City. 

**Final Answer:**  Not enough information. 
"
752,"in 2016-17, which league did sellers join side wealdstone?",['national league south'],"Reasoning and Answer: The table shows Sellers' career statistics, including the clubs and leagues he played in. In the 2016-17 season, Sellers joined Wealdstone. Looking at the table, we find that Wealdstone played in the National League South in 2016-17. 

Final Answer: National League South 
"
753,"in 2015, which league was sena ralte drafted to play for chennaiyin fc in the 2015?",['indian super league'],"Reasoning and Answer: The table shows Sena Ralte's career statistics, including the clubs he played for, the season, the league, and the number of appearances and goals scored in different competitions.  However, the table does not contain information about whether Sena Ralte was drafted or not.

Final Answer: The information cannot be found in the table. 
"
754,which league did almiron play for lanus in 2016?,['primera division'],"The table provides information about Almiron's club career, including the league he played in for each club and season.

We need to find the league he played for Lanus in 2016. Looking at the table, we can see that Almiron played for Lanus in the Primera Division in 2016.

**Final Answer: Primera Division** 
"
755,"in 1904-05, which division did bert gosnell play for newcastle united in?",['first division'],"Reasoning and Answer: The table provides information about Newcastle United's playing statistics for various seasons, but it does not include details about individual players like Bert Gosnell. Therefore, we cannot determine what division he played in during the 1904-05 season based on this table.

Final Answer: Cannot be determined from the table. 
"
756,how many votes did the 2005 iranian presidential election have a total of in the second round?,[27959253.0],"Reasoning and Answer: The table presents the results of the 2005 Iranian presidential election, showing the number of votes and percentage for each candidate in the first and second rounds. We are asked to find the total number of votes in the second round. 

The table shows a total of 27,959,253 votes in the second round. 

Final Answer: 27,959,253 
"
757,how many receptions did roddy white finish the 2009 season with?,[85.0],"Reasoning and Answer: The table shows Roddy White's career statistics.  We can find his receptions in the 2009 season by looking at the row corresponding to 2009 and the ""rec"" column, which stands for receptions. This row shows that he had 85 receptions in 2009. 

Final Answer: 85 
"
758,how many yards did roddy white finish the 2009 season with?,[1153.0],"Reasoning and Answer: The table provides receiving and rushing statistics for a player, presumably Roddy White, across multiple seasons. The table includes columns for receiving yards, rushing yards, and other statistics. To answer the question, we need to locate the row corresponding to the 2009 season and identify the receiving yards.

The 2009 season row shows a receiving yards value of 1,153.

Final Answer: 1,153 
"
759,how many touchdowns did roddy white finish the 2009 season with?,[11.0],"The table shows receiving, rushing and fumble statistics for Roddy White during his time with the Atlanta Falcons. We are interested in the 'td' (touchdown) column for the receiving category in the 2009 season.  

Looking at the row for the 2009 season, we see that Roddy White had 11 receiving touchdowns.

**Final Answer: 11** 
"
760,what was the peak chart pisition on the billboard 200 of ithyphallic which released by nile in 2007?,[162.0],"Reasoning: The table lists the peak chart positions for each album by Nile, including the US Billboard 200. We need to find the peak position for the album ""Ithyphallic"" released in 2007.

The table shows the peak position for ""Ithyphallic"" on the US Billboard 200 as 162. 

Final Answer: 162 
"
761,"in the 2016-17 season, how many apperances did adamyan made with 16 goals in regionalliga sudwest matches for steinbach?",[33.0],"Reasoning and Answer: The table does not contain information about individual players, such as Adamyan. It only provides overall team statistics for appearances and goals in different seasons and competitions. Therefore, we cannot answer the question based on the given data. 

Final Answer: Cannot be answered. 
"
762,what percent of internet users aged 25 to 34 are online shoppers in 2018?,[95.2],"Reasoning and Answer: The table shows the percentage of online shoppers in various age groups and household income quartiles. The question asks specifically for the percentage of internet users aged 25 to 34 who are online shoppers. 

According to the table, 95.2% of internet users aged 25 to 34 are online shoppers.

Final Answer: 95.2% 
"
763,what percent of internet users aged 65 and over are online shoppers in 2018?,[63.5],"Reasoning and Answer: The table provides the percentage of online shoppers within different age groups. We are looking for the percentage of internet users aged 65 and over who are online shoppers.

From the table, we can see that the percentage of online shoppers in the age group 65 and over is 63.5%.

Final Answer: 63.5% 
"
764,"among women working full year and full time, what is the percentage change in the median employment income of high school graduates versus non-completers?",[0.43128],"Reasoning and Answer:

The table shows median employment income for women working full year and full time.  We need to find the income for women with a high school diploma/some postsecondary education and women with less than a high school diploma. Then we'll calculate the percentage change.

* Median employment income for women with a high school diploma/some postsecondary: $30,200
* Median employment income for women with less than a high school diploma: $21,100

To find the percentage change:

1. Calculate the difference: $30,200 - $21,100 = $9,100
2. Divide the difference by the original income: $9,100 / $21,100 = 0.431
3. Multiply by 100 to express as a percentage: 0.431 * 100 = 43.1%

Final Answer: 43.1% 
"
765,"among men working full year and full time, what is the percentage change in the median employment income of high school graduates versus non-completers?",[0.190083],"Reasoning and Answer: The table shows the median employment income for men categorized by their level of education and employment status. We need to find the percentage change in income between men working full year, full time who have a high school diploma versus those with less than a high school diploma.

- For men employed full year, full time with less than a high school diploma, the median employment income is $36,300.
- For men employed full year, full time with a high school diploma, the median employment income is $43,200.

To calculate the percentage change, we use the formula: (New Value - Old Value) / Old Value * 100

Percentage Change = ($43,200 - $36,300) / $36,300 * 100 = 19.01%

Final Answer: 19.01% 
"
766,which gap years had a higher percentage of perfectly matched postal codes? one or two years gap or five or more years gap?,"[1, 2]","Reasoning and Answer:

The table shows the percentage of perfectly matched postal codes for different gap years in both experiment A and experiment B. 

Let's analyze the data:

* **Experiment A:**
    * For 1 year gap, the percentage of perfect matches is 77.0%.
    * For 2 year gap, the percentage of perfect matches is 72.1%.
    * For 5 years gap, the percentage of perfect matches is 35.0%.

* **Experiment B:**
    * For 1 year gap, the percentage of perfect matches is 76.8%.
    * For 2 year gap, the percentage of perfect matches is 72.0%.
    * For 5 or more years gap (combined), the average percentage of perfect matches is approximately 39.4% (calculated as the average of 35.0%, 29.8%, and 35.7%).

Overall, comparing the data for both experiments, we see that the percentage of perfectly matched postal codes is higher for **one or two years gap** compared to **five or more years gap**.

Final Answer: One or two years gap 
"
767,which division did gary mulligan sign for kettering town in 2014-15?,['southern league division one central'],"Reasoning and Answer: The table shows Gary Mulligan's career statistics, including the clubs, seasons, and divisions he played in. We need to find the division he played in for Kettering Town in the 2014-15 season.

According to the table, Gary Mulligan played for Kettering Town in the 2014-15 season in the **Southern League Division One Central**.

Final Answer: Southern League Division One Central 
"
768,how many million dollars did businesses spend on research and development performance in the united states in 2018?,[441036.0],"Reasoning and Answer: The table shows the funds spent for business R&D performed in the United States in 2017 and 2018. The first row shows the total amount spent on domestic R&D performance. 

We need to find the total for 2018. The total amount spent in 2018 is 441,036.

Final Answer: 441.036 million dollars 
"
769,"businesses spent $441 billion on research and development performance in the united states in 2018, how many percent of increase from 2017?",[0.102314],"The table shows that businesses spent $400.1 billion on research and development performance in the United States in 2017 and $441.0 billion in 2018. 

To calculate the percentage increase, we can use the following formula:

Percentage Increase = (New Value - Old Value) / Old Value * 100

Plugging in the values from the table:

Percentage Increase = ($441.0 billion - $400.1 billion) / $400.1 billion * 100

Percentage Increase = $40.9 billion / $400.1 billion * 100

Percentage Increase = 0.1022 * 100

Percentage Increase = 10.22%

**Final Answer: 10.22%** 
"
770,how many million dollars was funding from the companies' own sources in 2018?,[377806.0],"Reasoning: The table shows funds spent for business R&D performed in the United States, categorized by type of R&D, source of funds, and size of company. We need to find the total amount spent by companies from their own sources in 2018. 

The table shows that the total funding from the company's own sources in 2018 was $377,806 million. 

Final Answer: 377,806 million 
"
771,"funding from the companies' own sources was $378 billion in 2018, how many percent of increase from 2017?",[0.114354],"Reasoning and Answer:

The table shows that companies spent $377,806 million in 2018, which is equivalent to $377.8 billion.  The table also shows that they spent $339,036 million in 2017, which is equivalent to $339 billion.

To find the percent increase, we first calculate the difference in spending: $377.8 billion - $339 billion = $38.8 billion.

Then we divide the difference by the original amount and multiply by 100%: ($38.8 billion / $339 billion) * 100% = 11.4%.

Final Answer: 11.4% 
"
772,how many million dollars was funding from other sources in 2018?,[63230.0],"Reasoning and Answer: The table displays funds spent for business R&D performed in the United States, categorized by the source of funds. We are looking for the funding from ""other"" sources in 2018.

Looking at the ""source of funds"" section, we find the row for ""other"" in 2018 with a value of 38545.  This represents millions of dollars.

Final Answer: 38.545 million dollars 
"
773,how many million dollars was funding from other sources in 2017?,[61065.0],"The table shows the amount of funding from different sources in 2017 and 2018.  We are looking for the total funding from ""other"" sources in 2017.  

The table shows that the total funding from ""other"" sources in 2017 was 36,788. 

Final Answer: 36.788 million 
"
774,"in 2018, of the $441 million that companies spent on r&d, how many million dollars were spent on basic research?",[28980.0],"Reasoning and Answer: The table shows the total amount of R&D spending in 2018 as $441,036 million.  The table also shows that of this total spending, $28,980 million were spent on basic research.

Final Answer: 28.98 million 
"
775,"in 2018, of the $441 million that companies spent on r&d, how many million dollars were on applied research?",[65222.0],"Reasoning: The table shows funds spent for business R&D performed in the United States, broken down by type of R&D, source of funds, and company size. We need to find the amount spent on applied research in 2018.

Looking at the row for ""applied research"" in the ""type of R&D"" category, we see that the value for 2018 is $65,222 million.

Final Answer: 65.222 million 
"
776,"in 2018, of the $441 million that companies spent on r&d, how many million dollars were spent on development?",[346834.0],"Reasoning and Answer: The table shows that in 2018, companies spent a total of $441,036 million on R&D.  To find the amount spent on development, we need to look at the 'Development' row under 'Type of R&D'. The table shows that in 2018, companies spent $346,834 million on development.

Final Answer: 346,834 million dollars
"
777,"in the 2006 cohort, how many percent of ce immigrant men is belonged to a visible minority?",[0.85],"The table shows data for Canadian-born men, Canadian-educated immigrants (CE), and foreign-educated immigrants (FE) in the 1991 and 2006 cohorts. We are interested in the percentage of CE immigrant men in the 2006 cohort who belong to a visible minority. 

The table provides the percentage of visible minorities for each group. Looking at the row ""Visible minorities"" and the column ""Canadian-educated immigrants"" for the 2006 cohort, we see the value is 0.85. 

This value represents the percentage of CE immigrant men belonging to a visible minority in the 2006 cohort.

Final Answer: 85% 
"
778,"in the 2006 cohort, how many percent of ce immigrant men had high earnings in canada before the base year?",[0.14],"The table provides information about the characteristics of Canadian-born men and immigrant men in two cohorts, 1991 and 2006.  We're asked to find the percentage of Canadian-educated (CE) immigrant men in the 2006 cohort who had high earnings in Canada before the base year.

The relevant information is located in the ""2006 cohort"" column under ""Canadian-educated immigrants"" and in the rows ""high prior earnings"" and ""sample size"".

The ""high prior earnings"" row shows that 0.14 or 14% of CE immigrant men in the 2006 cohort had high prior earnings in Canada.

**Final Answer: 14%** 
"
779,what is the initial earnings advantage of ce immigrants for 1991 cohort when sociodemographic characteristics and source-country attributes were controlled for in model 2?,[0.177],"The table presents regression models comparing earnings between Canadian-educated immigrant men and foreign-educated immigrant men with a university degree, for the 1991 and 2006 cohorts.  The question asks for the initial earnings advantage of Canadian-educated (CE) immigrants for the 1991 cohort when sociodemographic characteristics and source-country attributes were controlled for in model 2.

Model 2 for the 1991 cohort includes controls for age, education, language, visible minorities, region, unemployment rate, economic class, family class, refugee status, origin-country tertiary education quality, origin-country log gross domestic product per capita, and origin-country official language. 

The coefficient for ""Canadian-educated immigrants"" in model 2 for the 1991 cohort is 0.177. This means that, on average, CE immigrants earn 0.177 units more than foreign-educated immigrants, after controlling for all the specified factors.

**Final Answer: 0.177** 
"
780,what is the coefficient for ce immigrants when the conditional interaction terms of work history and years of study in canada among ce immigrants were included in model 3 for the 1991 cohort.,[-0.208],"Reasoning and Answer: The table presents regression models comparing earnings between Canadian-educated immigrant men and foreign-educated immigrant men with a university degree, for the 1991 and 2006 cohorts. The table shows the coefficients for the different variables included in each model. We are interested in the coefficient for ""Canadian-educated immigrants"" (CE immigrants) in Model 3 for the 1991 cohort, when the conditional interaction terms of work history and years of study in Canada among CE immigrants were included.

The interaction terms in question are ""Canadian-educated immigrants interacted with years since the base year"" and ""Canadian-educated immigrants interacted with squared years since the base year."" 

Looking at the 1991 cohort, Model 3, the coefficient for ""Canadian-educated immigrants"" is **-0.208**. 

Final Answer: -0.208 
"
781,how many log points for ce immigrants' initial enarnings were higher than those of fe immigrants in model 1 for the 2006 cohort?,[0.072],"The table shows regression coefficients for different models comparing the earnings of Canadian-educated immigrant (CE) men and foreign-educated immigrant (FE) men with a university degree.  We're looking at Model 1 for the 2006 cohort.

The coefficient for CE immigrants in Model 1 of the 2006 cohort is 0.072. 

Since the coefficients represent log points in this table, this means CE immigrants' initial earnings were **0.072 log points** higher than those of FE immigrants in Model 1 for the 2006 cohort.

**Final Answer: 0.072** 
"
782,what is the initial earnings advantage of ce immigrants when sociodemographic factors are controlled for in model 2 for 2006 cohort?,[0.25],"The table shows regression models comparing earnings between Canadian-educated immigrant men and foreign-educated immigrant men with a university degree, for the 1991 and 2006 cohorts. We are asked to find the initial earnings advantage of Canadian-educated immigrants (CE) when sociodemographic factors are controlled for in Model 2 for the 2006 cohort.

In Model 2 for the 2006 cohort, the coefficient for ""Canadian-educated immigrants"" is 0.250. This means that, on average, Canadian-educated immigrants earn 0.250 units higher than foreign-educated immigrants, holding all other factors in the model constant. 

Final Answer: 0.250 
"
783,"according to the 2008-base mbm, how many people were in poverty in 2015?",[4.238],"The table provides the number of persons in poverty in Canada, provinces, and selected demographic groups for both the 2008-base and 2018-base measures.  We need to find the number of people in poverty in 2015 using the 2008-base measure. 

Looking at the table, the row labeled ""Canada"" under the 2008-base column shows the number of people in poverty for each year. The value for 2015 is 4,238 in thousands.

**Final Answer: 4,238,000** 
"
784,"according to the 2008-base mbm, how many people were in poverty in 2018?",[3.173],"The table shows the number of people in poverty in Canada, provinces, and selected demographic groups for both the 2008-base and 2018-base measures.  We need to look at the 2008-base column for the year 2018. 

The table shows that in 2018, there were 3,173 thousand people in poverty according to the 2008-base measure.

Final Answer: 3,173 thousand 
"
785,"according to the 2008-base mbm, how many numbers of people in poverty have declined from 2015 to 2018?",[1.065],"The table shows the number of people in poverty for both the 2008-base and 2018-base MBMs, for Canada and individual provinces and by age group. We need to find the number of people in poverty that declined from 2015 to 2018 based on the 2008-base. 

Let's analyze the table:

* **For Canada:** The number of people in poverty in 2015 was 4,238,000 (2008-base).  This number decreased to 3,173,000 in 2018.  This decline is a significant change. 

* **For Provinces:** We need to individually compare the numbers for each province in 2015 and 2018.
    * **Newfoundland and Labrador:**  63,000 in 2015 to 50,000 in 2018 (declined)
    * **Prince Edward Island:** 20,000 in 2015 to 14,000 in 2018 (declined)
    * **Nova Scotia:** 127,000 in 2015 to 96,000 in 2018 (declined)
    * **New Brunswick:** 102,000 in 2015 to 58,000 in 2018 (declined)
    * **Quebec:** 890,000 in 2015 to 655,000 in 2018 (declined)
    * **Ontario:** 1,757,000 in 2015 to 1,351,000 in 2018 (declined)
    * **Manitoba:** 146,000 in 2015 to 117,000 in 2018 (declined)
    * **Saskatchewan:** 114,000 in 2015 to 96,000 in 2018 (declined)
    * **Alberta:** 341,000 in 2015 to 316,000 in 2018 (declined)
    * **British Columbia:** 678,000 in 2015 to 421,000 in 2018 (declined)

* **For Age Groups:**
    * **Persons under 18 years:** 900,000 in 2015 to 566,000 in 2018 (declined)
    * **Persons 18 to 64 years:** 3,049,000 in 2015 to 2,392,000 in 2018 (declined)
    * **Persons 65 years and over:** 289,000 in 2015 to 216,000 in 2018 (declined)

**Final Answer:**  All categories, Canada and its provinces, as well as age groups, have shown a decline in the number of people in poverty based on the 2008-base from 2015 to 2018. 
"
786,"according to the proposed 2018-base mbm, how many people were in poverty in 2015?",[5.074],"The table shows the number of people in poverty based on both the 2008 and 2018 base measures for years 2015 to 2018. The question asks for the number of people in poverty in 2015 using the 2018 base measure.

We can find this information in the ""2018-base"" column for the year 2015. The value is 5,074.

Final Answer: 5,074 
"
787,"according to the proposed 2018-base mbm, how many people were in poverty in 2018?",[3.983],"The table presents the number of persons in poverty in Canada, provinces, and selected demographic groups from 2015 to 2018. We are asked to find the number of people in poverty in 2018 according to the 2018-base measure.

Looking at the table, we find the column for ""2018-base"" and the row for ""Canada"".  The number of people in poverty in Canada in 2018 using the 2018-base is 3,983,000.

Final Answer: 3,983,000
"
788,"according to the proposed 2018-base mbm, how many numbers of people in poverty have declined from 2015 to 2018?",[1.091],"Reasoning and Answer: The table shows the number of people in poverty in Canada, provinces, and selected demographic groups, using both the 2008-base and the 2018-base Market Basket Measure (MBM). We need to find the number of people in poverty in 2018 using the 2018-base MBM and compare it to the number of people in poverty in 2015 using the same measure.

Looking at the table, we find that the number of people in poverty in 2018 using the 2018-base MBM is 3,983 (in thousands).  In 2015, the number of people in poverty using the 2018-base MBM is 5,074 (in thousands).

Therefore, the number of people in poverty has declined from 2015 to 2018:
5,074 (in thousands) - 3,983 (in thousands) = 1,091 (in thousands)

Final Answer: 1,091,000 
"
789,which club did mcnamara play for in the 1997-98 season?,['celtic'],"The table does not provide information about players or the teams they played for. It only shows the club, season, league, and number of appearances and goals scored. 
Final Answer: There is no information in this table to answer the question. 
"
790,what's the increasing number of the professionals potentially able to provide services in the minority language in 2011 was greater than expected?,[890.0],"The table provides information about the number of healthcare professionals present in New Brunswick and its regions in 2011, along with the expected number in the same year. However, the table doesn't mention anything about the professionals' ability to provide services in minority languages. Therefore, we cannot answer the question based on the provided information.

**Final Answer:** Insufficient information. 
"
791,how many professionals who could potentially provide services in french expected in 2011 in paramedics province?,[435.0],"The table provides information about the number of healthcare professionals present and expected in 2011 in New Brunswick and its regions.  We need to find the number of paramedical professionals expected in 2011 in the North of the province, which is considered the ""Paramedics province"".

Looking at the table:

* The number of paramedical professionals expected in 2011 in the North of the province is 220.

Final Answer: 220 
"
792,how many professionals who could potentially provide services counted in french in paramedics province in 2011?,[305.0],"Reasoning: The question asks for the number of potential paramedics in the province in 2011. We can find this information in the table by looking at the 'Paramedical occupations' row and the 'North of the province' column. 

Final Answer: 220 
"
793,"during 2006-2010, what was childhood cancer diagnosed at a rate of new cases per million children per year?",[161.0],"Reasoning and Answer: The table displays the annual incidence rate per million children for various childhood cancer groups during the period 2006-2010. The question asks for the overall rate of new childhood cancer cases per million children per year. This is represented by the ""annual incidence rate"" for ""all cancers"" in the table.

Therefore, the answer is 161 new cases per million children per year.

Final Answer: 161 
"
794,what was the rate corresponds to an average of new cases of childhood cancer per year during this time period?,[905.0],"Reasoning and Answer: The table presents data on cancer incidence among children aged 0 to 14. It shows the average number of cases per year, annual incidence rate (per million children), and percentage of childhood cancer cases for different cancer groups. 

The question asks for the rate corresponding to the average number of new cases of childhood cancer per year. This information is directly provided in the first row, which represents ""all cancers"".  

The table shows that the average number of cases per year for all cancers is 905.

Final Answer: 905 
"
795,what the total grams did the typical dried cannabis (flower/leaf) consumer use over 3 months according to ncs 2019 q1?,[27.5],"Reasoning and Answer:  The table presents the average quantities of dried cannabis used in the past three months by various demographics. The ""total grams"" row provides the average quantity of dried cannabis used for all respondents. This average is 27.5 grams.

Final Answer: 27.5 grams 
"
796,what the average grams did dad users consume over 3 months?,[62.6],"The table does not provide information about ""dad users"" or any specific demographic group that could be interpreted as ""dads."" It only presents data categorized by gender (males and females), age group (15 to 24 and 25 or older), cannabis product type, and frequency of use. Therefore, we cannot determine the average grams consumed by ""dad users.""

Final Answer: The information is not available in the table. 
"
797,"from 2001 to 2016, what was the increasing rate of individuals aged 25 to 64 with a university degree for all groups combined?",[66.1],"Reasoning and Answer: The table presents the estimated population aged 25 to 64 with at least a bachelor's degree from 2001 to 2016. The question asks for the increasing rate of individuals with a university degree for all groups combined from 2001 to 2016. This information can be found in the ""growth from 2001 to 2016"" row, under the ""total"" column. 

The percentage growth of individuals with a university degree for all groups combined is 66.1%. 

Final Answer: 66.1% 
"
798,what the rate of recent immigrants had at least a bachelor's degree in 2016?,[49.9],"Reasoning: The table provides information on the estimated population aged 25 to 64 with at least a bachelor's degree, broken down by different population groups. We need to find the percentage of recent immigrants who had at least a bachelor's degree in 2016. 

From the table:

- The percentage of individuals with a university degree within the recent immigrants population group in 2016 is 49.9%.

Final Answer: 49.9% 
"
799,what the rate of recent immigrants had at least a bachelor's degree in 2001?,[33.8],"Reasoning and Answer: The table provides the percentage of individuals with a university degree within each population group for each year.  We need to find the percentage of recent immigrants who had at least a bachelor's degree in 2001. 

Looking at the row ""individuals with a university degree within each population group"" and the column ""recent immigrants"" for the year 2001, we see a percentage of 33.8.

Final Answer: 33.8% 
"
800,"over the last five years, the proportion of police-reported hate crime incidents that were also recorded by police as cybercrimes has been fairly stable, what was the range of all hate crime incidents from 2014 to 2018?","[4.1, 5.1]","Reasoning and Answer: 

The table provides data on police-reported hate crimes and cyber-related hate crimes from 2014 to 2018. We need to find the range of all hate crime incidents during this period. 

The range is the difference between the highest and lowest values in a dataset. 

From the table: 

- The highest number of hate crime incidents occurred in 2017 with 1,897 incidents.
- The lowest number of hate crime incidents occurred in 2014 with 1,148 incidents. 

Therefore, the range of hate crime incidents from 2014 to 2018 is:

1,897 - 1,148 = 749 

Final Answer: 749 
"
801,"which gender's number of nfrs grew at a faster rate between 2017 and 2019, male or female?",['male'],"The table shows the number of doctorate-holding nonfaculty researchers (NFRs) in science, engineering, and health fields, by sex, for the years 2017, 2018, and 2019.  It also provides the percent change between 2017 and 2019.

Looking at the table, we see the following:
* **Male:** Percent change from 2017 to 2019: 8.4%
* **Female:** Percent change from 2017 to 2019: 6.6%

The percent change for males is larger than the percent change for females.

**Final Answer: Male** 
"
802,"in 2019, how many percentage points of nfrs were male?",[1.687931],"Reasoning: The table shows the number of doctorate-holding nonfaculty researchers (NFRs) in various fields, broken down by sex and year. We need to find the percentage of male NFRs in 2019.

From the table:
* In 2019, there were 17,980 male NFRs.
* In 2019, there were a total of 30,349 NFRs.

To calculate the percentage of male NFRs in 2019:

(17,980 / 30,349) * 100 = 59.3%

Final Answer: 59.3% 
"
803,"rates of growth in the number of nfrs between 2017 and 2019 in various s&e fields of research varied widely, which broad field had the largest percentage of increasing?",['natural resources and conservation'],"Reasoning: The table shows the number of doctorate-holding nonfaculty researchers (NFRs) in science and engineering (S&E) fields for 2017, 2018, and 2019, along with the percentage change from 2017 to 2019. We need to identify the broad field with the largest percentage increase in NFRs.

Scanning the ""percent change 2017-19"" column for S&E fields, we find:

- **Agricultural sciences:** 30%
- **Geosciences, atmospheric sciences, and ocean sciences:** 21.3%
- **Mathematics and statistics:** 27.1%
- **Natural resources and conservation:** 59.9%
- **Physical sciences:** 15.5%
- **Psychology:** 16.6%
- **Engineering:** 19.4%
- **Bioengineering and biomedical engineering:** 18.6%
- **Chemical engineering:** 16.7%
- **Civil engineering:** 16.6%
- **Electrical, electronics, and communications engineering:** 14.4%
- **Industrial and manufacturing engineering:** 15.1%
- **Mechanical engineering:** 15.9%
- **Metallurgical and materials engineering:** 33.7%
- **Other engineering:** 34.8%

The largest percentage increase is found in **Natural resources and conservation** with a 59.9% growth. 

Final Answer: Natural resources and conservation 
"
804,which club did zuniga play in the 2004 season?,['cortulua'],"Reasoning and Answer: 
The table shows information about a player named Zuniga, including the club they played for, the season, and the number of appearances and goals scored in different competitions. The table lists the club ""Cortulua"" for the 2004 season.

Final Answer: Cortulua 
"
805,how many receptions did clay have in 2018?,[21.0],"The table shows career statistics for a player named Clay. To find out how many receptions he had in 2018, look for the row corresponding to the year 2018 and the column 'rec' (receptions). 

The row for 2018 shows 21 receptions. 

**Final Answer: 21** 
"
806,"among visible minority women aged 15 and over, what was the percentage of women were unemployed in the week prior to the 2011 census?",[10.6],"Reasoning and Answer: The table displays unemployment rates for various population groups based on age, visible minority status, and gender. We need to find the unemployment rate for visible minority women aged 15 and over. 

From the table:

The unemployment rate for visible minority women aged 15 and over is 10.6%.

Final Answer: 10.6% 
"
807,"among canadian-born 15- to 24-year-olds, which visible minority gender was less likely to be unemployed?",['women'],"Reasoning and Answer: 

The table shows unemployment rates for various demographic groups, including Canadian-born individuals aged 15 to 24. We need to identify the gender within this group that had a lower unemployment rate for visible minorities.

Looking at the ""Canadian-born"" section of the table, for the age group ""15 to 24,"" the unemployment rates are:

* **Visible Minority Women:** 19.1%
* **Visible Minority Men:** 22.4%

Since 19.1% is lower than 22.4%,  **Canadian-born visible minority women** had a lower unemployment rate.

Final Answer: Canadian-born visible minority women 
"
808,"for the older working-age group of canadian-born 55- to 64-year-olds, what was the percentage of visible minority women were unemployed?",[4.1],"Reasoning and Answer: The table provides unemployment rates broken down by population characteristics, including age, visible minority status, and whether individuals are Canadian-born or immigrants.  We are asked for the unemployment rate of visible minority women aged 55-64 who are Canadian-born.

Looking at the table, we find the row for ""age 55 to 64"" and the column for ""Canadian-born women"" (percentage). The intersection of these two categories for visible minorities shows an unemployment rate of **4.1%**.

Final Answer: 4.1% 
"
809,"for the older working-age group of canadian-born 55- to 64-year-olds, what was the percentage of visible minority men were unemployed?",[7.5],"Reasoning and Answer: The table provides unemployment rates for different population groups, categorized by age, visible minority status, and Canadian-born or immigrant status. We need to find the unemployment rate for Canadian-born visible minority men aged 55 to 64.

From the table:

- The unemployment rate for Canadian-born visible minority men aged 55 to 64 is listed under the ""Canadian-born"" column and the ""men"" sub-column, within the ""age 55 to 64"" row and ""visible minority"" sub-row. 

The unemployment rate for this group is 7.5%.

Final Answer: 7.5% 
"
810,"during that year, what was the percentage of visible minority women reported working mostly or entirely part time?",[27.7],"Reasoning and Answer: The table provides the percentage of part-time employment among population aged 15 and over who worked in 2010, categorized by age group, women, men, visible minority and not a visible minority. We need to find the percentage of visible minority women working mostly or entirely part-time.

From the table:

The percentage of visible minority women working part-time is 27.7%.

Final Answer: 27.7% 
"
811,"during that year, what was the percentage of women who were not a visible minority reported working mostly or entirely part time?",[29.5],"Reasoning and Answer: The table shows the percentage of part-time employment among different demographic groups. We are looking for the percentage of women who were not a visible minority and worked mostly or entirely part-time. This information is found under the column ""women"" and the row ""not a visible minority"". 

According to the table, 29.5% of women who were not a visible minority worked mostly or entirely part-time during the year 2010. 

Final Answer: 29.5% 
"
812,what was the percentage of visible minority men worked mostly or entirely part time in 2010?,[16.8],"Reasoning and Answer: The table displays the percentage of part-time employment among different population groups in 2010. We are specifically looking for the percentage of visible minority men who worked mostly or entirely part-time.

From the table:

The percentage of visible minority men aged 15 and over who worked mostly or entirely part-time in 2010 is 16.8%. 

Final Answer: 16.8% 
"
813,what was the percenge of men who were not a visible minority worked mostly or entirely part time in 2010.,[15.2],"Reasoning and Answer: The table shows the percentage of part-time employment for different demographic groups. We need to find the percentage of men who were not a visible minority and worked mostly or entirely part-time in 2010.

From the table:

- The column labeled ""men"" represents men.
- The sub-column labeled ""not a visible minority"" represents men who are not a visible minority.
- The percentage in that sub-column, 15.2, represents the percentage of men who were not a visible minority who worked mostly or entirely part-time in 2010.

Final Answer: 15.2% 
"
814,"among 15- to 24-year-olds, which group of women were more likely to have worked part time, visible minority or not a visible minority?",['visible minority'],"Reasoning and Answer: The table shows the percentage of part-time employment among population aged 15 and over who worked in 2010, broken down by age group, gender, and visible minority status. We need to compare the percentage of part-time employment among women aged 15 to 24 who are visible minorities to the percentage of women aged 15 to 24 who are not visible minorities.

According to the table:
- Women aged 15 to 24 who are visible minorities had a part-time employment rate of 66.2%.
- Women aged 15 to 24 who are not visible minorities had a part-time employment rate of 61.1%.

Therefore, women aged 15 to 24 who are visible minorities were more likely to have worked part-time compared to women aged 15 to 24 who are not visible minorities.

Final Answer: Visible minority 
"
815,"among those aged 65 and over, which group of women were less likely to have worked part time, visible minority or not a visible minority?",['visible minority'],"Reasoning and Answer: The table shows the percentage of part-time employment for different age groups, broken down by women/men and visible minority/not a visible minority. We need to focus on the '65 and over' age group and compare the part-time employment percentage for women who are visible minorities and women who are not visible minorities.

From the table:

- Women aged 65 and over who are visible minorities have a part-time employment percentage of 46.9%.
- Women aged 65 and over who are not visible minorities have a part-time employment percentage of 56.7%.

Therefore, women aged 65 and over who are **visible minorities** were less likely to have worked part-time.

Final Answer: Visible Minority 
"
816,what was the percentage of visible minority immigrant women aged 15 to 24 in a low-income situation in 2011?,[29.2],"Reasoning and Answer:

The table provides information about the prevalence of low income in Canada, categorized by demographic factors such as visible minority status, immigrant status, and age group. 

To find the percentage of visible minority immigrant women aged 15 to 24 in a low-income situation, we need to look at the following:

* **Visible Minority:** This row represents the percentage for individuals who identify as a visible minority.
* **Immigrant:** This column represents the percentage for individuals who are immigrants to Canada.
* **Female:** This column represents the percentage for females.
* **15 to 24 years:** This row represents the percentage for individuals in the age group 15 to 24 years.

Therefore, the percentage we are looking for is at the intersection of these categories, which is 29.2%.

Final Answer: 29.2% 
"
817,what was the percentage of visible minority canadian-born women aged 15 to 24 in a low-income situation in 2011?,[18.6],"Reasoning and Answer: The table shows the prevalence of low income by various demographic groups, including visible minority status, age group, and immigrant status. To find the percentage of visible minority Canadian-born women aged 15 to 24 in a low-income situation in 2011, we need to look at the following row and column intersections:

* **Low income:** ""15 to 24 years""
* **Total:** ""Canadian-born""
* **Female:** ""female""
* **Visible minority:** ""visible minority""

The corresponding value in the table is **18.6**. 

Final Answer: 18.6% 
"
818,which club did price play for in the 1895-96 season?,['burslem port vale'],"Reasoning and Answer: The table provides statistics for Burslem Port Vale across various seasons. However, it does not include information about players, including a player named ""Price."" Therefore, we cannot determine which club ""Price"" played for in the 1895-96 season based on this table.

Final Answer: Not enough information provided. 
"
819,what is the final poistion for tigers in the 2017 - 18 champions cup?,['5th'],"Reasoning: The table provides a season summary for a rugby team, including details on their league, domestic cup, and European cup performances. We are looking for the final position of the Tigers in the Champions Cup for the 2017-18 season.

Looking at the table for the 2017-18 season, we find that the Tigers' Champions Cup performance is listed as ""group stage"". This means they did not advance past the group stage of the tournament. 

Final Answer: Group Stage 
"
820,which club did alex play for in the 2017-18 season?,['juventus'],"Reasoning and Answer: 
The table contains data about the clubs Alex played for, but it doesn't provide information about players. We can only see the total number of appearances and goals Alex scored in each competition and season. There's no player-specific information available to determine which club Alex played for in the 2017-18 season.

Final Answer: The table does not contain information about the players, therefore it's impossible to determine which club Alex played for in the 2017-18 season. 
"
821,which club did mullen play the championship from during 2013-14 season?,['raith rovers'],"The table shows career statistics for a player named Mullen, including the clubs he played for, the seasons, and the number of appearances and goals scored.

Looking at the table for the 2013-14 season, we find that Mullen played for **Raith Rovers** in the Championship.

**Final Answer: Raith Rovers** 
"
822,what was the number of league games that lee ka yiu played for sham shui po in the 2011-12 season?,[18.0],"The table provides information about club statistics, but it does not include any data about individual players, such as Lee Ka Yiu. Therefore, we cannot answer the question. 

Final Answer:  Not enough information provided. 
"
823,"which type of owners who were 15 and older in 2013 had more headcount, unincorporated self-employed or incorporated business owners?",['self-employed'],"Reasoning and Answer: The table provides information about self-employment and business ownership in 2013 for individuals aged 15 and older, categorized by headcount (number of individuals), share (percentage of total), mean age, percentage of males, and mean employment accounted for by owner.

We need to determine which type of owner had more headcount: unincorporated self-employed or incorporated business owners. 

- **Unincorporated self-employed (non-employer):**  The headcount is 2,163,790.
- **Incorporated business owners (employer):** The headcount for incorporated business owners is the sum of ""employer"" headcount for both self-employed and business owners, which is 116,150 + 925,570 = 1,041,720.

Therefore, unincorporated self-employed had more headcount than incorporated business owners in 2013.

Final Answer: Unincorporated self-employed 
"
824,"in 2013, how many times of each business owner who had employees as many jobs as an unincorporated employer?",[1.941176],"Reasoning and Answer:

The table provides data on self-employment and business ownership in 2013 for individuals aged 15 and older. We need to find the ratio of jobs created by business owners with employees to those created by unincorporated employers.

The table states that:

- ""Employment accounted for by owner"" for employers is 6.6 (meaning each business owner with employees is responsible for 6.6 jobs).
- For unincorporated employers, the ""employment accounted for by owner"" is not provided.

Since we lack the data for unincorporated employers, we cannot determine how many times more jobs a business owner with employees creates compared to an unincorporated employer.

**Final Answer:**  The information is not provided in the table. 
"
825,"in 2015, where were immigrants from had the highest turnout rate?","['united states, united kingdom, ireland, australia, new zealand']","Reasoning and Answer: The table shows the voting rates in federal elections by country or region of birth, including both men and women, for the years 2011 and 2015. We are looking for the highest turnout rate in 2015. 

Scanning the ""2015"" column for the highest percentage, we find the highest turnout rate for immigrants from the ""United States, United Kingdom, Ireland, Australia, New Zealand"" with a rate of 84.3%.

Final Answer: United States, United Kingdom, Ireland, Australia, New Zealand 
"
826,"in 2015, where were immigrants from had the second-highest turnout rate?",['western/northern europe'],"Reasoning and Answer: The table provides voting rates in federal elections by country or region of birth for the years 2011 and 2015. We need to find the second-highest turnout rate in 2015.

From the table:

- The highest turnout rate in 2015 is 84.3% for immigrants from the United States, United Kingdom, Ireland, Australia, and New Zealand. 
- The second-highest turnout rate in 2015 is 82.6% for immigrants from Western/Northern Europe. 

Final Answer: Western/Northern Europe 
"
827,"in 2015, where were immigrants from had the third-highest turnout rate?",['south asia'],"Reasoning and Answer: 
The table shows voting rates in federal elections by country or region of birth and by sex for 2011 and 2015. To answer the question, we need to focus on the 'all' column for 2015. We need to find the third highest turnout rate from the list.

Here are the turnout rates from highest to lowest for 2015:
- United States, United Kingdom, Ireland, Australia, New Zealand: 84.3%
- Caribbean, Central/South America: 72.5%
- Western/Northern Europe: 82.6% 
- Southern Europe: 72.5%
- Eastern Europe: 69.7%
- South Asia: 80.5%
- Southeast Asia: 74.6%
- East Asia: 64.1%
- West Central Asia and Middle East: 73.2%
- Africa: 78.4%

The third highest turnout rate in 2015 was 80.5% for South Asia.

Final Answer: South Asia 
"
828,"between 2011 and 2015, what was the percentage points of the voting rate of immigrants from west central asia and the middle east increased?",[16.5],"Reasoning and Answer: The table shows the voting rates in federal elections by country or region of birth for the years 2011 and 2015, along with the percentage point change between the two years. We need to find the percentage point change in the voting rate for immigrants from West Central Asia and the Middle East.

Looking at the row for ""West Central Asia and Middle East"", the ""change"" column shows a value of 16.5 percentage points. 

Final Answer: 16.5 percentage points 
"
829,"between 2011 and 2015, what was the percentage points of the voting rate of immigrants from africa increased?",[11.3],"Reasoning and Answer: The table shows voting rates in federal elections by country or region of birth and by sex, for the years 2011 and 2015. The column titled ""change"" presents the percentage point difference in voting rates between the two years. 

To answer the question, we need to look at the row for ""Africa"" and find the change in voting rate for all immigrants from Africa between 2011 and 2015.

The table indicates that the voting rate for immigrants from Africa increased by 11.3 percentage points between 2011 and 2015.

Final Answer: 11.3 percentage points 
"
830,"between 2011 and 2015, what was the percentage points of the voting rate of immigrants from southeast asia increased?",[10.1],"Reasoning and Answer: The table presents voting rates in federal elections by country or region of birth and by sex for 2011 and 2015.  The specific focus here is on the voting rate of immigrants from southeast asia between these years.

From the table:

The voting rate of immigrants from southeast asia in 2011 was 64.5%.
The voting rate of immigrants from southeast asia in 2015 was 74.6%.

Therefore, the percentage points increase in voting rate is:
74.6% - 64.5% = 10.1 percentage points

Final Answer: 10.1 percentage points 
"
831,"in 2015, how many people did more than 20 million citizens reported having voted in the federal election, compared with about 17.4 million in 2011 increase between 2011 and 2015?",[2635.7],"Reasoning and Answer:

The table shows that in 2015, 20,080.8 thousand people voted in the federal election.  This is equivalent to 20,080,800 people.

In 2011, 17,445.1 thousand people voted. This is equivalent to 17,445,100 people.

The difference between these two numbers is: 20,080,800 - 17,445,100 = 2,635,700

Therefore, there was an increase of approximately 2.6 million voters between 2011 and 2015.

Final Answer: 2.6 million 
"
832,how many combined tackles did david get in 2012?,[112.0],"The table shows the NFL career statistics for David, including the number of combined tackles he made each year. In 2012, he had **139** combined tackles. 

Final Answer: 139 
"
833,how many passing yards did manning get in 2009?,[4021.0],"The table displays data about the New York Giants' passing and rushing stats from 2004 to 2018. To find the passing yards Manning got in 2009, we need to look at the row corresponding to the year 2009 and the column for ""yds"" under ""passing"". 

Final Answer: 4,021 
"
834,how many tackles did freeman get in 2012?,[145.0],"Reasoning: The table lists the number of tackles for each season for the player Freeman. In 2012, the table shows a total of 145 tackles for Freeman. 

Final Answer: 145 
"
835,what is the final rating for jake heaps in 2010?,[116.2],"Reasoning and Answer: The table shows statistics for a player, Jake Heaps, over several years. We need to find the rating for Jake Heaps in 2010. The column labelled ""rtg"" represents the rating, and the row for 2010 gives us the rating of 116.2.

Final Answer: 116.2 
"
836,what's the percent of mfp increased per year in the business sector over the period from 1980 to 2000?,[0.4],"Reasoning and Answer: The table shows the multifactor productivity (MFP) growth by industry from 1980 to 2015, with the percentage of MFP growth presented for two periods: 1980 to 2000 and 2000 to 2015.  We are looking at the business sector for the period 1980 to 2000.

From the table, the MFP growth for the total business sector from 1980 to 2000 is 0.4%. This represents the total growth over the 20-year period. To get the annual percentage growth, we divide the total growth by the number of years:

0.4% / 20 years = 0.02% per year

Final Answer: 0.02% 
"
837,what's the percent of it declined in the business sector over the period from 2000 to 2015?,[0.2],"The table shows the multifactor productivity growth for various industries from 1980 to 2015, separated into two periods: 1980 to 2000 and 2000 to 2015.  The question asks about the decline in the business sector over the period from 2000 to 2015. 

The table indicates the percentage change in multifactor productivity growth for the total business sector from 2000 to 2015 is -0.2.  

**Final Answer: -0.2** 
"
838,"in 2018, what is the percentage of women in british columbia most often reported experiencing sexual assault since age 15?",[36.5],"The table shows the percentage of women in each province reporting experiencing various types of victimization since age 15. We're looking for the percentage of women in British Columbia who reported experiencing sexual assault.

From the table, under the ""sexual assault"" category and ""British Columbia"" row, we find that 36.5% of women reported experiencing sexual assault.

Final Answer: 36.5% 
"
839,"in 2018, what is the percentage of women in alberta most often reported experiencing sexual assault since age 15?",[35.3],"The table provides data on the percentage of women and men in each province who have experienced different types of violent victimization since age 15.  We need to find the percentage of women in Alberta who reported experiencing sexual assault since age 15.

According to the table, the percentage of women in Alberta who reported experiencing sexual assault since age 15 is 35.3%.

**Final Answer: 35.3%** 
"
840,"in contrast, women in which two places were the least likely to report being the victim of a sexual assault among all of the provinces in 2018?","['newfoundland and labrador', 'quebec']","The table shows the percentage of women and men who have experienced various types of violent victimization since age 15, broken down by province. We need to find the provinces with the lowest percentage of women reporting sexual assault. 

Looking at the ""sexual assault"" section, the lowest percentages for women are:

* **Newfoundland and Labrador:** 25.4%
* **Quebec:** 24.5%

**Final Answer: Newfoundland and Labrador, Quebec** 
"
841,what is the percentage of women in newfoundland and labrador reported being the victim of a sexual assault since age 15 in 2018?,[25.4],"The table provides data on violent victimization since age 15 in Canada, broken down by province, type of victimization, and gender. 

The question asks for the percentage of women in Newfoundland and Labrador who reported being victims of sexual assault since age 15 in 2018.

We locate the row for ""sexual assault"" and the column for ""women"" in Newfoundland and Labrador. The table shows that 25.4% of women in Newfoundland and Labrador reported being victims of sexual assault since age 15.

**Final Answer: 25.4%** 
"
842,what is the percentage of women in quebec reported being the victim of a sexual assault since age 15 in 2018?,[24.5],"The table shows the percentage of women who reported being victims of sexual assault since age 15 in 2018, broken down by province. We need to find the percentage for Quebec.

Looking at the table, under ""sexual assault"" and ""women"", we find the percentage for Quebec is 24.5%.

**Final Answer: 24.5%** 
"
843,"for men, the prevalence of sexual assault in which province was higher than the provincial average in 2018?",['british columbia'],"Reasoning: The table presents the prevalence of violent victimization since age 15 by type of victimization, gender of victim, and province in 2018. We need to focus on men's sexual assault rates and compare them to the provincial average.

From the table, the provincial average for men's sexual assault prevalence is 8.2%.

Now, we need to identify the provinces where men's sexual assault prevalence is higher than 8.2%.

- Newfoundland and Labrador: 8.2%
- Prince Edward Island: 6.1%
- Nova Scotia: 9.6%
- New Brunswick: 9.8%
- Quebec: 5.7%
- Ontario: 8.2%
- Manitoba: 8.9%
- Saskatchewan: 7.9%
- Alberta: 9.4%
- British Columbia: 11.1%

The provinces where men's sexual assault prevalence was higher than the provincial average are:
- Nova Scotia
- New Brunswick
- Manitoba
- Alberta
- British Columbia

Final Answer: Nova Scotia, New Brunswick, Manitoba, Alberta, British Columbia 
"
844,"for men, what is the prevalence of sexual assault in british columbia in 2018?",[11.1],"The table shows the percentage of men who experienced sexual assault since age 15 in British Columbia in 2018. 

We need to find the ""percent"" value for ""men"" in the ""sexual assault"" category for ""British Columbia"".

From the table, we see that the percentage is 11.1%.

**Final Answer: 11.1%** 
"
845,"for men, what is the prevalence of sexual assault of the provincial average in 2018?",[8.2],"The table shows the prevalence of different types of violent victimization for men and women by province in 2018. We are asked to find the prevalence of sexual assault for men, specifically the provincial average. 

Looking at the row for ""sexual assault"" and the column for ""men"" and ""provinces"", we find the prevalence of sexual assault for men is 8.2%.

**Final Answer: 8.2%** 
"
846,"in 2018, which gender was more likely to report experiencing physical assault since age 15?",['men'],"The table shows the percentage of women and men who reported experiencing physical assault since age 15, broken down by province in 2018. To answer the question, we need to look at the ""physical assault"" section and compare the percentages for men and women across all provinces. 

We can see that, for every province, the percentage of women who reported experiencing physical assault is higher than the percentage of men. Therefore: 

Final Answer: Women 
"
847,"in 2018, what is the percentage of men at the provincial average being to report experiencing physical assault since age 15?",[33.3],"Reasoning and Answer: The table shows the percentage of men and women who reported experiencing physical assault since age 15 in different provinces. The question asks for the percentage of men at the **provincial average** who report experiencing physical assault. 

The table indicates that **33.3%** of men across all provinces reported experiencing physical assault since age 15. 

Final Answer: 33.3% 
"
848,"in 2018, what is the percentage of women at the provincial average being to report experiencing physical assault since age 15?",[26.1],"Reasoning and Answer: The table presents the percentage of men and women who reported experiencing various types of violent victimization since age 15 in each province. We need to find the percentage of women at the provincial average who reported experiencing physical assault. 

The table lists the provincial average for women experiencing physical assault since age 15 as 26.1%.

Final Answer: 26.1% 
"
849,"in almost every province, which gender was more likely since their age 15 to have been physically assaulted in 2018?",['men'],"Reasoning and Answer:  The table shows the percentage of women and men who reported experiencing physical assault since age 15 in 2018, for each province. Looking at the ""percent"" column for physical assault, we can see that men consistently have a higher percentage than women in every province except Newfoundland and Labrador.

Final Answer: Men 
"
850,"among the provinces, men who were 15 or older in which three provinces were more likely to report experiencing physical assault than other provinces and the provincial average overall in 2018?","['nova scotia', 'alberta', 'british columbia']","Reasoning and Answer:

The table shows the percentage of men and women who have experienced physical assault since the age of 15 in each province, along with the 95% confidence intervals for these percentages. We need to identify the three provinces where the percentage of men experiencing physical assault is greater than the provincial average. 

Looking at the table:

- The provincial average for men experiencing physical assault is 33.3%.
-  **Nova Scotia:** 39.7% is higher than the provincial average.
- **Saskatchewan:** 36.5% is higher than the provincial average.
- **Alberta:** 39.1% is higher than the provincial average.

Final Answer: Nova Scotia, Saskatchewan, Alberta 
"
851,"in nova scotia, what is the percentage of men since age 15 report experiencing physical assault in 2018?",[39.7],"Reasoning: The table shows the percentage of violent victimization since age 15 by type of victimization, gender, and province in 2018. We are asked to find the percentage of men in Nova Scotia who reported experiencing physical assault since age 15.

Looking at the row for ""physical assault"" and the column for ""Nova Scotia"" under the ""men"" section, we find the percentage: 39.7%.

Final Answer: 39.7% 
"
852,"in alberta, what is the percentage of men since age 15 report experiencing physical assault in 2018?",[39.1],"The table shows the percentage of men and women who have experienced different types of violent victimization since age 15 in different provinces in Canada for the year 2018. We need to find the percentage of men in Alberta who have reported experiencing physical assault since age 15.

Looking at the row for ""physical assault"" and the column for ""Alberta"", we can see the percentage of men who reported experiencing physical assault is 39.1%.

**Final Answer: 39.1%** 
"
853,"in british columbia, what is the percentage of men since age 15 report experiencing physical assault in 2018?",[38.7],"Reasoning and Answer: The table provides the percentage of women and men since age 15 who reported experiencing physical assault in 2018, broken down by province. We are looking for the percentage of men in British Columbia who reported physical assault. 

According to the table, the percentage of men in British Columbia who reported experiencing physical assault since age 15 in 2018 is 39.1%.

Final Answer: 39.1% 
"
854,"in other provinces and the provincial average overall, what is the percentage of men since age 15 report experiencing physical assault in 2018?",[33.3],"The question asks for the percentage of men who reported experiencing physical assault since age 15 in **other provinces and the provincial average overall**.  We need to look at the row labeled ""provinces"" in the ""physical assault"" section of the table. 

The table provides the percentage of men experiencing physical assault in the provinces section: 33.3%. 

**Final Answer: 33.3%** 
"
855,"for women since age 15, compared to the likelihood of experiencing physical assault in alberta and the provincial average, which is much higher?",['alberta'],"Reasoning and Answer: The table shows the percentage of women who have experienced physical assault since age 15, along with the 95% confidence interval, for each province and the overall provincial average. 

We need to compare the percentage for Alberta (30.5%) with the provincial average (26.1%).

The percentage for Alberta is higher than the provincial average.

Final Answer: Alberta 
"
856,"for women since age 15, compared to the likelihood of experiencing physical assault in british columbia and the provincial average, which is much higher?",['british columbia'],"Reasoning and Answer: The table provides information about the percentage of women since age 15 who experienced physical assault, sexual assault, and total violent victimization in different provinces.  We need to compare the likelihood of experiencing physical assault in British Columbia with the provincial average for women.

- From the table, the percentage of women who experienced physical assault in British Columbia is 29.5%.
- The provincial average percentage for physical assault among women is 26.1%.

Comparing the two, we see that the likelihood of experiencing physical assault is higher in British Columbia (29.5%) than the provincial average (26.1%).

Final Answer: British Columbia 
"
857,"for women since age 15, what is the percentage of them experienced physical assault in alberta in 2018?",[30.5],"The table shows the percentage of women who have experienced physical assault since age 15 in different provinces in Canada in 2018.  

Looking at the row for ""physical assault"" and the column for ""Alberta,"" we find the percentage for women is 30.5%.

**Final Answer: 30.5%** 
"
858,"for women since age 15, what is the percentage of them experienced physical assault in british columbia in 2018?",[29.5],"The table shows the percentage of women who experienced physical assault since age 15, along with the 95% confidence interval. To find the percentage for British Columbia in 2018, we look at the row for ""physical assault"" and the column for ""British Columbia."" The table indicates that 29.5% of women experienced physical assault in British Columbia. 

**Final Answer: 29.5%** 
"
859,"for women since age 15, what is the percentage of them experienced physical assault of the provincial average in 2018?",[26.1],"The table shows the percentage of women and men who have experienced physical assault, sexual assault, and total violent victimization since age 15, broken down by province. 

We need to find the percentage of women who have experienced physical assault in each province and compare it to the provincial average for women. The provincial average for women experiencing physical assault since age 15 is 26.1%. 

Here are the percentages for each province:

* Newfoundland and Labrador: 21.5%
* Prince Edward Island: 30.3%
* Nova Scotia: 28.0%
* New Brunswick: 23.9%
* Quebec: 20.8%
* Ontario: 26.6%
* Manitoba: 28.6%
* Saskatchewan: 25.6%
* Alberta: 30.5%
* British Columbia: 29.5%

Therefore, the percentages of women experiencing physical assault since age 15, relative to the provincial average, are:

* Newfoundland and Labrador: 21.5% / 26.1% = 82.4% 
* Prince Edward Island: 30.3% / 26.1% = 116.1%
* Nova Scotia: 28.0% / 26.1% = 107.3%
* New Brunswick: 23.9% / 26.1% = 91.6%
* Quebec: 20.8% / 26.1% = 79.7%
* Ontario: 26.6% / 26.1% = 101.9%
* Manitoba: 28.6% / 26.1% = 109.6%
* Saskatchewan: 25.6% / 26.1% = 98.1%
* Alberta: 30.5% / 26.1% = 116.8%
* British Columbia: 29.5% / 26.1% = 112.6%

**Final Answer:** 
* Newfoundland and Labrador: 82.4% 
* Prince Edward Island: 116.1%
* Nova Scotia: 107.3%
* New Brunswick: 91.6%
* Quebec: 79.7%
* Ontario: 101.9%
* Manitoba: 109.6%
* Saskatchewan: 98.1%
* Alberta: 116.8%
* British Columbia: 112.6% 
"
860,how many billion dollars of r&d did companies perform in the united states in 2015?,[355821.0],"Reasoning: The table presents data on domestic R&D performed by companies in the United States in 2015, categorized by Core-Based Statistical Areas (CBSAs). The total R&D performed by companies across all locations is listed as $355,821 million.

Final Answer: 355.821 billion dollars 
"
861,"in total, what is the percentage of all drug-related cases completed in adult criminal court resulted in a guilty decision from 2008/2009 to 2011/2012?",[52.0],"Reasoning and Answer: The table shows the percentage of drug-related cases in adult criminal court that resulted in a guilty decision, stayed/withdrawn, acquitted, or other outcome. We are looking for the total percentage of cases that resulted in a guilty decision across all types of drug-related offences. 

According to the table, the total number of completed drug-related cases is 137,182, and the total number of cases resulting in a guilty decision is 70,959.

To find the percentage of guilty decisions, we divide the number of guilty decisions by the total number of cases and multiply by 100%:

(70,959 / 137,182) * 100% = 51.7%

Final Answer: 51.7% 
"
862,"what is the percentage of the cannabis offences, which made up the majority of completed drug-related cases but were less likely to result in a decision of guilt from 2008/2009 to 2011/2012?",[44.0],"Reasoning and Answer:

The table shows the percentage of completed drug-related cases by type of offence and type of drug, with a breakdown by decision (guilty, stayed/withdrawn, acquitted, other).  We need to find the type of cannabis offence where the majority of completed cases resulted in a decision that was NOT guilty. 

Looking at the table:

- **Cannabis possession**: 57% of cases resulted in a 'stayed/withdrawn' decision, meaning they were not found guilty.
- **Cannabis supply**: 55% of cases resulted in a 'stayed/withdrawn' decision, meaning they were not found guilty.

Both cannabis possession and supply offences had a majority of cases that did not result in a guilty verdict. However, cannabis possession had a slightly higher percentage of cases resulting in a 'stayed/withdrawn' decision (57% compared to 55%).

Final Answer: 57% 
"
863,"completed cases involving other types of drugs resulted in guilty decisions more often, what is the percentage of heroin from 2008/2009 to 2011/2012?",[63.0],"Reasoning: The table shows the percentage of guilty decisions for cases involving different types of drugs, both for possession and supply.  The question asks for the percentage of heroin cases that resulted in a guilty verdict, across both possession and supply.

Looking at the table:
- The ""heroin"" row for possession shows a guilty percentage of 67%.
- The ""heroin"" row for supply shows a guilty percentage of 58%.

To find the overall percentage of guilty verdicts for heroin cases, we need to combine these two figures. However, we need to know the number of cases for each category (possession and supply) to calculate the weighted average. This information is not provided in the table.

**Final Answer:** We cannot determine the percentage of guilty verdicts for heroin cases from 2008/2009 to 2011/2012 based on the provided table. The table lacks the necessary information about the number of cases for possession and supply of heroin. 
"
864,"completed cases involving other types of drugs resulted in guilty decisions more often, what is the percentage of cocaine from 2008/2009 to 2011/2012?",[62.0],"The question asks for the percentage of cocaine-related cases that resulted in guilty decisions. 

Looking at the table, we see that for ""completed cases related to drug possession,"" cocaine had 13,870 guilty decisions out of a total of 20,954 cases. 

To find the percentage, we divide the number of guilty decisions by the total number of cases and multiply by 100:

(13,870 / 20,954) * 100 = 66.2% 

**Final Answer: 66.2%** 
"
865,"completed cases involving other types of drugs resulted in guilty decisions more often, what is the percentage of cocaine from 2008/2009 to 2011/2012?",[62.0],"The question asks for the percentage of cocaine-related cases that resulted in a guilty verdict from 2008/2009 to 2011/2012.  

We need to find the ""guilty"" percentage for cocaine under the ""completed drug-related cases"" section.

Looking at the table, the percentage of cocaine cases resulting in a guilty verdict is 62%.

**Final Answer: 62%** 
"
866,what is the percentage of all completed drug-related cases were stayed or withdrawn from 2008/2009 to 2011/2012?,[47.0],"Reasoning: The table provides information on completed drug-related cases in adult criminal court in Canada from 2008/2009 to 2011/2012. We are looking for the percentage of all cases that were stayed or withdrawn.

The total number of completed drug-related cases is 137,182.
The number of cases that were stayed or withdrawn is 65,010.

To calculate the percentage, we divide the number of stayed/withdrawn cases by the total number of cases and multiply by 100:

(65,010 / 137,182) * 100 = 47.3%

Final Answer: 47.3% 
"
867,what is the percentage of cannabis of completed drug-related cases were stayed or withdrawn from 2008/2009 to 2011/2012?,[55.0],"The table shows the results of completed drug-related cases in adult criminal court, categorized by the type of offence, type of drug, and decision (guilty, stayed/withdrawn, acquitted, etc.).  We are interested in the percentage of completed drug-related cases involving cannabis that were stayed or withdrawn.

From the table:

- The total number of completed drug-related cases involving cannabis is 74,806.
- The number of cannabis cases that were stayed or withdrawn is 41,252.

To find the percentage, we divide the number of stayed/withdrawn cases by the total number of cases and multiply by 100:

(41,252 / 74,806) * 100 = 55.1% (rounded to one decimal place)

**Final Answer: 55.1%** 
"
868,what is the percentage of other drugs of completed drug-related cases were stayed or withdrawn from 2008/2009 to 2011/2012?,[38.0],"Reasoning and Answer:

The table shows the results of completed drug-related cases in adult criminal court, broken down by type of offense and type of drug. We are interested in the percentage of ""other drugs"" cases that were ""stayed or withdrawn."" 

Looking at the ""other drugs"" row under ""completed drug-related cases"", we see that the number of cases stayed/withdrawn is 23,758 and the total number of cases is 62,376.  

To find the percentage, we divide the number of stayed/withdrawn cases by the total number of cases and multiply by 100%:

(23,758 / 62,376) * 100% = 38%

Final Answer: 38% 
"
869,"what is the percentage of completed possession cases invoving guilty, the most common outcome from 2008/2009 to 2011/2012?",[51.0],"Reasoning and Answer:

The table shows the percentage of completed drug-related cases by decision, type of offence, and type of drug.  The information is broken down into guilty, stayed/withdrawn, acquitted, other, and total for each offence and drug.  We're looking for the percentage of completed cases related to drug possession that resulted in a ""guilty"" verdict.

The table shows that 47,959 out of 94,085 total completed cases related to drug possession resulted in a guilty verdict. To calculate the percentage, we divide the number of guilty cases by the total number of cases and multiply by 100:

(47,959 / 94,085) * 100 = 51%

Final Answer: 51% 
"
870,"what is the percentage of completed supply cases invoving guilty, the most common outcome from 2008/2009 to 2011/2012?",[53.0],"Reasoning: 
The question asks for the percentage of completed supply cases with a ""guilty"" outcome. 
We need to focus on the ""completed cases related to drug supply"" section of the table. 
The percentage of ""guilty"" outcomes in this section is 53% (found under the ""guilty"" column and ""total completed cases related to drug supply"" row). 

Final Answer: 53% 
"
871,"what is the percentage of completed supply cases invoving stay or withdrawal, the second common outcome from 2008/2009 to 2011/2012?",[45.0],"Reasoning and Answer:
The table displays the results of completed drug-related cases in adult criminal court, by decision, type of offense, and type of drug, in Canada from 2008/2009 to 2011/2012. We need to find the percentage of completed supply cases involving a ""stayed/withdrawn"" decision.

Looking at the ""completed cases related to drug supply"" section:

The total number of completed supply cases is 43,097.
The number of ""stayed/withdrawn"" cases is 19,483.

To find the percentage, divide the number of stayed/withdrawn cases by the total number of supply cases and multiply by 100%:

(19,483 / 43,097) * 100% = 45%

Final Answer: 45% 
"
872,"what is the percentage of completed possession cases invoving stay or withdrawal, the second common outcome from 2008/2009 to 2011/2012?",[48.0],"Reasoning:  The table shows the percentage of completed drug-related cases in adult criminal court by decision, type of offense, and type of drug. We need to find the percentage of stayed/withdrawn cases among all completed cases related to drug possession.

The total percentage of stayed/withdrawn cases among completed cases related to drug possession is 48%.

Final Answer: 48% 
"
873,"broken down by type of drug, what is the percentage of cannabis supply offences with a guilty decision from 2008/2009 to 2011/2012?",[49.0],"Reasoning: We need to locate the row representing ""cannabis"" under ""completed cases related to drug supply"" and identify the percentage associated with the ""guilty"" decision.

From the table:

- The percentage of guilty decisions for cannabis supply offences is 49%.

Final Answer: 49% 
"
874,"broken down by type of drug, what is the percentage of cannabis possession offences with a guilty decision from 2008/2009 to 2011/2012?",[43.0],"Reasoning: The table shows the percentage of completed drug-related cases, broken down by type of offense and drug, and includes the percentage of cases with a ""guilty"" decision. We need to find the percentage of cases with a ""guilty"" decision specifically for cannabis possession offences.

From the table:

The percentage of cannabis possession offences with a guilty decision is 43%.

Final Answer: 43% 
"
875,"broken down by type of drug, what is the percentage of completed cases involving drugs other for supply with a guilty decision from 2008/2009 to 2011/2012?",[56.0],"Reasoning: The table displays drug-related cases by decision type, type of offence, and type of drug. We are asked to find the percentage of completed cases involving ""other drugs"" for supply with a ""guilty"" decision. 

Look at the row for ""completed cases related to drug supply"" and find the cell for ""other drugs"" in the ""Guilty"" column. The percentage value in that cell represents the answer.

Final Answer: 56% 
"
876,"broken down by type of drug, what is the percentage of completed cases involving drugs other for possession with a guilty decision from 2008/2009 to 2011/2012?",[65.0],"Reasoning and Answer:
The table displays the results of completed drug-related cases in adult criminal court, categorized by type of offense, type of drug, and decision. We're specifically looking at the percentage of completed cases involving ""other drugs"" for possession with a guilty decision.

From the table, under the ""Completed cases related to drug possession"" section and ""Other drugs"" row, the ""Guilty"" column shows:
- Number: 22,740
- Percent: 65

This indicates that 65% of completed cases involving possession of other drugs resulted in a guilty decision.

Final Answer: 65% 
"
877,what was the total number of appearances made by joe maloney in his 11-year career?,[289.0],"Reasoning and Answer: The table only provides statistics for various football clubs, including the number of appearances (apps) made by players in different competitions.  It does not contain any information about players' names or individual game data. Therefore, we cannot determine the total number of appearances made by Joe Maloney in his 11-year career based on this table.

Final Answer:  Not enough information provided. 
"
878,"in 2018/2019, how many adults the total of admissions to adult correctional services?",[383369.0],"Reasoning: The table provides data on admissions to adult correctional services in Canada for 2018/2019, broken down by jurisdiction and type of supervision. The question asks for the total number of admissions across all jurisdictions.

Looking at the table, the total number of admissions to adult correctional services across all jurisdictions is found in the last row, ""Total-all jurisdictions,"" under the column ""total"" in the last column. 

Final Answer: 383,369 
"
879,"in 2018/2019,how many adults the total of admissions to provincial/territorial corrections?",[368821.0],"Reasoning:  The table provides data on admissions to adult correctional services in 2018/2019, broken down by jurisdiction and type of supervision. We need to find the total number of admissions to provincial/territorial corrections.

The table has a row for ""total-provinces and territories,"" which represents the total admissions across all provinces and territories. This row includes the total number of custody admissions and the total number of community supervision admissions. 

From the table:
- Total custody admissions for provinces/territories: 226,048
- Total community supervision admissions for provinces/territories: 142,773

Adding these together, we get the total number of admissions to provincial/territorial corrections: 
226,048 + 142,773 = 368,821

Final Answer: 368,821 
"
880,"in 2018/2019, how many the total of admissions to federal corrections?",[14548.0],"The table shows total admissions to adult correctional services in 2018/2019, broken down by jurisdiction and type of supervision. 

We need to find the total number of admissions to federal corrections. 

Looking at the last two rows of the table, we see:

- Total admissions to federal corrections in 2018/2019 is 14,548.

Final Answer: 14,548 
"
881,"overall, how much rates the total number of admissions of total correctional services was down compared to the previous year(2017/2018)?",[6],"Reasoning and Answer:
The table provides the total percent change from 2017/2018 for the total number of admissions to correctional services. 

The total percent change from 2017/2018 for total correctional services is -6%. This means that the total number of admissions was down by 6% compared to the previous year.

Final Answer: 6% 
"
882,what is the percentage of decrease in provincial/territorial admissions to custody and community services from 2017/2018?,[6],"Reasoning and Answer: The table shows the total number of admissions to custody and community services in 2018/2019, along with the percentage change from the previous year (2017/2018).  We need to find the overall percentage change in admissions for provinces and territories.

The table indicates:

* **Provincial/Territorial Custody:**  Total percent change from 2017/2018 is -7% 
* **Provincial/Territorial Community Supervision:** Total percent change from 2017/2018 is -5%

Since we are looking for the overall percentage decrease in admissions for custody and community services combined, we can't simply average these two numbers.  We need more information about the actual number of admissions in each category in 2017/2018 to calculate the combined percentage decrease. 

**Final Answer:**  The table does not provide enough information to answer this question. 
"
883,what is the percentage of federal admissions increased in 2018/2019?,[1.0],"The table provides data on admissions to adult correctional services in 2018/2019, including the total number and percentage change from the previous year (2017/2018).  We need to find the percentage increase in federal admissions for 2018/2019.

From the table:

- Federal admissions total for 2018/2019: 7,558
- Percentage change from 2017/2018: 3% 

A positive percentage change indicates an increase. 

Final Answer: 3% 
"
884,"in 2018/2019, what is the admissions to custody decreased in the provinces and territories?",[7],"Reasoning and Answer:

The table shows the admissions to adult correctional services, broken down by type of supervision and jurisdiction, in 2018/2019.  We're interested in the total admissions to custody for the provinces and territories, and how that number changed from the previous year.

Looking at the row ""total-provinces and territories"", we see that the total number of admissions to custody in 2018/2019 was 226,048. The percent change from 2017/2018 is listed as -7%.

Final Answer: -7% 
"
885,"in 2018/2019,what is the percentage of admissions to community supervision decreased in the provinces and territories?",[5],"Reasoning and Answer:
The table shows the percentage change in admissions to community supervision from 2017/2018 to 2018/2019 for each province and territory, as well as for all jurisdictions combined.

The total percentage change for provinces and territories is -5%. This means there was a 5% decrease in admissions to community supervision in the provinces and territories in 2018/2019 compared to 2017/2018.

Final Answer: 5% 
"
886,"admissions to correctional services overall decreased in 9 of the 13 jurisdictions , what is the percentage of nova scotia recording the decrease from 2017/2018 ?",[18],"Reasoning and Answer: The table shows the total percent change from 2017/2018 for each jurisdiction. We need to find the percentage change for Nova Scotia. 

From the table, we see that the total percent change for Nova Scotia is -18%.

Final Answer: -18% 
"
887,what is the percentage of admissions to correctional services involving nunavut recorded the increase which was driven by a large increase in custody admissions since the previous year?,[32.0],"Reasoning and Answer:

The table shows that Nunavut had a 32% increase in total correctional services admissions from 2017/2018 to 2018/2019. This increase is primarily driven by a 50% increase in custody admissions. 

**Final Answer: 32%** 
"
888,what is the percentage of nunavut of a increase in custody admissions since the previous year?,[50.0],"The table shows the total number of custody admissions and the total percent change from the previous year for each jurisdiction.  We are looking for the percentage change in custody admissions for Nunavut.

The table shows a total percent change in custody admissions for Nunavut of 50%.

**Final Answer: 50%** 
"
889,"at the federal level, what is the percentage of admissions to custody increased in 2018/2019?",[3.0],"The table shows admissions to adult correctional services, by type of supervision and jurisdiction, for 2018/2019.  It indicates the percentage change in admissions from 2017/2018 for custody, community supervision and total correctional services.

At the federal level, the percentage change in admissions to custody from 2017/2018 is 3%.

Final Answer: 3% 
"
890,"at the federal level, what is the percentage of admissions to community supervision decreased in 2018/2019?",[2],"Reasoning and Answer: The table shows the total number of admissions to community supervision at the federal level in 2018/2019 and the total percent change from 2017/2018. The table shows that community supervision admissions at the federal level decreased by 2% in 2018/2019.

Final Answer: 2% 
"
891,what was the total number of deaths attributed to tc in canada from 2012 to 2016?,[850.0],"The table provides the number of deaths from thyroid cancer (TC) for all of Canada. We need to find the number of deaths from 2012 to 2016. However, the table only provides a total death count for the entire period of 1992 to 2016, not for specific sub-periods.

Final Answer: This information is not available in the table. 
"
892,what percentage points did males and people aged 75 or older at diagnosis changed in apc from 1992 to 2016 respectively?,"[1.2, 0.9]","The table shows the annual percent change (APC) in age-standardized mortality rates (ASMRs) for thyroid cancer, broken down by sex and age group, for Canada excluding Quebec.  

* **Males:**  The APC for males from 1992 to 2016 is 1.2%.
* **People aged 75 or older:** The APC for this age group from 1992 to 2016 is 0.9%.

To answer the question, we need to find the difference between these two APCs:

1.2% - 0.9% = 0.3 percentage points

**Final Answer: 0.3 percentage points** 
"
893,which club did beresford play for in 1993-94?,['oldham athletic'],"Reasoning and Answer: The table provides statistics for various clubs, seasons, divisions, and competitions. The question asks for the club Beresford played for in the 1993-94 season. However, the table does not include player names or any information about Beresford. Therefore, we cannot determine which club Beresford played for in 1993-94.

Final Answer: Unable to determine. 
"
894,which club did filby play for in 1981?,['california surf'],"Reasoning and Answer: The table shows the career statistics for a player named Filby, listing the clubs he played for, the seasons he played in, and his goals and appearances in each league and cup competition.  In 1981, the table shows Filby played for the **California Surf** in the North American Soccer League.

Final Answer: California Surf 
"
895,how many games did martavis bryant play in 2018?,[8.0],"Reasoning and Answer: The table shows the regular season statistics for Martavis Bryant, broken down by year and team.  The row for 2018 indicates he played for the Oakland Raiders (OAK) and played 8 games. 

Final Answer: 8 
"
896,how many touchdowns did davante adams get in 2017?,[10.0],"The table shows receiving statistics for a team, not an individual player.  We don't have data for Davante Adams. 

**Final Answer:**  Not available in the provided data. 
"
