index,question,answer,response
0,"among the black canadian-born population aged 25 to 59, which group of people had a higher educational attainment for all countries of ancestry considered, and for both postsecondary diplomas as a whole and university diplomas only? women or men?",['women'],"To determine which gender, among Canadian-born black immigrants aged 25 to 59, had a higher educational attainment for all countries of ancestry considered, we will compare the percentages of those with a postsecondary diploma as a whole and those with only a university degree.

From the table, we can summarize the relevant percentages:

**For non-university or university postsecondary diplomas:**
- Women:
  - Caribbean and Latin America: 78.1%
  - Africa: 79.6%
  - Other regions: 59.8%
  - Jamaica: 75.5%
  - Haiti: 84.5%
  - Trinidad and Tobago: 76.1%
  - Barbados: 79.4%
  - Guyana: 74.8%
  - Saint Vincent and the Grenadines: 76.1%
  - Grenada: 78.0%
  - Ghana: 81.7%
  - Nigeria: 86.4%
  - United States: 63.9%
  - United Kingdom: 71.9%
  - Canada: 56.5%

  Average = (78.1 + 79.6 + 59.8 + 75.5 + 84.5 + 76.1 + 79.4 + 74.8 + 76.1 + 78.0 + 81.7 + 86.4 + 63.9 + 71.9 + 56.5) / 15 = 75.39%

- Men:
  - Caribbean and Latin America: 59.5%
  - Africa: 63.6%
  - Other regions: 46.8%
  - Jamaica: 54.6%
  - Haiti: 65.8%
  - Trinidad and Tobago: 61.4%
  - Barbados: 64.4%
  - Guyana: 57.6%
  - Saint Vincent and the Grenadines: 58.3%
  - Grenada: 62.0%
  - Ghana: 65.7%
  - Nigeria: 75.3%
  - United States: 49.2%
  - United Kingdom: 53.9%
  - Canada: 44.8%

  Average = (59.5 + 63.6 + 46.8 + 54.6 + 65.8 + 61.4 + 64.4 + 57.6 + 58.3 + 62.0 + 65.7 + 75.3 + 49.2 + 53.9 + 44.8) / 15 = 57.86%

**For university degrees only:**
- Women:
  - Caribbean and Latin America: 34.8%
  - Africa: 50.8%
  - Other regions: 19.1%
  - Jamaica: 31.3%
  - Haiti: 37.1%
  - Trinidad and Tobago: 36.5%
  - Barbados: 39.2%
  - Guyana: 32.5%
  - Saint Vincent and the Grenadines: 35.0%
  - Grenada: 34.3%
  - Ghana: 49.8%
  - Nigeria: 63.3%
  - United States: 23.2%
  - United Kingdom: 32.0%
  - Canada: 16.0%

  Average = (34.8 + 50.8 + 19.1 + 31.3 + 37.1 + 36.5 + 39.2 + 32.5 + 35.0 + 34.3 + 49.8 + 63.3 + 23.2 + 32.0 + 16.0) / 15 = 36.92%

- Men:
  - Caribbean and Latin America: 18.4%
  - Africa: 35.3%
  - Other regions: 14.1%
  - Jamaica: 15.8%
  - Haiti: 18.3%
  - Trinidad and Tobago: 20.4%
  - Barbados: 22.8%
  - Guyana: 20.6%
  - Saint Vincent and the Grenadines: 17.5%
  - Grenada: 21.4%
  - Ghana: 31.4%
  - Nigeria: 51.5%
  - United States: 17.7%
  - United Kingdom: 22.1%
  - Canada: 11.8%

  Average = (18.4 + 35.3 + 14.1 + 15.8 + 18.3 + 20.4 + 22.8 + 20.6 + 17.5 + 21.4 + 31.4 + 51.5 + 17.7 + 22.1 + 11.8) / 15 = 21.90%

In conclusion, for both postsecondary diplomas as a whole and university diplomas only:
- The average percentage of women who have a postsecondary diploma is approximately 75.39%, while the percentage for men is approximately 57.86%.
- The average percentage of women with a university degree is approximately 36.92%, while the percentage for men is approximately 21.90%.

Thus, women have a higher educational attainment in both categories across all regions of ancestry considered.

Final Answer: Women"
1,how many percent of university graduates among second-generation black women who originated from jamaica was higher than that of men in 2016?,[15.5],"To answer the question about the percentage of university graduates among second-generation black women and men who originated from Jamaica in 2016, we need to extract the relevant percentages from the table.

From the table regarding Jamaican ancestry:

- For women:
  - The percentage of university degree only is 31.3%.
  
- For men:
  - The percentage of university degree only is 15.8%.

Now we can analyze the question: ""how many percent of university graduates among second-generation black women who originated from Jamaica was higher than that of men in 2016?""

To determine if the percentage of women was higher than that of men, we compare the two:
- Women: 31.3%
- Men: 15.8%

Since 31.3% (women) is greater than 15.8% (men), we can conclude that the percentage of university graduates among second-generation black women from Jamaica is indeed higher than that of men.

Final Answer: Yes, it is higher by 15.5% (31.3% - 15.8%)."
2,"in 2016, which region of ancestry had a higher percentage of second-generation black women with a university degree? second-generation women with other regions of ancestry or women of african ancestry?",['africa'],"To answer the question of which region of ancestry had a higher percentage of second-generation black women with a university degree in 2016, we will look at the relevant percentages provided in the table for ""women"" under ""university degree only"".

From the table:
- For women of African ancestry, the percentage with a university degree is **50.8%**.
- For women of other regions, the percentage with a university degree is **19.1%**.

Now, we can compare these two percentages:
- African ancestry: 50.8%
- Other regions: 19.1%

Clearly, 50.8% is greater than 19.1%. Therefore, women of African ancestry had a higher percentage of second-generation black women with a university degree compared to women of other regions of ancestry.

Final Answer: African Ancestry"
3,how many percent of second-generation women with african ancestry had a university degree in 2016?,[50.8],"To determine the percentage of second-generation women with African ancestry who had a university degree in 2016, we need to focus on the specific data related to women from Africa in the provided table.

From the table:

- For women of African ancestry:
  - The percentage with a university degree only is 50.8%.

Given that we are only interested in the women of African ancestry and their university degree attainment, we can conclude that:

Final Answer: 50.8%"
4,how many percent of second-generation women with caribbean and latin american ancestry had a university degree in 2016?,[34.8],"To determine the percentage of second-generation women with Caribbean and Latin American ancestry who had a university degree in 2016, we look at the relevant data from the table.

From the row for ""Caribbean and Latin America"":

- For women, the percentage with a non-university or university postsecondary diploma is 78.1%.
- The percentage with a university degree only is 34.8%.

Thus, to find the total percentage of women with a university degree (which is ""university degree only""), we refer directly to the designated percentage:

- University degree only: 34.8%.

Thus, the percentage of second-generation women with Caribbean and Latin American ancestry who had a university degree in 2016 is:

Final Answer: 34.8%"
5,how many percent of second-generation women with other regions of ancestry had a university degree in 2016?,[19.1],"To answer the question, we need to focus on the category labeled ""other regions"" for women in the provided table. 

From the data in the table:
- The percentage of women from ""other regions"" who had a university degree only is listed as 19.1%.

This value directly provides us with the information requested in the question regarding second-generation women with other regions of ancestry and their attainment of a university degree.

Thus, the answer to the question is straightforward.

Final Answer: 19.1%"
6,which sedentary time has the largest beta coefficients?,['weekend'],"The table presents the linear regression coefficients (beta) for various behaviors related to screen time, sedentary time, and physical activity. To identify which sedentary time has the largest beta coefficient, we examine the entries under the 'sedentary time' section of the table.

For sedentary time, the beta coefficients are as follows:
- Total sedentary time: 0.124
- Weekday sedentary time: 0.079
- Weekend sedentary time: 0.170

Among these values:
- The beta coefficient for total sedentary time is **0.124**.
- The beta coefficient for weekday sedentary time is **0.079**.
- The beta coefficient for weekend sedentary time is **0.170**.

The largest beta coefficient is for weekend sedentary time, with a beta of **0.170**. 

Thus, the conclusion drawn from the data is that weekend sedentary time exhibits the strongest association as indicated by the highest beta coefficient.

Final Answer: Weekend"
7,how many million dollars did for-profit businesses perform in software r&d in 2016?,[120824.0],"To determine how many million dollars for-profit businesses performed in software R&D in 2016, we must examine the data for that specific year from the table.

The table provides the following breakdown for 2016:

- Total software R&D expenditures for **all industries**: 120,824 million dollars
- Software R&D expenditures for **manufacturing**: 35,984 million dollars
- Software R&D expenditures for **non-manufacturing**: 84,840 million dollars

Since the question specifically asks for the software R&D expenditures of for-profit businesses, we can assume it refers to the total amount accounting for all sectors since they are typically private industry entities.

Adding the two categories together for 2016 gives us:

- Software R&D for manufacturing: 35,984 million dollars
- Software R&D for non-manufacturing: 84,840 million dollars

Total for 2016 = 35,984 + 84,840 = 120,824 million dollars

Thus, for-profit businesses performed 120,824 million dollars in software R&D in 2016.

Final Answer: 120824"
8,how many million dollars did total bussiness r&d perform in domestic business r&d in 2016?,[374685.0],"The table presents data on total domestic business research and development (R&D) expenditures for the years 2006 and 2016. To find the total business R&D expenditures for the year 2016, we locate the relevant value in the table.

According to the table:
- For the year 2016, the total business R&D expenditures for all industries is reported as 374,685 million dollars.

Thus, the total business R&D performed in domestic business R&D in 2016 is 374,685 million dollars.

Final Answer: 374685 million dollars"
9,"over the past 10 years, how many percentage points did software r&d increase annually compound at average growth rate?",[9.6],"To determine the increase in software R&D annually compounded by the average growth rate over the past 10 years, we first need to examine the provided data.

From the context, we have:
- Software R&D expenditures in 2006: 48,299
- Software R&D expenditures in 2016: 120,824

Next, we calculate the average growth rate for software R&D over the 10-year period. The formula for calculating the annual compound growth rate (CAGR) is as follows:

\[
\text{CAGR} = \left( \frac{\text{Ending Value}}{\text{Beginning Value}} \right)^{\frac{1}{n}} - 1
\]

Where:
- Ending Value = 120,824 (2016)
- Beginning Value = 48,299 (2006)
- n = number of years = 10

Plugging in these values:

\[
\text{CAGR} = \left( \frac{120824}{48299} \right)^{\frac{1}{10}} - 1
\]

Calculating the ratio first:

\[
\frac{120824}{48299} \approx 2.501
\]

Now applying this to the CAGR formula:

\[
\text{CAGR} = (2.501)^{0.1} - 1
\]

Using a calculator to find \( (2.501)^{0.1} \):

The result is approximately 1.097. Thus,

\[
\text{CAGR} = 1.097 - 1 \approx 0.097
\]

Converting this to a percentage:

\[
0.097 \times 100 = 9.7\%
\]

The average compound growth rate for software R&D expenditures over the past 10 years, therefore, is approximately 9.7%.

Final Answer: 9.7%"
10,"over the past 10 years, how many percentage points did total business r&d increase annually at compound average growth rate?",[4.2],"To address the question of how many percentage points total business R&D increased annually at the compound average growth rate (CAGR) over the past 10 years (from 2006 to 2016), we will analyze the provided data.

**Understanding the data:**
The table shows total business R&D expenditures for the years 2006 and 2016 across all industries, manufacturing, and non-manufacturing sectors. Specifically:

- In 2006, the total business R&D was 247,669.
- In 2016, the total business R&D was 374,685.

**CAGR Calculation:**
The compound annual growth rate (CAGR) formula is given by: 

\[
\text{CAGR} = \left( \frac{\text{Ending Value}}{\text{Beginning Value}} \right)^{\frac{1}{n}} - 1
\]

Where:
- Ending Value = 374,685
- Beginning Value = 247,669
- n = number of years = 10

Substituting the values into the formula:

\[
\text{CAGR} = \left( \frac{374685}{247669} \right)^{\frac{1}{10}} - 1
\]

Calculating the fraction:

\[
\frac{374685}{247669} \approx 1.5113
\]

Now, take the tenth root of this number:

\[
\text{CAGR} \approx 1.5113^{0.1} - 1
\]

Calculating that will yield:

\[
\text{CAGR} \approx 1.1281 - 1 = 0.1281
\]

Now, to express this as a percentage:

\[
\text{CAGR} \approx 0.1281 \times 100 \approx 12.81\%
\]

**Conclusion:**
Over the past 10 years (2006-2016), total business R&D increased at an annual compound growth rate of approximately 12.81 percentage points.

Final Answer: 12.81%"
11,which club did lodge play for in 1985-86?,['stockport county'],"The provided table lists various football clubs, seasons, divisions, league appearances (apps), goals scored, and totals, including a career total for a player named Lodge. To determine which club Lodge played for during the 1985-86 season, we need to examine the rows under 1985-86 in the relevant divisions.

Upon reviewing the table, we see the following entries for the year 1985-86:

1. **Southport** in the Northern Premier League with statistics for two separate entries. 
2. **Stockport County**, which also has statistics for the fourth division during that season.

To identify where Lodge played, we need to focus on the row that shows a total for the year 1985-86 and confirm it aligns correctly with Lodge’s career totals.

The table shows:
- Lodge was at Southport for both 1985-86 entries, totaling 69 appearances and 5 goals in the Northern Premier League overall.
- There is a separate total for Lodge for the year as well.

Since Lodge has no mention directly associated with Stockport County or any other team in 1985-86, it confirms that the only club he played for in 1985-86 season is **Southport**.

Final Answer: Southport"
12,how many passing yards did ryan tannehill get in 2018?,[1979.0],"The table provides statistics for Ryan Tannehill's NFL performance from 2012 to 2018. Specifically, we need to focus on the data from the year 2018, which states the following for passing yards:

- In 2018, Ryan Tannehill had **1,979 passing yards**.

This is the relevant statistic we are looking for in response to the question about his passing yards in that year.

Final Answer: 1,979"
13,which group of people is least likely to have engaged in health risk behaviours such as binge drinking and drug use in the 12 months preceding the sspps?,['heterosexual'],"To determine which group of people is least likely to have engaged in health risk behaviors such as binge drinking and drug use in the 12 months preceding the SSPS (Substance Use Survey), we need to analyze the percentage of each sexual orientation group that engaged in these behaviors as presented in the table.

### Binge Drinking in the Past 12 Months:
- Heterosexual: 44.1%
- Gay or Lesbian: 52.7%
- Bisexual: 55.3%
- Total Sexual Minority: 53.0%

### Non-Medicinal Cannabis Use in the Past 12 Months:
- Heterosexual: 15.3%
- Gay or Lesbian: 28.5%
- Bisexual: 46.3%
- Total Sexual Minority: 37.0%

### Non-Prescribed Drug Use in the Past 12 Months:
- Heterosexual: 2.6%
- Gay or Lesbian: 6.6%
- Bisexual: 14.0%
- Total Sexual Minority: 10.3%

### Used Drugs or Alcohol to Cope with Abuse or Violence (Lifetime):
- Heterosexual: 10.4%
- Gay or Lesbian: 18.2%
- Bisexual: 29.5%
- Total Sexual Minority: 24.1%

### Used Drugs or Alcohol to Cope with Abuse or Violence (Past 12 Months):
- Heterosexual: 9.7%
- Gay or Lesbian: Not reported (f)
- Bisexual: 31.0%
- Total Sexual Minority: 29.4%

### Summary:
- When comparing the health risk behaviors, the heterosexual group consistently shows lower percentages across binge drinking, non-medicinal cannabis use, and non-prescribed drug use. The percentages for heterosexuals are notably lower than those of gay, lesbian, and bisexual individuals across all behaviors analyzed.
- This indicates that heterosexual individuals are the least likely to have engaged in these health risk behaviors.

Final Answer: Heterosexual"
14,how many percent of heterosexual canadians reported that they had engaged in binge drinking on at least one occasion in the past 12 months?,[44.1],"The question asks for the percentage of heterosexual Canadians who reported engaging in binge drinking at least once in the past 12 months, as presented in the table.

Looking at the table specifically under the ""binge drinking in the past 12 months"" row for heterosexual individuals, we see the corresponding percentage listed.

From the table:

- The percentage of heterosexual Canadians who reported binge drinking in the past 12 months is **44.1%**.

Therefore, the answer to the question, based on the data provided in the table, is:

Final Answer: 44.1%"
15,"how many times of gay or lesbian canadians were more likely as heterosexual canadians to report having used other non-prescribed drugs such as magic mushrooms, cocaine or heroin in the past year?",[2.538462],"To determine how many times gay or lesbian Canadians were more likely than heterosexual Canadians to report having used other non-prescribed drugs in the past year, we will compare the reported percentages for both groups as given in the table.

From the table, we can extract the following information:

- The percentage of heterosexual Canadians who reported non-prescribed drug use in the past 12 months is 2.6%.
- The percentage of gay or lesbian Canadians who reported non-prescribed drug use in the past 12 months is 6.6%.

To find out how many times more likely gay or lesbian Canadians are to use non-prescribed drugs compared to heterosexual Canadians, we perform the following calculation:

\[ 
\text{Ratio} = \frac{\text{Percentage of gay or lesbian}}{\text{Percentage of heterosexual}} = \frac{6.6\%}{2.6\%} 
\]

Calculating this gives:

\[ 
\text{Ratio} = \frac{6.6}{2.6} \approx 2.538 
\]

This means that gay or lesbian Canadians are approximately 2.54 times more likely to report having used other non-prescribed drugs in the past year than heterosexual Canadians.

Final Answer: Approximately 2.54 times"
16,how many percent of bisexual canadians have reported that they have used non-prescribed drugs in the past 12 months?,[14.0],"The table provides various health risk behaviors reported by Canadians, segmented by sexual orientation, including heterosexual, gay or lesbian, bisexual, and a category for sexual orientation not elsewhere classified. Specifically, the question asks about the percentage of bisexual Canadians who reported using non-prescribed drugs in the past 12 months.

From the provided data related to non-prescribed drug use for bisexual individuals, we see:

- Non-prescribed drug use (past 12 months): 14.0% with a 95% confidence interval ranging from 10.3% to 18.8%.

The relevant percentage for bisexual Canadians is clearly stated as 14.0%.

Final Answer: 14.0%"
17,"how many percent of heterosexual canadians who had experienced abuse or violence in their lifetimes, have reported that they had used alcohol or drugs as a coping mechanism for these experiences?",[10.4],"To answer the question regarding how many percent of heterosexual Canadians who had experienced abuse or violence in their lifetimes reported using alcohol or drugs as a coping mechanism, we refer to the relevant row in the provided table.

From the table, we gather the following data:

- The percentage of heterosexual Canadians that reported using drugs or alcohol to cope with abuse or violence that occurred in their lifetime is **10.4%**.

This figure is specifically noted under the ""used drugs or alcohol to cope"" section for heterosexual individuals experiencing lifetime abuse or violence, indicating a measured percentage.

Final Answer: 10.4%"
18,"how many percent of bisexual canadians who had experienced abuse or violence in their lifetimes, have reported that they had used drugs or alcohol to cope with their lifetime experiences of abuse or violence?",[29.5],"To answer the question, let's first extract the relevant data from the provided table regarding the bisexual Canadians who experienced abuse or violence in their lifetimes and reported using drugs or alcohol to cope.

From the table:
- For bisexual individuals, the percentage who used drugs or alcohol to cope with abuse or violence that occurred in a lifetime is 29.5%.

This percentage specifically refers to the experiences of bisexual Canadians in the context described, thus it directly answers the question posed.

Final Answer: 29.5%"
19,"according to brdis, what was the total number of employees at r&d-performing companies in 2015?",[18913.0],"The table presents data on total employment for R&D-performing companies from 2008 to 2015, distinguishing between all companies, micro companies, small companies, medium companies, and large companies. To find the total number of employees at R&D-performing companies in 2015, we look at the row labeled ""all companies"" under the year 2015.

According to the table, the total number of employees at R&D-performing companies in 2015 is 18,913.

Final Answer: 18913"
20,how many million dollars did funding for research and development to universities and colleges increase in 2017?,[29796.0],"To determine how much funding for research and development (R&D) to universities and colleges increased in 2017, we will examine the R&D funding data from the relevant years.

From the table, we can look at the values specifically for R&D in 2016 and 2017:
- In 2016, the funding for R&D was **$27,939 million** (constant FY 2012 dollars).
- In 2017, the funding for R&D was **$27,635 million** (constant FY 2012 dollars).

Now, we calculate the increase in funding for R&D from 2016 to 2017:
To compare the values directly:
1. Increase = R&D funding in 2017 - R&D funding in 2016
2. Increase = **$27,635 million - $27,939 million = -$304 million**

This indicates that instead of an increase, there was actually a decrease in the funding for R&D from universities and colleges. 

Thus, funding did not increase; it represented a decrease of $304 million.

Final Answer: -304 million dollars"
21,"how many percent of the total number of enterprises in canada has increased from 1,028,397 in 2008 to 1,089,136 in 2014?",[5.9],"To find the percentage increase of the total number of enterprises in Canada from 2008 to 2014, we will use the formula for percentage increase:

\[
\text{Percentage Increase} = \left( \frac{\text{New Value} - \text{Old Value}}{\text{Old Value}} \right) \times 100
\]

From the table, we have:
- Old Value (2008 total enterprises) = 1,028,397
- New Value (2014 total enterprises) = 1,089,136

Now we can calculate the difference between the two values:

\[
\text{Difference} = 1,089,136 - 1,028,397 = 60,739
\]

Next, we will calculate the percentage increase:

\[
\text{Percentage Increase} = \left( \frac{60,739}{1,028,397} \right) \times 100
\]

Calculating this gives:

\[
\text{Percentage Increase} \approx \left( 0.0590 \right) \times 100 \approx 5.90\%
\]

Therefore, the total number of enterprises in Canada increased by approximately 5.90% from 2008 to 2014.

Final Answer: 5.90%"
22,which enterprise size class has the highest share of enterprises in 2008 and in 2014?,['between 1 and 4'],"To determine which enterprise size class has the highest share of enterprises in both 2008 and 2014, we will analyze the ""share"" percentages provided in the table.

From the table:

**2008:**
- Between 1 and 4: **64.4%**
- Between 5 and 9: **17.9%**
- Between 10 and 19: **9.5%**
- Between 20 and 49: **5.5%**
- Between 50 and 99: **1.7%**
- Between 100 and 249: **0.7%**
- Between 250 and 499: **0.2%**
- Between 500 and 999: **0.1%**
- 1,000 and above: **0.1%**

**2014:**
- Between 1 and 4: **64.9%**
- Between 5 and 9: **17.2%**
- Between 10 and 19: **9.4%**
- Between 20 and 49: **5.6%**
- Between 50 and 99: **1.7%**
- Between 100 and 249: **0.8%**
- Between 250 and 499: **0.2%**
- Between 500 and 999: **0.1%**
- 1,000 and above: **0.1%**

Comparing the two years:
- The ""Between 1 and 4"" size class has the highest share of 64.4% in 2008 and 64.9% in 2014.

No other size class surpasses these percentages in either year. Therefore, the ""Between 1 and 4"" size class consistently has the highest share of enterprises.

Final Answer: Between 1 and 4"
23,how many receiving yards did rex burkhead get in 2016?,[145.0],"To determine the number of receiving yards that Rex Burkhead accrued in 2016, we will refer to the 2016 row in the provided table data.

From the table, we see that for the year 2016 (where team is indicated as ""cin"" for Cincinnati):

- Games Played (gp): 16
- Games Started (gs): 1
- Receiving Yards (yds): 145

Thus, the total receiving yards for Rex Burkhead in the 2016 regular season is 145.

Final Answer: 145"
24,how many receving yards did braylon get in 2009?,[541.0],"The table provides career statistics for Braylon Edwards across different seasons, including specific data for the year 2009.

Looking specifically at the 2009 season:
- Playing for the Cleveland Browns, he participated in a total of 4 games.
- He had 10 receptions (rec).
- He gained a total of 139 receiving yards (yds) during that season.

Thus, the receiving yards that Braylon achieved in 2009 are clearly listed as 139.

Final Answer: 139"
25,which age group of women has the highest surgical rates?,['50 to 69 years'],"To determine which age group of women has the highest surgical rates based on the provided table, we examine the percentages of tumours with one or more surgical interventions for each age group across various provinces and territories in Canada.

The relevant data from the table is summarized as follows:

- **19 to 49 years**: 
  - Canada: 90.8%
  - Newfoundland and Labrador: 98.4%
  - Prince Edward Island: 97.7%
  - Nova Scotia: 95.0%
  - New Brunswick: 97.6%
  - Ontario: 88.3%
  - Manitoba: 90.9%
  - Saskatchewan: 91.5%
  - Alberta: 92.6%
  - British Columbia: 94.2%
  - Yukon: 83.3%
  
- **50 to 69 years**:
  - Canada: 91.1%
  - Newfoundland and Labrador: 94.3%
  - Prince Edward Island: 94.9%
  - Nova Scotia: 94.4%
  - New Brunswick: 95.3%
  - Ontario: 89.3%
  - Manitoba: 89.0%
  - Saskatchewan: 94.0%
  - Alberta: 91.8%
  - British Columbia: 93.9%

- **70 years and older**:
  - Canada: 84.3%
  - Newfoundland and Labrador: 84.1%
  - Prince Edward Island: 87.6%
  - Nova Scotia: 82.6%
  - New Brunswick: 83.1%
  - Ontario: 82.5%
  - Manitoba: 81.4%
  - Saskatchewan: 86.8%
  - Alberta: 86.9%
  - British Columbia: 88.6%
  
Next, we find the maximum percentages for each age group:
- For **19 to 49 years**, the highest percentage is **98.4%** in Newfoundland and Labrador.
- For **50 to 69 years**, the highest percentage is **95.3%** in New Brunswick.
- For **70 years and older**, the highest percentage is **88.6%** in British Columbia.

By comparing these maximum values, we find that the **19 to 49 years age group** has the highest surgical rate with **98.4%**.

Final Answer: 19 to 49 years"
26,"natural land for pasture is largely found in western canada, what was the percentage of alberta reporting the most amount of natural pasture area in 2011?",[6435825.0],"To answer the question, we need to focus on the data for Alberta regarding the ""natural land for pasture"" in the given table.

From the information presented:
- For Alberta:
  - Hectares of natural land for pasture: 6,435,825
  - Percentage of total land categorized as natural land for pasture: 31.5%

The question specifically asks for the percentage of natural land for pasture that is reported for Alberta. 

Since the table directly gives us this value, we can conclude:

**Final Answer: 31.5%**"
27,"natural land for pasture is largely found in western canada, what was the percentage of manitoba reporting the amount of natural pasture area in 2011?",[1466968.0],"To answer the question regarding the percentage of natural land for pasture in Manitoba, we must first examine the relevant data in the provided table context.

From the table under the ""natural land for pasture"" column for Manitoba, we can see the following information:
- **Hectares of natural land for pasture in Manitoba**: 1,466,968
- **Percentage of natural land for pasture in Manitoba**: 20.1%

Thus, the table directly provides that the percentage of natural land for pasture in Manitoba is 20.1%.

Final Answer: 20.1%"
28,"natural land for pasture is largely found in western canada, what was the percentage of british columbia reporting the amount of natural pasture area in 2011?",[1385359.0],"To determine the percentage of natural land for pasture reported in British Columbia in 2011, we need to examine the relevant row in the provided table.

From the table:
- For British Columbia:
  - Natural land for pasture (hectares) = 1,385,359
  - Total area of agricultural land (hectares) for British Columbia = 2,611,382
  - Percentage of natural land for pasture = 53.1%

Given this data, the percentage of natural land for pasture in British Columbia in 2011 is already stated clearly in the table as 53.1%.

Final Answer: 53.1%"
29,"natural land for pasture is largely found in western canada, what was the percentage of saskatchewan reporting the amount of natural pasture area in 2011?",[4816782.0],"To determine the percentage of natural land for pasture in Saskatchewan, we need to refer to the table provided.

From the table, the relevant information for Saskatchewan is as follows:

- **Natural land for pasture hectares**: 4,816,782
- **Total area of agricultural land hectares**: 24,940,023

Now, we calculate the percentage of natural land for pasture in Saskatchewan:

\[
\text{Percentage of natural land for pasture} = \left( \frac{\text{Natural land for pasture hectares}}{\text{Total area of agricultural land hectares}} \right) \times 100
\]

Substituting in the values:

\[
\text{Percentage of natural land for pasture} = \left( \frac{4,816,782}{24,940,023} \right) \times 100 \approx 19.3\%
\]

The table specifies that the percentage of natural land for pasture in Saskatchewan is reported as 19.3%. This indicates that 19.3% of the agricultural land in Saskatchewan was accounted for as natural land for pasture.

Final Answer: 19.3%"
30,what was the percentage of agricultural land in the atlantic provinces reported as woodlands and wetlands in 2011?,[42.3],"To determine the percentage of agricultural land in the Atlantic provinces reported as woodlands and wetlands in 2011, we can refer to the relevant section of the provided table.

According to the table data for the Atlantic provinces:
- The area of agricultural land is 1,063,343 hectares.
- The area reported as woodlands and wetlands is 450,031 hectares.
- The percentage of agricultural land designated as woodlands and wetlands is 42.3%.

Thus, the percentage of agricultural land in the Atlantic provinces that was reported as woodlands and wetlands in 2011 is clearly indicated as 42.3%.

Final Answer: 42.3%"
31,what was the percentgae of agricultural land in the quebec provinces reported as woodlands and wetlands in 2011?,[31.6],"In the provided table, we are looking for the percentage of agricultural land in the Quebec province that is reported as woodlands and wetlands. 

From the table, we can see the following data for Quebec:

- The area of agricultural land is not directly relevant for calculating the percentage asked.
- The area of woodlands and wetlands is given in hectares as 1,057,417, and its percentage of the total agricultural land is provided as 31.6%.

Since we are specifically interested in this percentage:

**Final Answer: 31.6%**"
32,what was the percentage of agricultural land in the ontario provinces reported as woodlands and wetlands in 2011?,[12.6],"To determine the percentage of agricultural land in the Ontario province reported as woodlands and wetlands in 2011, we can refer to the table which provides data on the area of agricultural land in various categories, including woodlands and wetlands.

From the table:

For Ontario:
- Total area of agricultural land: 5,126,653 hectares
- Area of woodlands and wetlands: 646,578 hectares
- The percentage of woodlands and wetlands: 12.6%

Therefore, out of the total agricultural land in Ontario, 12.6% is designated as woodlands and wetlands.

Final Answer: 12.6%"
33,how many hectares did quebec report the area of woodland and wetland in 2011?,[1057417.0],"The table indicates various agricultural land uses by province, including the area of land categorized as woodlands and wetlands. Specifically for Quebec, the relevant entry states the following for woodlands and wetlands:

- **Hectares of woodlands and wetlands in Quebec:** 1,057,417 hectares.

There is no indication in the table that this data pertains to a year other than 2011, suggesting that this is the reported area for that year.

Final Answer: 1,057,417 hectares"
34,how many hectares did saskatchewan report the area of woodland and wetland in 2011?,[1009381.0],"To determine the area of woodlands and wetlands reported by Saskatchewan in 2011, we can refer to the relevant row in the provided table. 

From the table, we see:

- For Saskatchewan:
  - The area of woodlands and wetlands is listed as 1,009,381 hectares.

Since the question specifies to find the area of woodland and wetland in Saskatchewan, the answer directly comes from the table.

Final Answer: 1,009,381 hectares"
35,how many hectares did alberta report the area of woodland and wetland in 2011?,[893436.0],"The table provides information about agricultural land use by province, specifically showing the hectares and percentages of various land types.

For Alberta, we can find the area of woodlands and wetlands by looking at the relevant row in the table. 

According to the table:

- For Alberta, the hectares of woodlands and wetlands is reported as 893,436 hectares.

Thus, the amount of hectares that Alberta reported for the area of woodlands and wetlands in 2011 is 893,436 hectares.

Final Answer: 893,436 hectares"
36,which age group has the lowest surgical rate?,['70 years and older'],"To determine which age group has the lowest surgical rate for thyroid cancer tumours diagnosed among patients aged 19 or older in Canada (excluding Quebec) from 2010 to 2012, we will examine the provided data from the table.

The surgical rates can be identified by looking at the percentages of tumours that had one or more surgical interventions for each age group:

- **19 to 49 years:** 94.7%
- **50 to 69 years:** 93.3%
- **70 years and older:** 86.1%

Comparing these percentages:
- The age group **19 to 49 years** has a surgical rate of **94.7%**.
- The age group **50 to 69 years** has a surgical rate of **93.3%**.
- The age group **70 years and older** has the lowest surgical rate at **86.1%**.

Based on this analysis, we conclude that the age group with the lowest surgical rate is the one aged **70 years and older**.

Final Answer: 70 years and older"
37,"what is the percentge of new mothers were in the first situation(with pre-birth-year, birth-year, or post-birth-year roe; and received ei in the birth year)in 2012?",[40.6],"To determine the percentage of new mothers who were in the first situation (with pre-birth-year, birth-year, or post-birth-year record of employment (ROE) and received employment insurance (EI) in the birth year) in 2012, we will refer to the relevant row and year in the provided table.

The dataset indicates the following for mothers:

- In 2012, the percentage of mothers who were in the first situation is 40.6%.

No other calculations or data from the table are necessary to answer the question, as the required percentage is explicitly provided.

Final Answer: 40.6%"
38,"what is the percentge of new mothers were in the second situation(with pre-birth-year, birth-year, or post-birth-year roe; and received ei after the birth year)in 2012?",[2.8],"To determine the percentage of new mothers in the specified situation for the year 2012, we can refer to the relevant row in the table that pertains to mothers and the condition stated:

**Situation:** ""with pre-birth-year, birth-year, or post-birth-year roe; and received ei after the child's birth year"".

From the table:
- For mothers in 2012, the percentage is **2.8%**.

Final Answer: 2.8%"
39,"what is the percentage of new mothers took parental leave, according to the roe-based definition in 2012?",[43.4],"To find the percentage of new mothers who took parental leave according to the Record of Employment (ROE)-based definition in 2012, we will refer to the relevant row in the provided table for mothers.

In 2012, the table gives the following percentages for the categories defining the mothers who received EI (Employment Insurance) during the birth year:

- **With pre-birth-year, birth-year, or post-birth-year roe; and received ei in the birth year:** 40.6%
- **With pre-birth-year, birth-year, or post-birth-year roe; and received ei after the child's birth year:** 2.8%
- **No roe for parental leave, received ei, temporary leave:** 6.5%
- **No roe for parental leave, received ei, permanently quit:** 0.9%
- **No roe for parental leave, received ei, other permanent leave:** 2.4%
- **No roe at all, received ei:** 10.5%

To determine the total percentage of new mothers who took parental leave in 2012, we sum the percentages that directly relate to mothers receiving EI linked to their ROE:

1. Mothers with roe receiving EI in the birth year: **40.6%**
2. Mothers with roe receiving EI after the child's birth year: **2.8%**

Now, summing these gives:
**40.6% + 2.8% = 43.4%**

Finally, we see that additional entries, such as ""no roe but received EI,"" would not be counted as different types of parental leave according to the ROE-based definition.

Final Answer: 43.4%"
40,what is the percentage of new mothers who received ei benefits in 2012 were issued an roe for temporary leave other than parental leave?,[6.5],"To answer the question about the percentage of new mothers who received EI benefits in 2012 and were issued a record of employment (ROE) for temporary leave other than parental leave, we must refer to the corresponding data in the provided table.

In 2012, for mothers:
- The percentage for ""no roe for parental leave, received ei, temporary leave"" is 6.5%.

This category explicitly identifies mothers who did not have a record of employment for parental leave but received EI and were temporarily on leave.

Thus, the percentage of new mothers who received EI benefits in 2012 and were issued an ROE for temporary leave other than parental leave is 6.5%.

Final Answer: 6.5%"
41,what is the percentage of new mothers who received ei benefits in 2012 quit the jobs they held before the leave?,[0.9],"To determine the percentage of new mothers who received EI (employment insurance) benefits in 2012 and quit the jobs they held before the leave, we need to focus on the relevant entries in the table for mothers. The options that specifically relate to quitting jobs are those listed as ""no roe for parental leave, received ei, permanently quit"" and ""no roe for parental leave, received ei, other permanent leave"".

From the table, for mothers in 2012:
- The percentage for ""no roe for parental leave, received ei, permanently quit"" is 0.9%.
- The percentage for ""no roe for parental leave, received ei, other permanent leave"" is 2.4%.

Adding these two percentages together gives us the total percentage of mothers who quit their jobs prior to, or during, their parental leave in 2012:

0.9% (permanently quit) + 2.4% (other permanent leave) = 3.3%.

Thus, the percentage of new mothers who received EI benefits in 2012 and quit the jobs they held before the leave is 3.3%.

Final Answer: 3.3%"
42,what is the percentage of new mothers who received ei benefits in 2012 were issued an roe for reasons other than parental leave and did not go back to the same employer?,[2.4],"To determine the percentage of new mothers in 2012 who received Employment Insurance (EI) benefits, were issued a Record of Employment (ROE) for reasons other than parental leave, and did not return to the same employer, we can analyze the relevant data from the table.

From the table, we are looking for data pertaining to mothers for the year 2012, specifically for those who received EI but did not have an ROE for parental leave.

The following categories related to the question can be observed from the table for mothers in 2012:

1. **No ROE for parental leave, received EI, temporary leave**: 6.5%
2. **No ROE for parental leave, received EI, permanently quit**: 0.9%
3. **No ROE for parental leave, received EI, other permanent leave**: 2.4%
4. **No ROE at all, received EI**: 10.5%

We will sum the percentages of all relevant categories (those without a ROE for parental leave):

- Temporary leave: 6.5%
- Permanently quit: 0.9%
- Other permanent leave: 2.4%
- No ROE at all: 10.5%

Calculating the total:

6.5% + 0.9% + 2.4% + 10.5% = 20.3%

Thus, the percentage of new mothers who received EI benefits in 2012 and were issued an ROE for reasons other than parental leave (and did not return to the same employer) is 20.3%.

Final Answer: 20.3%"
43,what is the percentage of new mothers who received ei benefits in 2012 were not issued an roe at all?,[10.5],"To answer the question about the percentage of new mothers who received EI (employment insurance) benefits in 2012 and were not issued a Record of Employment (ROE) at all, we refer to the relevant row and year in the provided table.

From the table, for mothers in 2012, the percentage of those who received EI benefits but did not receive a Record of Employment at all is shown in the row:

| no roe at all, received ei | 10.5 |

Thus, the percentage of new mothers who received EI benefits in 2012 without being issued an ROE at all is **10.5%**.

Final Answer: 10.5%"
44,which club did aladji mansour ba play for in 2017-18?,['kapaz'],"The table provides information about the club career of various players, but specifically mentions clubs and seasons along with the appearance and goal statistics for each season.

Looking at the table, we can see a row for ""kapaz"" in the season 2017-18 under ""azerbaijan premier league."" Aladji Mansour Ba played there during that season. Other entries related to KAC Kenitra do not mention the year 2017-18, confirming that Aladji Mansour Ba's club during that time was indeed Kapaz.

Final Answer: Kapaz"
45,what was the percentage of all farms reported woodlands and wetlands in 2011?,[49.9],"To determine the percentage of all farms that reported having woodlands and wetlands in 2011, we can reference the provided table. 

From the table:

- The total number of farms is **205,730**.
- The number of farms with woodlands and wetlands is **102,744**.

To find the percentage of all farms that have woodlands and wetlands, we apply the formula:

\[
\text{Percentage} = \left( \frac{\text{Number of farms with woodlands and wetlands}}{\text{Total number of farms}} \right) \times 100
\]

Plugging in the numbers we get:

\[
\text{Percentage} = \left( \frac{102,744}{205,730} \right) \times 100 \approx 49.9\%
\]

Thus, the percentage of all farms that reported woodlands and wetlands in 2011 is approximately **49.9%**. 

Final Answer: 49.9%"
46,what is the proportion of people who reported having seen their friends a few times or more a week in 2003?,[56.0],"To determine the proportion of people who reported having seen their friends a few times or more a week in 2003, we look at the ""people who saw their friends a few times or more a week"" row for the year 2003 in the table.

From the data provided in the table:
- The percentage of the total population who saw their friends a few times or more a week in 2003 is 56%.

This percentage applies to all individuals regardless of gender, age group, or province, as it is a total measure.

Final Answer: 56%"
47,what is the proportion of people who reported having seen their friends a few times or more a week in 2013?,[44.0],"To determine the proportion of people who reported having seen their friends a few times or more a week in 2013, we need to look at the relevant section of the table that presents this data. The table summarizes the frequency of social contact with friends across different demographics for the years 2003, 2008, and 2013.

The applicable percentage for 2013 across all groups is as follows:

- Total: 44%
- Men: 44%
- Women: 43%
- Age groups:
  - 15 to 24 years: 73%
  - 25 to 34 years: 45%
  - 35 to 44 years: 38%
  - 45 to 54 years: 36%
  - 55 to 64 years: 35%
  - 65 to 74 years: 36%
  - 75 years and older: 41%
- Provincial breakdown (2013):
  - Newfoundland and Labrador: 57%
  - Prince Edward Island: 51%
  - Nova Scotia: 48%
  - New Brunswick: 51%
  - Quebec: 42%
  - Ontario: 42%
  - Manitoba: 44%
  - Saskatchewan: 47%
  - Alberta: 44%
  - British Columbia: 47%

From this breakdown, we can say that the total percentage of people who reported having seen their friends a few times or more a week in 2013 was 44%.

Final Answer: 44%"
48,how much did the proportion of people who reported having seen their friends a few times or more a week fall from 2003 to 2013?,[12],"The table presents data on the frequency of social contact with friends over the years 2003, 2008, and 2013, specifically focusing on the percentage of people who saw their friends a few times or more a week.

From the data provided, the overall percentages for total people seeing friends a few times or more a week for the years are as follows:
- In 2003: 56%
- In 2008: 48%
- In 2013: 44%

To determine how much the proportion fell from 2003 to 2013, we need to calculate the difference between the percentage in 2003 and the percentage in 2013:

Percentage fall = Percentage in 2003 - Percentage in 2013  
= 56% - 44%  
= 12%

Thus, the proportion of people who reported having seen their friends a few times or more a week fell by 12% from 2003 to 2013.

Final Answer: 12%"
49,how many goals did jack holliday score for brentford in 1934-35?,[25.0],"The career statistics for the player Jack Holliday while he played for Brentford indicate that in the 1934-35 season, he scored a total of 25 goals. This is evident from the row pertaining to the season 1934-35 for Brentford in the provided table.

Final Answer: 25"
50,what was the percentage of admissions to correctional services in the nine reporting jurisdictions made up by aboriginal youth in 2017/2018?,[43.0],"To find the percentage of admissions to correctional services made up by aboriginal youth in the selected jurisdictions during 2017/2018, we focus on the data provided in the ""aboriginal identity"" section of the table.

From the table:
- The number of aboriginal youth admitted is 3,541.
- The total number of youth admissions to correctional services across all jurisdictions is 16,664.

To calculate the percentage of admissions made up by aboriginal youth, we can use the formula:

\[
\text{Percentage} = \left( \frac{\text{Number of Aboriginal Admissions}}{\text{Total Admissions}} \right) \times 100
\]

Substituting the numbers:

\[
\text{Percentage} = \left( \frac{3,541}{16,664} \right) \times 100
\]

Calculating that:

\[
\text{Percentage} \approx 21.2\%
\]

Thus, the percentage of admissions to correctional services in the nine reporting jurisdictions made up by aboriginal youth in 2017/2018 is approximately 21.2%.

Final Answer: 21.2%"
51,what was the percentage of custody admissions made up by aboriginal youth in 2017/2018?,[48.0],"To find the percentage of custody admissions made up by aboriginal youth in 2017/2018, we need to look at the relevant data from the table. 

The table provides information for total custody admissions and breaks down these admissions by aboriginal identity:

- The total number of custody admissions is 7,361 (as mentioned in the total-all jurisdictions row).
- The number of custody admissions for aboriginal youth is 3,541.

Now, we can calculate the percentage of custody admissions that were made up by aboriginal youth using the formula:

\[
\text{Percentage} = \left( \frac{\text{Number of Aboriginal Youth}}{\text{Total Custody Admissions}} \right) \times 100
\]

Substituting the numbers from the table:

\[
\text{Percentage} = \left( \frac{3,541}{7,361} \right) \times 100 \approx 48\%
\]

Thus, the percentage of custody admissions made up by aboriginal youth in 2017/2018 is 48%.

Final Answer: 48%"
52,what was the percentage of community admissions made up by aboriginal youth in 2017/2018?,[39.0],"To determine the percentage of community admissions made up by Aboriginal youth in 2017/2018 from the table, we focus on the ""total community supervision"" section and particularly look for the numbers relevant to Aboriginal youth.

From the table data:

- The number of Aboriginal youth in total community supervision is 3,653.
- The total number of youth in community supervision is 9,303.

To find the percentage of community admissions made up by Aboriginal youth, we will use the following formula:

\[
\text{Percentage} = \left( \frac{\text{Number of Aboriginal youth}}{\text{Total number of youth in community supervision}} \right) \times 100
\]

Substituting the values:

\[
\text{Percentage} = \left( \frac{3,653}{9,303} \right) \times 100 \approx 39.2\%
\]

Therefore, the percentage of community admissions made up by Aboriginal youth in 2017/2018 is approximately 39.2%.

Final Answer: 39.2%"
53,what is the percentage of youth admitted into correctional services were male in 2017/2018?,[76.0],"To determine the percentage of youth admitted into correctional services who were male in 2017/2018, we can analyze the table's data under the sex category.

From the table, we see the following figures for youth admissions categorized by sex:

- Total number of male admissions: 5,625
- Total number of female admissions: 1,732
- Total number of unknown sex admissions: 4

Now, to find the total number of youth admitted into correctional services, we can sum the admissions of males, females, and those with unknown sex:

Total admissions = Male + Female + Unknown sex
Total admissions = 5,625 + 1,732 + 4 = 7,361

Next, we will calculate the percentage of youth that were male:

Percentage of males = (Number of males / Total admissions) * 100
Percentage of males = (5,625 / 7,361) * 100 

Calculating this gives:

Percentage of males = (5,625 / 7,361) * 100 ≈ 76%

Thus, the percentage of youth admitted into correctional services who were male in 2017/2018 is 76%.

Final Answer: 76%"
54,what is the percentage of youth admitted into custody were male in 2017/2018?,[76.0],"To determine the percentage of youth admitted into custody who were male in 2017/2018, we will review the relevant data from the table.

From the context provided:

- The total number of youth in total custody is 7,361, which represents 100% of the admissions to custody.
- The number of male youth admitted into total custody is 5,625.

To calculate the percentage of male youth in total custody, we use the formula:

\[
\text{Percentage of male youth} = \left( \frac{\text{Number of male youth}}{\text{Total number of youth in custody}} \right) \times 100
\]

Substituting the values from the table:

\[
\text{Percentage of male youth} = \left( \frac{5,625}{7,361} \right) \times 100
\]

Calculating that:

\[
\text{Percentage of male youth} = \left( 0.7643 \right) \times 100 \approx 76.43\%
\]

When rounded, this indicates that the percentage of youth admitted into custody who were male is reported as 76%.

Final Answer: 76%"
55,what is the percentage of youth admitted into community supervision were male in 2017/2018?,[76.0],"To determine the percentage of youth admitted into community supervision who were male in 2017/2018, we need to refer to the relevant data presented in the table for community supervision.

From the table, we can find the following information related to community supervision:

- Total community supervision number of males: 7,113
- Total community supervision number of females: 2,169
- Total community supervision: 9,303

Now, we can calculate the percentage of males admitted into community supervision using the following formula:

\[
\text{Percentage of males} = \left(\frac{\text{Number of males}}{\text{Total number in community supervision}}\right) \times 100
\]

Substituting the values:

\[
\text{Percentage of males} = \left(\frac{7,113}{9,303}\right) \times 100 \approx 76\%
\]

Thus, the percentage of youth admitted into community supervision who were male in 2017/2018 is 76%.

Final Answer: 76%"
56,what was the percentage of youth admissions to correctional services in 2017/2018 involved youth aged 16 to 17 years at the time of admission?,[54],"To determine the percentage of youth admissions to correctional services in 2017/2018 that involved youth aged 16 to 17 years, we can refer to the provided table data.

From the table, we have the following percentages for the youth admissions by age:
- For youth aged 16 years: 25%
- For youth aged 17 years: 29%

To find the total percentage of youth admissions that involves youth aged 16 to 17 years, we simply add these two percentages together:

\[ 
25\% + 29\% = 54\% 
\]

Thus, the total percentage of youth admissions to correctional services involving youth aged 16 to 17 years is 54%.

Final Answer: 54%"
57,what was the percentage of youth admitted to custody aged 16 and 17 years old in 2017/2018?,[60],"To answer the question regarding the percentage of youth admitted to custody aged 16 and 17 years old in 2017/2018, we can examine the data provided in the table.

From the table, we have the following relevant data for total custody admissions:

- Youth aged 16 years: 
  - Number admitted: 2,020 
  - Percentage of total custody: 27%
  
- Youth aged 17 years: 
  - Number admitted: 2,397 
  - Percentage of total custody: 33%

Next, we need to calculate the combined percentage of youth aged 16 and 17 years old who were admitted to custody. To do this, we add the individual percentages of these age groups together:

\[ 
\text{Percentage for 16 years} + \text{Percentage for 17 years} = 27\% + 33\% = 60\%
\]

Therefore, the percentage of youth admitted to custody aged 16 and 17 years old in 2017/2018 is 60%.

Final Answer: 60%"
58,what was the percentage of youth admitted to community supervision aged 16 and 17 years old in 2017/2018?,[49],"To find the percentage of youth admitted to community supervision aged 16 and 17 years old in 2017/2018, we need to look at the numbers provided in the relevant rows under the ""total community supervision"" section of the table.

The data for this age group is as follows:
- For 16 years: 
  - Number: 2,066
  - Percent of total: 22%
  
- For 17 years: 
  - Number: 2,480
  - Percent of total: 27%

To find the overall percentage of youth aged 16 and 17 admitted to community supervision, we can add these two percentages together:

22% (for 16 years) + 27% (for 17 years) = 49%.

Thus, the percentage of youth admitted to community supervision who were aged 16 and 17 years old in 2017/2018 is 49%.

Final Answer: 49%"
59,what was the mean absolute revision to the annual growth in nominal gdp between 1981 and 2014?,[0.13],"In the given table, there are several time periods listed along with their respective mean absolute revisions to the growth in annual GDP (both real and nominal). 

From the context provided, the relevant time periods are:

- For 1982 to 1989, the mean absolute revision to the growth in annual GDP is **0.13 percentage points**.
- For 1990 to 1999, the mean absolute revision is **0.08 percentage points**.
- For 2000 to 2009, the mean absolute revision is **0.14 percentage points**.
- For 2010 to 2014, the mean absolute revision is **0.20 percentage points**.
- The average revision for the entire period from 1982 to 2014 is also provided, which is **0.13 percentage points**.

Since the question specifically inquires about the mean absolute revision to the annual growth in nominal GDP between **1981 and 2014**, we recognize that 1981 is not explicitly listed. The closest applicable period is from 1982 onwards. Therefore, we can estimate that the figure from 1982 to 2014 provides an understanding of the overall trend as it encompasses all the years leading up to and including 2014—since GDP revisions would accumulate rather than reduce leading into 1982.

Given that we do not have direct data for 1981, we can summarize the revisions from the earliest available data in the table. 

Thus, the mean absolute revision to the growth in nominal GDP between 1982 and 2014 is **0.13 percentage points**.

Final Answer: 0.13"
60,what was the the mean absolute revision to annual nominal gdp for the period 2010 to 2014?,[0.2],"The table provides data on various metrics related to revisions in annual GDP growth, including the mean absolute revision for annual nominal GDP, among other statistics. 

To answer the question specifically about the mean absolute revision to annual nominal GDP for the period 2010 to 2014, we can refer to the corresponding data from the table.

From the row for the time period 2010 to 2014, we see the following relevant information:

- The mean absolute revision to the growth in annual GDP is listed as 0.20 percentage points.

Since the question is asking for the mean absolute revision to annual nominal GDP, and this value directly corresponds to the provided information in the table, we can conclude that the mean absolute revision to annual nominal GDP for that period is 0.20 percentage points.

Final Answer: 0.20"
61,what was the mean absolute revision to the annual growth in real gdp between 1981 and 2014?,[0.11],"To determine the mean absolute revision to the annual growth in real GDP between 1981 and 2014, we need to examine the relevant data in the context table. 

The time period that fits our request is 1982 to 2014, since data from 1981 directly isn't available, but we instead use the 1982-2014 data as a representative point since it includes all subsequent years after 1981.

From the table, for the period 1982 to 2014:
- The mean absolute revision to the growth in annual real GDP is stated to be 0.11 percentage points.

There are no other relevant revisions available in the column headers that extend beyond the stated periods. Therefore, the mean absolute revision for the specified time span (1981-2014) can be derived from the closest range, which is 1982 to 2014. 

Thus, based on the table, the answer to the question is:

Final Answer: 0.11"
62,what was the annual real growth over the 1981 to 2013 period was in alberta?,[3.13],"To answer the question regarding the annual real growth over the 1981 to 2013 period in Alberta, we refer to the ""revised estimate of the average growth in real gross domestic product"" for the province of Alberta as presented in the table.

From the table:
- Alberta has a revised estimate of the average growth in real gross domestic product of **3.13 percent**.

Therefore, the annual real growth rate in Alberta over the specified period from 1981 to 2013 is **3.13 percent**.

Final Answer: 3.13 percent"
63,what was the percentage of french-speaking people in canada in 2011?,[22.9],"To find the percentage of French-speaking people in Canada in 2011, we will refer to the relevant section of the provided table under the Canada region.

From the table, for Canada in 2011:
- The percentage of French-speaking people is noted as 22.9%.

This value represents the percentage of the total population that speaks French as their first official language in Canada.

Final Answer: 22.9%"
64,what is the low boundary of percentage of french-speaking people in canada is projected to be in 2036 ?,[20.2],"To determine the low boundary percentage of French-speaking people in Canada projected to be in 2036, we analyze the relevant row from the table that lists the percentages for different languages spoken across various regions in Canada.

From the table:

- For Canada (in the row titled ""canada""), the percentage of French-speaking individuals in 2036 (under ""low immigration"") is 20.9%. 
- Furthermore, we note that the French-speaking percentage listed under ""reference"" for the same region in 2036 is 20.4%.

Given that the question specifically asks for the low boundary (""low immigration"" scenario), we refer directly to the percentage under the ""low immigration"" scenario.

The value for French-speaking individuals in Canada projected for 2036 under low immigration is 20.9%.

Final Answer: 20.9%"
65,what is the high boundary of percentage of french-speaking people in canada is projected to be in 2036 ?,[20.9],"To determine the high boundary of the percentage of French-speaking people in Canada projected for 2036, we will consult the provided table data.

From the table under the ""Canada"" section, the percentage of French speakers is as follows:
- In 2011: 22.9%
- In 2036: 20.4%

For the high immigration scenario, the percentage of French speakers in 2036 is projected to be 20.9%.

Thus, the high boundary of the percentage of French-speaking people in Canada projected for 2036 is 20.9%.

Final Answer: 20.9%"
66,what was the percentage of french-speaking people in quebec in 2011?,[85.4],"In the table provided, we are looking for the percentage of French-speaking people in Quebec for the year 2011. 

From the relevant section of the table, we note the following data for Quebec:
- French: 85.4%
- English: 13.6%
- Neither English nor French: 0.9%

Given that the total population percentage sums to 100%, the percentage of French-speaking people is clearly provided in the table.

Therefore, in 2011, the percentage of French-speaking people in Quebec was 85.4%.

Final Answer: 85.4%"
67,what is the low boundary of percentage of french-speaking people in quebec is projected to be in 2036 ?,[82.0],"To answer the question regarding the low boundary of the percentage of French-speaking people in Quebec projected for 2036, we need to examine the relevant data from the provided table.

From the table, we see the following data specifically for Quebec:
- **French (2011)**: 85.4%
- **French (2036)**: 82.4%

Additionally, within the 2036 projections, there is a specific mention of a ""low immigration"" scenario, which indicates various percentage compositions under different circumstances. For French in Quebec under the low immigration scenario, the percentage is projected to be:
- **French (Low Immigration, 2036)**: 83.0%.

From this information, we conclude that the lowest projected boundary for the percentage of French-speaking individuals in Quebec for the year 2036, considering the low immigration scenario, is 82.4% (the general projection) and 83.0% (specifically for low immigration).

Thus, the correct response to the question regarding the low boundary projection for French-speaking individuals in Quebec is:

Final Answer: 83.0%"
68,what is the high boundary of percentage of french-speaking people in quebec is projected to be in 2036 ?,[83.0],"To answer the question, we will look at the table data for Quebec and specifically focus on the percentage of the population that speaks French in the year 2036.

From the table, under the Quebec section for the year 2036, the following percentages are provided:

- French: 82.4%
- English: 16.9%
- Neither English nor French: 0.7%

The question asks for the ""high boundary"" of the percentage of French-speaking people. Assuming the phrasing means the highest percentage directly listed for the French language, the relevant figure is:

- The percentage of French speakers in Quebec projected for 2036 is 82.4%.

No other categories or estimates present a higher percentage than this specific figure.

Final Answer: 82.4%"
69,what was the percentage of french-speaking people outside quebec in 2011?,[3.9],"To determine the percentage of French-speaking people outside Quebec in 2011, we will look at the relevant section of the table under ""canada outside quebec"" for the year 2011.

From the table, the data is as follows:
- For Canada outside Quebec in 2011, the percentage of French-speaking individuals is 3.9%.

Thus, the percentage of French-speaking people outside Quebec in 2011 is 3.9%.

Final Answer: 3.9%"
70,what is the percentage of rc-prs from the 1999 cohort collected social assistance one year after initiating their claim?,[73.8],"To determine the percentage of refugee claimants who became permanent residents (rc-prs) from the 1999 cohort that collected social assistance one year after initiating their claim, we need to refer to the appropriate section of the table.

Looking at the row corresponding to the 1999 cohort of ""refugee claimants-permanent residents,"" we see the following percentage values for the first year (1 year since landing or filing a refugee claim):

- 1999: **73.8%**

Thus, the percentage of rc-prs from the 1999 cohort who collected social assistance one year after initiating their claim is **73.8%**.

Final Answer: 73.8%"
71,what is the percentage of rc-prs from the 1999 cohort reported receiving social assistance after six years?,[20.5],"To determine the percentage of refugee claimants who became permanent residents (RC-PR) from the 1999 cohort receiving social assistance after six years, we look at the relevant data in the provided table.

From the table under the section for ""refugee claimants-permanent residents"":

- **1999** cohort after **6 years** shows a percentage of **20.5%**.

This indicates that 20.5% of the refugee claimants who were granted permanent residency in 1999 reported receiving social assistance income after a period of six years.

Final Answer: 20.5%"
72,what is the percentage of rc-prs from the 2010 cohort registered social assistance one years after their initial claim?,[71.1],"To answer the question regarding the percentage of refugee claimants who became permanent residents (rc-prs) from the 2010 cohort registered for social assistance one year after their initial claim, we will analyze the relevant information from the table.

From the **2010 cohort** for **refugee claimants-permanent residents**, the percentage receiving social assistance after **1 year** is given as follows:

- **2010, 1 year**: 71.1%

Therefore, the answer to the question is that 71.1% of the 2010 cohort of refugee claimants who became permanent residents were receiving social assistance income one year after their initial claim.

Final Answer: 71.1%"
73,what is the percentage of gars who landed in 1999 reported to have social assistance income one year later?,[90.8],"To answer the question about the percentage of government-assisted refugees (GARs) who landed in 1999 and reported to have social assistance income one year later, we can refer to the section of the table dedicated to government-assisted refugees.

Looking at the row for government-assisted refugees who landed in 1999:

- The percentage of GARs who reported receiving social assistance income one year after landing (1 year since landing) is given as **90.8%**.

Thus, for GARs who landed in 1999, the percentage who reported social assistance income one year later is clearly stated.

Final Answer: 90.8%"
74,what is the percentage of gars from the 1999 cohort reported to have social assistance income six years after landing?,[22.2],"To find the percentage of government-assisted refugees (gars) from the 1999 cohort who reported social assistance income six years after landing, we refer specifically to the relevant portion of the table.

From the table, looking under the section for ""government-assisted refugees"" and the row for ""1999"", we locate the percentage for ""6 years"":

- For the year 1999, the percentage of government-assisted refugees receiving social assistance income after 6 years is **22.2%**.

Thus, the answer to the question is that 22.2% of the government-assisted refugees from the 1999 cohort reported social assistance income six years after landing.

Final Answer: 22.2%"
75,what is the percentage of gars from the 2010 cohort reported to have social assistance income one years after landing?,[96.7],"To find the percentage of government-assisted refugees (gars) from the 2010 cohort reported to have social assistance income one year after landing, we will refer to the appropriate section in the table corresponding to ""government-assisted refugees"" and the year 2010.

From the table:
- For government-assisted refugees in the year 2010, the percentage receiving social assistance income one year after landing is **96.7%**.

Therefore, the answer to the question is:

Final Answer: 96.7%"
76,what is the percentage of gars from the 2010 cohort reported to have social assistance income six years after landing?,[48.4],"To answer the question about the percentage of government-assisted refugees (gars) from the 2010 cohort reported to have social assistance income six years after landing, we will refer to the appropriate data in the table.

From the provided table, we locate the row for ""government-assisted refugees"" and find the relevant data for the year 2010 under the column that lists the percentage of individuals receiving social assistance income six years after landing.

Looking at the data for 2010, we find the number under the “6” column:

- For government-assisted refugees in 2010, the percentage receiving social assistance income six years after landing is **48.4%**.

So, the answer to the question is:

Final Answer: 48.4%"
77,"from the 1999 cohort to the 2010 cohort,how many percentage points of rc-prs who received social assistance income six years after making their initial claim have declined?",[0.7],"To determine the decline in the percentage of refugee claimants who became permanent residents (RC-PRs) and received social assistance income six years after making their initial claim from 1999 to 2010, we will focus on the values in the last column of the relevant section of the table.

From the table:

- In 1999, the percentage of RC-PRs receiving social assistance income after six years was **22.2%**.
- In 2010, the percentage of RC-PRs receiving social assistance income after six years was **19.8%**.

To find the decline, we subtract the percentage in 2010 from the percentage in 1999:

22.2% - 19.8% = 2.4%

Thus, the percentage points of RC-PRs who received social assistance income after six years have declined by **2.4 percentage points** from the 1999 cohort to the 2010 cohort.

Final Answer: 2.4"
78,what is the margin point of gars who received social assistance income six years after landing between the 1999 and 2010 cohorts?,[26.2],"To determine the margin point of the percentage of groups who received social assistance income six years after landing between the 1999 and 2010 cohorts, we need to extract the relevant data from the table for the specified years and cohorts.

From the table for each specified group and the year 2010:
1. **Refugee claimants-permanent residents (2010)**: 19.8%
2. **Government-assisted refugees (2010)**: 48.4%
3. **Privately sponsored refugees (2010)**: 21.2%
4. **Refugee claimants-non-permanent residents (2010)**: 21.0%

Now let's look at the corresponding percentages for the year 1999:
1. **Refugee claimants-permanent residents (1999)**: 73.8%
2. **Government-assisted refugees (1999)**: 22.2%
3. **Privately sponsored refugees (1999)**: 19.0%
4. **Refugee claimants-non-permanent residents (1999)**: 18.2%

Next, we can calculate the margin point for each group by subtracting the 2010 percentage from the 1999 percentage:

1. **Refugee claimants-permanent residents**: 
   \(73.8\% - 19.8\% = 54.0\%\)

2. **Government-assisted refugees**: 
   \(90.8\% - 48.4\% = 42.4\%\)

3. **Privately sponsored refugees**: 
   \(24.5\% - 21.2\% = 3.3\%\)

4. **Refugee claimants-non-permanent residents**: 
   \(74.0\% - 21.0\% = 53.0\%\)

Now, let's summarize these differences:

- **Refugee claimants-permanent residents**: 54.0%
- **Government-assisted refugees**: 42.4%
- **Privately sponsored refugees**: 3.3%
- **Refugee claimants-non-permanent residents**: 53.0%

The margin points show how much lower the percentages for 2010 are compared to 1999 in terms of social assistance income.

Therefore, the margin points are based on the four cohorts:

Final Answer: [54.0%, 42.4%, 3.3%, 53.0%]"
79,which club did luke rodgers play for in 2012?,['lillestrøm sk'],"To determine the club that Luke Rodgers played for in 2012 based on the provided table context, we will search for the entries corresponding to the year 2012.

Reviewing the entries in the table:

- In the 2012 section, we find:
  - **Lillestrøm SK**: 2012, Tippeligaen, 7 apps, 1 goal.

This entry indicates that Luke Rodgers played for Lillestrøm SK in 2012.

Therefore, the final answer is:

Final Answer: Lillestrøm SK"
80,how many rushing yards did matt asiata get in 2008?,[707.0],"The table provides comprehensive statistics for Matt Asiata's performance over various years in rushing, receiving, and passing categories. To focus only on the rushing yards for the year 2008, we can directly refer to the relevant data under the rushing column for that year.

According to the table:
- In 2008, Matt Asiata had **707 rushing yards**.

Thus, the answer to the question is straightforward from the statistics shown.

Final Answer: 707"
81,what is the percentage of canadians aged 15 to 19 volunteering their time in 2013?,[66.0],"The table provides information on the volunteer rates by various characteristics, including age groups for the years 2013, 2010, 2007, and 2004. We need to focus specifically on Canadians aged 15 to 19 volunteering their time in 2013.

From the table, the volunteer rate for the age group **15 to 19 years** in **2013** is:

- **15 to 19 years: 66%**

Thus, the percentage of Canadians aged 15 to 19 who volunteered their time in 2013 is 66%.

Final Answer: 66%"
82,which age group is the lowest rate of volunteering recorded among in 2013?,['75 years and older'],"To determine which age group had the lowest rate of volunteering recorded in 2013, we can look at the ""age group"" section of the provided table specifically for the year 2013.

The volunteer rates for different age groups in 2013 are as follows:

- 15 to 19 years: 66%
- 20 to 24 years: 42%
- 25 to 34 years: 42%
- 35 to 44 years: 48%
- 45 to 54 years: 45%
- 55 to 64 years: 41%
- 65 to 74 years: 38%
- 75 years and older: 27%

From this data, the lowest recorded volunteer rate is among the age group ""75 years and older,"" with a rate of 27%.

Final Answer: 75 years and older"
83,what is the percentage of canadians with a school-aged child in the household volunteering their time in 2013?,[59.0],"To determine the percentage of Canadians with a school-aged child in the household who volunteered their time in 2013, we need to refer to the relevant row in the provided table that corresponds to this demographic.

Looking at the table, under the section for ""presence of children in the household,"" specifically for ""school-aged children only,"" it states the following:

- The volunteer rate in 2013 for those with school-aged children only is **59%**.

Thus, the answer to the question is clear. 

Final Answer: 59%"
84,what is the percentage of canadians with both preschool and school-aged children in the household volunteering their time in 2013?,[52.0],"To determine the percentage of Canadians with both preschool and school-aged children in the household who volunteered their time in 2013, we refer to the relevant section of the table.

From the table, the specific data for the category ""both pre-school and school-aged children"" in the ""volunteer rate"" column for the year 2013 is:
- Percentage: 52%

Thus, the percentage of Canadians with both preschool and school-aged children in the household who volunteered their time in 2013 is 52%.

Final Answer: 52%"
85,what is the volunteer rate for those without children in 2013?,[38.0],"To determine the volunteer rate for individuals without children in 2013, we refer to the row in the table labeled ""presence of children in the household"" and look specifically for the ""no child"" category under the year 2013.

From the table:
- The volunteer rate for those with ""no child"" in 2013 is noted as 38%.

Thus, the answer to the question is:

Final Answer: 38%"
86,which kind of household income of volunteers dedicate the fewest number of hours?,"['$120,000 and over']","To determine which kind of household income category dedicates the fewest number of hours to volunteering, we need to examine the ""mean number of hours"" column in the table for each income group.

The mean number of volunteer hours per household income category is as follows:

- Less than $20,000: 182 hours
- $20,000 to $39,999: 172 hours
- $40,000 to $59,999: 165 hours
- $60,000 to $79,999: 179 hours
- $80,000 to $99,999: 148 hours
- $100,000 to $119,999: 171 hours
- $120,000 and over: 130 hours

Now, we can identify which income group has the lowest mean number of volunteer hours:

- The mean hours for the income group ""less than $20,000"" is 182 hours, which is the highest.
- The income group ""$20,000 to $39,999"" has 172 hours.
- The income group ""$40,000 to $59,999"" has 165 hours.
- The income group ""$60,000 to $79,999"" has 179 hours.
- The income group ""$80,000 to $99,999"" has 148 hours.
- The income group ""$100,000 to $119,999"" has 171 hours.
- Finally, the income group ""$120,000 and over"" has the lowest mean with 130 hours.

Thus, the household income category that dedicates the fewest number of hours to volunteering is ""$120,000 and over"".

Final Answer: $120,000 and over"
87,"how many hours do the volunteers with a household income of $120,000 or more contribute over the course of a year?",[130.0],"The context provided is a table displaying the volunteer rate and average number of volunteer hours grouped by household income. To answer the question about how many hours volunteers with a household income of $120,000 or more contribute over the course of a year, we can refer to the corresponding value in the table.

Specifically, the table indicates:

- For the category of ""household income $120,000 and over,"" the average number of mean hours volunteered annually is 130 hours.

This indicates that individuals in this income bracket contribute a total of 130 hours per year to volunteering.

Final Answer: 130"
88,"how many hours do the volunteers with a household income of less than $20,000 contribute over the course of a year?",[182.0],"To determine how many hours volunteers with a household income of less than $20,000 contribute over the course of a year, we can refer to the relevant row in the provided table. 

According to the table:

- For households earning ""less than $20,000"":
  - The mean number of hours contributed annually is **182 hours**.

Since this is a direct piece of information from the table without any other factors to consider, we can conclude that the annual contribution of volunteers in this income bracket is simply 182 hours.

Final Answer: 182 hours"
89,"what is the percentage of volunteers organizing, supervising or coordinating events in 2013?",[46.0],"The table provides data on different types of volunteer activities and the percentage of volunteers involved in each activity for the years 2013, 2010, 2007, and 2004. The question specifically asks about the percentage of volunteers who were involved in organizing events in 2013.

From the table:
- The percentage of volunteers organizing events in 2013 is 46%.

This value directly answers the question regarding the specific activity of organizing events.

Final Answer: 46"
90,what is the percentage of volunteers helping with fundraising in 2013?,[45.0],"The table provides participation rates by type of volunteer activities, specifically showing the percentage of volunteers engaged in various activities for the years 2013, 2010, 2007, and 2004. 

For fundraising, the table indicates the following participation rates:
- In 2013: 45%
- In 2010: 45%
- In 2007: 44%
- In 2004: 46%

From this information, we can see that in 2013, 45% of volunteers were involved in fundraising activities.

Final Answer: 45%"
91,what is the percentage of volunteers sitting on a committee or board in 2004?,[36.0],"The table provides information on the participation rate of volunteers by type of activities over several years, allowing us to compare volunteer engagement across different activities.

To find the percentage of volunteers sitting on a committee or board in 2004, we can look directly in the corresponding row for that activity in the 2004 column.

From the table, the values for sitting on a committee or board are as follows:
- 2013: 33%
- 2010: 33%
- 2007: 33%
- 2004: 36%

Thus, the percentage of volunteers sitting on a committee or board in 2004 is 36%.

Final Answer: 36%"
92,what is the percentage of volunteers sitting on a committee or board in 2013?,[33.0],"The table presents the participation rates of volunteers in various types of activities over several years, specifically highlighting the percentage of volunteers for each activity in the years 2013, 2010, 2007, and 2004. 

To answer the question about the percentage of volunteers sitting on a committee or board in 2013, we can directly reference the data from the row labeled ""sitting on a committee or board"" under the column for the year 2013. 

From the table:

- The percentage of volunteers sitting on a committee or board in 2013 is 33%.

This figure indicates the level of engagement among volunteers in this particular activity for that year.

Final Answer: 33%"
93,"in which year is the prevalence of sitting on a committee or board less , 2004 or 2013?",['2013'],"To determine in which year the prevalence of sitting on a committee or board is less, we will compare the values from the table for the years 2004 and 2013.

From the table, the percentage of volunteers sitting on a committee or board is:
- In 2013: 33%
- In 2004: 36%

By examining these values, we can conclude that in 2013, the percentage of volunteers involved in sitting on a committee or board (33%) is less than in 2004 (36%).

Final Answer: 2013"
94,"which group of decedents were less likely to experience continuous employment, made less in employment income, and were more likely to be reliant on social assistance, those who had contact with police in 24 months prior to death or those who had no contact with police in 24 months prior to death?",['at least one contact with police in 24 months prior to death'],"The table provides insights into various socio-economic characteristics of decedents based on their police contact in the 24 months prior to death. We can analyze the key aspects of employment and social assistance from the given data to conclude which group was less likely to experience continuous employment, made less in employment income, and were more reliant on social assistance.

1. **Years Employed in the 5 Years Prior to Death:**
   - For those with **no police contact**, the distribution of employment is:
     - None: 34%
     - One to four years: 37%
     - All five years: 29%
   - For those with **at least one contact with police**, the distribution is:
     - None: 34%
     - One to four years: 47%
     - All five years: 20%

   From this, we note that those who have had police contact have a higher percentage (47%) in the ""one to four years"" category and a lower percentage (20%) in the ""all five years"" category compared to those with no police contact (37% and 29% respectively). This suggests that a greater proportion of those with police contact were not continuously employed compared to those with no contact.

2. **Income from Last Year Employed:**
   - Those with **no police contact** had a higher mean income of **$25,207** compared to **$15,325** for those with at least one contact with police. This indicates that those with police contact made significantly less in employment income.

3. **Social Assistance:**
   - For the years receiving social assistance:
     - Those with **no police contact**: 45% received none, 25% received social assistance for one to four years, and 30% for all five years.
     - Those with **at least one police contact**: 32% received none, 34% received for one to four years, and 34% for all five years.

   The results suggest that while 45% of those with no police contact received no social assistance, a larger percentage (34%) of those who had contact with police received social assistance for one to four years or all five years combined. This indicates a greater reliance on social assistance among those who had police contact.

**Conclusion:**
Based on the analysis:
- The group of decedents who had **at least one contact with police in 24 months prior to death** were less likely to experience continuous employment (due to a higher percentage reporting limited employment experience).
- They made significantly less in employment income ($15,325) compared to the group with no police contact ($25,207).
- They were more reliant on social assistance (higher percentages receiving social assistance).

Final Answer: Those who had contact with police in 24 months prior to death."
95,"among decedents who had contact with police in 24 months prior to deaths, what is the percentage of those who were employed in each of the 5 years prior to their fatal overdose?",[20.0],"The table provides data regarding socio-economic characteristics of decedents in the context of police contact prior to death. We need to find the percentages of decedents who had contact with police in the 24 months prior to their deaths and their employment status over the last five years.

The relevant data extracted from the table concerning employment in the 5 years prior to death is shown under the column for ""at least one contact with police in 24 months prior to death"":

- None (years employed): 34%
- One to four years: 47%
- All five years: 20%

We are specifically interested in those who had any police contact, so we will summarize the findings corresponding to those categories.

1. The percentage of decedents with no employment in the last five years is **34%**.
2. The percentage of decedents employed for one to four years is **47%**.
3. The percentage of decedents employed for all five years is **20%**.

Thus, among decedents who had contact with police in the 24 months prior to death, the percentages of those employed in each of the last five years can be summarized as follows:

- **No employment**: 34%
- **Employed one to four years**: 47%
- **Employed all five years**: 20%

Final Answer: [34%, 47%, 20%]"
96,"among decedents who had did not contact with police in 24 months prior to deaths, what is the percentage of those who were employed in each of the 5 years prior to their fatal overdose?",[29.0],"To respond to the question, we need to extract specific information from the provided table related to decedents who had no police contact in the 24 months prior to their deaths. 

The relevant data from the table concerning employment in the five years prior to death, specifically for those who had no police contact, is as follows:

- None: 34%
- One to four years: 37%
- All five years: 29%

This means:
- 34% of decedents had no employment in the 5 years leading up to their deaths.
- 37% had employment for one to four years during that period.
- 29% were employed for all five years prior to their deaths.

Thus, we can summarize that:
- 34% had no employment,
- 37% had sporadic employment (one to four years),
- 29% had full employment (all five years).

The question asks for the percentage of these decedents in each employment category prior to their fatal overdose. Since the percentages provided for those with no police contact sum up to 100%, it indicates how the employment statuses are distributed among those who did not have police contact in the specified period.

Final Answer: [34%, 37%, 29%]"
97,"which group of decedents earned less in the 2 years preceding their overdose death, those who had contact with the police or those who did not have contact with police?",['at least one contact with police in 24 months prior to death'],"The table presents data on socio-economic characteristics concerning individuals prior to their death, particularly focusing on their police contact status in relation to their income during the two years preceding their death.

To determine which group of decedents earned less, we will compare the mean income for both groups:

1. **No police contact in 24 months prior to death**:
   - Mean total income for last year employed: $25,207

2. **At least one contact with police in 24 months prior to death**:
   - Mean total income for last year employed: $15,325

From this data:
- Decedents who had **no police contact** earned a mean income of **$25,207**.
- Decedents who had **at least one contact** with the police earned a mean income of **$15,325**.

Clearly, the group that had contact with police earned significantly less than those who did not have such contact.

Final Answer: Those who had contact with police"
98,what is the mean total income of decedents who had contact with police for the last year they were employed?,[15325.0],"To answer the question regarding the mean total income of decedents who had contact with police for the last year they were employed, we need to examine the section of the table that lists the mean total income for the last year employed, specifically focusing on those who had at least one contact with police in the 24 months prior to death.

From the context of the table, the relevant row is:

- Total income for last year employed - mean (for those with contact with police): 15,325

This value directly provides the mean total income for decedents who had contact with police during the specified timeframe.

Thus, the mean total income of decedents who had contact with police for the last year they were employed is 15,325 dollars.

Final Answer: 15,325"
99,what is the mean total income of decedents who did not have contact with police for the last year they were employed?,[25207.0],"The table provides information on various socio-economic characteristics and their associations with police contact prior to death. Specifically, we are interested in the ""mean total income for last year employed"" for decedents who did not have any police contact in the 24 months prior to death.

From the table, we can see that:

- The mean total income for the last year employed for decedents with **no police contact** is **$25,207**.

This is the direct and only figure provided in the relevant column regarding mean total income for that specific group.

Final Answer: 25,207"
100,"which one has been growing more rapidly during these three years, the production of dried cannabis or the sales?",['production'],"To determine which has been growing more rapidly between the production and sales of dried cannabis from 2015 to 2017, we will calculate the growth rate for each year and then analyze the overall change over the three years. 

**Production:**
- 2015 to 2016: 
  - Growth = (35,912 - 9,659) / 9,659 * 100 = 271.78%
- 2016 to 2017: 
  - Growth = (80,535 - 35,912) / 35,912 * 100 = 123.96%
  
**Sales:**
- 2015 to 2016: 
  - Growth = (26,716 - 8,446) / 8,446 * 100 = 215.90%
- 2016 to 2017: 
  - Growth = (46,186 - 26,716) / 26,716 * 100 = 72.82%

Now, we will average the growth percentages over the two-year periods:

**Average Growth Rate:**
- **Production:**
  - Average Growth = (271.78% + 123.96%) / 2 = 197.87%
  
- **Sales:**
  - Average Growth = (215.90% + 72.82%) / 2 = 144.36%

Now we can see that the average growth rate for production (197.87%) is higher than for sales (144.36%). 

Thus, it is clear that during the three years, the production of dried cannabis has been growing more rapidly than the sales.

Final Answer: Production"
101,how many rusing yards did alexander get in 2006?,[896.0],"The table provides statistics from NFL seasons for various teams, including the Seattle Seahawks. To determine how many rushing yards Alexander (referring to Shaun Alexander, the player for the Seahawks in those years) had in the 2006 season, we can look at the rushing statistics for the Seahawks in that specific year.

From the table, for the 2006 season, the statistics are as follows:
- **Rushing Attempts (att):** 252
- **Rushing Yards (yds):** 896

Therefore, Shaun Alexander rushed for a total of 896 yards in the 2006 season.

Final Answer: 896"
102,"in 2019, what was the number of incidents per 100,000 population of police-reported child pornography?",[23.0],"To determine the number of incidents per 100,000 population of police-reported child pornography in 2019, we first look at the relevant data from the table.

In 2019, the number of police-reported incidents of child pornography is given as:

- Number: 8,815

Next, we need the total crime rate for the population in 2019 to calculate the incidents per 100,000 population. However, the table does not directly provide the population size. Instead, we infer from the rates provided.

The total criminal code excluding traffic for 2019 has a rate given as:

- Rate: 5,874 per 100,000 population.

Using the total number of incidents for total criminal code excluding traffic in 2019:

- Total criminal code (excluding traffic): 2,208,076 incidents.

To find the population, we can use the relationship between the number of incidents, the crime rate, and the population:

\[ 
\text{Population} = \frac{\text{Total Incidents}}{\left( \frac{\text{Rate}}{100,000} \right)} 
\]

Calculating with the total incidents for all crimes in 2019:

\[
\text{Population} = \frac{2,208,076}{\left( \frac{5,874}{100,000} \right)} = 2,208,076 \times \frac{100,000}{5,874} \approx 37,508,000
\]

Now, we calculate the number of incidents of child pornography per 100,000 population.

To find this rate, we apply the formula for incidents per 100,000 population:

\[
\text{Child Pornography Incidents Rate} = \left( \frac{\text{Child Pornography Incidents}}{\text{Population}} \right) \times 100,000 
\]

Plugging in the values:

\[
\text{Child Pornography Incidents Rate} = \left( \frac{8,815}{37,508,000} \right) \times 100,000 \approx 23.50
\]

Therefore, the number of police-reported child pornography incidents per 100,000 population in 2019 is approximately 23.5.

Final Answer: 23.5"
103,"in 2019, what was the national rate of police-reported child pornography increased?",[46.0],"In the provided table, we can find the specific statistics related to child pornography for the years 2018 and 2019. The relevant data for this offence is as follows:

- In 2018, the rate of police-reported child pornography was 16 (number of occurrences: 5,934).
- In 2019, the rate increased to 23 (number of occurrences: 8,815).

To find the increase in the rate from 2018 to 2019, we need to calculate the difference between these two rates:

**Rate increase:**
23 (2019 rate) - 16 (2018 rate) = 7

Thus, the national rate of police-reported child pornography increased by 7 from 2018 to 2019.

Final Answer: 7"
104,"in 2019, the national rate of police-reported child pornography increased 46%, what was an increase of incidents from 2018?",[2881],"To determine the increase in the number of incidents of police-reported child pornography from 2018 to 2019, we'll analyze the numbers provided in the table.

From the table:
- In 2018, the number of police-reported incidents of child pornography was **5,934**.
- In 2019, the number of incidents increased to **8,815**.

The increase in incidents can be calculated as follows:
\[ 
\text{Increase} = \text{Number in 2019} - \text{Number in 2018} 
\]
\[ 
\text{Increase} = 8,815 - 5,934 = 2,881 
\]

Thus, the increase in the number of incidents from 2018 to 2019 is **2,881** incidents.

Final Answer: 2881"
105,what was the number of violent offences specific to firearms increased by in 2019?,[642],"To determine the number of violent offences specific to firearms that increased in 2019, we can examine the relevant row in the table for the ""firearms - use of, discharge, pointing"" category.

From the table:
- In 2018, the number of such offences was 2,861.
- In 2019, the number rose to 3,503.

To calculate the increase in the number of offences from 2018 to 2019, we need to subtract the number of offences in 2018 from those in 2019:

Increase = Number in 2019 - Number in 2018
Increase = 3,503 - 2,861 = 642.

Thus, the number of violent offences specific to firearms increased by 642 in 2019 compared to 2018.

Final Answer: 642"
106,"the number of violent offences specific to firearms increased by 642 incidents in 2019 (from 2,861 in 2018 to 3,503 in 2019), what was the increase in rate?",[21.0],"To address the question regarding the increase in the rate of violent offences specific to firearms from 2018 to 2019, we first observe the relevant data from the table:

- In 2018, the number of firearm-related incidents was **2,861** with a rate of **8**.
- In 2019, the number of firearm-related incidents rose to **3,503** with a rate of **9**.

To determine the increase in the rate:
- The rate in 2018 was **8**.
- The rate in 2019 was **9**.

Now, we can calculate the increase in rate:
- Increase in rate = Rate in 2019 - Rate in 2018 = 9 - 8 = **1**.

Thus, the increase in the rate of violent offences specific to firearms from 2018 to 2019 is **1**.

Final Answer: 1"
107,"in 2019, what was combined total of the immigration and refugee protection act (irpa)?",[170.0],"To find the combined total for the Immigration and Refugee Protection Act (IRPA) from the table for the year 2019, we need to look specifically at the relevant data point.

From the table, the data for the IRPA is presented in the following way:

- Human trafficking under the Immigration and Refugee Protection Act (IRPA):
  - Number (2019): 170
  - Rate (2019): 0 (although this rate is not necessary for the total calculation)

To obtain the combined total related to the IRPA, we simply consider the total number reported for human trafficking as it is the only entry under the IRPA category provided in the table.

Therefore, for the year 2019, the total related to the Immigration and Refugee Protection Act (IRPA) is 170.

Final Answer: 170"
108,"in total, how many drug-impaired driving violations in 2019?",[6453.0],"To determine the total number of drug-impaired driving violations reported in 2019, we refer to the relevant section of the table.

From the table:
- The entries related to drug-impaired driving in 2019 are as follows:

  | Type of Offence                   | Number (2019) |
  |-----------------------------------|----------------|
  | drug-impaired driving             | 6,453          |

Therefore, the total number of drug-impaired driving violations in Canada for the year 2019 is 6,453.

Final Answer: 6453"
109,what was the percent of the national rate of major assault (level 2 and 3) increased in 2019 for the fifth consecutive year due to higher rates of assault with a weapon or causing bodily harm (level 2)?,[8.0],"To address the question regarding the percentage increase in the national rate of major assault (level 2 and 3) in 2019, which has risen for five consecutive years due to higher rates of assault with a weapon or causing bodily harm (level 2), we will first look at the provided data for major assault across Canada.

From the table, we note the following information:

- The total number of major assaults in Canada in 2019: 63,340
- The rate of major assault per 100,000 population: 169
- The percent change in the rate of major assault from 2018 to 2019: 8%

The question specifically highlights the ongoing trend of increases in assault rates, particularly assault with a weapon or causing bodily harm. 

Given that the data indicates an increase specifically for the year 2019, and that this marks the fifth consecutive year of rising rates, it can be inferred that the increase has been consistent year-over-year.

To summarize our findings: 

- The national rate of major assault indeed increased in 2019 by **8%** compared to the previous year. The question mentions rising rates relating to assaults with a weapon specifically (level 2), but the overall number provided in the table confirms a significant upward trend.

Thus, given that there have been five consecutive years of these increases leading up to the mention of an 8% increase for 2019, it aligns with the observation of the ongoing trends in violent crimes, particularly in assaults.

Final Answer: 8%"
110,"for the fourth consecutive year, how many homicides per 100,000 population did thunder bay have which recorded the highest homicide rate among cmas?",[5.56],"To determine the homicide rate for Thunder Bay, we examine the provided data in the table for the year 2019. The relevant figures for Thunder Bay are as follows:

- Homicides reported: 7
- Rate (homicides per 100,000 population): 5.56

The question specifically asks for the homicide rate, which is already given in the table.

Thunder Bay recorded the highest homicide rate among the census metropolitan areas (CMAs) with this rate of 5.56 per 100,000 population.

Final Answer: 5.56"
111,"the largest gain in representation was observed within the u.s. federal government, where women nearly doubled their share, how many percent of all federally employed seh doctorate holders in 1997?",[18.8],"To find the percentage of women among all federally employed SEH doctorate holders in 1997, we need to refer to the data provided for the federal government sector in the table.

From the table, we see the following data for the federal government sector in 1997:

- Total employed: 38,050
- Male: 30,900 (which is 81.2% of the total)
- Female: 7,150 (which is 18.8% of the total)

To calculate the percentage of women, we can use the number of female employees relative to the total employed:

\[
\text{Percentage of female employees in 1997} = \left( \frac{\text{Number of females}}{\text{Total employed}} \right) \times 100 = \left( \frac{7,150}{38,050} \right) \times 100
\]

Calculating that gives:

\[
\frac{7,150}{38,050} \approx 0.1874
\]

Thus:

\[
0.1874 \times 100 \approx 18.74\%
\]

We can round this number to approximately 18.8% when considering the structure of the original table.

Therefore, the percentage of all federally employed SEH doctorate holders that were women in 1997 was 18.8%.

Final Answer: 18.8%"
112,"the largest gain in representation was observed within the u.s. federal government, where women nearly doubled their share, how many percent of all federally employed seh doctorate holders in 2017?",[35.4],"To analyze the percentage of all federally employed SEH doctorate holders in 2017, we focus specifically on the employment sector ""federal government."" According to the data provided in the table:

- Total federally employed in 2017: 51,950
- Number of women federally employed in 2017: 18,400
- Percentage of women federally employed in 2017: 35.4%

To determine the representation of women in the federal government sector, we must focus on how the share has changed from 1997 to 2017. In 1997, 18.8% of federally employed SEH doctorate holders were women. It’s stated that women's representation nearly doubled, which would imply that their share in 2017 has significantly increased compared to 1997.

To find the percentage share of women among federally employed SEH doctorate holders:
- Women's representation in 2017 = (Number of women / Total employed in federal government) * 100
= (18400 / 51950) * 100

Now, let's calculate that:

18400 / 51950 ≈ 0.3538 (or 35.38%)

This percentage aligns with the earlier noted percentage of 35.4% of federal employees. Therefore, women's share of employment in the federal government sector suggests a significant increase from where it was previously.

Final Answer: 35.4%"
113,how many percent was the share of women employed in the 4-year educational institution sector in 1997?,[24.9],"To determine the share of women employed in the four-year educational institution sector in 1997, we need to analyze the relevant data from the table.

From the table, for the four-year educational institution sector in 1997, we have the following information:
- Total employed = 230,000
- Female employed (number) = 57,250
- Female employed (percentage) = 24.9%

The question specifically asks for the percentage of women employed in this sector. This has already been provided in the table as 24.9%.

Hence, the share of women employed in the four-year educational institution sector in 1997 was 24.9%.

Final Answer: 24.9%"
114,how many percent was the share of women employed in the 4-year educational institution sector in 2017?,[37.8],"To determine the share of women employed in the 4-year educational institution sector in 2017, we refer to the relevant data in the provided table.

From the table for the year 2017, we see the following values for the 4-year educational institution sector:

- Total employed: 319,400
- Number of females: 120,650
- Percentage of females: 37.8%

This percentage (37.8%) represents the share of women employed in the 4-year educational institution sector out of the total employed in that sector for the year 2017.

Final Answer: 37.8%"
115,"in 2019, how many total drug offences reported by police?",[70140.0],"The context provides a table detailing police-reported drug offences in Canada for the years 2018 and 2019. To answer the question about the total drug offences reported by police in 2019, we can refer to the specific row in the table that summarizes the ""total drug offences"" for 2019.

According to the table, in 2019, the number of total drug offences reported was 70,140.

Final Answer: 70,140"
116,"in 2019, there were over 70,100 total drug offences reported by police, what was the rate did total drug offences represent per 100,000 population?",[187.0],"To determine the rate of total drug offences per 100,000 population for the year 2019, we refer to the information provided in the context. 

The relevant data from the table is:
- Total drug offences in 2019: 70,140
- Rate of total drug offences in 2019: 187 per 100,000 population

This means that for every 100,000 individuals in the population, there were 187 reported total drug offences in 2019.

Since the question directly asks for the rate of total drug offences in 2019, we conclude that the answer is simply the value provided in the table.

Final Answer: 187"
117,"northern saskatchewan and northern manitoba had consistently higher violent crime rates than the territories for males and females of all major age groups, how many times did northern saskatchewan have the highest rate for canadians in the territories overall?",[2.177774],"To determine how many times northern Saskatchewan had the highest rate for Canadians in the territories overall in the context of violent crime rates, we need to examine the provided table.

From the table, for northern Saskatchewan, the violent crime rates are given:

- **Young women and girls**: 13,886 per 100,000 population (north)
- **Adult women**: 17,829 per 100,000 population (north)
- **Young men and boys**: 7,951 per 100,000 population (north)
- **Adult men**: 12,518 per 100,000 population (north)

Now, let's look at the territories overall:

- **Young women and girls**: 7,232 per 100,000 population (north)
- **Adult women**: 7,635 per 100,000 population (north)
- **Young men and boys**: 3,272 per 100,000 population (north)
- **Adult men**: 5,379 per 100,000 population (north)

We can now compare the rates:

1. For **young women and girls**:
   - Northern Saskatchewan (13,886) vs. Territories Overall (7,232) → Northern Saskatchewan is higher.
2. For **adult women**:
   - Northern Saskatchewan (17,829) vs. Territories Overall (7,635) → Northern Saskatchewan is higher.
3. For **young men and boys**:
   - Northern Saskatchewan (7,951) vs. Territories Overall (3,272) → Northern Saskatchewan is higher.
4. For **adult men**:
   - Northern Saskatchewan (12,518) vs. Territories Overall (5,379) → Northern Saskatchewan is higher.

In all four categories (young women and girls, adult women, young men and boys, and adult men), northern Saskatchewan consistently has a higher rate than the territories overall.

Thus, northern Saskatchewan had the highest rate for Canadians in the territories overall **4 times**.

Final Answer: 4"
118,which club did dave hockaday play for in 1990-91?,['hull city'],"To determine which club Dave Hockaday played for in the 1990-91 season, we can analyze the provided table. 

From the table, we will identify the entries that correspond to the 1990-91 season:

1. **Hull City - 1990-91**
   - League Division: Second Division
   - Apps: 35, Goals: 1

This is the only entry for the 1990-91 season where a player's statistics are recorded, indicating that Dave Hockaday played for Hull City in that season.

Thus, the conclusion can be drawn that in the 1990-91 season, Dave Hockaday was part of Hull City.

Final Answer: Hull City"
119,which club did woodward play for in 1964-65?,['stoke city'],"The table provides career statistics for a player, detailing their appearances and goals across various clubs and seasons. 

In looking for the club that Woodward played for in the 1964-65 season, we can refer to the section of the table that lists the clubs along with the respective seasons. The relevant entry is:

- Stoke City - 1964-65: 3 apps, 1 goal.

There are no other entries for the 1964-65 season in the table, confirming that Stoke City is indeed the club Woodward played for that year.

Final Answer: Stoke City"
120,which club did mathieu valbuena play for in 2006-07?,['marseille'],"To determine which club Mathieu Valbuena played for in the 2006-07 season, we look through the provided table for the relevant seasonal data.

The table contains entries for various clubs and the seasons they pertain to. Notably, we identify the row for ""marseille"" under the season ""2006-07."" The corresponding information for this row includes details about the league (Ligue 1), as well as the statistics for that season, which indicate that this is where the data belongs.

In the row for ""marseille"" in the 2006-07 season, we have the following statistics:
- Apps (appearances): 15
- Goals: 1
- Assists: 1

This implies that Mathieu Valbuena played for ""marseille"" during the 2006-07 season.

Final Answer: Marseille"
121,what was the percent of the cmc students who experienced unwanted sexualized behaviours in the previous 12 months indicated that it was a friend or an acquaintance who was responsible?,[53.0],"To answer the question regarding the percentage of Canadian military college (CMC) students who experienced unwanted sexualized behaviors in the previous 12 months and indicated that it was a friend or acquaintance who was responsible, we'll refer to the relevant section in the provided table.

Looking at the ""relationship of perpetrator"" section, we focus on the percentage related to ""friend or acquaintance"":

- The percentage for ""friend or acquaintance"" is reported as **53%**.

Thus, the percentage of CMC students who experienced unwanted sexualized behaviors and stated that a friend or acquaintance was responsible is 53%.

Final Answer: 53%"
122,what was the percent of the canadian military college students who experienced unwanted sexualized behaviours in the past 12 months indicated that the person(s) responsible for the behaviours was a man or multiple men?,[44.0],"The table provides data on the characteristics of incidents of unwanted sexualized behaviours experienced by students at Canadian military colleges in the past 12 months. We are specifically focused on the gender of the perpetrators.

According to the table:

- The percentage of incidents where at least one man was involved in the unwanted sexualized behaviours is 44%. 

Thus, the percent of the Canadian military college students who experienced unwanted sexualized behaviours and indicated that the person(s) responsible for the behaviours was a man or multiple men is 44%.

Final Answer: 44%"
123,what was the percent of cmc students who had a disability experienced some form of unwanted sexualized behaviour in the previous 12 months?,[46.0],"The table provides data about students at Canadian military colleges who experienced unwanted sexualized or discriminatory behaviors in a postsecondary setting in the past 12 months, categorized by various student characteristics. 

To find the percentage of students living with a disability who experienced unwanted sexualized behaviors, we focus on the respective row in the table under ""living with a disability.""

From the table, it is indicated that:
- The percentage of students living with a disability who experienced unwanted sexualized behaviors is **46%**.

This percentage clearly specifies the proportion of students with disabilities who faced unwanted sexualized behaviors, without requiring further calculations or aggregations.

Final Answer: 46%"
124,what was the percent of cmc students who did not have a disability experienced some form of unwanted sexualized behaviour in the previous 12 months?,[32.0],"To answer the question regarding the percentage of Canadian Military College (CMC) students who do not have a disability but experienced some form of unwanted sexualized behavior in the previous 12 months, we refer to the relevant data from the table.

From the table, we see the following statistics related to unwanted sexualized behaviors:

- For students living with a disability, the percentage experiencing unwanted sexualized behaviors is 46%.
- For students not living with a disability, the percentage is 32%.

Since the question specifically asks for the percentage of students who do not have a disability, we focus on the second statistic.

Thus, the percentage of CMC students who do not have a disability and experienced unwanted sexualized behavior in the past 12 months is 32%.

Final Answer: 32%"
125,how many passing yards did j.j. raterink get in 2012?,[4870.0],"To determine how many passing yards J.J. Raterink had in 2012, I will identify the row corresponding to the year 2012 in the provided statistical table.

Looking at the data:

- The team listed for 2012 is Iowa.
- The passing yards (yds) for Iowa in 2012 is 4,870.

There is no other mention of J.J. Raterink in the table, but since he is associated with Iowa in 2012, we will assume that this data relates to his performance during that year.

Thus, the passing yards for J.J. Raterink in 2012 is 4,870.

Final Answer: 4870"
126,what the matches did the ifk norrkoping club compete in?,"['allsvenskan', '2014-15 svenska cupen', '2015-16 svenska cupen']","The table provides data on player appearances and goals for the IFK Norrköping club in various competitions during the 2014-2016 season period. 

Here are the categories mentioned regarding matches for the IFK Norrköping club, including the number of player appearances (apps) and goals scored in those competitions:

1. **Allsvenskan** - This is the top football division in Sweden where IFK Norrköping participated.
2. **Svenska Cupen** - This includes two separate competitions:
   - 2014-15 Svenska Cupen
   - 2015-16 Svenska Cupen
3. **Svenska Supercupen** - A match contested by the winners of Allsvenskan and Svenska Cupen.

The entries show a series of matches each player took part in during these competitions, illustrated by the number of appearances and goals scored.

To conclude, the IFK Norrköping club competed in the following matches:
- Allsvenskan
- 2014-15 Svenska Cupen
- 2015-16 Svenska Cupen
- Svenska Supercupen

Final Answer: Allsvenskan, 2014-15 Svenska Cupen, 2015-16 Svenska Cupen, Svenska Supercupen"
127,what was the percent of finance and insurance and management of companies had the lowest year-on-year growth rates in closures?,[38.9],"To find the percentage for the finance and insurance and management of companies that had the lowest year-on-year growth rates in closures, we need to analyze the relevant data from the table for that specific business sector.

From the table:

- **Finance and Insurance and Management of Companies**
  - **Number of Closures April 2019:** 1,458
  - **Number of Closures April 2020:** 2,025
  - **Change in number of closures:** 567 (increase from April 2019 to April 2020)
  - **Percent Change in Closures:** 38.9%

This percent change represents the year-on-year growth rate of closures for the finance and insurance sector. 

To determine if this is indeed the lowest year-on-year growth rate, we would compare the percent change in closures for all listed sectors during the same period, but the problem specifically asks for the finance and insurance sector.

Here’s a summary of the other notable sectors for your reference:

1. **Construction:** +108.4% (significant increase)
2. **Retail Trade:** +217.7% (significant increase)
3. **Accommodation and Food Services:** +274.1% (significant increase)
4. **Other Services:** +264.3% (significant increase)

No sectors were shown to have declines or lower percent growth rates compared to the finance sector's increase of 38.9%.

Final Answer: 38.9%"
128,"what was the percent of mining, quarrying, oil and gas extraction had the lowest year-on-year growth rates in closures?",[47.6],"To determine which mining, quarrying, oil and gas extraction had the lowest year-on-year growth rates in closures, we need to focus on the relevant figures that reflect the changes in business closures from April 2019 to April 2020 for the specified industry.

From the table:
- For the mining, quarrying, oil and gas extraction sector, the data shows:
  - April 2019 closures: 282
  - April 2020 closures: 416
  - Change in closures: 416 - 282 = 134
  - Percentage change in closures: ((134) / (282)) * 100 = 47.6%

This percentage indicates a growth in the number of closures from April 2019 to April 2020. 

Now we need to check against other listed industries to find if there are any that reported a lower percentage increase in closures.

To summarize, the closure percentages for similar industries are:
- Agriculture, forestry, fishing and hunting: 56.3%
- Utilities: 57.1%
- Construction: 108.4%
- Manufacturing: 174.7%
- Wholesale trade: 134.2%
- Retail trade: 217.7%
- Transportation and warehousing: 77.4%
- Information and cultural industries: 91.7%
- Real estate and rental and leasing: 82.8%
- Professional, scientific and technical services: 64.7%
- Administrative and support, waste management and remediation services: 97.0%
- Finance and insurance and management of companies and enterprises: 38.9%
- Arts, entertainment and recreation: 138.0%
- Accommodation and food services: 274.1%
- Other services: 264.3%
- Unclassified industries: 92.7%

After comparing the percentages, we can find that the category ""Finance and insurance and management of companies and enterprises"" had the lowest change percentage in closures, which is 38.9%.

Thus, although the mining, quarrying, oil and gas extraction sector had a significant increase in closures at 47.6%, it is not the lowest. The lowest year-on-year growth in closures is noted in the finance sector.

Final Answer: Finance and insurance and management of companies and enterprises"
129,how many dollars were food and beverage services were revis up in 2015?,[1100.0],"To determine how much food and beverage services were revised up in 2015, we will look specifically at the section of the table that pertains to food and beverage services for that year.

From the table, under the ""food and beverage services"" section for the year 2015, we see the following values:

- Previous estimate: 13,436 million dollars
- Revised estimate: 14,536 million dollars

To find the revision amount, we subtract the previous estimate from the revised estimate:

Revised Estimate - Previous Estimate = Revision
14,536 million dollars - 13,436 million dollars = 1,100 million dollars

Thus, food and beverage services were revised up by 1,100 million dollars in 2015.

Final Answer: 1,100 million dollars"
130,what was the number of college graduates in the united states in 2017?,[61220000.0],"The table provides information about the total number of college graduates in the United States for the year 2017. In the row labeled ""all college graduates,"" the total number specified is 61,220,000. This figure includes all categories of college graduates regardless of their gender, highest degree, or field of study.

Final Answer: 61220000"
131,what was the number of college graduates employed in the united states in 2017?,[48223000.0],"The table provides data on the employment status of college graduates in the United States for the year 2017. The total number of college graduates is specified as 61,220,000, and within this total, the number of graduates that are employed is mentioned directly.

From the table, we can see that the number of employed college graduates is given as:
- Total employed: 48,223,000

This figure represents the total number of college graduates who were employed in some capacity in 2017.

Final Answer: 48223000"
132,how many college graduates had served on active duty in the u.s. armed forces in the past?,[3674000.0],"To answer the question of how many college graduates had served on active duty in the U.S. armed forces in the past, we examine the section of the table entitled ""u.s. military service."" Specifically, we look at the row labeled ""served on active duty in the past, but not now."" 

From the table, we can see:

- The number of college graduates who served on active duty in the past, but are not currently serving is: **3,674,000**.

Therefore, the final answer to the question is:

Final Answer: 3674000"
133,"roughly 3.7 million college graduates had served on active duty in the u.s. armed forces in the past, how many million people currently serving?",[241000.0],"To determine how many people are currently serving in the U.S. military from the provided table context, we need to look specifically at the data row corresponding to ""serving now on active duty.""

From the table, the relevant entry shows that there are:

- **Number currently serving on active duty**: **241,000**

This figure represents the actual count of college graduates who are currently serving on active duty in the military.

To convert this number into millions, we divide by 1,000,000:

\[ 
\text{Currently Serving} = \frac{241,000}{1,000,000} = 0.241 \text{ million} 
\]

Thus, the number of people currently serving in the U.S. military from the sample of college graduates is 0.241 million.

Final Answer: 0.241 million"
134,what was the win-loss record of houston astros in regular season?,"[215.0, 197.0]","The table presents the managerial records of various baseball teams, including their regular and postseason performance. We need to find the regular season win-loss record specifically for the Houston Astros.

From the table:

- The regular season record for the Houston Astros (from 2002 to 2004) is listed as follows:
  - Games played (g): 412
  - Wins (w): 215
  - Losses (l): 197

The win-loss record is typically presented as ""Wins-Losses"". From the data provided, we can directly observe that for the Houston Astros, the regular season record is:

215 wins and 197 losses.

Therefore, the win-loss record for the Houston Astros in the regular season is:

Final Answer: 215-197"
135,"from 1981 to 2009,what's the percentage of the log growth of value-added in oil and gas extraction per year?",[-2.27],"To answer the question regarding the percentage of the log growth of value-added in oil and gas extraction per year from 1981 to 2009, we first need to identify the relevant data from the provided table.

The table lists the annual average log value-added growth over the specified periods:

- For the period 1981 to 2000, the value-added growth (log), annual average is 3.22 percent.
- For the period 2000 to 2008, the value-added growth (log), annual average is 0.39 percent.
- For the period from 1981 to 2009, the value-added growth (log), annual average is 2.31 percent.

Since the question specifically asks for the percentage of the log growth of value-added in oil and gas extraction per year from 1981 to 2009, we look at the value for that specific period.

From the table:
- The percentage of the log growth of value-added in oil and gas extraction from 1981 to 2009 is **2.31 percent**.

Thus, we can confidently conclude the answer.

Final Answer: 2.31"
136,"in 2017, how many percent of women in the u.s. civilian college educated population?",[54.4],"To determine the percentage of women in the U.S. civilian college-educated population in 2017, we need to look at the total population of civilian college graduates and the number of women among them.

From the table:
- The total number of civilian college graduates is 36,250,000.
- The number of women who are non-veterans is 32,204,000.
- The number of women who are veterans is 436,000.

First, we calculate the total number of women in the civilian college-educated population:
Total number of women = Veterans + Nonveterans = 436,000 + 32,204,000 = 32,640,000.

Next, we find the percentage of women among the total number of civilian college graduates:
Percentage of women = (Total number of women / Total number of civilian college graduates) * 100
= (32,640,000 / 36,250,000) * 100 ≈ 89.9%.

Thus, the percentage of women in the U.S. civilian college-educated population in 2017 is approximately 89.9%.

Final Answer: 89.9%"
137,which club did luke freeman play for in 2015-16?,['bristol city'],"The table provided outlines Luke Freeman's career statistics across various clubs and seasons. By scanning the data for the season 2015-16, we notice that under the section labeled “bristol city,” it shows his participation in the championship league.

From the information:

- In the 2015-16 season at Bristol City, Luke Freeman played 41 matches and scored 1 goal.

Hence, the club Luke Freeman played for in the 2015-16 season is Bristol City.

Final Answer: Bristol City"
138,how many passing yards did tittle get in 1957?,[2157.0],"The table provides detailed career statistics for a player, including their passing yards in different years. To answer the question, we need to look specifically at the row corresponding to the year 1957.

From the table:
- In 1957, the statistics are as follows:
  - Year: 1957
  - Team: sf (San Francisco)
  - Passing Yards: 2,157

Therefore, Y.A. Tittle achieved a total of 2,157 passing yards in 1957.

Final Answer: 2157"
139,what were the percentages of households in the second and third income quartiles reported using only mobile devices for accessing the internet respectively?,"[14.7, 13.8]","The table provides data on the percentage of households using mobile devices only to access the internet, categorized by income quartiles. According to the information presented:

- For the second quartile, the percentage of households using only mobile devices is 14.7%.
- For the third quartile, the percentage of households using only mobile devices is 13.8%.

To respond to the question, we look for the percentages of households in the specified quartiles. Based on the values from the table:

- The percentage for the second quartile is 14.7%.
- The percentage for the third quartile is 13.8%.

Thus, the percentages of households in the second and third income quartiles using only mobile devices for internet access are 14.7% and 13.8%, respectively.

Final Answer: [14.7%, 13.8%]"
140,"who were more likely to use only mobile devices to access the internet,households in the second and third income quartiles or households in the highest quartile?","['second quartile', 'third quartile']","To determine which group is more likely to use only mobile devices to access the internet, we will compare the percentages of mobile device usage between the specified quartiles: the second and third quartiles combined against the highest quartile.

From the table, we find the following percentages:

- For the **second quartile**, the percentage of households using mobile devices only is **14.7%**.
- For the **third quartile**, the percentage of households using mobile devices only is **13.8%**.
- For the **highest quartile**, the percentage of households using mobile devices only is **8.0%**.

Now, we calculate the average percentage of households using only mobile devices for the second and third quartiles together:

\[
\text{Average for second and third quartiles} = \frac{14.7 + 13.8}{2} = \frac{28.5}{2} = 14.25\%
\]

Now we compare this to the highest quartile, which is **8.0%**.

Clearly, **14.25% (second and third quartiles)** is higher than **8.0% (highest quartile)**. Therefore, households in the second and third income quartiles are more likely to use only mobile devices to access the internet compared to households in the highest quartile.

Final Answer: Second and third income quartiles"
141,what was the changes in the number of completed cases in yukon from 2012/2013 to 2013/2014?,[17.0],"The table presents data on cases completed in youth court by province and territory for the years 2012/2013 and 2013/2014. The focus of the question is on the Yukon.

From the table:

- In 2012/2013, the number of completed cases in Yukon was 64.
- In 2013/2014, the number of completed cases in Yukon increased to 75.

To calculate the change in the number of completed cases, we subtract the number of cases in 2012/2013 from the number of cases in 2013/2014:

Change = Number in 2013/2014 - Number in 2012/2013  
Change = 75 - 64 = 11

Thus, the number of completed cases in Yukon increased by 11 from 2012/2013 to 2013/2014.

Final Answer: 11"
142,what was the changes in the number of completed cases in northwest territories from 2012/2013 to 2013/2014?,[2.0],"The provided table lists the number of completed cases in youth court for various provinces and territories in Canada, comparing the years 2012/2013 and 2013/2014, along with the percent changes between these two years.

To answer the question regarding the change in the number of completed cases in the Northwest Territories, we can look specifically at that row in the table:

- For 2012/2013, the number of completed cases in Northwest Territories was 129.
- For 2013/2014, the number of completed cases in Northwest Territories was 132.

To find the change in the number of completed cases, we subtract the number from 2012/2013 from the number in 2013/2014:

Change = Number in 2013/2014 - Number in 2012/2013
Change = 132 - 129 = 3

This indicates that there was an increase of 3 completed cases in the Northwest Territories from 2012/2013 to 2013/2014.

Final Answer: 3"
143,what was the declines in the number of completed cases in prince edward island from 2012/2013 to 2013/2014?,[25],"The table provides data on the number of completed cases in youth court for different provinces and territories for the years 2012/2013 and 2013/2014, along with the percent change in the number of cases. 

For Prince Edward Island, the relevant information from the table includes:

- In 2012/2013, the number of completed cases was 212.
- In 2013/2014, the number of completed cases was 158.

To find the decline in the number of completed cases from 2012/2013 to 2013/2014, we subtract the number of cases in 2013/2014 from the number in 2012/2013:

Decline = Number in 2012/2013 - Number in 2013/2014  
Decline = 212 - 158 = 54

Thus, there was a decline of 54 completed cases in Prince Edward Island from 2012/2013 to 2013/2014.

Final Answer: 54"
144,what was the declines in the number of completed cases in nova scotia from 2012/2013 to 2013/2014?,[24],"The table provides information on the cases completed in youth court for different provinces and territories in Canada for the years 2012/2013 and 2013/2014. Specifically, we need to focus on the section for Nova Scotia.

From the table for Nova Scotia:
- The number of cases completed in 2012/2013 is 1,328.
- The number of cases completed in 2013/2014 is 1,010.

To find the decline in the number of completed cases, we calculate the difference between the two years:

Decline = Number of cases in 2012/2013 - Number of cases in 2013/2014
Decline = 1,328 - 1,010 = 318

Thus, the decline in the number of completed cases in Nova Scotia from 2012/2013 to 2013/2014 is 318 cases.

Final Answer: 318"
145,what was the declines in the number of completed cases in ontario from 2012/2013 to 2013/2014?,[16],"The table outlines the number of cases completed in youth court across various provinces and territories in Canada for the years 2012/2013 and 2013/2014. To determine the decline in the number of completed cases in Ontario from 2012/2013 to 2013/2014, we will examine the respective numbers for those years.

For Ontario:
- In 2012/2013, the number of completed cases was 17,338.
- In 2013/2014, the number of completed cases was 14,617.

To find the decline, we subtract the 2013/2014 number from the 2012/2013 number:
17,338 (2012/2013) - 14,617 (2013/2014) = 2,721.

Thus, there was a decline of 2,721 completed cases in Ontario between the years 2012/2013 and 2013/2014.

Final Answer: 2721"
146,what was the declines in property offences from 2012/2013 to 2013/2014?,[15],"To determine the decline in property offences from 2012/2013 to 2013/2014, we examine the relevant section of the table which outlines the number of cases and changes for property offences.

From the table:

- In 2012/2013, the total number of property offences was 15,723.
- In 2013/2014, the total number of property offences was 13,370.

To find the decline, we subtract the number of property offences in 2013/2014 from that in 2012/2013:

Decline in property offences = 15,723 - 13,370 = 2,353

Thus, the decline in property offences from 2012/2013 to 2013/2014 amounted to 2,353 cases.

Final Answer: 2,353"
147,what was the declines in administration of justice offences from 2012/2013 to 2013/2014?,[12],"To determine the decline in administration of justice offences from 2012/2013 to 2013/2014, we will analyze the relevant data from the table. 

In the table, the data for administration of justice offences consists of the following:

- Total number of administration of justice offences in 2012/2013: 4,893
- Total number of administration of justice offences in 2013/2014: 4,290

To find the decline, we will subtract the number of offences in 2013/2014 from the number in 2012/2013:

Decline = Number in 2012/2013 - Number in 2013/2014
Decline = 4,893 - 4,290 = 603

The decline in administration of justice offences from 2012/2013 to 2013/2014 is 603.

Final Answer: 603"
148,what was the declines in other federal statute offences from 2012/2013 to 2013/2014?,[12],"To ascertain the decline in 'other federal statute offences' from 2012/2013 to 2013/2014, we will analyze the relevant portion of the data from the provided table.

From the table:
- In 2012/2013, the number of 'other federal statute offences' was 8,781.
- In 2013/2014, the number of 'other federal statute offences' decreased to 7,715.

To calculate the decline, we can use the following formula:

**Decline = (Number in 2012/2013 - Number in 2013/2014) = (8,781 - 7,715) = 1,066**

Next, we can look at the percentage change provided in the table to see if it is consistent:
- According to the table, the percent change for 'other federal statute offences' is -12%.

Therefore, we can summarize that from 2012/2013 to 2013/2014, the decline in 'other federal statute offences' was 1,066 cases.

Final Answer: 1,066"
149,what was the declines in violent offences from 2012/2013 to 2013/2014?,[8],"To determine the decline in violent offences from 2012/2013 to 2013/2014, we will examine the number of cases for violent offences from both years as presented in the table.

From the table:

- In 2012/2013, the number of violent offences was 12,792.
- In 2013/2014, the number of violent offences dropped to 11,720.

To find the decline in the number of violent offences, we subtract the number of cases in 2013/2014 from the number in 2012/2013:

Decline = Number in 2012/2013 - Number in 2013/2014
Decline = 12,792 - 11,720
Decline = 1,072

Next, we can also express this decline as a percentage change. The table indicates a -8% change for violent offences, confirming our calculation.

Therefore, the decline in violent offences from 2012/2013 to 2013/2014 is 1,072 cases.

Final Answer: 1072"
150,what was the declines in cases involving disturbing the peace from 2012/2013 to 2013/2014?,[35],"The table presents data on cases completed in youth court by type of offence for the years 2012/2013 and 2013/2014, including the number of cases and the median length of those cases.

To answer the question about the decline in cases involving ""disturbing the peace,"" we need to focus specifically on the relevant row for that offence:

- For the year 2012/2013, the number of cases involving disturbing the peace was 132.
- For the year 2013/2014, the number of cases involving disturbing the peace was 86.

To find the decline in cases, we subtract the number of cases in 2013/2014 from the number of cases in 2012/2013:

Decline in cases = Number of cases in 2012/2013 - Number of cases in 2013/2014  
Decline in cases = 132 - 86 = 46

Thus, there were 46 fewer cases involving disturbing the peace from 2012/2013 to 2013/2014.

Final Answer: 46"
151,what was the declines in cases involving robbery from 2012/2013 to 2013/2014?,[18],"To determine the decline in cases involving robbery from the years 2012/2013 to 2013/2014, we can refer to the relevant part of the provided table, which outlines the number of cases for robbery during each year.

From the table:
- In 2012/2013, the number of robbery cases was 2,336.
- In 2013/2014, the number of robbery cases was 1,904.

To find the decline in cases, we calculate the difference between the two years:

Decline = Number of cases in 2012/2013 - Number of cases in 2013/2014  
Decline = 2,336 - 1,904  
Decline = 432

Thus, the decline in cases involving robbery from 2012/2013 to 2013/2014 is 432 cases.

Final Answer: 432"
152,what was the declines in cases involving impaired driving from 2012/2013 to 2013/2014?,[25],"To analyze the decline in cases involving impaired driving from 2012/2013 to 2013/2014, we can refer to the relevant section of the table provided.

From the table, we see the following for impaired driving:
- In 2012/2013: **424 cases**
- In 2013/2014: **318 cases**

To find the decline in the number of cases, we can subtract the number of cases in 2013/2014 from the number in 2012/2013:

\[ 
\text{Decline} = \text{Cases in 2012/2013} - \text{Cases in 2013/2014} 
\]
\[ 
\text{Decline} = 424 - 318 = 106 
\]

This indicates that there was a decline of **106 cases** involving impaired driving from the year 2012/2013 to the year 2013/2014.

Final Answer: 106"
153,what was the declines in drug possession offences from 2012/2013 to 2013/2014?,[15],"To determine the decline in drug possession offences from 2012/2013 to 2013/2014, we will look at the ""drug possession"" row in the provided table.

From the table:
- The number of drug possession cases in 2012/2013 was 1,844.
- The number of drug possession cases in 2013/2014 was 1,568.

We can calculate the decline in the number of cases by subtracting the number of cases in 2013/2014 from the number in 2012/2013:

Decline = 1,844 - 1,568 = 276.

Thus, there was a decline of 276 drug possession offences from 2012/2013 to 2013/2014.

Final Answer: 276"
154,what was the declines in other drug offences from 2012/2013 to 2013/2014?,[8],"To find the decline in ""other drug offences"" from the data presented for the years 2012/2013 and 2013/2014, we look for the number of cases completed in both years:

- In 2012/2013, the number of ""other drug offences"" was 718.
- In 2013/2014, the number of ""other drug offences"" decreased to 662.

Now, we calculate the decline in the number of cases:

Decline = Number in 2012/2013 - Number in 2013/2014
Decline = 718 - 662 = 56

Therefore, there was a decline of 56 cases in ""other drug offences"" from 2012/2013 to 2013/2014.

Final Answer: 56"
155,what was the declines in offences involving the use of a weapon from 2012/2013 to 2013/2014?,[7],"To determine the decline in offences involving the use of a weapon from 2012/2013 to 2013/2014, we will examine the relevant rows in the provided table. 

The section of interest in the table lists the crimes related to weapons:

- In 2012/2013: 
    - Number of weapon offences: 1,555

- In 2013/2014: 
    - Number of weapon offences: 1,451

Now, we can calculate the change in the number of weapon offences:

Decline in number of offences = Number of offences in 2012/2013 - Number of offences in 2013/2014
= 1,555 - 1,451
= 104

Therefore, the decline in offences involving the use of a weapon from 2012/2013 to 2013/2014 is 104 cases.

Final Answer: 104"
156,what was the changes in offences of sexual assault from 2012/2013 to 2013/2014?,[8.0],"To analyze the changes in the offences of sexual assault from 2012/2013 to 2013/2014, we can refer to the relevant information from the table.

For sexual assault, we have:

- **2012/2013**: 
  - Number of cases: 696
  - Median length of case: 252 days

- **2013/2014**: 
  - Number of cases: 750
  - Median length of case: 256 days

Now, let's calculate the changes:

1. **Number of Cases**: 
   - Change = Number of cases in 2013/2014 - Number of cases in 2012/2013
   - Change = 750 - 696 = **54 cases** (increase)

2. **Median Length of Case**: 
   - Change = Median length in 2013/2014 - Median length in 2012/2013
   - Change = 256 - 252 = **4 days** (increase)

Thus, there was an increase of **54 cases** of sexual assault from 2012/2013 to 2013/2014, along with a slight increase in median length of case by **4 days**.

Final Answer:  
Number of cases: 54 (increase)  
Median length: 4 days (increase)"
157,what was the changes in offences of homicide from 2012/2013 to 2013/2014?,[6.0],"The table presents data regarding cases completed in youth court in Canada for various types of offences across two fiscal years, 2012/2013 and 2013/2014. The focus here is specifically on homicide cases.

From the table, we can extract the following information regarding homicide offences:
- In 2012/2013, there were **31** homicide cases with a median length of **448 days**.
- In 2013/2014, the number of homicide cases increased to **33** with a median length of **611 days**.

To assess the changes in homicide offences:
1. **Change in Number of Cases**: The number of cases increased from **31** to **33**, which is an increase of **2 cases**.
2. **Change in Median Length of Cases**: The median length of cases increased from **448 days** to **611 days**, which is an increase of **163 days**.

Additionally, there is a **percent change** in the number of cases which can be calculated as follows:
- Percent change = \(\frac{\text{New Number} - \text{Old Number}}{\text{Old Number}} \times 100\)
- Percent change = \(\frac{33 - 31}{31} \times 100\) = \(\frac{2}{31} \times 100 \approx 6.45\%\).

Thus, summarizing the changes:
- The number of homicide cases increased by **2 cases**.
- The median length of homicide cases increased by **163 days**.
- The percentage change in the number of homicide cases from 2012/2013 to 2013/2014 is approximately **6.45%**.

Final Answer: Increase in cases by 2, increase in median length by 163 days, percent change approximately 6.45%"
158,what was the changes in offences of other sexual assault from 2012/2013 to 2013/2014?,[5.0],"To determine the changes in the offences of ""other sexual offences"" from 2012/2013 to 2013/2014, we should look at both the number of cases and the median length of cases for the specified years.

From the table:
- For 2012/2013:
  - Number of cases: 635
  - Median length of case: 232 days
  
- For 2013/2014:
  - Number of cases: 667
  - Median length of case: 240 days

Next, let's analyze the changes:
1. **Change in Number of Cases**: 
   To calculate the change, subtract the number of cases in 2012/2013 from the number in 2013/2014:
   - Change = 667 - 635 = 32
   This indicates an increase of 32 cases.

2. **Change in Median Length**:
   To calculate the change in the median length of cases, subtract the median length in 2012/2013 from the median length in 2013/2014: 
   - Change = 240 - 232 = 8 
   This indicates an increase of 8 days in median length.

Combining these findings, we have:
- An increase of 32 cases in ""other sexual offences"" from 2012/2013 to 2013/2014.
- An increase of the median length of cases by 8 days during the same period.

Final Answer: Increase in number of cases: 32; Increase in median length: 8 days."
159,what was the changes in offences of criminal harassment from 2012/2013 to 2013/2014?,[3.0],"To analyze the changes in offences of criminal harassment from 2012/2013 to 2013/2014, we can refer to the provided data in the table.

In 2012/2013, the number of cases for criminal harassment was 186 with a median length of case of 163 days. In 2013/2014, the number of cases increased to 192, and the median length of case was also documented as 174 days.

Now we calculate the following:

1. **Difference in the number of cases**:
   - **2013/2014 Cases**: 192
   - **2012/2013 Cases**: 186
   - **Change in number of cases**: 192 - 186 = 6 (an increase)

2. **Change in median length of cases**:
   - **2013/2014 Median Length**: 174 days
   - **2012/2013 Median Length**: 163 days
   - **Change in median length**: 174 - 163 = 11 days (an increase)

Furthermore, the percentage change in the number of cases can also be calculated:

- **Percentage Change**: 
\[
\frac{\text{Change in number of cases}}{\text{Old number of cases}} \times 100 = \frac{6}{186} \times 100 \approx 3.23\%
\]

Summarizing this information, the offences of criminal harassment increased in number from 2012/2013 to 2013/2014 by 6 cases, the median length of cases increased by 11 days, and the percentage increase in cases was approximately 3.23%.

Final Answer: Increase in number of cases by 6; Increase in median length by 11 days; Approximately 3.23% increase in cases."
160,which kind of offences took the longest length to complete in 2013/2014?,['homicide'],"To determine which kind of offences took the longest length to complete in 2013/2014, we can examine the 'median length of case' column for that year across all types of offences listed in the table.

Here are the offences in 2013/2014 along with their respective median lengths:

- Homicide: 611 days
- Sexual Assault: 256 days
- Other Sexual Offences: 240 days
- Major Assault: 164 days
- Common Assault: 134 days
- Uttering Threats: 143 days
- Criminal Harassment: 174 days
- Violent Offences: 166 days
- Property Offences: 120 days
- Drug Possession: 92 days
- Other Federal Statute Offences: 69 days
- Youth Criminal Justice Act: 42 days
- And others listed...

Looking at these median lengths, we see that homicide has the highest median length at 611 days. 

Thus, the kind of offence that took the longest length to complete in youth court in the year 2013/2014 is homicide.

Final Answer: Homicide"
161,what was the median length of time to complete homicide cases in 2012/2013?,[448.0],"Reasoning: The table provides data on various types of offenses in youth court for the years 2012/2013 and 2013/2014. Specifically looking at homicide cases in the year 2012/2013, the table indicates that the median length of a homicide case was 448 days.

Final Answer: 448 days"
162,what was the median length of time to complete sexual assault cases in 2013/2014?,[256.0],"To find the median length of time to complete sexual assault cases in 2013/2014, we can refer to the relevant data in the provided table.

From the table, we have the following information for the offense of sexual assault for the year 2013/2014:

- Number of cases: 750
- Median length of case: 256 days

Thus, the median length of time to complete sexual assault cases in 2013/2014 is 256 days.

Final Answer: 256 days"
163,what was the median length of time to complete attempted murder cases in 2013/2014?,[248.0],"To identify the median length of time to complete attempted murder cases in 2013/2014, we can refer to the provided table, which outlines various offences along with their associated median lengths for the years 2012/2013 and 2013/2014.

Focusing specifically on the ""attempted murder"" row, we find the following data:

- In 2013/2014, the median length of attempted murder cases is recorded as 248 days.

Thus, the answer to the question about the median length of time to complete attempted murder cases in the year 2013/2014 is straightforward.

Final Answer: 248 days"
164,what was the percentage of all cases completed in youth court resulted in a guilty finding in 2013/2014?,[56.0],"To determine the percentage of all cases completed in youth court that resulted in a guilty finding in 2013/2014, we can simply look at the total number of cases that resulted in a guilty verdict as well as the total number of cases completed.

From the table's summary:

- Total cases completed: 39,901
- Total cases with a guilty finding: 22,524

The percentage of cases resulting in a guilty finding can be calculated using the formula:
\[
\text{Percentage of guilty findings} = \left( \frac{\text{Number of guilty cases}}{\text{Total cases}} \right) \times 100
\]

Plugging in the numbers:
\[
\text{Percentage of guilty findings} = \left( \frac{22,524}{39,901} \right) \times 100 \approx 56.4\%
\]

However, the table clearly states that the percentage of guilty verdicts is given as 56%.

Final Answer: 56%"
165,what was the winning percentage in the regular season of st. louis cardinals?,[0.544],"The table outlines the managerial records of different baseball teams, including the St. Louis Cardinals. The relevant section for the Cardinals includes their regular season record, which is summarized as follows:

- Wins (w): 1408
- Losses (l): 1182
- Winning Percentage (win %): .544

To determine the winning percentage in the regular season for the St. Louis Cardinals, we can directly reference the win % given in the table:

The winning percentage for the St. Louis Cardinals during the regular season is 0.544.

Final Answer: 0.544"
166,what was the proportion of reasons for not reporting to the police were that the crime was minor and it was not worth taking the time to report?,[71.0],"The table categorizes the reasons for not reporting sexual assault to the police, providing percentages segmented by the sex of the victim. The specific reason in question is ""crime was minor and not worth taking the time to report.""

From the data:

- For women: 71%
- For men: 75%
- For total: 71%

This percentage reflects the viewpoint of the respondents in Canada in 2014 regarding the dismissal of their incidents based on their perceived severity.

To directly answer the question, the proportion reported for this reason is consistent across the total and women's responses, with men reporting slightly higher.

Final Answer: 71%"
167,what was the amount government final consumption expenditure was revised downward in 2013?,[3784],"To find the amount by which government final consumption expenditure was revised downward in 2013, we refer to the relevant section of the table.

In the 2013 row for government final consumption expenditure, the figures are as follows:
- Revised average level: 393,848 million dollars
- Previously published average level: 397,632 million dollars

To determine the amount revised downward, we calculate the difference between the previously published amount and the revised amount:

Revised Amount - Previously Published Amount = 393,848 - 397,632 = -3,784 million dollars

This indicates that the government final consumption expenditure was revised downward by 3,784 million dollars in 2013.

Final Answer: 3,784 million dollars"
168,what was the amount government final consumption expenditure was revised downward in 2015?,[2118],"To answer the question about how much the government final consumption expenditure was revised downward in 2015, we will look at the corresponding row in the table for that year.

In 2015 the government final consumption expenditure had the following details:
- Previously published average level: 419,848 millions of dollars
- Revised average level: 417,730 millions of dollars
- Average revision: -2,118 millions of dollars

The average revision indicates a downward revision of 2,118 millions of dollars.

Therefore, the answer to the question about how much the government final consumption expenditure was revised downward in 2015 is 2,118 million dollars.

Final Answer: 2,118 million dollars"
169,what was the percentage of the 2015 graduates who graduated with student debt still had an outstanding debt after three years?,[64.4],"The table provides data on the characteristics of graduates with student debt at graduation in 2015, highlighting their repayment statuses three years later. The relevant column for understanding how many graduates still had outstanding debt after three years is ""remaining debt,"" which shows the percentages for each level of study.

From the table, we can obtain the following percentages of graduates with remaining debt three years later:

- All levels of study: 64.4%
- College: 66.0%
- Bachelor's degree holders: 64.5%
- Master's, doctorate, and professional degree holders: 61.5%

The total percentage of all graduates from all levels of study who still had outstanding debt after three years is 64.4%. 

Therefore, the final answer to the question is:

Final Answer: 64.4%"
170,what was the percentage of graduates with a professional degree who graduated with student debt still had an outstanding debt after three years ?,[61.5],"To determine the percentage of graduates with a professional degree who had outstanding debt after three years, we need to examine the relevant data in the table. 

From the table regarding graduates with a professional degree (which falls under the ""master's, doctorate and professional degree holders"" category), we can find the following data about debt repayment status:

- Full debt repayment: 38.5%
- Remaining debt: 61.5%

The percentage of graduates with a professional degree who still had outstanding (remaining) debt after three years is represented by the ""remaining debt"" percentage. 

According to the table:
- The percentage with remaining debt for graduates with a professional degree is **61.5%**.

This percentage indicates that a significant portion of graduates with professional degrees have not fully paid off their student debt within the specified timeframe.

Final Answer: 61.5%"
171,what was the percentage of college graduates who graduated with student debt still had an outstanding debt after three years ?,[66.0],"To answer the question about the percentage of college graduates who graduated with student debt and still had an outstanding debt after three years, we will refer to the relevant information from the table provided.

Looking specifically at the section of the table for ""college"" graduates:

- The proportion of college graduates with full debt repayment is 34.0%.
- The proportion of college graduates with remaining debt is 66.0%.

From this, we can determine that the percentage of college graduates with outstanding debt after three years is 66.0%, as this figure directly represents those who did not fully repay their debts.

Final Answer: 66.0%"
172,the median student debt at graduation for those who had not repaid their debt in 2018 was at least twice as high as for those who had repaid their debt in full in three years.what was the times the median student debt at graduation for those who had not repaid their debt in 2018 higher than those who had repaid their debt in full in three years?,[2.209954],"To determine how many times higher the median student debt at graduation for those who had not repaid their debt in 2018 was compared to those who had repaid their debt in full in three years, we first extract the relevant median debt amounts from the table:

### Median Debt Amounts:
1. For those with **full debt repayment** across all levels of study: **$9,926**.
2. For those with **remaining debt** across all levels of study: **$21,936**.

### Calculation:
Now, we calculate how many times the median debt for individuals with remaining debt is higher than for those with full repayment:

\[
\text{Times higher} = \frac{\text{Median debt (remaining debt)}}{\text{Median debt (full repayment)}}
\]
\[
\text{Times higher} = \frac{21,936}{9,926} \approx 2.21
\]

Thus, the median student debt at graduation for those with remaining debt is approximately **2.21 times higher** than for those who had repaid their debt in full within three years.

### Conclusion:
Since we need to present the times rounded for a clearer understanding, we can state that the median debt for those who have not repaid their debt in 2018 is more than twice that of those who have fully repaid.

Final Answer: 2.21 times"
173,what was the median debt at graduation for those who had not repaid their debt after three years?,[21936.0],"To find the median debt at graduation for those who had not repaid their debt after three years, we will look specifically at the column labeled ""remaining debt"" across the different levels of education.

From the table, the following median debts for those with remaining debt at graduation are provided:

- All levels of study: 64.4% remaining debt: $21,936
- College: 66.0% remaining debt: $14,978
- Bachelor's degree holders: 64.5% remaining debt: $25,319
- Master's, doctorate and professional degree holders: 61.5% remaining debt: $29,815

These values represent the median debt amounts at graduation for graduates who had not fully repaid their debt three years later.

To answer the question, we simply need to list these median debt values corresponding to those who had remaining debt:

- All levels of study: $21,936
- College: $14,978
- Bachelor's degree holders: $25,319
- Master's, doctorate and professional degree holders: $29,815

Thus, the median debt at graduation for those who had not repaid any of their debt varies by educational level.

Final Answer: [21,936, 14,978, 25,319, 29,815]"
174,how many yards did fuller get in 2015?,[1258.0],"The table provides career statistics for a player at Notre Dame over the years 2013, 2014, and 2015. To answer the question about how many yards Fuller got in 2015, we can directly refer to the data presented in the table for that year.

From the table, the relevant row is:

|	year	|	team	|	receiving	|		|		|		|		|		|	
|	2015	|	notre dame	|	62	|	1,258	|	20.3	|	14	|	81	|	96.8	|

In the year 2015, the statistics indicate that Fuller had:

- **Yards:** 1,258

Thus, the number of yards Fuller achieved in 2015 is clearly stated in the table.

Final Answer: 1258"
175,what was the percentage of sexually active females aged 15 to 24 reported having used ec in the past 12 months?,[10.6],"The table provides data about the number and percentage of currently sexually active females at risk of pregnancy, aged 15 to 24, who reported using emergency contraception (EC) in the past year. 

To answer the question, we need to look at the overall percentage of sexually active females in the age group 15 to 24 who reported using EC:

From the table:
- For total females aged 15 to 24, the percentage reported using EC is **10.6%**.

This figure is mentioned directly under the column ""%"", corresponding to the row labeled ""total, 15- to 24-year-olds"". 

Thus, the percentage of sexually active females aged 15 to 24 who reported having used emergency contraception in the past 12 months is clearly stated as 10.6%.

Final Answer: 10.6%"
176,how many league goals did stefan moore score for leamington in 2017-18?,[2.0],"To determine how many league goals Stefan Moore scored for Leamington in the 2017-18 season, we can refer to the table provided. The relevant part of the table shows the statistics for Leamington over various seasons.

From the table, for Leamington in the 2017-18 season, the following information is presented:

| club           | season   | division          | apps | goals |
|----------------|----------|-------------------|------|-------|
| leamington     | 2017-18  | national league north | 10   | 2     |

This indicates that Stefan Moore played 10 matches (apps) for Leamington in the 2017-18 season and scored 2 goals in league matches.

Final Answer: 2"
177,how many goals did tottenham hotspur score for tottenham hotspur in 9 seasons?,[73.0],"To find out how many goals Tottenham Hotspur scored over the nine seasons as indicated in the table provided, we need to add up the goals scored in each season listed for Tottenham Hotspur. 

Looking at the relevant data, we have:

- **1900-01**: 1 goal
- **1901-02**: 2 goals
- **1902-03**: 7 goals
- **1903-04**: 13 goals
- **1904-05**: 7 goals
- **1905-06**: 8 goals
- **1906-07**: 7 goals
- **1907-08**: 10 goals
- **1908-09**: 18 goals

Adding these together gives:

1 + 2 + 7 + 13 + 7 + 8 + 7 + 10 + 18 = 73 goals 

Thus, we conclude that Tottenham Hotspur scored a total of 73 goals over the nine seasons.

Final Answer: 73"
178,which club did julio play for in 2015?,['atletico tucuman'],"The table provides a detailed overview of the career statistics for a player named Julio, including the clubs he played for, the seasons, the leagues, and the corresponding statistics such as appearances and goals.

To find out which club Julio played for in 2015, we can review the entries for that year in the table. 

From the data:

- The only entry that corresponds to the year 2015 is for the club ""Atletico Tucuman"" in the ""Primera B Nacional"" league, where he had a total of 24 appearances and 0 goals.

Since there is only one entry listed under the year 2015 for Julio, it is clear that he played for Atletico Tucuman during that season.

Final Answer: Atletico Tucuman"
179,"in 2013, what is the proportion of people who reported that they followed news and current affairs daily was in quebec?",[63.0],"To answer the question regarding the proportion of people in Quebec who reported that they followed news and current affairs daily in 2013, we refer to the relevant data in the table provided.

From the table, under the row for Quebec in the column labeled ""2013"", we find the following values:
- Daily: 63%

This indicates that in 2013, 63% of people in Quebec reported following news and current affairs on a daily basis.

Final Answer: 63%"
180,"in 2013, what is the proportion of people who reported that they followed news and current affairs daily was in manitoba?",[55.0],"To answer the question, we examine the table data for Manitoba in the year 2013 under the category of those who follow news and current affairs daily.

From the table, for Manitoba in 2013, the percentage of people who reported following news and current affairs daily is:

- Manitoba: 55%

This implies that 55% of individuals in Manitoba reported following news and current affairs daily in 2013.

Final Answer: 55%"
181,"in 2013, what is the proportion of people who reported that they followed news and current affairs daily was in alberta?",[53.0],"To determine the proportion of people in Alberta who reported that they followed news and current affairs daily in 2013, we look at the relevant data from the table.

From the table, for Alberta:
- In 2013, the percentage of people who followed news and current affairs daily is 53%.

Thus, the proportion of people in Alberta who reported following news and current affairs daily in 2013 is 53%.

Final Answer: 53%"
182,"in 2012, how many percentge point of aboriginal women aged 15 or older reported disabilities that limited their daily activities?",[22],"The table presents data on the prevalence of disability among women and men aged 15 or older in Canada, broken down by aboriginal identity and age group for 2011. To answer the question regarding the percentage of aboriginal women aged 15 or older who reported disabilities that limited their daily activities, we need to locate this specific figure in the table.

From the table, we can see the data for women who are classified as aboriginal:

- For women aged 15 or older, the percentage who reported disabilities is 22.0%.

The question specifically asks about the prevalence in 2012. However, since the table provides data for 2011, we will use that figure as a reference point, assuming that the prevalence in 2012 was similar unless otherwise stated in additional context (which is not provided here). 

Therefore, the percentage point for aboriginal women aged 15 or older who reported disabilities that limited their daily activities is 22.0%.

Final Answer: 22.0%"
183,"in 2012, how many percentge point of aboriginal men aged 15 or older reported disabilities that limited their daily activities?",[14.6],"To determine the percentage of aboriginal men aged 15 or older who reported disabilities that limited their daily activities according to the presented table, we specifically need to look at the figures for the age group ""15 or older"" under the ""men"" column for ""aboriginal"".

From the table:
- For aboriginal men aged 15 or older, the percentage reported is **14.6%**.

Since the question asks for the percentage of aboriginal men aged 15 or older that reported disabilities, we conclude that this percentage applies to the year 2011 (since the context specifies data from 2011). The question mentions 2012, but typically disability prevalence data stays relatively stable year on year unless specified.

Thus, the percentage of aboriginal men aged 15 or older who reported disabilities that limited their daily activities in the context of the data provided is 14.6%.

Final Answer: 14.6%"
184,how many times aboriginal women aged 15 or older were more likely than non-aboriginal women to report disabilities?,[1.496599],"To determine how many times aboriginal women aged 15 or older were more likely than non-aboriginal women to report disabilities, we will use the percent values presented in the table for women aged 15 or older.

From the table, we see:
- The percent of non-aboriginal women aged 15 or older who report disabilities is 14.7%.
- The percent of aboriginal women aged 15 or older who report disabilities is 22.0%.

Next, we can calculate the ratio of the percentage of aboriginal women to non-aboriginal women:

\[
\text{Ratio} = \frac{\text{Percentage of Aboriginal Women}}{\text{Percentage of Non-Aboriginal Women}} = \frac{22.0}{14.7}
\]

Calculating this gives us:

\[
\text{Ratio} \approx 1.5
\]

This means that aboriginal women aged 15 or older were approximately 1.5 times more likely to report disabilities than non-aboriginal women.

Final Answer: 1.5"
185,how many times aboriginal men aged 15 or older were more likely than non-aboriginal men to report disabilities?,[1.168],"To determine how many times aboriginal men aged 15 or older were more likely than non-aboriginal men to report disabilities, we look at the percentages provided in the table.

From the table:
- The percentage of aboriginal men aged 15 or older who report disabilities is 14.6%.
- The percentage of non-aboriginal men aged 15 or older who report disabilities is 12.5%.

To compare these two percentages, we will calculate the ratio of the percentage of aboriginal men to non-aboriginal men:

\[
\text{Ratio} = \frac{\text{Percentage of Aboriginal Men}}{\text{Percentage of Non-Aboriginal Men}} = \frac{14.6}{12.5} 
\]

Calculating this gives:

\[
\text{Ratio} = 1.168
\]

This indicates that aboriginal men aged 15 or older are approximately 1.168 times more likely to report disabilities compared to non-aboriginal men. For a clearer understanding, we often round to the nearest whole number and interpret it as follows:

Final Answer: 1.17 times (approximately)"
186,how many times aboriginal women aged 25 to 54 were more likely than non-aboriginal women to report disabilities?,[2.340659],"To determine how many times aboriginal women aged 25 to 54 were more likely than non-aboriginal women to report disabilities, we need to look at the percentages reported for these two groups in the specified age range.

From the table:

- The percentage of non-aboriginal women aged 25 to 54 who reported disabilities is **9.1%**.
- The percentage of aboriginal women aged 25 to 54 who reported disabilities is **21.3%**.

To find out how many times aboriginal women were more likely to report disabilities compared to non-aboriginal women, we will divide the percentage of aboriginal women by the percentage of non-aboriginal women:

\[
\text{Ratio} = \frac{\text{Percentage of Aboriginal Women}}{\text{Percentage of Non-Aboriginal Women}} = \frac{21.3}{9.1}
\]

Calculating this gives:

\[
\text{Ratio} \approx 2.34
\]

This means aboriginal women aged 25 to 54 were approximately **2.34 times** more likely to report disabilities than non-aboriginal women in the same age group.

Final Answer: 2.34"
187,how many times aboriginal women aged 55 to 64 were more likely than non-aboriginal women to report disabilities?,[1.629808],"To answer the question, we need to compare the percentage of aboriginal women aged 55 to 64 who reported disabilities with the percentage of non-aboriginal women in the same age group.

From the table, we have the following data for women aged 55 to 64:
- **Aboriginal women**: 33.9% report a disability.
- **Non-aboriginal women**: 20.8% report a disability.

To determine how many times more likely aboriginal women are to report disabilities compared to non-aboriginal women, we can set up the following ratio:

\[
\text{Ratio} = \frac{\text{Percent of Aboriginal women}}{\text{Percent of Non-Aboriginal women}} = \frac{33.9}{20.8}
\]

Calculating this gives:

\[
\text{Ratio} = \frac{33.9}{20.8} \approx 1.6308
\]

This means that aboriginal women aged 55 to 64 are approximately 1.63 times more likely than non-aboriginal women in the same age group to report disabilities.

Rounding to the nearest whole number, we find:

Final Answer: 1.63 times (or approximately 1.6 times if not rounded)"
188,how many times aboriginal women aged 65 or older were more likely than non-aboriginal women to report disabilities?,[1.525714],"The table presents data on the prevalence of disability among women and men aged 15 or older in Canada, broken down by aboriginal identity and age group, specifically focusing on the percentage of women in the age group of 65 or older.

From the table:

- The percentage of non-aboriginal women aged 65 or older reporting disabilities is 35.0%.
- The percentage of aboriginal women aged 65 or older reporting disabilities is 53.4%.

To determine how many times aboriginal women aged 65 or older were more likely than non-aboriginal women to report disabilities, we calculate the ratio of the two percentages:

Likelihood ratio = Percentage of aboriginal women / Percentage of non-aboriginal women

Using the numbers from the table:

Likelihood ratio = 53.4% / 35.0% = 1.5257 (approximately)

This means that aboriginal women aged 65 or older were approximately 1.53 times more likely than non-aboriginal women to report disabilities.

Final Answer: 1.53 times"
189,how many times aboriginal men aged 15 to 24 were more likely than non-aboriginal men to report disabilities?,[1.590909],"To determine how many times aboriginal men aged 15 to 24 were more likely than non-aboriginal men to report disabilities, we need to look at the percentage of men from both groups in that age category.

From the table:

- Percentage of non-aboriginal men aged 15 to 24 reporting disabilities: 4.4%
- Percentage of aboriginal men aged 15 to 24 reporting disabilities: 7.0%

To find out how many times aboriginal men are more likely to report disabilities compared to non-aboriginal men, we calculate the ratio of the two percentages:

\[
\text{Ratio} = \frac{\text{Percentage of Aboriginal Men}}{\text{Percentage of Non-Aboriginal Men}} = \frac{7.0}{4.4}
\]

Calculating this gives us approximately:

\[
\frac{7.0}{4.4} \approx 1.5909
\]

This means that aboriginal men aged 15 to 24 are about 1.59 times more likely than non-aboriginal men in the same age group to report disabilities.

Final Answer: Approximately 1.59 times"
190,how many times aboriginal men aged 25 to 54 were more likely than non-aboriginal men to report disabilities?,[1.493827],"To determine how many times aboriginal men aged 25 to 54 were more likely than non-aboriginal men to report disabilities, we will use the disability percentages provided in the table for both groups within this age range.

Looking at the table:

- The percentage of non-aboriginal men aged 25 to 54 reporting disabilities is 8.1%.
- The percentage of aboriginal men aged 25 to 54 reporting disabilities is 12.1%.

Now, to find out how many times aboriginal men are more likely to report disabilities compared to non-aboriginal men, we can calculate the ratio of the two percentages:

\[
\text{Ratio} = \frac{\text{Percentage of Aboriginal Men}}{\text{Percentage of Non-Aboriginal Men}} = \frac{12.1}{8.1}
\]

Calculating this gives:

\[
\text{Ratio} \approx 1.4938
\]

This means that aboriginal men aged 25 to 54 are approximately 1.49 times more likely than non-aboriginal men to report disabilities. For simplicity, we can round this value.

Final Answer: 1.5 times"
191,how many times aboriginal women aged 15 or older were more likely than non-aboriginal women to report disabilities?,[1.496599],"To answer the question regarding how many times aboriginal women aged 15 or older were more likely than non-aboriginal women to report disabilities, we can derive the relevant percentages for both groups from the given table.

From the table:
- The percentage of non-aboriginal women aged 15 or older who report disabilities is 14.7%.
- The percentage of aboriginal women aged 15 or older who report disabilities is 22.0%.

Next, we can calculate the ratio of aboriginal women to non-aboriginal women reporting disabilities:

\[
\text{Ratio} = \frac{\text{Percentage of Aboriginal Women}}{\text{Percentage of Non-Aboriginal Women}} = \frac{22.0}{14.7}
\]

Calculating this:

\[
\text{Ratio} \approx 1.5
\]

This indicates that aboriginal women aged 15 or older were approximately 1.5 times more likely than non-aboriginal women to report disabilities.

Final Answer: 1.5"
192,how many times aboriginal women aged 15 or older were more likely than same-aged non-aboriginal men to report disabilities?,[1.176],"To determine how many times aboriginal women aged 15 or older were more likely than non-aboriginal men to report disabilities, we can analyze the respective disability percentages provided for both groups.

From the table, for the age group ""15 or older"":
- Aboriginal women: 22.0%
- Non-aboriginal men: 12.5%

To find how many times more likely aboriginal women are to report disabilities compared to non-aboriginal men, we divide the percentage of aboriginal women by the percentage of non-aboriginal men:

\[
\text{Ratio} = \frac{\text{Percentage of Aboriginal Women}}{\text{Percentage of Non-Aboriginal Men}} = \frac{22.0}{12.5}
\]

Calculating this gives:

\[
\text{Ratio} = \frac{22.0}{12.5} = 1.76
\]

This means that aboriginal women aged 15 or older were approximately 1.76 times more likely to report disabilities than non-aboriginal men of the same age.

Final Answer: 1.76"
193,"using employment rates as an example, what was the percent of aboriginal people in couples were employed in 2015?",[75.1],"To find the percentage of aboriginal people in couples who were employed in 2015, we need to look specifically at the column representing the employment rate for the aboriginal population who are married or in common-law relationships.

From the table, under the employment rate for the aboriginal population who are married or common-law, the percentage is 75.1%.

Thus, the percentage of aboriginal people in couples who were employed in 2015 is 75.1%.

Final Answer: 75.1%"
194,"using employment rates as an example, what was the percent of non-aboriginal people in couples were employed in 2015?",[84.0],"In the provided table titled ""participation, employment and unemployment rates of people aged 25 to 54 by aboriginal group and marital status, 2015"", we can find the employment rate specifically for the non-aboriginal population who were married or in a common-law relationship.

Reviewing the employment rates for non-aboriginal individuals:

- The employment rate for the non-aboriginal population who are married or common-law is **84.0%**.

Thus, the percentage of non-aboriginal people in couples who were employed in 2015 is 84.0%.

Final Answer: 84.0%"
195,"using employment rates as an example, 75.1% of aboriginal people in couples were employed in 2015, as were 84.0% of their non-aboriginal counterparts, what was the difference of these two types?",[8.9],"The table presents employment rates of people aged 25 to 54 by aboriginal group and marital status for the year 2015. For the given question, we focus on the employment rates for aboriginal and non-aboriginal populations who are married or in common-law relationships.

According to the table, the statistics for employment rates are as follows:
- Employment rate for aboriginal population: 75.1%
- Employment rate for non-aboriginal population: 84.0%

To find the difference in employment rates between the non-aboriginal and aboriginal populations, we subtract the employment rate of the aboriginal population from that of the non-aboriginal population:

Difference = Employment rate of non-aboriginal population - Employment rate of aboriginal population
= 84.0% - 75.1%
= 8.9%

Thus, the difference in employment rates between the non-aboriginal and aboriginal populations in couples for the year 2015 is 8.9 percentage points.

Final Answer: 8.9"
196,"which is more likely to rate their health in positive terms ,senior women aged 65 to 74 or senior men aged 65 to 74.","['65 to 74 years', 'women']","The table provides the self-reported general health ratings for senior women and men, segmented by age group. We are specifically interested in the positive health ratings for seniors aged 65 to 74 years.

From the table, the relevant data for this age group is:
- For women aged 65 to 74 years: 83.0% report their health as positive.
- For men aged 65 to 74 years: 81.0% report their health as positive.

Comparing these percentages, we find that 83.0% of senior women aged 65 to 74 rate their health positively, while 81.0% of senior men in the same age group do. 

Since 83.0% (women) is greater than 81.0% (men), it indicates that senior women aged 65 to 74 are more likely to rate their health in positive terms compared to senior men in the same age group.

Final Answer: Senior women aged 65 to 74"
197,what are the percentages of senior women and men living in private households rated their mental health in positive terms in the 2013-2014 canadian community health survey.,[94.3],"The table presents the self-reported mental health ratings of senior women and men in Canada for the age group of 65 years and over, specifically between 2013-2014. The data includes ratings of mental health as positive, which further includes ratings of ""excellent"", ""very good"", and ""good"".

### Positive Mental Health Ratings:
From the data:
- For women, the percentages are:
  - Excellent: 32.7%
  - Very good: 35.6%
  - Good: 26.0%
  
  To calculate the total percentage of women rating their mental health positively:
  \[
  32.7\% + 35.6\% + 26.0\% = 94.3\%
  \]

- For men, the percentages are:
  - Excellent: 34.4%
  - Very good: 34.6%
  - Good: 25.3%
  
  To calculate the total percentage of men rating their mental health positively:
  \[
  34.4\% + 34.6\% + 25.3\% = 94.3\%
  \]

### Conclusion
The percentages of senior women and men who rated their mental health positively (which includes excellent, very good, and good) in the Canadian Community Health Survey of 2013-2014 are:
- Women: 94.3%
- Men: 94.3%

Final Answer: Women: 94.3%, Men: 94.3%"
198,"among both 75- to-84-year-old women and women aged 85 and over ,which were the most commonly reported primary caregivers.",['daughter'],"To answer the question regarding the most commonly reported primary caregivers among 75- to 84-year-old women and women aged 85 and over, we will analyze the table data specifically for these two age groups.

For women aged 75 to 84:
- Spouse: 20%
- Son: 20%
- Daughter: 44%
- Close friend: 5%
- Other family member, friend, or acquaintance: 11%

The highest percentage of primary caregivers for women aged 75 to 84 is from daughters, at 44%.

For women aged 85 and over:
- Spouse: 36%
- Son: 20%
- Daughter: 57%
- Close friend: 0 (not reported, represented as 'f')
- Other family member, friend, or acquaintance: 17%

The highest percentage of primary caregivers for women aged 85 and over is also from daughters, at 57%.

In both age groups (75-84 years and 85 years and over), the most commonly reported primary caregiver is the daughter.

Final Answer: [Daughter]"
199,what was the national quarterly rate at two times?,[18.6],"To determine the national quarterly rate at two points in time based on the provided table, we will focus on the rates for Canada's police-reported sexual assault figures during the specified periods.

From the table, we see the following data for Canada:

- Pre-#MeToo quarterly average rate: 15.0
- Post-#MeToo quarterly average rate: 18.6

These represent the average rates of police-reported sexual assaults for the two distinct periods surrounding the #MeToo movement.

Final Answer: [15.0, 18.6]"
200,which club did lokko play for in 2015-16?,['welling united'],"To determine which club Lokko played for in the 2015-16 season, we need to look through the provided career statistics for that specific season.

From the table:

- The clubs listed and their respective leagues and seasons span multiple years.
- The entries for the season 2015-16 show only one specific club:
  - Welling United: 38 appearances and 1 goal in the National League.

There are no other clubs listed for the season of 2015-16 in the table. Therefore, it follows that Lokko played for Welling United during that season.

Final Answer: Welling United"
201,"in 2017, how many firearm-related homicides reported in canada?",[266.0],"The table contains statistics about firearm-related homicides in various provinces and territories in Canada for the years 2016 and 2017. We are specifically interested in the number of firearm-related homicides reported across Canada in the year 2017.

From the table, we can see that the row labeled ""canada"" provides the total number of firearm-related homicides for 2017:
- In 2017, the number of firearm-related homicides was **266**.

This is a straightforward entry and represents the sum of firearm-related homicides across all provinces and territories in Canada for that year.

Final Answer: 266"
202,"in 2017, there were 266 firearm-related homicides reported in canada, what was the difference in 2016?",[43],"To find the difference in firearm-related homicides in Canada between 2016 and 2017, we need to look at the numbers provided for both years.

From the table:

- In 2017, there were **266** firearm-related homicides reported.
- In 2016, the number of firearm-related homicides was **223** (as indicated in the column for 2016).

To find the difference, we subtract the number of homicides in 2016 from the number in 2017:

Difference = 266 (2017) - 223 (2016) = 43

Thus, the difference in firearm-related homicides in Canada from 2016 to 2017 is 43.

Final Answer: 43"
203,what was the firearm-related homicide rate increased 18% from the previous year?,[0.72],"To determine the firearm-related homicide rates that increased by 18% from the previous year, we can analyze the provided rates for the years 2016 and 2017.

The relevant rates from the table are:

1. 2017:
   - Nova Scotia: 0.84
   - New Brunswick: 0.66
   - Quebec: 0.42
   - Ontario: 0.59
   - Manitoba: 0.97
   - Saskatchewan: 0.86
   - Alberta: 1.19
   - British Columbia: 1.18
   - Yukon: 5.20
   - Nunavut: 2.63
   - Canada (total): 0.72

2. 2016:
   - Nova Scotia: 0.95
   - New Brunswick: 0.40
   - Quebec: 0.32
   - Ontario: 0.59
   - Manitoba: 0.38
   - Saskatchewan: 1.48
   - Alberta: 1.04
   - British Columbia: 0.74
   - Yukon: 2.63
   - Nunavut: 0.00
   - Canada (total): 0.61

Next, we will calculate the 18% increase from each 2016 rate to see if it matches any of the 2017 rates listed.

To find the required increase:
- If \( R \) is the rate in 2016, to find the rate that would be 18% higher, we calculate: 
\[ R_{new} = R \times 1.18 \]

Now, we will calculate this for each province or territory with their respective 2016 rates:

- **Nova Scotia:**
  - 2016 Rate: 0.95
  - New Rate: \( 0.95 \times 1.18 = 1.121 \) (not equal to 0.84)
  
- **New Brunswick:**
  - 2016 Rate: 0.40
  - New Rate: \( 0.40 \times 1.18 = 0.472 \) (not equal to 0.66)
  
- **Quebec:**
  - 2016 Rate: 0.32
  - New Rate: \( 0.32 \times 1.18 = 0.3776 \) (not equal to 0.42)
  
- **Ontario:**
  - 2016 Rate: 0.59
  - New Rate: \( 0.59 \times 1.18 = 0.6962 \) (not equal to 0.59)
  
- **Manitoba:**
  - 2016 Rate: 0.38
  - New Rate: \( 0.38 \times 1.18 = 0.4484 \) (not equal to 0.97)
  
- **Saskatchewan:**
  - 2016 Rate: 1.48
  - New Rate: \( 1.48 \times 1.18 = 1.7444 \) (not equal to 0.86)

- **Alberta:**
  - 2016 Rate: 1.04
  - New Rate: \( 1.04 \times 1.18 = 1.2272 \) (not equal to 1.19)
  
- **British Columbia:**
  - 2016 Rate: 0.74
  - New Rate: \( 0.74 \times 1.18 = 0.872 \) (not equal to 1.18)
  
- **Yukon:**
  - 2016 Rate: 2.63
  - New Rate: \( 2.63 \times 1.18 = 3.1014 \) (not equal to 5.20)
  
- **Nunavut:**
  - 2016 Rate: 0.00
  - New Rate: \( 0.00 \times 1.18 = 0.00 \) (not equal to 2.63)

Now we summarize the findings:

None of the 2017 rates matched the expected rates calculated from the respective 2016 rates with an increase of 18%. Thus, there is no direct match for a rate that increased by exactly 18% from the previous year's rate.

Final Answer: None"
204,"in 2017, how many victims were reported to have been killed by a stranger?",[77.0],"To determine how many victims were reported to have been killed by a stranger in 2017, we can refer to the data presented in the table regarding the relationships between the accused and the victims.

From the table:

- The number of victims killed by a stranger in 2017 is listed under the ""stranger"" relationship type.

According to the data:

- Number of victims killed by a stranger in 2017: **77**

Thus, the answer to the question is that 77 victims were reported to have been killed by a stranger in 2017.

Final Answer: 77"
205,"how many victims in 2017 were more than in 2016, were killed by someone with whom they had a criminal relationship?",[19],"To find out how many victims in 2017 were more than in 2016, specifically in the context of victims killed by someone with whom they had a criminal relationship, we need to look at the numbers provided in the table. 

From the relevant section of the table:

- **Criminal relationship:**
  - 2017: 59 victims
  - 2016: 40 victims

Now, we calculate the difference in the number of victims between 2017 and 2016:

2017: 59 victims  
2016: 40 victims  
Difference: 59 - 40 = 19 victims

This tells us that there were 19 more victims killed in 2017 by someone with whom they had a criminal relationship compared to 2016.

Final Answer: 19"
206,which club did junior kabananga play for in 2015?,['astana'],"To answer which club Junior Kabananga played for in 2015, we refer to the given hierarchical table that tracks player statistics by club and season. 

Looking at the table entries for the year 2015, the relevant entries are:

- Astana (2015) in the Kazakhstan Premier League, where he made 13 appearances and scored 5 goals.
- Kardemir Karabukspor (2015-16) in the TFF First League, but for that season, we have information starting from 2015-16 which does not specifically mention 2015 on its own.

Since the only documented club for the year 2015 in the table is Astana, and Junior Kabananga is associated with that entry, it's concluded that he played for Astana during that year.

Final Answer: Astana"
207,what was the percentage points were they less likely to be employed full time?,[-0.083],"To determine the percentage points by which teachers are less likely to be employed full time, we need to focus on the relevant coefficient related to being employed full time in the context given in the table.

From the table, we have:
- The coefficient for ""employed full time"" is -0.083.

This coefficient indicates that, according to the regression results, the likelihood of being employed full time decreases (is less likely) by 0.083 for each unit increase in the predictor variable that is not specified here. 

Since in regression analysis, a coefficient can be interpreted in terms of percentage points when referring to probabilities (if all other factors remain constant), we can directly take this value as the measure of the decrease in likelihood. 

Thus, we can conclude that they are less likely to be employed full time by 8.3 percentage points.

Final Answer: 8.3 percentage points"
208,which club did yagmur uraz join in 2015-16?,['kirecburnu spor'],"In the provided table, we can find the career statistics detailing the different clubs and seasons in which Yagmur Uraz played. For the 2015-16 season, the table specifically lists:

- Club: Kirecburnu Spor
- Season: 2015-16
- League: First League
- Apps: 17
- Goals: 12

This indicates that during the 2015-16 season, Yagmur Uraz was a player for Kirecburnu Spor. 

Final Answer: Kirecburnu Spor"
209,"given women's greater number of work interruptions, what was the total duration combined amounted to an average of months?",[18.5],"To find the total duration combined for the average months of work interruptions among women, we need to look at the ""average duration of all work interruptions combined"" for women in the provided table context.

From the table, the average duration of work interruptions combined for women is given as:

- Average duration of all work interruptions combined: 18.5 months

This value represents the average number of months that women's work interruptions lasted when averaged across all work interruptions they experienced.

Thus, the total duration of work interruptions for women amounts to an average of 18.5 months.

Final Answer: 18.5 months"
210,"given men's greater number of work interruptions, what was the total duration combined amounted to an average of months?",[8.6],"To determine the total average duration of work interruptions for men and how it compares, we refer to the provided data from the table:

For men, the average duration of all work interruptions combined is 8.6 months.

Since the question asks for the total average duration combined, we can clarify that it pertains to the aggregate duration across all work interruptions. The average duration presented already combines the different categories of work interruptions into a singular average value.

Therefore, the final answer based on the context of the question is:

Final Answer: 8.6 months"
211,how many month did the average duration of a women's maternity or parental leave combin?,[15.2],"The table provides data on the average duration of maternity and parental leaves for women and men in Canada in 2011. The specific row of interest for the question concerns the ""average duration of all maternity/parental leaves combined"" for women.

According to the table, the average duration of all maternity and parental leaves combined for women is:

- Average duration of all maternity/parental leaves combined: **15.2 months**.

Thus, for the question regarding the average duration of women's maternity or parental leave, the clear answer from the table is 15.2 months.

Final Answer: 15.2 months"
212,how many month did the average duration of a men's maternity or parental leave combin?,[3.7],"To determine the average duration of maternity or parental leave for men, we refer to the relevant line in the table under the ""average duration of all maternity/parental leaves combined"" for men.

From the table, the average duration of maternity and parental leave combined for men is stated as follows:

- Average duration for men: **3.7 months**

Thus, the average duration of a men's maternity or parental leave combined is 3.7 months.

Final Answer: 3.7 months"
213,how many million dollars did usdia and brdis surveys perform of r&d in the united states in 2010?,[197163.0],"The table presents data on business R&D performed in the United States from 2008 to 2010, by source of funds and MNC status. To answer the question regarding how many million dollars the U.S. domestic, foreign MNCs, and linked parent companies performed in 2010, let's look at the relevant figures for that year.

The table breaks down the domestic R&D performance by different categories. The data for 2010 is as follows:

1. **U.S.-located companies**:
   - Domestic R&D performance: 278,977 million dollars

2. **Linked parent companies of U.S. MNCs**:
   - Domestic R&D performance: 197,163 million dollars

3. **Linked U.S. affiliates of foreign MNCs**:
   - Domestic R&D performance: 39,700 million dollars

Now, we can calculate the total R&D performed in 2010 by summing these values:

\[
\text{Total R&D} = 278,977 + 197,163 + 39,700 = 515,840 \text{ million dollars}
\]

Thus, the total amount spent on R&D by U.S. domestic and foreign MNCs, as well as linked companies in 2010, is 515,840 million dollars.

Final Answer: 515,840 million dollars"
214,how many percent did usdia and brdis surveys performe of the $279 billion performed by all u.s.-located companies in the same year?,[0.706736],"To determine the percentage that the US Data and Analysis (USDIA) and Business R&D and Innovation Survey (BRDIS) contributed to the overall $279 billion performed by all U.S.-located companies in 2010, we need to extract the relevant data from the provided table.

From the table we find:

- For U.S.-located companies in 2010, the **domestic R&D performance** is **$278,977 million** (or $278.977 billion).

Given that USDIA and BRDIS performed $279 billion, we compute the percentage of their performance relative to the total R&D performance by U.S.-located companies:

\[
\text{Percentage} = \left( \frac{\text{USDIA and BRDIS R&D}}{\text{Total R&D by U.S.-located companies}} \right) \times 100
\]

Plugging in the numbers:

\[
\text{Percentage} = \left( \frac{279 \text{ billion}}{278.977 \text{ billion}} \right) \times 100
\]

Calculating this gives:

\[
\text{Percentage} \approx 100.004
\]

Thus, USDIA and BRDIS performed approximately **100.004% of the $278.977 billion** performed by all U.S.-located companies.

Final Answer: 100.004%"
215,"in 2003, which club did furuholm make his veikkausliiga debut for?",['jazz'],"To answer the question regarding which club Furuholm made his Veikkausliiga debut for in 2003, we can refer to the table provided.

The relevant row in the table lists:
- Club: jazz
- Season: 2003
- League: veikkausliiga
- Apps: 4
- Goals: 0

Since the only entry for the Veikkausliiga in 2003 is the club ""jazz,"" we can conclude that this is the club for which Furuholm made his debut in the specified league and year.

Final Answer: jazz"
216,how many receiving yards did davis get in 2018?,[891.0],"The table presents data regarding player performance during different seasons in terms of receiving and rushing statistics. Specifically, we want to find the number of receiving yards that Davis achieved in the 2018 season.

From the table:

- For the year 2018, the receiving data for the team ""ten"" shows:
  - Receiving yards (yds): 891.

This indicates that Davis had a total of 891 receiving yards in the 2018 season.

Final Answer: 891"
217,which club did tarquini play for in 2014?,['union santa fe'],"The table provides career statistics for players, including information about clubs, seasons, leagues, games played (apps), and goals scored. 

Looking closely at the data under the ""club"" column, we are specifically interested in the club that Tarquini played for during the year 2014. 

From the table:
- The club ""Union Santa Fe"" is listed for the seasons 2013-14 and 2014 with corresponding stats showing apps and goals. 
- In the section for Union Santa Fe for the year 2014, the team had 4 apps and 0 goals.

There are no entries listed for the club ""Brown"" during the year 2014, which confirms that Tarquini played solely for Union Santa Fe during that time.

Thus, we can conclude that Tarquini played for Union Santa Fe in 2014.

Final Answer: Union Santa Fe"
218,what was weekly wage of families among minimum wage workers who were spouses/partners in dual-earner couples in early 2018?,[1435.0],"To determine the weekly wage of families among minimum wage workers who were spouses/partners in dual-earner couples in early 2018, we refer to the relevant data in the provided table.

From the table, we can find:

- For Group 3 (persons aged 15 to 64 who are spouses/partners in dual-earner couples):
  - **Average weekly wages** of minimum wage workers: 385
  - **Median weekly wages** of minimum wage workers: 404

Thus, the average weekly wage for this group of minimum wage workers is 385, and the median weekly wage is 404.

Since the question specifies a value for ""weekly wage,"" it can refer to either the average or the median weekly wage. Depending on the framing of the question, typically, for standard responses about wages, the average would be more commonly cited. Therefore, the average weekly wage of families among minimum wage workers who were spouses/partners in dual-earner couples is 385.

Final Answer: 385"
219,"what was weekly wage of families among minimum wage workers who were single, lone parents or partners in single-earner couples in early 2018?",[454.0],"To answer the question regarding the weekly wage of families among minimum wage workers who were single, lone parents, or partners in single-earner couples in early 2018, we need to focus on Group 2 from the table provided.

From the table:
- Group 2 represents ""persons aged 15 to 64 who are unattached, lone parents or spouses/partners in single-earner couples.""
- The section for ""weekly wages of minimum wage workers"" indicates that:

  - The average weekly wage for Group 2 is **380**.
  - The median weekly wage for Group 2 is **404**.

Both values are relevant, but the question does not specify whether to report average or median. Typically, the average is a widely used statistic in economic contexts, but many analyses also use the median due to its robustness against outliers.

Since the question asks for the ""weekly wage"" generically, we'll provide both average and median values for completeness.

Final Answer: Average: 380, Median: 404"
220,what were average total weekly wages adjusted for family size among those that were spouses/partners in dual-earner couples?,[817.0],"The context provides a detailed breakdown of various groups of minimum wage workers, including their characteristics and wages. To answer the question about the average total weekly wages adjusted for family size among those that were spouses/partners in dual-earner couples (group 3), we need to refer to the relevant data presented in the table.

In the table for Group 3 (persons aged 15 to 64 who are spouses/partners in dual-earner couples), we see the following information regarding weekly wages:

- Average weekly wage of minimum wage workers: 385
- Average family size: 3.3

The question asks for the average total weekly wages adjusted for family size. This concept typically involves dividing the average weekly wage by the average family size to understand the wage in relation to household composition.

Calculating the average total weekly wages adjusted for family size in Group 3:
- Average weekly wage of minimum wage workers: 385
- Average family size: 3.3

Average total weekly wage adjusted for family size = Average weekly wage / Average family size  
= 385 / 3.3 ≈ 116.36

Thus, the average total weekly wages adjusted for family size among those that were spouses/partners in dual-earner couples is approximately 116.36.

Final Answer: 116.36"
221,"what were average total weekly wages adjusted for family size among those that were unattached, lone parents or spouses/partners in single-earner couples?",[347.0],"To find the average total weekly wages adjusted for family size among those that are unattached, lone parents, or spouses/partners in single-earner couples, we will look specifically at Group 2 from the provided table.

From the table:

- The average weekly wages of minimum wage workers in Group 2 are $380.
- The average family size for Group 2 is 2.0.

To get the average total weekly wages adjusted for family size, we can divide the average weekly wages by the average family size. 

Calculating this:
- Adjusted weekly wages = Average weekly wages / Average family size
- Adjusted weekly wages = $380 / 2.0 = $190

Thus, the average total weekly wages adjusted for family size among those that are unattached, lone parents or spouses/partners in single-earner couples are $190.

Final Answer: 190"
222,which club did tede play for in 2003-04?,['cacereno'],"To answer the question about which club Tede played for in the season 2003-04, we first need to analyze the given table. The table lists various clubs along with their seasons, leagues, match statistics (apps and goals) for different types of competitions, as well as a career total.

The entry for the season 2003-04 shows data for the club ""cacereno"" in the ""segunda division b"" league. However, there is no mention of a player named Tede in the table regarding the 2003-04 season.

Since the question specifically asks about Tede's club for that season, it appears that the table does not provide direct information confirming Tede's participation or the club he was affiliated with during that time. 

Given the context, it seems likely that more information might be needed to accurately answer the question about Tede.

Final Answer: Unknown"
223,which club did darren murphy play for in 2017?,['avondale united'],"The table provides career statistics for various clubs, but it doesn't specify the player Darren Murphy's full career context. However, by examining the table, we find the club listed for 2017:

- Under ""avondale united"", it shows that in 2017, the player made 0 appearances and scored 0 goals in the Munster Senior League.

Since this is the only record available for 2017 in the context of clubs, we conclude that Darren Murphy played for Avondale United in 2017.

Final Answer: Avondale United"
224,"in nunavut in 2016, how many inuit with inuktut as their mother tongue who never spoke their mother tongue at home?",[630],"To determine the number of Inuit in Nunavut in 2016 who have Inuktut as their mother tongue but never spoke it at home, we refer to the devitalization factors outlined in the table.

The relevant data point from the table is:
- Non-transmission of mother tongue: -7,075

This entry indicates that there was a loss of 7,075 numbers attributed to non-transmission of the mother tongue among the Inuit community. It signifies the number of individuals who never used their mother tongue at home. Therefore, the number of Inuit individuals with Inuktut as their mother tongue who never spoke it at home is equal to the absolute value of the non-transmission of mother tongue loss, which is 7,075.

Final Answer: 7075"
225,"in nunavut in 2016, what was the percent of the inuit population (negative factor of 2.1 percentage points)?",[2.1],"The table provides information on devitalization factors and mitigating factors for Inuktut in Nunavut, 2016. To find the percentage associated with the negative factor of 2.1 percentage points, we look for the entry that lists this specific negative factor.

From the table, we see that the negative factor of -2.1 percentage points corresponds to the ""complete language transfers"" devitalization factor, which had a number of -630.

Based on the context, the -2.1 percentage points describe how much the complete language transfers contribute to the overall devitalization of the Inuktut language.

However, the question specifically asks for the ""percent of the Inuit population"" related to this factor. The percent represented by -2.1 is strictly a contribution to the overall language health of the population rather than a direct percentage of the Inuit population.

Even though it is clear that -2.1 percentage points reflect a decline due to the complete language transfers, the question about ""percent of the Inuit population"" may not be directly answered by this figure, since it measures a negative impact rather than a percentage of the entire population.

Thus, the best interpretation of the context leads us to conclude that the percent associated with this devitalization factor is indeed the -2.1 percentage points for complete language transfers.

Final Answer: -2.1"
226,how many inuit learned inuktut as a second language?,[450.0],"Based on the provided table regarding the devitalizing and mitigating factors for inuktut usage in Nunavut in 2016, it mentions several mitigating factors that might indicate the number of Inuit who speak or use Inuktut as a second language.

Looking closely at the relevant figures in the ""mitigating factors"" section:

1. **Total mitigating factors** pertaining to `use of inuktut at home among Inuit who do not report it as mother tongue` is **3,445**. 
2. There is an additional mention of **secondary use** (which could indicate second language usage) having a count of **2,920**.

These figures do not directly state the number of Inuit who learned Inuktut specifically as a second language; however, the context suggests that a significant number of Inuit are using Inuktut at home, even if it is not their primary or reported mother tongue.

Since learning a language often indicates some degree of fluency or usage at home:
- The **total** of **3,445** is for usage without reporting it as a mother tongue.
- The **2,920** of **secondary use** directly suggests that these individuals utilize Inuktut alongside their primary language.

To assess the number of Inuit learning Inuktut as a second language, one might reasonably conclude that the individuals counted in these categories represent those who learned Inuktut in some capacity, either through environment or community usage.

Given this analysis, while we cannot pinpoint the exact count of Inuit who learned Inuktut as a second language from the table directly, we can summarize that:

**Final Answer**: 3,445 (for those using Inuktut at home without it being their mother tongue) + 2,920 (for secondary use) suggest that a significant group here reflects those who are likely learning it in some form."
227,"how many percentage points did these second-language speakers contribute to the vitality of inuktut, since they can use this language outside the home?",[1.5],"To determine the contribution of second-language speakers to the vitality of Inuktut, we should focus on the relevant entries in the table. 

The category of interest from the provided context mentions ""secondary speakers."" Here’s the breakdown from the table:

1. For Inuktut among Inuit:
   - Secondary speakers: 450 speakers contribute 1.5 percentage points to the vitality.
  
2. For Inuktut among Non-Inuit:
   - Secondary speakers: 130 speakers contribute 0.4 percentage points to the vitality.

To find the total contribution of second-language speakers (both Inuit and Non-Inuit) to the vitality of Inuktut, we sum the contributions from both groups:

- Contribution from Inuit secondary speakers: 1.5 percentage points.
- Contribution from Non-Inuit secondary speakers: 0.4 percentage points.
  
Total contribution = 1.5 + 0.4 = 1.9 percentage points.

Therefore, the contribution of second-language speakers to the vitality of Inuktut is 1.9 percentage points.

Final Answer: 1.9"
228,how many times were aboriginal people more likely to report having ever been homeless or temporarily having to live with someone than non-aboriginal people?,[2.5],"To determine how many times more likely Aboriginal people were to report having ever been homeless or temporarily having to live with someone compared to non-Aboriginal people, we need to compare the percentages provided in the table.

From the table, we see:

- The percentage of Aboriginal people who reported having ever been homeless is 20%.
- The percentage of non-Aboriginal people who reported the same is 8%.

Next, we can calculate how many times more likely Aboriginal people are to report this:

\[
\text{Ratio} = \frac{\text{Percentage of Aboriginal people}}{\text{Percentage of non-Aboriginal people}} = \frac{20}{8} = 2.5
\]

Thus, Aboriginal people are 2.5 times more likely to report having ever been homeless or temporarily living somewhere because they had nowhere else to live compared to non-Aboriginal people.

Final Answer: 2.5"
229,how many times were aboriginal people more likely to report using drugs during the month prior to the survey than non-aboriginal people?,[2.285714],"In the provided table, we focus on the characteristic of drug use during the month preceding the survey, specifically the reported percentages for aboriginal and non-aboriginal people:

- For aboriginal people, the percentage who reported using drugs at least once is 16%.
- For non-aboriginal people, the percentage who reported using drugs at least once is 7%.

To determine how many times more likely aboriginal people were to report drug use compared to non-aboriginal people, we can calculate the ratio of the two percentages:

\[
\text{Ratio} = \frac{\text{Percent of aboriginal people using drugs}}{\text{Percent of non-aboriginal people using drugs}} = \frac{16\%}{7\%} = \frac{16}{7} \approx 2.29
\]

This shows that aboriginal people were approximately 2.29 times more likely to report using drugs during the month prior to the survey than non-aboriginal people.

Final Answer: 2.29 times"
230,how many times were aboriginal people more likely to report fair or poor mental health than non-aboriginal people?,[2],"To analyze how many times aboriginal people are more likely to report fair or poor mental health compared to non-aboriginal people, we can look at the specific entries related to self-rated mental health in the table.

From the table:
- The percentage of aboriginal people who rated their mental health as ""fair or poor"" is 10%.
- The percentage of non-aboriginal people who rated their mental health as ""fair or poor"" is 5%.

To find how many times aboriginal people are more likely to report fair or poor mental health, we can calculate the ratio of these two percentages:

\[
\text{Ratio} = \frac{\text{Percentage of aboriginal people with fair or poor mental health}}{\text{Percentage of non-aboriginal people with fair or poor mental health}} = \frac{10}{5} = 2
\]

This means that aboriginal people are 2 times more likely to report fair or poor mental health than non-aboriginal people.

Final Answer: 2 times"
231,how many times were aboriginal people more likely to perceive social disorder in their neighbourhood than non-aboriginal people?,[1.454545],"To determine how many times aboriginal people were more likely to perceive social disorder in their neighbourhood compared to non-aboriginal people, we can evaluate the percentages provided in the table for the perception of social disorder.

From the table:
- The percentage of aboriginal people who perceive social disorder in their neighbourhood is 32%.
- The percentage of non-aboriginal people who perceive social disorder in their neighbourhood is 22%.

To find how many times aboriginal people are more likely to perceive social disorder, we can set up the following calculation:

(Percentage of Aboriginal People perceiving disorder) / (Percentage of Non-Aboriginal People perceiving disorder) = 32% / 22%

Calculating this gives us:

32 / 22 = 1.4545 (approximately)

Therefore, aboriginal people are approximately 1.45 times more likely to perceive social disorder in their neighbourhood than non-aboriginal people. 

We can round this value for needs of clarity:

So we would say they are about 1.5 times more likely.

Final Answer: 1.5"
232,how many times were aboriginal people more likely to have a disability than non-aboriginal people?,[1.333333],"The table presents percentages of selected social or demographic characteristics for aboriginal and non-aboriginal people in 2014. Specifically, we need to examine the data related to disabilities.

From the table:

- The percentage of aboriginal people with a disability is 32%.
- The percentage of non-aboriginal people with a disability is 24%.

To find out how many times aboriginal people were more likely to have a disability compared to non-aboriginal people, we can set up the following ratio:

\[
\text{Ratio} = \frac{\text{Percentage of Aboriginal People}}{\text{Percentage of Non-Aboriginal People}} = \frac{32}{24} = \frac{4}{3} \approx 1.33
\]

This means that aboriginal people are approximately 1.33 times more likely to have a disability than non-aboriginal people.

Final Answer: 1.33 times"
233,how many times were aboriginal people more likely to participate in more than 20 evening activities per month than non-aboriginal people?,[1.333333],"To determine how many times Aboriginal people were more likely to participate in more than 20 evening activities per month compared to non-Aboriginal people, we need to examine the relevant data from the provided table.

From the table, we extract the following information relating to evening activities:

| Number of evening activities | Aboriginal people (%) | Non-aboriginal people (%) |
|------------------------------|-----------------------|----------------------------|
| 21 or more                   | 32                    | 24                         |

The percentages indicate the proportion of each group that participates in 21 or more evening activities. 

To find out how many times more likely Aboriginal people are to participate in this category than non-Aboriginal people, we can use the following calculation:

\[
\text{Ratio} = \frac{\text{Percentage of Aboriginal people}}{\text{Percentage of Non-aboriginal people}} = \frac{32}{24}
\]

Calculating this gives:

\[
\text{Ratio} = \frac{32}{24} = \frac{4}{3} \approx 1.33
\]

This means that Aboriginal people are approximately 1.33 times more likely to participate in more than 20 evening activities per month than non-Aboriginal people.

Final Answer: 1.33"
234,how many times were aboriginal people more likely to have engaged in binge drinking during the month prior to the survey than non-aboriginal people?,[1.153846],"To determine how many times more likely Aboriginal people were to engage in binge drinking during the month prior to the survey compared to non-Aboriginal people, we need to look at the percentages provided in the table for binge drinking behavior.

From the table, we have:

- Aboriginal people who reported binge drinking (defined as having five or more alcoholic drinks in one sitting) at least once: **30%**
- Non-Aboriginal people who reported binge drinking at least once: **26%**

Now, to calculate how many times more likely Aboriginal people are to engage in binge drinking compared to non-Aboriginal people, we set up the following ratio:

\[
\text{Ratio} = \frac{\text{Percentage of Aboriginal binge drinkers}}{\text{Percentage of Non-Aboriginal binge drinkers}} = \frac{30}{26}
\]

Calculating this gives:

\[
\frac{30}{26} \approx 1.1538
\]

This result indicates that Aboriginal people are approximately 1.15 times more likely to have engaged in binge drinking during the month preceding the survey compared to non-Aboriginal people.

Final Answer: 1.15 times"
235,how many receiving yards did beasley get in 2016?,[833.0],"To answer the question regarding how many receiving yards Beasley got in 2016, we need to refer to the data provided in the table under the relevant year for the team ""dal"" (Dallas).

From the table:

- In 2016, the entries for the ""dal"" team are:
  - Games played (gp): 16
  - Games started (gs): 6
  - Receptions (rec): 75 
  - Yards (yds): 833
  - Average yards per reception (avg): 11.1
  - Longest reception (lng): 47
  - Touchdowns (td): 5

Thus, the number of receiving yards Beasley had in 2016 is 833.

Final Answer: 833"
236,"in 2015,what were the increased number of homicides in alberta, saskatchewan and ontario respectively?","[27, 19, 18]","To determine the increased number of homicides in Alberta, Saskatchewan, and Ontario for the year 2015, we need to analyze the data from the previous year’s numbers (2014) and compare them with the numbers for 2015.

From the table:

- **Alberta**:
  - 2014: 106
  - 2015: 133
  - Increase = 133 - 106 = 27

- **Saskatchewan**:
  - 2014: 24
  - 2015: 43
  - Increase = 43 - 24 = 19

- **Ontario**:
  - 2014: 156
  - 2015: 174
  - Increase = 174 - 156 = 18

Now we can summarize the increased number of homicides in Alberta, Saskatchewan, and Ontario respectively:

- Increased number of homicides in Alberta: 27
- Increased number of homicides in Saskatchewan: 19
- Increased number of homicides in Ontario: 18

Final Answer: [27, 19, 18]"
237,"what were the increases in the number of firearm-related homicides from 2014 in alberta,saskatchewan, manitoba and ontario respectively?","[13, 7, 3, 3]","To determine the increases in the number of firearm-related homicides from 2014 in Alberta, Saskatchewan, Manitoba, and Ontario, we will look at the number of victims in 2014 and the number of victims in 2015 for each province.

From the table:

- For Alberta:
  - 2015: 49 victims
  - 2014: 36 victims
  - Increase: 49 - 36 = 13 victims

- For Saskatchewan:
  - 2015: 11 victims
  - 2014: 4 victims
  - Increase: 11 - 4 = 7 victims

- For Manitoba:
  - 2015: 7 victims
  - 2014: 4 victims
  - Increase: 7 - 4 = 3 victims

- For Ontario:
  - 2015: 49 victims
  - 2014: 46 victims
  - Increase: 49 - 46 = 3 victims

Now, we can summarize the increases:

- Alberta: 13 victims
- Saskatchewan: 7 victims
- Manitoba: 3 victims
- Ontario: 3 victims

Final Answer: [13, 7, 3, 3]"
238,which club did akpo sodje appear in the chinese super league in 2012?,['tianjin teda'],"The table provides a detailed summary of various clubs, their seasons, divisions, league participation, and statistics such as appearances and goals. To answer the question about Akpo Sodje's participation in the Chinese Super League in 2012, we need to inspect the club listed for that year.

From the table:

- Under the year 2012, we see that ""tianjin teda"" is the club listed in the Chinese Super League, with statistics showing 10 appearances and 1 goal.

Since the context refers to Akpo Sodje, he did indeed play for ""tianjin teda"" in 2012 during his stint in the Chinese Super League.

Final Answer: Tianjin Teda"
239,how many rushing yards didjohnson get in 2016?,[358.0],"To answer the question of how many rushing yards Johnson (presumably referring to a player) got in 2016, we can extract the relevant data from the provided table under the season for the Cleveland Browns in 2016.

From the table:

- In the **2016 season**, the entry for the Cleveland Browns shows:
  - **Rushing Yards** (yds) = **358**

Thus, Johnson accumulated **358 rushing yards** in 2016.

Final Answer: 358"
240,"among seniors who did report time spent on unpaid household work,who spent the least time in this activity?",['fair or poor'],"To determine which group of seniors spent the least time on unpaid household work according to the provided table, we need to focus on the ""average time spent"" on this activity categorized by self-rated health.

The average time spent on unpaid household work for each self-rated health category is as follows:

- Excellent or very good: 3.4 hours
- Good: 3.2 hours
- Fair or poor: 2.9 hours

From these values, we can see that the category with the least amount of time spent on unpaid household work is ""fair or poor,"" with an average of 2.9 hours.

Thus, the group that spent the least time on unpaid household work among seniors who reported time spent on this activity is those with a self-rated health status of ""fair or poor.""

Final Answer: Fair or poor"
241,what were the average time spent on unpaid work for those who reported fair or poor health and for those in excellent or very good health respectively?,"[2.9, 3.4]","To answer the question regarding the average time spent on unpaid household work for those who reported fair or poor health compared to those in excellent or very good health, we need to examine the corresponding values from the table provided.

From the table, we can find the following data regarding average time spent on unpaid household work:

- For individuals reporting **excellent or very good health**, the average time spent is **3.4 hours**.
- For individuals reporting **fair or poor health**, the average time spent is **2.9 hours**.

Therefore, we can conclude the average times for each health category:

- **Excellent or Very Good Health**: 3.4 hours
- **Fair or Poor Health**: 2.9 hours

Final Answer: Excellent or very good health: 3.4 hours; Fair or poor health: 2.9 hours."
242,"among those who watched television,how many hours did the average time spent by those who reported their health as fair or poor more than those who reported their health excellent or ver good?",[1.2],"To answer the question, we will focus on the activities related to watching television and compare the average time spent on that activity by individuals with different self-rated health statuses. 

From the context provided in the table, we have the following data for watching television and videos:

- Average time spent by those who reported their health as **excellent or very good**: 3.7 hours
- Average time spent by those who reported their health as **fair or poor**: 4.9 hours

To find how many hours the average time spent by those who reported their health as fair or poor exceeds that of those who reported their health as excellent or very good, we perform the calculation:

4.9 hours (fair or poor) - 3.7 hours (excellent or very good) = 1.2 hours 

This indicates that individuals who rated their health as fair or poor spent, on average, 1.2 hours more watching television compared to those who rated their health as excellent or very good.

Final Answer: 1.2 hours"
243,"who spent more time sleeping,those in fair or poor health or seniors in excellent or very good health?",['fair or poor'],"To determine who spent more time sleeping—those in fair or poor health or seniors in excellent or very good health—we can analyze the data provided in the table.

From the table, we have the average time spent sleeping for different health ratings:
- For those rated as ""excellent or very good"": 8.9 hours.
- For those rated as ""fair or poor"": 9.5 hours.

Now, we compare the two averages:
- People with fair or poor health spend an average of 9.5 hours sleeping.
- People in excellent or very good health spend an average of 8.9 hours sleeping.

Since 9.5 hours (fair or poor health) is greater than 8.9 hours (excellent or very good health), it shows that individuals in fair or poor health spend more time sleeping than those in excellent or very good health.

Final Answer: Those in fair or poor health."
244,how many touchdowns did danny wuerffe get in 1996?,[39],"To determine how many touchdowns Danny Wuerffel achieved in 1996, we must refer to the given ""college statistics"" table where passing statistics are listed for various seasons.

Looking specifically at the row for the year 1996, we see the following passing statistics:

- Touchdowns (td): 39

Thus, Danny Wuerffel had 39 touchdowns in the year 1996.

Final Answer: 39"
245,how many percentage points did the employment rates of canadian men without a bachelor's degree fall from 2000 to 2017?,[0.7],"The provided table indicates changes in employment shares for men and women aged 25 to 54 without a bachelor's degree in Canada and the United States from 2000 to 2017. To answer the question regarding Canadian men without a bachelor's degree, we need to focus specifically on the row that addresses the changes in employment rate for men.

From the table, the change in employment rate for Canadian men between 2000 and 2017 is noted in the last row labeled ""changes in employment rate."" The value for men in Canada under the ""change between 2000 and 2017"" column indicates a decrease of 0.7 percentage points.

Final Answer: 0.7"
246,how many percentage points did the employment rates of american men without a bachelor's degree fall from 2000 to 2017?,[5],"To determine how many percentage points the employment rates of American men without a bachelor's degree fell from 2000 to 2017, we look at the relevant row for American men in the ""changes in employment rate"" section of the table.

From the table, the change in employment rate for American men without a bachelor's degree from 2000 to 2017 is given as:

- For American men: **-5.0 percentage points**

This indicates that the employment rates for men fell by 5.0 percentage points during the specified period.

Final Answer: 5.0"
247,how many percentage points did the share of canadian men employed in construction increase from 2000 to 2017?,[5.6],"To determine how many percentage points the share of Canadian men employed in construction increased from 2000 to 2017, we need to look at the data specific to men in the construction industry from the provided table.

From the table, the change in the employment shares of men in construction in Canada between 2000 and 2017 is given as 5.6 percentage points. This indicates that the share of men employed in construction increased by this amount over the specified period.

Final Answer: 5.6"
248,how many percentage points did the share of american men employed in construction rise from 2000 to 2017?,[0.1],"In the provided table, we need to focus specifically on the row that details the changes in employment shares for the construction industry among men.

The table indicates the change in employment shares for men in construction (for both Canada and the United States) between 2000 and 2017:

- For American men (United States), the change is recorded as **0.1 percentage points**.

Thus, the share of American men employed in construction rose by **0.1 percentage points** from 2000 to 2017.

Final Answer: 0.1"
249,how many percentage points did the mployment rate increase among canadian women aged 25 to 54 without a bachelor's degree from 2000 to 2017?,[3.8],"The table indicates the changes in employment shares for men and women aged 25 to 54 without a bachelor's degree in Canada and the United States from 2000 to 2017, with a specific focus on Canadian women.

From the table, the change in employment rate for Canadian women in the row labeled ""changes in employment rate"" is as follows:
- Employment rate change for women = 3.8 percentage points.

This indicates that the employment rate among Canadian women aged 25 to 54 without a bachelor's degree increased by 3.8 percentage points from 2000 to 2017.

Final Answer: 3.8"
250,how many percentage points did the mployment rate increase among american women aged 25 to 54 without a bachelor's degree from 2000 to 2017?,[5.4],"In the provided table, the changes in employment rates for American women aged 25 to 54 without a bachelor's degree are documented. The entry for ""changes in employment rate"" specifically shows the amount of change in percentage points over the period from 2000 to 2017.

Looking at the table:

- The change in the employment rate for women in the United States from 2000 to 2017 is shown as:
  
For American women:
- Change in employment rate: **-5.4 percentage points**

This indicates a decrease, not an increase, in the employment rate among American women during this time frame.

Thus, the answer to how many percentage points the employment rate increased is actually a negative number, implying that the employment rate for American women aged 25 to 54 without a bachelor's degree decreased by 5.4 percentage points.

Final Answer: -5.4"
251,what was the overall change in the employment rate of women aged 25 to 54 without a bachelor's degree from 2000 to 2017?,[9.2],"To find the overall change in the employment rate of women aged 25 to 54 without a bachelor's degree from 2000 to 2017, we need to focus on the relevant data from the table. 

The table indicates several categories of employment changes, and at the bottom, there is a summary of the changes in employment rates. The specific change in employment rate for women is:

- Change in employment rate for women: +3.8 percentage points

This means that, overall, the employment rate for women in the specified demographic increased by 3.8 percentage points from 2000 to 2017.

Final Answer: 3.8 percentage points"
252,"of the difference in the overall change in the employment rate of women aged 25 to 54 without a bachelor's degree, how many percentage points was attributable to the increase in the share of canadian women employed in educational services, health care and social assistance from 2000 to 2017?",[3.9],"To address the question about the employment rate of women aged 25 to 54 without a bachelor's degree in Canada from 2000 to 2017, we need to analyze the data provided in the table and focus on the specific sector mentioned: educational services, health care, and social assistance.

From the table, we see the following changes in employment shares for women from 2000 to 2017:
- In educational services, health care, and social assistance, Canadian women experienced a change of **4.8** percentage points.

Additionally, the overall change in the employment rate for women aged 25 to 54 is also indicated at the bottom of the table. Here, it states:
- Change in employment rate for women: **3.8 percentage points**.

The question asks how many percentage points of the overall change in the employment rate of women was attributable to the increase in the share of Canadian women employed in this particular sector. 

Given that the change in employment share in educational services, health care, and social assistance (4.8 percentage points) is greater than the overall change in employment rate for women (3.8 percentage points), we conclude that the entire difference in the employment rate cannot all be wholly attributed to this increase, since the sector's growth surpassed the overall change.

Since the positive change in employment share for the sector (4.8) exceeds the overall change in employment rate (3.8), it suggests that other sectors or factors might have negatively impacted women's employment or other sectors might have seen declines.

Therefore, the specific attribution of the overall change cannot exceed the change recorded in the overall employment rate.

**Final Answer: 3.8** "
253,"regardless of the region considered, when was the employment rate of men aged 25 to 54 without a bachelor's degree higher, in 2000 or in 2017?",[2000.0],"To determine when the employment rate of men aged 25 to 54 without a bachelor's degree was higher—2000 or 2017—we can look at the employment rates presented in the table across all regions.

From the table:

- In **2000**, the employment rates for men in various regions were as follows:
  - New England: 87.6%
  - Middle Atlantic: 84.7%
  - East North Central: 87.4%
  - West North Central: 88.9%
  - South Atlantic: 87.4%
  - South Central: 85.8%
  - Mountain: 88.9%
  - Pacific: 85.9%
  - All Regions: 86.7%

- In **2017**, the employment rates for men were as follows:
  - New England: 83.5%
  - Middle Atlantic: 79.7%
  - East North Central: 81.1%
  - West North Central: 85.0%
  - South Atlantic: 81.6%
  - South Central: 81.1%
  - Mountain: 84.7%
  - Pacific: 81.8%
  - All Regions: 81.8%

By comparing these rates:

- In **2000**, the all-regions employment rate for men was **86.7%**.
- In **2017**, the all-regions employment rate for men dropped to **81.8%**.

Since 86.7% (2000) > 81.8% (2017), we can conclude that the employment rate of men aged 25 to 54 without a bachelor's degree was higher in **2000** than in **2017**.

Final Answer: 2000"
254,"regardless of the region considered, when was the employment rate of women aged 25 to 54 without a bachelor's degree higher, in 2000 or in 2017?",[2000.0],"To determine when the employment rate of women aged 25 to 54 without a bachelor's degree was higher—either in 2000 or in 2017—we can refer to the relevant data from the table provided.

From the table, the employment rates for women in the specified years are as follows:

- **In 2000:** The employment rate was **71.4%** (all regions).
- **In 2017:** The employment rate was **66.0%** (all regions).

Now, we will compare the two percentages:
- **2000:** 71.4%
- **2017:** 66.0%

It is clear that the employment rate for women in the age group of 25 to 54 without a bachelor's degree was higher in **2000** than in **2017**.

Final Answer: 2000"
255,which sectors witnessed the canada-u.s. difference in wage growth amounted to 15 percentage points or more from 2000 to 2017?,"['construction', 'mining, quarrying and oil and gas extraction', 'public administration']","To determine which sectors experienced a Canada-U.S. difference in wage growth of 15 percentage points or more from 2000 to 2017, we need to analyze the wage growth figures for both men and women across the various industries listed in the table.

We will calculate the Canada-U.S. difference for each sector by subtracting the wage growth percentage in the United States from that in Canada.

Here's the breakdown for each sector:

1. **Agriculture, Forestry, Fishing and Hunting**:
   - Men: 2.5 - 13.7 = -11.2
   - Women: 17.3 - 3.0 = 14.3
   - Difference: 14.3 > 15 (not enough)

2. **Mining, Quarrying and Oil and Gas Extraction**:
   - Men: 26.4 - 4.4 = 22.0
   - Women: 25.9 - (-1.1) = 27.0
   - Difference: Both are more than 15

3. **Construction**:
   - Men: 15.6 - (-2.2) = 17.8
   - Women: 20.3 - 5.3 = 15.0
   - Difference: Men sector qualifies, women does not.

4. **Manufacturing**:
   - Men: -2.2 - (-4.0) = 1.8
   - Women: 10.2 - 0.6 = 9.6 
   - Difference: Not applicable.

5. **Wholesale Trade and Retail Trade**:
   - Men: 2.9 - (-6.4) = 9.3
   - Women: 18.7 - 1.4 = 17.3
   - Difference: Women sector qualifies.

6. **Finance, Insurance and Real Estate**:
   - Men: 4.2 - (-3.6) = 7.8
   - Women: 16.2 - 1.9 = 14.3
   - Difference: Not applicable.

7. **Educational Services, Health Care and Social Assistance**:
   - Men: 9.3 - (-1.6) = 10.9
   - Women: 10.0 - 2.2 = 7.8 
   - Difference: Not applicable.

8. **Accommodation and Food Services**:
   - Men: 10.6 - 2.1 = 8.5
   - Women: 20.6 - 7.5 = 13.1
   - Difference: Not applicable.

9. **Public Administration**:
   - Men: 18.4 - (-5.1) = 23.5
   - Women: 17.7 - (-7.1) = 24.8
   - Difference: Both are more than 15.

10. **Other Services**:
    - Men: 2.8 - (-8.9) = 11.7
    - Women: 7.2 - (-4.0) = 11.2 
    - Difference: Not applicable.

11. **All Industries**:
    - Men: 4.2 - (-5.5) = 9.7
    - Women: 9.3 - 1.1 = 8.2
    - Difference: Not applicable.

Based on the above calculations, the sectors witnessing a Canada-U.S. difference in wage growth of 15 percentage points or more from 2000 to 2017 are:
1. Mining, Quarrying and Oil and Gas Extraction (Men and Women)
2. Construction (Men only)
3. Wholesale Trade and Retail Trade (Women only)
4. Public Administration (Men and Women)

Final Answer: Mining, Quarrying and Oil and Gas Extraction; Construction; Wholesale Trade and Retail Trade; Public Administration"
256,how many percentage points did the canada-u.s. difference in wage growth for men employed in manufacturing amount to from 2000 to 2017?,[1.8],"To determine the Canada-U.S. difference in wage growth for men employed in manufacturing from 2000 to 2017, we examine the percentage growth in wages listed in the table for men in both Canada and the United States:

- In Canada, the percentage growth in real median hourly wages for men in manufacturing is **-2.2%**.
- In the United States, the percentage growth in real median hourly wages for men in manufacturing is **-4.0%**.

Next, we compute the difference between the two percentages:

Difference = (Canada wage growth) - (U.S. wage growth)
= (-2.2) - (-4.0)
= -2.2 + 4.0
= 1.8 percentage points

This result indicates that even though both countries experienced negative wage growth, the decline in Canada was less severe compared to the U.S. Therefore, the Canada-U.S. difference in wage growth for men in manufacturing from 2000 to 2017 amounted to **1.8 percentage points**.

Final Answer: 1.8"
257,how many rushing yards did russell wilson get in 2012?,[489.0],"The table provides data on the performance of a specific team across multiple seasons, including statistics for games played, passing, and rushing for the 2012 season.

Focusing on the 2012 season, the following data is present for the Seattle Seahawks (abbreviated as ""sea""):

- Rushing yards in 2012: 489

Thus, Russell Wilson, who was the quarterback for the Seattle Seahawks in 2012, accumulated 489 rushing yards that season.

Final Answer: 489"
258,what is the participation rate in 2007?,[67.4],"The provided table contains the participation rates across different categories in two years, 2007 and 2016, and it distinguishes between the overall population (both sexes), men, and women. 

From the table, we can see the participation rates for the year 2007:

- For both sexes: 67.4%
- For men: 72.5%
- For women: 62.5%

The question specifically asks for the participation rate in 2007. Since the question does not specify a particular demographic, we can infer that it likely refers to the overall participation rate for both sexes.

Thus, the participation rate in 2007 for both sexes is 67.4%.

Final Answer: 67.4%"
259,what is the participation rate in 2016 if the age structure had been the same as in 2007?,[68.3],"To determine the participation rate in 2016 if the age structure had been the same as in 2007, we can look at the ""2016 counterfactual"" section of the table.

The relevant data provided is as follows:
- **With 2007 age structure only**: The participation rate is 68.3%.

This indicates that if the age structure in 2016 had mirrored that of 2007, the overall participation rate would have been 68.3%. There is no other condition that provides a higher or different rate for age structure, so this is the value we will use for our answer.

Final Answer: 68.3"
260,"if the age structure in 2016 had been the same as in 2007, which year has a higher participation rate?",['with 2007 age structure only'],"The provided table presents data on participation rates across different years (2007 and 2016) for both sexes, men, and women, considering actual rates and a counterfactual scenario using 2007 age structure.

To determine whether the participation rate in 2016 (assuming 2007 age structure) was higher than in 2007, we will compare the appropriate percentages:

- The actual participation rate for both sexes in:
  - 2007: 67.4%
  - 2016 with 2007 age structure: 68.3%

Since the counterfactual percentage for 2016 with 2007 age structure (68.3%) is greater than the actual percentage for 2007 (67.4%), this indicates that if the age structure in 2016 had been the same as in 2007, the participation rate would have been higher in 2016.

Final Answer: 2016 (with 2007 age structure)"
261,how much the participation rate declined from 2007 to 2016?,[1.7],"The table presents participation rates for both sexes, men, and women across different years, specifically comparing data from 2007 and 2016.

To determine how much the participation rate declined from 2007 to 2016 for both sexes, we look at the actual values for those years:

- For both sexes in 2007, the participation rate was 67.4%.
- For both sexes in 2016, the participation rate was 65.7%.

To find the decline, we subtract the 2016 participation rate from the 2007 participation rate:

\[ \text{Decline} = \text{Participation Rate (2007)} - \text{Participation Rate (2016)} \]
\[ = 67.4\% - 65.7\% \]
\[ = 1.7\% \]

Thus, the participation rate declined by 1.7% from 2007 to 2016.

Final Answer: 1.7%"
262,what was the proportion of children who met all three 24-hour guidelines recommendations?,[13.9],"The table provides data on weighted population characteristics, specifically focusing on children. We are interested in the proportion of children who met all three 24-hour guidelines recommendations.

From the table:
- The proportion of children who met all three guideline recommendations is **13.9%**.

Thus, the answer to the question is straightforward as we directly extract the relevant percentage from the data.

Final Answer: 13.9%"
263,what was the proportion of youth who met all three 24-hour guidelines recommendations?,[4.8],"The table provides weighted population characteristics for children and youth, including demographics and adherence to 24-hour guidelines recommendations. Specifically, under the independent variables section, the data related to youths who met all three guideline recommendations is presented.

For youth, the relevant statistic is:
- Propotion of youths who met all three guideline recommendations: 4.8%.

Thus, the proportion of youth who met all three 24-hour guidelines recommendations is 4.8%.

Final Answer: 4.8%"
264,how many rushing yards did jackson get in four seasons totally.,[2782.0],"To determine the total rushing yards gained by Jackson over the four seasons, we refer to the rushing yards column in the provided table data.

1. In 1987, Jackson's rushing yards were 554.
2. In 1988, Jackson's rushing yards were 580.
3. In 1989, Jackson's rushing yards were 950.
4. In 1990, Jackson's rushing yards were 698.

Now, we sum these numbers to find the total rushing yards:

\[
554 + 580 + 950 + 698 = 2782
\]

Thus, Jackson gained a total of 2782 rushing yards over the four seasons.

Final Answer: 2782"
265,"in 2012, how many percent of inuit women had been diagnosed with arthritis while the same percentage had been diagnosed with high blood pressure?",[15.2],"The table provides data on the prevalence of chronic conditions among female populations aged 15 and over in Canada for various identity groups, including Inuit women. We are specifically interested in the percentages of those diagnosed with arthritis and high blood pressure among Inuit women.

From the table:

- The percentage of Inuit women diagnosed with arthritis is **15.2%**.
- The percentage of Inuit women diagnosed with high blood pressure is **14.8%**.

The question asks for these two specific percentages for Inuit women in 2012. 

Thus, the answer is as follows:

Final Answer: Arthritis: 15.2%, High Blood Pressure: 14.8%"
266,which club did kablash play for in 2015?,['nasaf'],"To answer the question regarding which club Kablash played for in 2015, we need to look for any club listed under that year in the context provided.

Reviewing the table data, we can check each row for the season 2015. The relevant entry in the table is:

- nasaf | 2015 | uzbek league | 3 | 2 | 0 | 0 | 4 | 0 | none | | 7 | 2 | 

Here, we see that Kablash played for the club ""Nasaf"" in the year 2015, where he had 3 appearances and scored 2 goals.

Final Answer: Nasaf"
267,"in 2014/2015, how many cases did canada's youth courts complet involving 120,907 charges related to criminal code and other federal statute offences, including offences related to the ycja?",[32835.0],"To answer the question regarding the number of cases completed in Canada’s youth courts in 2014/2015 involving 120,907 charges, we will refer to the provided table.

The table shows the following data for the year 2014/2015:

- Total charges: **120,907**
- Total cases: **32,835**

This means that in the year 2014/2015, Canada's youth courts completed **32,835** cases involving charges related to criminal code and other federal statute offences, including those related to the Youth Criminal Justice Act (YCJA).

Thus, the number of cases completed in youth courts in 2014/2015 is 32,835.

Final Answer: 32,835"
268,"in 2014/2015, how many charges did canada's youth courts complet cases involving related to criminal code and other federal statute offences, including offences related to the ycja?",[120907.0],"To answer the question regarding the number of charges completed in Canada’s youth courts in 2014/2015 that were related to Criminal Code and other federal statute offences, including offences related to the Youth Criminal Justice Act (YCJA), we need to analyze the provided data in the context of the table.

The table outlines the total charges for youth courts over the years from 2005/2006 to 2014/2015. In the final year available from this data:

- In the year 2014/2015, the total charges listed are **120,907**.

We are looking for the charges specifically related to Criminal Code and federal statute offences, as mentioned, but the table does not specify the breakdown of charges by offence type. Therefore, unless there is additional information or a specified number relating to Criminal Code and federal statute offences, we can only provide the total charges figure.

Since the question does not mention any additional breakdown and appears to ask for the total number of charges listed for that year, we conclude with the total charges for 2014/2015:

Final Answer: 120,907"
269,what was the number of aboriginal victims of homicide in canada in 2016?,[142.0],"To answer the question regarding the number of aboriginal victims of homicide in Canada in 2016, we need to refer to the provided table, which outlines homicide victim statistics by sex, aboriginal identity, and province or territory.

From the total column for aboriginal victims of homicide, we can find:

- Male Aboriginal Homicide Victims: 113
- Female Aboriginal Homicide Victims: 29

To find the total number of aboriginal homicide victims, we simply add the number of male and female aboriginal victims together:

Total Aboriginal Homicide Victims = Male Aboriginal Homicide Victims + Female Aboriginal Homicide Victims
= 113 + 29 
= 142

Therefore, the total number of aboriginal homicide victims in Canada in 2016 is 142.

Final Answer: 142"
270,what was the homicide rate for aboriginal people in 2016?,[8.19],"To determine the homicide rate for aboriginal people in 2016, we need to analyze the provided table data. The table summarizes information about homicide victims categorized by sex, aboriginal identity, and province.

In order to provide a clear answer, let's extract the number of aboriginal homicide victims and their corresponding rates from the table for Canada and the individual provinces.

From the table:
- For male aboriginal homicide victims:
  - Total number: 113
  - Average rate for men in Canada: 13.20 per 100,000

- For female aboriginal homicide victims:
  - Total number: 29
  - Average rate for women in Canada: 3.30 per 100,000

The total homicide victims (aboriginal) can be calculated as:
- Total for males: 113
- Total for females: 29
- Combined total: 113 + 29 = 142 aboriginal homicide victims in Canada.

As the table shows the rate per sex, we can calculate the overall rate of homicide among aboriginal people if further breakdown is desired, but for our purposes, the critical information needed is the rates already presented.

From the data:
- The combined aboriginal homicide victim rates across provinces shows rates of 13.20 for males and 3.30 for females.

Given that these rates are indicated directly for aboriginal individuals, we can categorize them under the umbrella rate for aboriginal peoples as a whole.

Thus, the homicide rate for aboriginal people in 2016, according to the combined figures recorded in the table, is calculated directly from the overall averages shown.

Final Answer: 13.20"
271,what was the multiple relationship between the rate of homicide for aboriginal people in 2016 and for non-aboriginal people?,[6.11194],"To determine the multiple relationship between the homicide rates for aboriginal and non-aboriginal individuals in 2016, we need to analyze the rates provided for both groups across different provinces and territories.

From the table, we can see the rates of homicide victims categorized by sex and aboriginal identity:

- **Aboriginal male homicide victims**: 
    - Newfoundland and Labrador: 5.08
    - Nova Scotia: 5.07
    - Quebec: 4.24
    - Ontario: 8.93
    - Manitoba: 18.51
    - Saskatchewan: 31.03
    - Alberta: 14.91
    - British Columbia: 10.98
    - Yukon: 46.57
    - Northwest Territories: 16.94
    - Nunavut: 0.00
    - Canada Total: 13.20

- **Non-Aboriginal male homicide victims**:
    - Newfoundland and Labrador: 1.69
    - Nova Scotia: 1.81
    - Quebec: 1.12
    - Ontario: 1.98
    - Manitoba: 2.26
    - Saskatchewan: 2.78
    - Alberta: 3.31
    - British Columbia: 2.27
    - Yukon: 12.88
    - Northwest Territories: 0.00
    - Nunavut: 0.00
    - Canada Total: 2.00

Next, we compute the ratio of the homicide rates for aboriginal males to non-aboriginal males in Canada. 

Calculating this using the total rates:
- Aboriginal male homicide rate - **13.20**
- Non-aboriginal male homicide rate - **2.00**

The multiple relationship can be calculated as:
\[ \text{Multiple relationship} = \frac{\text{Aboriginal male homicide rate}}{\text{Non-aboriginal male homicide rate}} = \frac{13.20}{2.00} = 6.60 \]

This suggests that the rate of homicide for aboriginal males is approximately 6.6 times higher than that of non-aboriginal males.

Thus, the final answer reflecting this multiple relationship is:

Final Answer: 6.6"
272,"among saskatchewan, alberta and manitoba,which province reported the highest rate of homicide for aboriginal people in 2016?",['saskatchewan'],"To determine which province reported the highest rate of homicide for aboriginal people in 2016 among Saskatchewan, Alberta, and Manitoba, we will examine the rates for male and female homicide victims who are aboriginal for each of these provinces:

From the table:

1. **Saskatchewan**
   - Male Homicide Victims (Aboriginal): Rate = 31.03
   - Female Homicide Victims (Aboriginal): Rate = 7.20

2. **Alberta**
   - Male Homicide Victims (Aboriginal): Rate = 14.91
   - Female Homicide Victims (Aboriginal): Rate = 7.09

3. **Manitoba**
   - Male Homicide Victims (Aboriginal): Rate = 18.51
   - Female Homicide Victims (Aboriginal): Rate = 5.12

To find the highest homicide rate for aboriginal people, we look at the male rates (which are generally higher) as a point of comparison:

- **Saskatchewan (Male)**: 31.03
- **Manitoba (Male)**: 18.51
- **Alberta (Male)**: 14.91 

Clearly, Saskatchewan has the highest rate of homicide for aboriginal people (31.03) compared to Manitoba (18.51) and Alberta (14.91).

Final Answer: Saskatchewan"
273,what was the rate of homicide for aboriginal people in 2016 in manitoba?,[11.71],"To find the rate of homicide for aboriginal people in 2016 in Manitoba, we can refer to the provided table, which breaks down homicide statistics by sex and aboriginal identity for various provinces.

From the table for Manitoba:

- The number of male homicide victims who are aboriginal is 21.
- The rate for male homicide victims who are aboriginal is 18.51.

Therefore, the rate of homicide for aboriginal people (specifically the male victims in this case) in Manitoba in 2016 is 18.51.

Final Answer: 18.51"
274,what was the rate of homicide for aboriginal people in 2016 in alberta?,[10.99],"To determine the rate of homicide for aboriginal people in 2016 in Alberta, we need to refer to the specific data presented for Alberta in the table. 

From the table:

For Alberta:
- The number of male homicide victims who were aboriginal is 21.
- The rate of homicide for male aboriginal victims is 14.91.

Since the question specifically asks for the rate of homicide for aboriginal people, and we have already identified the rate for male aboriginal homicide victims, we can conclude that this is the key figure.

Although the table might contain more data for female victims, the question does not specify a separation by gender, just the rate for aboriginal people in general, which typically is applied to the relevant rates available for males when not specified otherwise.

Thus, the relevant homicide rate for aboriginal people in Alberta in 2016 is:

Final Answer: 14.91"
275,"what was the percent change of csis from 2016 to 2017 in northwest territories,yukon and nunavut respectively?","[2.0, 1.0, 1.0]","To find the percent change of the crime severity index (CSI) from 2016 to 2017 in the Northwest Territories, Yukon, and Nunavut, we can refer to the corresponding data in the provided table.

Looking at the table:

- **Northwest Territories (NWT)** has a percent change of **2%** from 2016 to 2017.
  
- **Yukon** has a percent change of **1%** from 2016 to 2017.
  
- **Nunavut** has a percent change of **1%** from 2016 to 2017.

We will list these percent changes for each territory in the order specified in the question.

Final Answer: [2%, 1%, 1%]"
276,which province reported the largest increase in the nvcsi from 2016 to 2017?,['new brunswick'],"To determine which province reported the largest increase in the non-violent crime severity index (NVCI) from 2016 to 2017, we will look at the relevant data from the table.

The non-violent crime severity index can be found under the column heading ""non-violent crime severity index"" in the table. We need to examine the percentages of change for each province, specifically focusing on the ""percent change 2016 to 2017"" for the non-violent crime severity index.

Here are the percent changes for NVCI for each province:

- Newfoundland and Labrador: -11%
- Prince Edward Island: -11%
- Nova Scotia: 4%
- New Brunswick: 14%
- Quebec: 0%
- Ontario: 4%
- Manitoba: 2%
- Saskatchewan: -6%
- Alberta: 5%
- British Columbia: -7%
- Yukon: -4%
- Northwest Territories: 0%
- Nunavut: -4%
- Canada: 0%

From this data, we can see that the province with the largest increase in the non-violent crime severity index (which would be the most significant positive change) is New Brunswick, where the NVCI increased by 14%.

Final Answer: New Brunswick"
277,which province reported the largest decrease in the nvcsi in 2017?,"['prince edward island', 'newfoundland and labrador']","To determine which province reported the largest decrease in the non-violent crime severity index (nvcsi) in 2017, we need to refer to the relevant data in the provided table context.

The non-violent crime severity index and its percent change for each province are as follows:

- Newfoundland and Labrador: 60.4, -11%
- Prince Edward Island: 47.0, -11%
- Nova Scotia: 61.3, 4%
- New Brunswick: 68.7, 14%
- Quebec: 51.7, 0%
- Ontario: 50.5, 4%
- Manitoba: 102.9, 2%
- Saskatchewan: 139.9, -6%
- Alberta: 114.8, 5%
- British Columbia: 93.6, -7%
- Yukon: 162.8, -4%
- Northwest Territories: 282.3, 0%
- Nunavut: 234.1, -4%
- Canada: 70.0, 0%

Now, we observe the percent changes for the nvcsi:
- Newfoundland and Labrador: -11%
- Prince Edward Island: -11%
- Nova Scotia: +4%
- New Brunswick: +14%
- Quebec: +0%
- Ontario: +4%
- Manitoba: +2%
- Saskatchewan: -6%
- Alberta: +5%
- British Columbia: -7%
- Yukon: -4%
- Northwest Territories: +0%
- Nunavut: -4%
- Canada: +0%

The provinces with the largest percent decrease in nvcsi are Newfoundland and Labrador and Prince Edward Island, which both report a -11% change.

Since both provinces have the same percentage decrease, we have two provinces that reported the largest decrease.

Final Answer: Newfoundland and Labrador, Prince Edward Island"
278,list the top3 cmas with the highest crime rates in 2017.,"['saskatoon', 'edmonton', 'regina']","The table provides a list of census metropolitan areas (CMAs) along with their total crime rates for the year 2017. To identify the top three CMAs with the highest crime rates, we will look for the three highest values in the ""total crime"" column.

Here are the total crime rates from the table:

- Regina: 8,681
- Saskatoon: 8,694
- Winnipeg: 6,991
- Moncton: 7,241
- Brantford: 6,131

The top three CMAs with the highest crime rates in 2017 are:
1. Saskatoon: 8,694
2. Regina: 8,681
3. Winnipeg: 6,991

Compiling these values, we find the following rankings:

1. Saskatoon: 8,694
2. Regina: 8,681
3. Winnipeg: 6,991

Final Answer: [Saskatoon, Regina, Winnipeg]"
279,how many league goals did franco brienza score for palermo in 2004-05?,[10.0],"To answer the question regarding how many league goals Franco Brienza scored for Palermo in the 2004-05 season, we need to look closely at the provided table.

From the row corresponding to the 2004-05 season for Palermo, we can see the relevant information noted:

|	palermo	|	2004-05	|		|	33	|	10	|	4	|	1	|	-	|	-	|	37	|	11	|	none	|	none	|	

In this row:
- The column labeled ""apps"" under ""season"" indicates that Franco Brienza made 33 appearances in the league.
- The column labeled ""goals"" under ""league"" indicates that he scored 10 league goals during that season.

Thus, the answer to the question is that Franco Brienza scored 10 league goals for Palermo in the 2004-05 season.

Final Answer: 10"
280,what was the percentage change in foreign control during the period before 2000?,[-0.2],"To determine the percentage change in foreign control during the period before 2000, we need to analyze the data in the table related to percentage change in foreign control between the specified periods: between 1973-1975 and 1997-1999.

The relevant column from the table shows the percentage change in foreign control for each sector during this time period. 

Here are the percentage changes across sectors between 1973-1975 and 1997-1999:

- Food, beverage and tobacco: 30.5%
- Natural-resources-based: -29.5%
- Labour-intensive: -14.4%
- Scale-based: 7.2%
- Product-differentiated: -14.7%
- Science-based: -30.0%
- Manufacturing: -0.2%

Calculating the overall change in foreign control for all sectors together can be complex as the changes vary. However, the question seems to focus on identifying the specific changes made during the period before 2000. 

Since we have both positive and negative changes, it makes sense to state the changes specifically rather than summarizing them into a net percentage without context. Here's a concise identification of the changes:

- Sectors with a positive change: Food, beverage and tobacco (30.5%), Scale-based (7.2%).
- Sectors with a negative change: Natural-resources-based (-29.5%), Labour-intensive (-14.4%), Product-differentiated (-14.7%), Science-based (-30.0%), Manufacturing (-0.2%).

Therefore, the percentage changes in foreign control during the specified period before 2000 are as follows:

Final Answer: [30.5%, -29.5%, -14.4%, 7.2%, -14.7%, -30.0%, -0.2%]"
281,what was the percentage change in foreign controling at the science-based sector and product-differentiated sector during the period before 2000 respectively?,"[-30.0, -14.7]","To find the percentage change in foreign control at the science-based sector and product-differentiated sector during the period before 2000, we need to look at the data from the table for the relevant periods.

Based on the given table, we have:

1. **Science-based sector**:
   - Percentage change between the 1973-to-1975 and 1997-to-1999 periods: -30.0%

2. **Product-differentiated sector**:
   - Percentage change between the 1973-to-1975 and 1997-to-1999 periods: -14.7%

Thus, the percentage changes in foreign controlling are:
- For the science-based sector: -30.0%
- For the product-differentiated sector: -14.7%

Final Answer: [-30.0%, -14.7%]"
282,what was the percentage change in foreign control during the years before 2000?,[-14.4],"To determine the percentage change in foreign control during the years before 2000, we need to look at the relevant periods outlined in the table. The periods before 2000 are between 1973 to 1975 and between 1997 to 1999.

From the table, we find the relevant data:

- For the percentage change in foreign control between the periods 1973 to 1975 and 1997 to 1999:
  - Food, beverage and tobacco: 30.5%
  - Natural-resources-based: -29.5%
  - Labour-intensive: -14.4%
  - Scale-based: 7.2%
  - Product-differentiated: -14.7%
  - Science-based: -30.0%
  - Manufacturing: -0.2%

We can see from the table that each sector has a different percentage change. To answer the question effectively, we will summarize the percentage values that represent the change in foreign control during the years before 2000 for each sector.

The percentage changes are:
- Food, beverage and tobacco: 30.5%
- Natural-resources-based: -29.5%
- Labour-intensive: -14.4%
- Scale-based: 7.2%
- Product-differentiated: -14.7%
- Science-based: -30.0%
- Manufacturing: -0.2%

To provide a concise answer listing the percentage changes noted, I conclude as follows:

Final Answer: [30.5%, -29.5%, -14.4%, 7.2%, -14.7%, -30.0%, -0.2%]"
283,what was the percentage change in foreign control in natural resources before 2000?,[-29.5],"To determine the percentage change in foreign control in the natural resources sector before the year 2000, we will analyze the relevant columns in the table which pertain to the natural resources sector.

From the table, we can extract the following information for the natural resources-based sector:

- Percentage change in foreign control between the periods 1973 to 1975 and 1997 to 1999: **-29.5%**
- Percentage change in foreign control between the periods 1997 to 1999 and 2009 to 2011: **18.7%**

The question specifically asks for the percentage change in foreign control before 2000, which corresponds to the change between the periods 1973 to 1975 and 1997 to 1999.

Thus, the percentage change in foreign control in the natural resources sector before 2000 is **-29.5%**.

Final Answer: -29.5%"
284,what was the percentage change in foreign control at the scale-based sector before 2000?,[7.2],"To answer the question regarding the percentage change in foreign control at the scale-based sector before 2000, we will look at the relevant columns from the provided table that correspond to the period before the year 2000. 

In the table, the scale-based sector is outlined as follows:

| scale-based | 34.8 | 41.8 | 29.1 | 57.0 | 61.1 | 58.0 | 7.2 | -5.2 | 1.6 |
|-------------|------|------|------|------|------|------|-----|------|-----|

Here are the relevant findings:
- We have two percentage change values for the scale-based sector that are relevant to the inquiry (between two time periods before 2000): 
  - The percentage change between the 1973-to-1975 and 1997-to-1999 periods is **7.2%**.
  - The percentage change between the 1973-to-1975 and 2009-to-2011 periods (while it includes part of the 2000s, it does not matter for our answer) is **1.6%**, but since we are focusing on before 2000, we will only focus on the first period.

Thus, the percentage change in foreign control for the scale-based sector before 2000 is **7.2%**.

Final Answer: 7.2%"
285,what were the shares of manufacturing output of labour-intensive industries between 1973 to 1975 and 1997 to 1999 respectively?,"[14.4, 10.1]","The table lists the average sector output shares for various industries across different periods, including the time frames of 1973 to 1975 and 1997 to 1999. 

Specifically for labor-intensive industries, the average sector output shares are as follows:
- For the period 1973 to 1975: 14.4%
- For the period 1997 to 1999: 10.1%

Thus, the shares of manufacturing output of labor-intensive industries for these two periods are 14.4% and 10.1% respectively.

Final Answer: 14.4%, 10.1%"
286,what were the shares of manufacturing output of scale-based industries between 1973 to 1975 and 1997 to 1999 respectively?,"[34.8, 41.8]","The table provides information on the average sector output shares for different industries over specific periods. We're specifically interested in the scale-based industries and their manufacturing output shares for the periods indicated.

Looking at the relevant section of the table for scale-based industries:

- For the period **1973 to 1975**, the average sector output share for scale-based industries was **34.8%**.
- For the period **1997 to 1999**, the average sector output share was **41.8%**.

Thus, the shares of manufacturing output of scale-based industries are:

- **34.8%** for the period **1973 to 1975**.
- **41.8%** for the period **1997 to 1999**.

Final Answer: 34.8%, 41.8%"
287,what was the percentage change in foreign control at the scale-based sector after 2000?,[-5.2],"To address the question regarding the percentage change in foreign control in the scale-based sector after the year 2000, we need to analyze the information provided in the relevant table columns. 

The table mentions the percentage changes in foreign control over different periods:

- Between the 1973-to-1975 and 1997-to-1999 periods: 7.2% 
- Between the 1997-to-1999 and 2009-to-2011 periods: -5.2% 
- Between the 1973-to-1975 and 2009-to-2011 periods: 1.6% 

The question specifies ""after 2000,"" which corresponds to the available data between the periods of 1997-1999 and 2009-2011. Here, the percentage change in foreign control from 1997-1999 to 2009-2011 indicates a decrease in foreign control by 5.2%. 

Thus, the percentage change in foreign control at the scale-based sector after 2000 is:

Final Answer: -5.2%"
288,what was the percentage change in the share of manufacturing output for natural-resource-based industries between 1973 to 1975 and 1997 to 1999?,[0.8],"To determine the percentage change in the share of manufacturing output for natural-resource-based industries between the periods 1973 to 1975 and 1997 to 1999, we need to analyze the relevant data from the provided table.

According to the table:
- The average sector output share for natural-resource-based industries in 1973 to 1975 is 15.5%.
- The average sector output share for natural-resource-based industries in 1997 to 1999 is 14.7%.

To calculate the percentage change in the share of manufacturing output, we use the formula:

\[
\text{Percentage Change} = \frac{\text{New Value} - \text{Old Value}}{\text{Old Value}} \times 100
\]

Substituting in the values we have:
- Old Value (1973 to 1975) = 15.5%
- New Value (1997 to 1999) = 14.7%

Thus, the calculation is as follows:

\[
\text{Percentage Change} = \frac{14.7 - 15.5}{15.5} \times 100
\]

Calculating the numerator:

\[
14.7 - 15.5 = -0.8
\]

Now substituting back into the formula:

\[
\text{Percentage Change} = \frac{-0.8}{15.5} \times 100 \approx -5.16\%
\]

Rounding to two decimal places, the percentage change in the share of manufacturing output for natural-resource-based industries from 1973 to 1975 to 1997 to 1999 is approximately -5.16%.

Final Answer: -5.16%"
289,what was the percentage change in foreign control in the science-based sector after 2000?,[-8.2],"To determine the percentage change in foreign control in the science-based sector after 2000, we need to refer to the relevant data from the provided table. 

Looking at the last two periods mentioned for the science-based sector:
- The change in foreign control between the 1997-1999 and 2009-2011 periods is listed as -8.2%.
- The change between the 1973-1975 and 2009-2011 periods is listed as -35.8%.

However, since the question specifically asks for the change after the year 2000, we are concerned only with the change from 1997-1999 to 2009-2011, which is -8.2%. This indicates a decline in foreign control in this sector during that specific time frame.

Final Answer: -8.2%"
290,what was the average sector output share of natural-resources-based industries in the 2009-to-2011 period?,[26.3],"To determine the average sector output share of natural-resources-based industries in the 2009-to-2011 period, we can refer directly to the provided table data.

From the table, we see the row for ""natural-resources-based"" and the corresponding columns for the average sector output share during different periods:

- For the period 2009 to 2011, the average sector output share for natural-resources-based industries is directly listed as **26.3%**.

This value represents the average share of output produced by sectors that are classified under natural resources during that specific time frame.

Final Answer: 26.3%"
291,how many rushing yards did barkley get in 2015?,[1076.0],"The table provides statistics for a college football player's performance across different seasons, specifically for a player from Penn State. The column labeled 'rushing' contains the relevant data for rushing yards for each year.

From the table, we see the following:

- For the year 2015, the rushing yards for Penn State are listed as 1,076 yards.

This is directly noted under the rushing column for the season of 2015.

Final Answer: 1076"
292,"for men, the probabilities of permanent retirement decreased by 29%, what is the high percentage in 1941?",[48.5],"To address the question, we will first identify the high percentage of predicted probabilities of permanent retirement for men in 1941 as per the table.

From the data given for men under high unemployment rate in 1941:
- The high percentage in 1941 is 48.5%.

The question states that the probabilities of permanent retirement decreased by 29%, which likely indicates that we need to understand the change relative to the original percentage in 1941.

Calculating what this decrease means:
If the original high percentage is 48.5%, decreasing that by 29% means we would apply the decrease to the percentage itself.

Calculating 29% of 48.5%:
\[
29\% \text{ of } 48.5 = 0.29 \times 48.5 \approx 14.065
\]

Subtracting this value from 48.5% to get the new percentage:
\[
48.5 - 14.065 \approx 34.435
\]

However, the question asks for the high percentage in 1941. This figure remains the same regardless of the decrease mentioned in the question; we will provide the percentage that was initially recorded.

Final Answer: 48.5%"
293,"for men, the probabilities of permanent retirement decreased by 29%, what is the high percentage in 1946?",[34.5],"To answer the question about the probabilities of permanent retirement for men in 1946 and how a 29% decrease affects the original high probability, we first need to find the high percentage for men in that year from the table provided.

From the table context:

For men in the year 1946, under the high unemployment rate, the predicted probability is:
- High: **34.5%**

To understand what the original percentage would be if it decreased by 29%, we can denote the original percentage as \( X \). Since the probability decreased by 29%, the new probability can be expressed as:
\[ 
X - 0.29X = 34.5\%
\]

This simplifies to:
\[ 
0.71X = 34.5
\]

To find \( X \), we divide both sides by 0.71:
\[ 
X = \frac{34.5}{0.71} \approx 48.6\%
\]

Thus, the high predicted probability for men in 1946 before the decrease of 29% was approximately **48.6%**.

Final Answer: 34.5%"
294,"for women, the decline was similar, at close to 31%, what is the high probabilities in 1941 ?",[74.5],"To find the answer to the question regarding the high probabilities for women in 1941, we will refer to the provided table, which outlines the cumulative probabilities of permanent retirement before age 62 by sex for different birth cohorts and unemployment rates.

From the table, we can extract the following data for women with a high unemployment rate in 1941:

- For women with a high unemployment rate in 1941, the predicted probability is **74.5%**.

The question also notes a decline of close to 31%, which suggests we might be looking for a comparison with later years or different conditions. However, the question explicitly asks about the high probabilities in 1941 itself, not the decline.

Thus, the high probability of permanent retirement before age 62 for women in 1941 is clearly identified as **74.5%**.

Final Answer: 74.5%"
295,"for women, the decline was similar, at close to 31%, what is the high probabilities in 1946 ?",[51.6],"To analyze the given context, we look at the table of cumulative probabilities of permanent retirement before age 62 by women and their associated unemployment rates for the year 1946. The relevant data from the table concerning women in 1946 is as follows:

- **Women, High Unemployment Rate**: 51.6%

The question states that the decline for women is similar to a reported decrease of close to 31%. While the question mainly asks for the high probabilities for the year 1946, it also indicates a context around the decline, but does not require computation of that decline to answer this specific query.

Since we are only asked for the high probabilities for women in 1946, we can directly cite the value from the table.

Final Answer: 51.6%"
296,what was the percentage of the share of revenues for employers in born more than 10 years for first nations csds in service?,[59.4],"To find the percentage of the share of revenues for employers in the ""born more than 10 years"" category for First Nations in the service industry, we will refer to the relevant section of the provided table.

From the table, we can extract the following information regarding the service industry, specifically for those businesses that were ""born more than 10 years"" ago:

- For First Nations, under the ""employer"" column, the percentage is 59.4%.

Therefore, the final answer regarding the percentage of the share of revenues for employers in businesses that have been ""born more than 10 years"" for First Nations in the service industry is 59.4%.

Final Answer: 59.4%"
297,what was the percentage of the share of revenues for employers in born more than 10 years for first nations csds in goods (resource) industries?,[79.4],"To determine the percentage of the share of revenues for employers in the ""born more than 10 years"" category for First Nations in the goods (resource) industries, we will refer to the relevant portion of the table.

Looking at the section for ""goods"" and the column for ""first nations"" which shows both ""non-employer"" and ""employer"" classifications, we find the following values:

- **Born more than 10 years** (for first nations):
  - Non-employer: 47.7%
  - Employer: 68.6%

Since we are interested in the percentage for employers, we focus on the ""Employer"" value under the ""Born more than 10 years"" row, which is **68.6%**.

Final Answer: 68.6%"
298,which age group of non-employers in inuit csds in goods (non-resource) industries for which most of the revenues are earned by businesses?,['born last 5 years'],"To determine which age group of non-employers in Inuit CSDs (Census Subdivisions) in goods (non-resource) industries earns the most revenue, we need to analyze the relevant portion of the table. We specifically look for the non-employer percentages under the Inuit category for goods.

From the table, the relevant data for Inuit in non-employer goods is as follows:

- For businesses born last 5 years: 5.6%
- For businesses born between 5 and 10 years: 7.5%
- For businesses born more than 10 years: 86.9%

Clearly, the age group that has the highest percentage of revenues earned by non-employer businesses in Inuit CSDs in goods industries is those born more than 10 years ago, with a dominant share of 86.9%.

Final Answer: More than 10 years"
299,what was the percentage of the share of revenues for employers in born more than 10 years for first nations csds in service?,[59.4],"To answer the question regarding the percentage of the share of revenues for employers in businesses that were born more than 10 years ago for First Nations Community Service Delivery Systems (CSDS), we can refer to the relevant section of the provided hierarchical table.

From the context, under the ""service"" category for businesses born more than 10 years ago, and specifically for First Nations employers, the table states:

- Born more than 10 years (Service) for First Nations: 59.4%

Thus, the percentage of the share of revenues for employers in businesses that were born more than 10 years ago for First Nations CSDS in service is 59.4%.

Final Answer: 59.4%"
300,what was the percentage of the share of revenues for employers in born more than 10 years for first nations csds in goods (resource) industries?,[79.4],"To determine the percentage of the share of revenues for employers in businesses born more than 10 years for First Nations in goods (resource) industries, we must refer to the relevant section in the table.

From the table, we need the following data:

- The row for First Nations under goods for businesses that were born more than 10 years:
  - Employer: 68.6%

This value indicates that for businesses (employers) that have been in operation for more than 10 years within the First Nations category, the share of revenues in the goods (resource) industries is 68.6%.

Final Answer: 68.6%"
301,which age group of non-employers in inuit csds in goods (non-resource) industries for which most of the revenues are earned by businesses?,['born last 5 years'],"To determine which age group of non-employers in Inuit communities in goods (non-resource) industries earned the most revenues, we need to focus specifically on the ""non-employer"" column for the Inuit under the goods category.

From the provided table, the relevant data for the non-employer revenue distribution in goods is as follows:

- Businesses born in the last 5 years: 78.9%
- Businesses born between 5 and 10 years: 16.3%
- Businesses born more than 10 years: 4.8%

Among these categories, the ""born last 5 years"" age group has the highest revenue percentage at 78.9%. 

Thus, the age group that earns the most revenue as non-employers in Inuit communities in goods industries is clearly the group of businesses that were established in the last 5 years.

Final Answer: Born last 5 years"
302,"according to the 2014 sepr, what is the percentage of individuals indicated that their homes had a working smoke detector?",[98.0],"The table provides data on the percentage of Canadians whose households have working fire safety devices, including smoke detectors, carbon monoxide detectors, and fire extinguishers across various provinces in 2014. 

To answer the question regarding the percentage of individuals who indicated that their homes had a working smoke detector, we first look at the percentage values listed for each province in the ""smoke detector"" column.

Here are the percentages of households with working smoke detectors by province:

- Newfoundland and Labrador: 99%
- Prince Edward Island: 98%
- Nova Scotia: 97%
- New Brunswick: 98%
- Quebec: 98%
- Ontario: 99%
- Manitoba: 97%
- Saskatchewan: 98%
- Alberta: 96%
- British Columbia: 95%
  
The table shows a total of 98% for all jurisdictions combined.

Since the question specifically asks for the percentage of individuals indicating that their homes had a working smoke detector across all confines of the presented data, the overall percentage across all provinces should be referenced.

The collective percentage from the table clearly indicates that 98% of individuals across all provinces indicated that their homes had a working smoke detector.

Final Answer: 98%"
303,"according to the 2014 sepr, what is the percentage of individuals indicated that their homes had a working fire extinguisher?",[66.0],"The table provides data about the presence of various fire safety devices in households across different provinces in Canada for the year 2014. The question specifically asks about the percentage of individuals who reported having a working fire extinguisher in their homes.

From the table, we can see the percentages of households with a working fire extinguisher for each province:

- Newfoundland and Labrador: 84%
- Prince Edward Island: 75%
- Nova Scotia: 71%
- New Brunswick: 72%
- Quebec: 67%
- Ontario: 64%
- Manitoba: 63%
- Saskatchewan: 63%
- Alberta: 65%
- British Columbia: 69%

Additionally, the total percentage across all jurisdictions listed is 66%.

Thus, the conclusion can be drawn from this overall total across the provinces.

Final Answer: 66%"
304,"according to the 2014 sepr, what is the percentage of individuals indicated that their homes had a working carbon monoxide detector?",[60.0],"To answer the question about the percentage of individuals who indicated that their homes had a working carbon monoxide detector according to the 2014 data, we need to extract the information from the table provided.

From the table, we see the percentages for each province regarding households that have a working carbon monoxide detector:

- Newfoundland and Labrador: 42%
- Prince Edward Island: 42%
- Nova Scotia: 43%
- New Brunswick: 35%
- Quebec: 34%
- Ontario: 80%
- Manitoba: 60%
- Saskatchewan: 66%
- Alberta: 65%
- British Columbia: 52%
- Total: 60%

The total percentage of individuals indicating that their homes had a working carbon monoxide detector is given at the bottom of the table: 60%.

Hence, the final answer, consolidating all relevant information, is:

Final Answer: 60%"
305,"in 1977, which album did true release the single ""n.y., you got me dancing"" from?",['white witch'],"The table provides information about singles released over several years, including details about their chart positions, b-sides, and associated albums. From the data provided for the year 1977, we can focus on the entry for the single ""n.y., you got me dancing.""

In the row for this single, we find:
- Single: n.y., you got me dancing
- Album: white witch

This indicates that the single ""n.y., you got me dancing"" was released from the album ""white witch."" 

Final Answer: White Witch"
306,"even after taking demographic and field of study differences into account, how many percent of undergraduate students who graduated in 2009 earned is less than those who graduated in 2008?",[8.1],"To answer the question, we need to look at the adjusted gaps for undergraduate degrees for the years 2008 and 2009, as the question specifically states that we must take demographic and field of study differences into account. 

From the table:

For the year 2008, the adjusted gap for undergraduate degrees is marked with "".."", which means the data is not available. Thus, we cannot draw any conclusions about the comparisons for that year.

For the year 2009, the adjusted gap for undergraduate degrees is:
- Model A: -7.3%
- Model B: -7.8%

Since we don't have the corresponding values for 2008's adjusted gap, we cannot directly compare these two years. Therefore, without the adjusted gap from 2008, we cannot determine the percentage of undergraduate students who graduated in 2009 that earned less than those who graduated in 2008.

Given that essential data is missing for 2008, we conclude that it is not possible to answer the question based on the information provided.

Final Answer: Not possible to determine"
307,"godfrey's best season with brentford came in 1990-91, how many appearances did he make?",[46.0],"To determine Godfrey's best season with Brentford, we refer to the table in the provided context. The relevant details for his career at Brentford are outlined by the various seasons along with their respective appearances.

Looking specifically at the entries for Brentford, we find:

- **1988-89**: 29 appearances
- **1989-90**: 27 appearances
- **1990-91**: 32 appearances
- **1991-92**: 31 appearances

Among these seasons, 1990-91 has the highest number of appearances, which totals 32. Therefore, Godfrey's best season in terms of appearances at Brentford was indeed 1990-91, where he made 32 appearances.

Final Answer: 32"
308,"godfrey's best season with brentford came in 1990-91, how many goals did he score?",[6.0],"To find out how many goals Godfrey scored during his best season with Brentford in 1990-91, we will look at the relevant row for that specific season in the provided table.

In the 1990-91 season with Brentford, the statistics are:
- Apps (Appearances): 32
- Goals: 4

Thus, during the 1990-91 season, Godfrey scored a total of 4 goals.

Final Answer: 4"
309,what percent of individuals aged 60 years old on average are immigrants?,[6.1],"To answer the question about what percent of individuals aged 60 years old on average are immigrants, we can refer to the statistics provided in the table.

Looking at the relevant data:

- The immigrant percentage provided in the table is 6.1%.

This percentage indicates that 6.1% of individuals, which includes individuals aged 60 years old on average, are immigrants.

Therefore, the conclusion drawn from the data is straightforward:

Final Answer: 6.1%"
310,what percent of individuals and their spouses were employed in 2006?,"[62.9, 62.6]","To determine the percentage of individuals and their spouses who were employed in 2006 based on the provided context, we need to reference the provided income statistics related to labor income for individuals and their spouses.

From the table we can observe the following data regarding labor income:

- The percentage of individuals with labor income is noted as 62.9%.
- The percentage of spouses with labor income is noted as 62.6%.

To find the overall employment percentage for both individuals and their spouses in 2006, we can directly look at these statistics because they represent the employment status within the given demographics.

Now, let's summarize this information in a concise manner:

1. **Percentage of individuals employed**: 62.9%
2. **Percentage of spouses employed**: 62.6%

Since the question asks for the percentage of both individuals and their spouses who were employed, we will present both percentages:

- **Percentage of individuals employed**: 62.9%
- **Percentage of spouses employed**: 62.6%

Final Answer: 62.9%, 62.6%"
311,which age group has the highest rate of accused of property crimes in 2017?,['12 to 17'],"To determine which age group has the highest rate of accused property crimes in 2017, we need to examine the ""rate"" column provided for each age group for both females and males.

From the table, the rates for each age group are as follows:
- **12 to 17 years**: Female rate = 1,096, Male rate = 2,469, Total rate = 1,801
- **18 to 24 years**: Female rate = 1,043, Male rate = 2,311, Total rate = 1,696
- **25 to 34 years**: Female rate = 922, Male rate = 2,175, Total rate = 1,550
- **35 to 44 years**: Female rate = 596, Male rate = 1,523, Total rate = 1,058
- **45 to 54 years**: Female rate = 353, Male rate = 906, Total rate = 630
- **55 to 64 years**: Female rate = 158, Male rate = 386, Total rate = 271
- **65 and older**: Female rate = 61, Male rate = 112, Total rate = 85

The highest rates for each age group are as follows:
- **12 to 17 years**: Total rate = 1,801
- **18 to 24 years**: Total rate = 1,696
- **25 to 34 years**: Total rate = 1,550
- **35 to 44 years**: Total rate = 1,058
- **45 to 54 years**: Total rate = 630
- **55 to 64 years**: Total rate = 271
- **65 and older**: Total rate = 85

From this analysis, **the age group 12 to 17 years has the highest total rate of accused property crimes at 1,801**.

Final Answer: 12 to 17 years"
312,how many times of overall rate of females accused of property crimes in 2017 among youth aged 12 to 17 are higher than the rate for females aged 65 to 89?,[17.967213],"To determine how many times the overall rate of females accused of property crimes among youth aged 12 to 17 is higher than the rate for females aged 65 and older, we must extract the relevant data from the table provided.

From the table:
- The rate for females aged 12 to 17 is **1,096**.
- The rate for females aged 65 and older is **61**.

Now, we need to compare these two rates by dividing the rate for 12 to 17 year olds by the rate for those aged 65 and over:

\[
\text{Rate Comparison} = \frac{\text{Rate for 12 to 17 year olds}}{\text{Rate for 65 and older}} = \frac{1,096}{61} \approx 18
\]

Thus, the rate of females accused of property crimes in the 12 to 17 age group is **approximately 18** times higher than the rate for females aged 65 and older.

Final Answer: 18"
313,"between 2007 and 2017, how many homicides wre recorded in manitoba overall.",[677.0],"To determine the overall number of homicides recorded in Manitoba between 2007 and 2017, we can refer to the ""total"" column in the provided table for Manitoba.

From the table, for Manitoba:
- The number of females accused of homicide is 104.
- The number of males accused of homicide is 573.

To find the overall number of homicides in Manitoba, we need to sum the number of females and males accused:

104 (females) + 573 (males) = 677

Thus, the total number of homicides recorded in Manitoba overall between 2007 and 2017 is 677.

Final Answer: 677"
314,how many rushing yards did joe mixon finish the season with?,[1168.0],"To find out how many rushing yards Joe Mixon finished the season with, we need to carefully look at the table details provided for each year.

From the table context for the **2018 season** for the **Cincinnati Bengals (cin)**:

- **Rushing yards (yds)** in 2018: 1,168

Although it does provide information about the 2017 season as well, it specifically does not mention Joe Mixon’s performance directly as there might be other players involved in the statistics. However, by referring back to the table, it is most common practice to assume that the stats listed for the **Cincinnati Bengals** refer to Joe Mixon as he is a prominent player on that team during these seasons.

Thus, by focusing solely on the mentioned stats for the 2018 season:

Final Answer: 1168"
315,how many percentage pionts was internet use among seniors aged 65 to 69 in 2007?,[40.8],"The table presents the predicted probability of internet use by seniors across various sociodemographic characteristics from 2007 to 2016. We are specifically interested in the percentage of internet use among seniors aged 65 to 69 in the year 2007.

According to the table, the percentage of internet use for the age group 65 to 69 in the year 2007 is given as:

- **65 to 69:** 40.8%

This value directly answers the question regarding internet use among seniors aged 65 to 69 in that specific year.

Final Answer: 40.8%"
316,how many percentage pionts was internet use among seniors aged 70 to 74 in 2007?,[35.1],"The table provides data on the predicted probability of internet use by seniors across various sociodemographic characteristics from 2007 to 2016. We need to focus specifically on seniors aged 70 to 74 in 2007.

From the table:
- The percentage of internet use among seniors aged 70 to 74 in 2007 is 35.1%.

Since the question specifically asks for the percentage points, we can summarize that the internet use among this age group in 2007 was 35.1%.

Final Answer: 35.1%"
317,how many percentage pionts was internet use among seniors aged 75 to 79 in 2007?,[28.3],"Based on the provided table, we need to identify the percentage of internet use among seniors aged 75 to 79 in the year 2007. 

From the table, the specific data for seniors aged 75 to 79 in 2007 is as follows:

- Age 75 to 79: 28.3%

This indicates that in 2007, 28.3% of seniors aged 75 to 79 were predicted to use the internet.

Final Answer: 28.3%"
318,how many percentage pionts was internet use among seniors aged 80 and older in 2007?,[19.3],"The table provides predicted probabilities of internet use among seniors broken down by various sociodemographic characteristics across different years from 2007 to 2016. To answer the question regarding internet use specifically for seniors aged 80 and older in 2007, we should locate the corresponding data from the age section of the table.

From the table:

- For seniors aged 80 and older, the percentage of internet use in 2007 is **19.3%**.

Since the question asks for the percentage of internet use among seniors aged 80 and older in 2007 and no other information such as comparisons or differences is specified, we only need to present that particular data point.

Final Answer: 19.3%"
319,how many percentage points did the absolute gap between seniors aged 65 to 69 and seniors aged 80 and older stand in 2017?,[21.5],"To determine the absolute gap between seniors aged 65 to 69 and those aged 80 and older regarding their predicted probability of internet use, we need to look at the percentages from the provided table for the year 2016, as the table does not provide data for 2017 specifically.

From the context given:

- For seniors aged 65 to 69, the percentage of internet use in 2016 is **81.3%**.
- For seniors aged 80 and older, the percentage of internet use in 2016 is **49.2%**.

To find the absolute gap, we calculate:

Absolute Gap = Percentage (65 to 69) - Percentage (80 and older)  
Absolute Gap = 81.3% - 49.2%  
Absolute Gap = 32.1 percentage points.

Therefore, the absolute gap between seniors aged 65 to 69 and seniors aged 80 and older stands at **32.1 percentage points** based on the data from 2016.

Final Answer: 32.1 percentage points"
320,how many percentage points did the absolute gap between seniors aged 65 to 69 and seniors aged 80 and older increase to in 2017?,[32.1],"To answer the question regarding the absolute gap in predicted probability of internet use between seniors aged 65 to 69 and seniors aged 80 and older, we'll first extract the relevant percentages from the table across the years available (2007, 2010, 2013, 2016) since there is no data for 2017 in the table.

From the table:
- For seniors aged 65 to 69:
  - 2007: 40.8%
  - 2010: 58.9%
  - 2013: 63.3%
  - 2016: 81.3%
  
- For seniors aged 80 and older:
  - 2007: 19.3%
  - 2010: 29.4%
  - 2013: 35.7%
  - 2016: 49.2%

Next, we calculate the absolute gap for each of the years we have data for:

1. **2007**: 
   - Gap = 40.8% - 19.3% = 21.5%
2. **2010**: 
   - Gap = 58.9% - 29.4% = 29.5%
3. **2013**:
   - Gap = 63.3% - 35.7% = 27.6%
4. **2016**:
   - Gap = 81.3% - 49.2% = 32.1%

Now, we can analyze the changes in the gap over these years:
- From **2007** to **2010**: Increase of 29.5% - 21.5% = 8.0%
- From **2010** to **2013**: Decrease of 27.6% - 29.5% = -1.9%
- From **2013** to **2016**: Increase of 32.1% - 27.6% = 4.5%

The question specifically asks for the size of the gap in 2017. Since there is no data present for 2017, we can still conclude about the last known value from 2016, which was the last year provided in the data.

Based on our calculations, the last calculated gap as of 2016 is 32.1 percentage points. Therefore, the absolute gap between seniors aged 65 to 69 and seniors aged 80 and older in 2017, although we can't provide a specific percentage for that year, we use the last known gap of 32.1 percentage points.

Final Answer: 32.1"
321,"how many percentage points was the internet use for seniors with a household income between $60,000 and $79,999 in 2016?",[73.0],"To answer the question about the percentage of internet use for seniors with a household income between $60,000 and $79,999 in 2016, we look at the relevant section of the table provided.

In the table, household income is segmented into the following ranges:

- **$60,000 to under $80,000**: The percentage of internet use reported is **73.0%**.

This value indicates that seniors in this income bracket had a predicted probability of internet use amounting to 73.0% in 2016. 

The question asks specifically for the percentage, and since the table directly presents this information, there is no need for further calculations or adjustments.

Final Answer: 73.0%"
322,"how many percentage points was the internet use for seniors with a household income under $20,000 in 2016?",[54.1],"The table presents percentages regarding predicted internet use by seniors across different sociodemographic characteristics in 2016. However, for household income lower than $20,000, the percentage is represented as "".."", indicating that no specific data is provided in the table for this income bracket. Therefore, we cannot determine the percentage of internet use for seniors with a household income under $20,000 from the information given in the table.

Final Answer: No data available"
323,"how many percentage points was the internet use for seniors with a household income of $100,000 and over in 2016?",[79.4],"To find the percentage of internet use for seniors with a household income of $100,000 and over in 2016, we refer to the relevant section of the table titled ""household income"".

From the table, the percentage of internet use for the income group of ""$100,000 and over"" is stated as 79.4%.

Thus, the percentage points for internet use for seniors in the specified income bracket in 2016 is 79.4%.

Final Answer: 79.4%"
324,what was the percentage of manufacturers engaged in import activities from 2002 to 2012?,[30.64],"To answer the question about the percentage of manufacturers engaged in import activities from 2002 to 2012, we need to refer to the relevant data from the provided table.

According to the table, the import participation rate for the manufacturing sector is given as follows:

- **Manufacturing:** 30.64%

This percentage represents the overall percentage of firms in the manufacturing sector that were engaged in import activities during the specified time frame.

Therefore, the percentage of manufacturers engaged in import activities from 2002 to 2012 is 30.64%.

Final Answer: 30.64%"
325,what was the percentage of wholesalers engaged in import activities from 2002 to 2012?,[31.54],"The context provides a table with import and export participation rates of firms in the manufacturing and wholesale trade sectors. The focus of the question is on the import participation rate specifically for wholesalers, and we are asked to identify the percentage of wholesalers engaged in import activities.

Looking at the table, we find the relevant data for the wholesale trade sector in terms of import participation rate:

- For wholesale trade (all firms), the import participation rate is 31.54%.

This percentage indicates the proportion of all wholesalers that were involved in import activities during the specified time frame from 2002 to 2012.

As the question does not make a distinction between immigrant-owned and non-immigrant firms, we use the total percentage applicable to wholesalers.

Thus, the percentage of wholesalers engaged in import activities from 2002 to 2012 is clearly indicated as 31.54%.

Final Answer: 31.54%"
326,what was the percentage of manufactures exported in 2011 and 2012?,[20.04],"To determine the percentage of manufacturing exports based on the context provided, we need to look specifically at the section of the table related to the export participation rate within the manufacturing sector.

From the table, the details are as follows regarding export participation rates:

- For the manufacturing sector, the export participation rate for all firms is **20.04%**.
- The export participation rate for immigrant-owned firms within the manufacturing sector is **14.76%**.

However, the question specifically asks for the total percentage of manufactures exported. Since there is only one percentage given for ""all firms"", this is the representative figure for the overall percentage of manufacturing exports.

Thus, the percentage of firms in the manufacturing sector that exported in 2011 and 2012 is **20.04%**.

Final Answer: 20.04%"
327,what was the percentage of wholesalers exported in 2011 and 2012?,[10.42],"The table provides the export participation rates for firms in the wholesale trade sector. We need to identify the percentage of wholesalers that exported. 

From the table, the export participation rate for the wholesale trade sector is provided as:
- All firms: 10.42%
- Immigrant-owned firms: 10.58%

The question specifies the percentage of wholesalers exported, which would refer to the export participation rate. The relevant percentage for all firms in the wholesale trade sector is therefore 10.42%.

Given that no other contextual factors suggest that the percentage changed between 2011 and 2012 (as the table does not provide separate values), we conclude that the percentage remains consistent.

Final Answer: 10.42%"
328,"in 2016/2017, how many initial entries into the adult correctional system in the six reporting jurisdictions?",[97044.0],"To answer the question about the total number of initial entries into the adult correctional system in the six reporting jurisdictions for the year 2016/2017, we refer to the last row of the provided table. It clearly indicates:

- Total reporting jurisdictions (which likely refers to the total admissions): **97,044**.

This figure encompasses all types of correctional supervision, including custody and community supervision.

Thus, the total number of initial entries into the adult correctional system in the six reporting jurisdictions for the year 2016/2017 is **97,044**.

Final Answer: 97044"
329,"in 2016/2017, initial entries into the adult correctional system in the six reporting jurisdictions, what was the percent of increase from the previous year?",[1.0],"Reasoning: The title of the table indicates that it provides data on the initial entry of adults into correctional services for selected jurisdictions during the year 2016/2017, compared with the previous year, 2015/2016. The table includes data on various types of correctional supervision with percentages and percentage changes from 2015/2016.

To determine the overall percent change from the previous year in 2016/2017, we look at the total correctional services row in the table. It shows that the total number of entries into correctional services in 2016/2017 is 97,044, with a percent change of +1% from the previous year (2015/2016).

This information indicates that there was a slight overall increase in initial entries into the adult correctional system when compared to the prior year.

Final Answer: 1%"
330,how many percent of initial entries into custody were down in 2016/2017?,[2],"To determine the percentage of initial entries into custody that were down in 2016/2017 compared to the previous year (2015/2016), we refer to the relevant data from the table provided.

The table shows the following information concerning custody:
- Total entries into custody: 53,026
- Percent change in the number from 2015/2016: -2

The percent change indicates a decrease of 2% in the number of entries into custody from the previous year.

Therefore, the answer to the question regarding how many percent of initial entries into custody were down in 2016/2017 is simply the percent change figure, which is -2%.

Final Answer: -2%"
331,how many percent of initial entries into community supervision were down in 2016/2017?,[6.0],"To determine how many percent of initial entries into community supervision were down in 2016/2017, we need to focus on the data provided in the table regarding community supervision. 

From the context provided, we see the following figures related to community supervision for 2016/2017:

- Total community supervision: 44,018 entries, which is 45% of total initial entries (basic count).
- There is also a noted percent change in the number from 2015/2016, which is +6%.

However, the question asks for the percentage decrease, but it appears the only percentage change provided is an increase (+6%). Therefore, there were no reductions (decreases) reported in the community supervision sector for 2016/2017 based on the data indicated.

In summary, while we have an increase in community supervision entries from the previous year, there is no data indicating a decrease, which suggests a downward trend was not applicable in this context.

Final Answer: 0%"
332,"in 2016/2017, how many percent did aboriginal adults account for of admissions to provincial/territorial correctional services?",[28.0],"To answer the question regarding the percentage of aboriginal adults in admissions to provincial/territorial correctional services in 2016/2017, we need to look at the data provided in the table for the ""total-provinces and territories"" row, specifically for the aboriginal category.

From the context:

- The total percentage of aboriginal adults for custody admissions to provincial and territorial correctional services is 30%.
- For community supervision, it is 25%.
- For total correctional supervision, the percentage of aboriginal adults is 28%.

Since the question specifically inquires about the percentage of aboriginal adults in admissions to **provincial/territorial** correctional services, we will refer to the total percentage for these jurisdictions.

The percentages are as follows:
- Total custody: 30%
- Total community supervision: 25%
- Total correctional supervision: 28%

Assuming the question pertains to the overall figure, we would focus on the total recorded value for aboriginal adults across all correctional services which includes both custody and community sectors.

Thus, referring specifically to the ""total-provinces and territories"" row under ""aboriginal,"" we find:
- Total correctional supervision for aboriginal: **28%**.

Hence, the answer to the question is:

Final Answer: 28%"
333,"in 2016/2017, how many percent did aboriginal adults account for federal correctional services?",[27.0],"To find the percentage of aboriginal adults in federal correctional services for the year 2016/2017, we need to analyze the specific rows pertaining to federal admissions in the provided table.

Looking at the ""federal"" row within the columns that present the characteristics for aboriginal adults:

- The percentage of aboriginal adults in custody is 27%.
- The percentage of aboriginal adults in community supervision is 26%.
- The percentage of aboriginal adults in total correctional supervision is also 27%.

Since the question specifically asks for the percentage related to federal correctional services in 2016/2017, we can conclude that the percentage of aboriginal adults in federal correctional services includes both custody and community supervision.

For the total correctional supervision (which combines both custody and community supervision percentages), the relevant percentage is as follows:
- Total correctional services: 27% for aboriginal individuals.

Therefore, the percentage of aboriginal adults accounted for in federal correctional services in 2016/2017 is 27%.

Final Answer: 27%"
334,how many percent did aboriginal adults account for admissions to custody among the provinces and territories in 2016/2017?,[30.0],"To determine how many percent aboriginal adults accounted for admissions to custody among the provinces and territories in 2016/2017, we can refer to the relevant row in the table that summarizes the data by jurisdiction.

From the data provided, we can see the percentage of admissions to custody for aboriginal adults in each province and territory:

- Newfoundland and Labrador: 25%
- Prince Edward Island: 3%
- Nova Scotia: 10%
- New Brunswick: 10%
- Quebec: 5%
- Ontario: 12%
- Manitoba: 74%
- Saskatchewan: 76%
- Alberta: 42%
- British Columbia: 32%
- Yukon: 64%
- Northwest Territories: 88%
- Nunavut: 100%

To find the overall percentage for the provinces and territories (excluding federal), we will consider these percentages and calculate the average based on the number of jurisdictions (13 provinces and territories).

The sum of these percentages is:
25 + 3 + 10 + 10 + 5 + 12 + 74 + 76 + 42 + 32 + 64 + 88 + 100 =  1002%

Now, we divide by the number of jurisdictions (13 provinces and territories):
1002 / 13 ≈ 77.23%

Therefore, the average percentage of aboriginal adults accounted for admissions to custody among the provinces and territories in 2016/2017 is approximately 77.23%.

Final Answer: 77.23%"
335,how many percent did aboriginal adults account for admissions to community supervision among the provinces and territories in 2016/2017?,[25.0],"To find the percentage of aboriginal adults who accounted for admissions to community supervision among the provinces and territories in 2016/2017, we need to look at the percentages provided in the relevant columns of the table.

The table breaks down community supervision by jurisdiction with specific percentages for aboriginal adults. Below, I will extract and compile the relevant percentages for each jurisdiction listed under ""community supervision"".

From the table:
- Newfoundland and Labrador: 23%
- Prince Edward Island: 5%
- Nova Scotia: 7%
- New Brunswick: 10%
- Quebec: 7%
- Ontario: 10%
- Manitoba: 58%
- Saskatchewan: 73%
- Alberta: 27%
- British Columbia: 27%
- Yukon: 51%
- Northwest Territories: 86%
- Nunavut: 100%

Next, we add up these percentages for aboriginal admissions to community supervision across the provinces and territories:
23 + 5 + 7 + 10 + 7 + 10 + 58 + 73 + 27 + 27 + 51 + 86 + 100 = 473

To find the average percentage across the provinces and territories, since we have 13 jurisdictions listed, we will then divide by the number of jurisdictions (13):
Average percentage = Total percentages / Number of jurisdictions = 473 / 13 ≈ 36.38%

To answer the question specifically focusing on the total account of admissions among provinces and territories directly given in the table:
The table provides a summary line, ""total-provinces and territories,"" under community supervision for aboriginal, which shows 25% as an overall figure.

Thus, the answer is:
Final Answer: 25%"
336,when did milad kamandani make his debut with persepolis in the pro league?,['2013-14'],"The table provides club career statistics for Milad Kamandani while at Persepolis, including various seasons and performance metrics. To determine when he made his debut with Persepolis in the Pro League, we need to look for the earliest season in the provided data.

The breakdown shows the following seasons:
- **2013-14**: 2 apps, 0 goals
- **2014-15**: 3 apps, 0 goals
- **2015-16**: 11 apps, 1 goal

From the information, it is evident that Milad Kamandani started playing for Persepolis in the **2013-14** season, as this is the first entry in the table.

Final Answer: 2013-14"
337,how many percent of male youth did aboriginal male youth account for admissions to custody in the provinces and territories in 2016/2017?,[47.0],"To determine what percentage of male youth admissions to custody were accounted for by aboriginal male youth in the provinces and territories for the year 2016/2017, we will refer to the total percentages provided in the table.

From the ""total-all jurisdictions"" row, we see the data for male youth admissions:

- Aboriginal male youth accounted for 47% of the total male admissions.
- Non-aboriginal male youth accounted for 53% of the total male admissions.

Thus, the percentage of male youth admissions that were aboriginal male youth is explicitly given as 47%.

Final Answer: 47%"
338,what is the percentage of the total respondents who reported that they engaged in utilitarian walking less than an hour a week?,[34.2],"To determine the percentage of total respondents who reported engaging in utilitarian walking less than an hour a week, we will refer to the ""hours utilitarian walking per week"" section of the provided table. 

From the table, the relevant data shows:

- The percentage of total respondents engaging in utilitarian walking less than 1 hour per week is indicated as 34.2%.

Since this is the total percentage provided for all respondents (both men and women combined), we can conclude that this data represents the information needed to answer the question directly.

Final Answer: 34.2%"
339,what is the percentage of the total respondents who reported that they engaged in utilitarian walking 1 to 5 hours a week?,[48.0],"To determine the percentage of total respondents who reported engaging in utilitarian walking for 1 to 5 hours a week, we can refer to the relevant section of the table under ""hours utilitarian walking per week"".

From the provided data, the percentage of total respondents who indicated they walked for 1 to 5 hours a week is 48.0%. 

Therefore, the answer to the question is:

Final Answer: 48.0%"
340,what is the percentage of the total respondents who reported that they engaged in utilitarian walking more than 5 hours a week?,[17.8],"To find the percentage of total respondents who reported engaging in utilitarian walking more than 5 hours a week, we refer to the relevant section of the table that lists hours of utilitarian walking per week.

From the table, the data shows:

- For individuals engaging in utilitarian walking for ""more than 5"" hours per week:
  - The percentage of total respondents: 17.8%

This percentage represents the total proportion of respondents in the household population aged 20 to 79 in Canada (excluding territories) during the years 2007 to 2011 who engaged in more than 5 hours of utilitarian walking in a week.

Therefore, the final answer is:

Final Answer: 17.8%"
341,"for the years 2006 to 2010,which region had the lowest birth rate among mothers aged 10 to 17?",['quebec'],"To determine which region had the lowest birth rate among mothers aged 10 to 17 years for the years 2006 to 2010, we need to examine the ""live births per 1,000 females"" specifically for the age group of 10 to 17 years across various regions in Canada (excluding Ontario).

The table presents the following birth rates for the age group of 10 to 17 years:

- Newfoundland and Labrador: 4.2
- Prince Edward Island: 2.9
- Nova Scotia: 3.6
- New Brunswick: 4.1
- Quebec: 1.6
- Manitoba: 7.4
- Saskatchewan: 8.2
- Alberta: 4.0
- British Columbia: 2.1
- Yukon: 4.7
- Northwest Territories: 7.9
- Nunavut: 29.4
- Canada overall: 3.2

From the values listed above, we can identify the lowest birth rate:

- Quebec has the lowest birth rate at 1.6 live births per 1,000 females for mothers aged 10 to 17 years.

Hence, it can be concluded:

Final Answer: Quebec"
342,"what was the percentage of female lone parents that had no certificate, diploma or degree in 1991?",[34.0],"The provided table gives specific information about the highest certificate, diploma, or degree obtained by female lone parents and female parents in couples in Canada for the years 1991, 2001, and 2011.

To answer the question regarding the percentage of female lone parents who had no certificate, diploma, or degree in 1991, we can look at the relevant row:

- For female lone parents, in 1991, the percentage of those who had no certificate, diploma, or degree is 34%. 

This information directly provides the answer without any need for calculations or further aggregations.

Final Answer: 34%"
343,"what was the percentage of female lone parents that had no certificate, diploma or degree in 2011?",[13.0],"To find the percentage of female lone parents who had no certificate, diploma, or degree in 2011, we refer to the relevant row in the table that specifically deals with ""female lone parents."" 

From the table:

- The percentage of female lone parents who had no certificate, diploma, or degree in 2011 is explicitly listed as 13%.

Final Answer: 13%"
344,"how much did the proportion of female lone parents that had no certificate, diploma or degree drop from 1991 to 2011?",[21],"The table presents data on the educational qualifications of female lone parents and female parents in couples in Canada across the years 1991, 2001, and 2011. Specifically, we need to focus on the proportion of female lone parents who had no certificate, diploma, or degree.

From the table, we can observe the following percentages for female lone parents:

- In 1991, the percentage of female lone parents with no certificate, diploma, or degree was 34%.
- In 2001, this percentage decreased to 20%.
- By 2011, the percentage further dropped to 13%.

To find out how much the proportion dropped from 1991 to 2011, we perform the following calculation:

34% (1991) - 13% (2011) = 21%

Thus, the proportion of female lone parents that had no certificate, diploma, or degree dropped by 21 percentage points from 1991 to 2011.

Final Answer: 21"
345,what was the percentage of female parents in couples had not completed high school or any postsecondary qualification in 1991?,[24.0],"To answer the question regarding the percentage of female parents in couples who had not completed high school or any postsecondary qualification in 1991, we can look at the respective data provided in the table.

The table distinguishes between various educational qualifications for female lone parents and female parents in couples throughout the years 1991, 2001, and 2011. 

For female parents in couples in 1991, we need to add the relevant percentages to determine those who had not completed high school or any postsecondary qualification:

1. **No certificate, diploma or degree**: 24%
2. **High school diploma or equivalency**: 32% (This indicates those who have completed high school)
3. **Postsecondary certificate below the bachelor's level**: 29% (Those with some postsecondary education)
4. **University degree at the bachelor's level or above**: 15% (Those with a bachelor's degree or higher)

The relevant data for those not having completed high school or any postsecondary qualification includes:
- No certificate, diploma, or degree: 24%

Thus, the total percentage of female parents in couples in 1991 who had not completed high school or any other qualification would just be the percentage of those with no certificate, diploma, or degree, as the high school diploma and other qualifications constitute completion rather than non-completion.

Hence, the percentage for this specific category is the same:

Final Answer: 24%"
346,what was the percentage of female parents in couples had not completed high school or any postsecondary qualification in 2011?,[8.0],"To determine the percentage of female parents in couples who had not completed high school or any postsecondary qualification in 2011, we need to examine the relevant data in the table provided.

For female parents in couples, the categories that indicate they have not completed high school or any postsecondary qualification in 2011 are:

1. **No certificate, diploma or degree**: 8%
2. **High school diploma or equivalency**: 21% (those who have completed high school but not any postsecondary qualification)

Now, to find the total percentage of female parents in couples who have not completed high school or any postsecondary qualification, we sum these two percentages:

- No certificate, diploma or degree: 8%
- High school diploma or equivalency: 21%

Calculating the total:

8% + 21% = 29%

Thus, the percentage of female parents in couples who had not completed high school or any postsecondary qualification in 2011 is 29%.

Final Answer: 29%"
347,what was the percentage of female lone parents that had a university degree in 1991?,[9.0],"To determine the percentage of female lone parents that had a university degree in 1991, we can refer directly to the provided data in the table.

The relevant section from the table states for female lone parents:
- University degree at the bachelor's level or above in 1991: 9%.

This means that 9% of female lone parents had a university degree in 1991.

Final Answer: 9%"
348,what was the percentage of female lone parents that had a university degree in 2011?,[20.0],"The table summarizes the highest certificate, diploma, or degree held by female lone parents and female parents in couples in Canada across three census years (1991, 2001, and 2011). 

Specifically for female lone parents in 2011, the table indicates the following percentage with a university degree at the bachelor's level or above:

- In 2011, the percentage of female lone parents who had a university degree was 20%.

Therefore, the answer to the question is:

Final Answer: 20%"
349,how much did the proportion of female lone parents that had a university degree increase from 1991 to 2011?,['difference'],"The table presents data on the highest certificates, diplomas, or degrees attained by female lone parents and female parents in couples in Canada for the years 1991, 2001, and 2011. We need to focus on the specific category of ""university degree at the bachelor's level or above"" for female lone parents to determine the increase in percentage from 1991 to 2011.

From the table, we find the following percentages for female lone parents:

- In 1991, the percentage with a university degree was 9%.
- In 2001, it increased to 13%.
- In 2011, it further increased to 20%.

To find the increase in proportion from 1991 to 2011, we subtract the percentage in 1991 from the percentage in 2011:

\[ 
20\% - 9\% = 11\% 
\]

Thus, the proportion of female lone parents with a university degree increased by 11 percentage points from 1991 to 2011.

Final Answer: 11%"
350,what was the percentage of female parents in couples had a university degree in 1991?,[15.0],"The table presents the percentages of the highest certificates, diplomas, or degrees obtained by female lone parents and female parents in couples, aged 25 to 54 with children aged 15 and under in the years 1991, 2001, and 2011 in Canada.

For female parents in couples, the data for 1991 indicates that 15% had a university degree at the bachelor's level or above.

Thus, the percentage of female parents in couples who had a university degree in 1991 is 15%.

Final Answer: 15%"
351,what was the percentage of female parents in couples had a university degree in 2011?,[33.0],"The table presents data on the highest certificate, diploma, or degree attained by female lone parents and female parents in couples in Canada, across three different years: 1991, 2001, and 2011.

To answer the question about the percentage of female parents in couples who had a university degree at the bachelor's level or above in 2011, we look specifically at the row for ""university degree at the bachelor's level or above"" and the column for 2011 under the section for ""female parent in couples.""

From the table, for female parents in couples in 2011, the percentage of those who had a university degree at the bachelor's level or above is 33%.

Final Answer: 33%"
352,how much did the proportion of female parents in couples that had a university degree increase from 1991 to 2011?,[18.0],"To determine how much the proportion of female parents in couples who had a university degree increased from 1991 to 2011, we will examine the relevant data from the table provided.

From the table, the percentages of female parents in couples holding a university degree at the bachelor's level or above are as follows:
- In 1991: 15%
- In 2001: 23%
- In 2011: 33%

Calculating the increase from 1991 to 2011:
- The percentage in 1991 is 15%.
- The percentage in 2011 is 33%.
- The increase in percentage is calculated as follows:
  \( 33\% - 15\% = 18\% \).

Thus, the proportion of female parents in couples that had a university degree increased by 18 percentage points from 1991 to 2011.

Final Answer: 18%"
353,what was the percentage of female apprenticeship certificate holders who worked full time and full year that was in personal and culinary services?,[35.0],"To answer the question regarding the percentage of female apprenticeship certificate holders working full time and full year in personal and culinary services, we need to carefully examine the data presented in the table.

From the table, we have the following information related to female apprenticeship certificate holders:

- Total percentage for female fields of study: 100%
- Percentage of female apprenticeship certificate holders in personal and culinary services: 35%

Thus, the percentage of female apprenticeship certificate holders who worked full time and full year in the field of personal and culinary services is directly given in the table.

Therefore, the answer to the question is:

Final Answer: 35%"
354,what was the annual median employment income for female apprenticeship certificate holders who worked full time and full years that was in personal and culinary services?,[30898.0],"The table provides information about the median annual employment income for paid employees working full time and full year with an apprenticeship certificate, disaggregated by gender and field of study. 

We need to focus specifically on the data for female apprenticeship certificate holders in the field of personal and culinary services. From the table, under the females' section, we observe the following entries:

- Field of study: Personal and Culinary Services
  - % (percentage of graduates): 35
  - Median Income: $30,898

Therefore, the annual median employment income for female apprenticeship certificate holders who worked full time and full years specifically in personal and culinary services is $30,898.

Final Answer: 30,898"
355,what was the annual median employment income for male apprenticeship certificate holders who worked full time and full years that was in mechanic and repair technologies?,[61526.0],"The table presents data on the median annual employment income of paid employees working full time and full year with an apprenticeship certificate in Canada for the year 2010, focusing on different fields of study and gender.

For male apprenticeship certificate holders, the specified field of study and their respective median annual employment income is as follows:

- Mechanic and repair technologies/technicians: $61,526

Since the question specifically asks for the annual median employment income for male apprenticeship certificate holders in the field of mechanic and repair technologies, we can directly refer to this data.

Therefore, the annual median employment income for male apprenticeship certificate holders in mechanic and repair technologies is $61,526.

Final Answer: 61526"
356,what was the percentage of male apprenticeship certificate holders who worked full time and full year that was in mechanic and repair technologies?,[34.0],"To determine the percentage of male apprenticeship certificate holders who worked full time and full year in the field of mechanic and repair technologies, we look specifically at the relevant data from the table.

From the data provided for males:
- The total percentage of males with an apprenticeship certificate is 100%.
- In the field of mechanic and repair technologies/technicians, the percentage is given as 34%.

Thus, the percentage of male apprenticeship certificate holders who worked full time and full year in mechanic and repair technologies is 34%.

Final Answer: 34%"
357,how many yards did michael bishop finish by playing two seasons?,[4401.0],"To determine how many yards Michael Bishop finished with by playing two seasons, we need to extract and consolidate the relevant passing yard statistics from the table for the years he played, which are indicated for Kansas State in 1997 and 1998.

From the table:

For the 1997 season:
- Passing yards: 1,557 yards

For the 1998 season:
- Passing yards: 2,844 yards

Now, we can sum these two figures from Bishop's seasons:
1,557 (1997) + 2,844 (1998) = 4,401 yards

Thus, Michael Bishop finished with a total of **4,401 passing yards** over the two seasons.

Final Answer: 4,401"
358,how many touchdown passes did michael bishop finish by playing two seasons?,[36.0],"To determine how many touchdown passes Michael Bishop finished with after playing two seasons, we need to look at the touchdown statistics for each year given in the table.

From the context provided, we can extract the relevant touchdown data for Kansas State during Michael Bishop’s two seasons (1997 and 1998):

- In 1997:
  - Touchdown passes (td): 13

- In 1998:
  - Touchdown passes (td): 23

Now, we need to add these two touchdown counts to find the total for both seasons:

Total touchdown passes = Touchdowns in 1997 + Touchdowns in 1998
Total touchdown passes = 13 + 23 = 36

Final Answer: 36"
359,"in the 1897-98 season, which division did jack eccles play for stoke?",['first division'],"The table provides detailed career statistics for Jack Eccles while playing for Stoke. In the context of the 1897-98 season, we can find the corresponding row for that season.

From the relevant section of the table:

| club | season   | league          | division       | apps | goals | apps | goals | apps | goals | apps | goals |
|------|----------|-----------------|----------------|------|-------|------|-------|------|-------|------|-------|
|      | 1897-98  | first division   | 34             | 0    | 0     | 3    | 0     | 4    | 0     | 34   | 0     |

In the 1897-98 season, Jack Eccles played for Stoke in the **first division**.

Final Answer: first division"
360,"in 2015, which league did gonzalez play of villa mitre?",['torneo federal b'],"To determine the league in which Gonzalez played for Villa Mitre during 2015, we can look specifically at the rows of the table corresponding to Villa Mitre in that year. 

The table shows:
- Villa Mitre's entry for the year 2015 indicates it was in the ""torneo federal b"" league.
- There are additional entries for the years 2015 and 2016 for Villa Mitre, but we are focused on the specific league from 2015.

Thus, the league is confirmed as ""torneo federal b.""

Final Answer: torneo federal b"
361,"among all the provinces, which province has the largest revision between the previously-published rate and the revised growth rate in 2015?",['new brunswick'],"To determine which province has the largest revision between the previously-published rate and the revised growth rate in 2015, we need to look at the absolute differences between the two rates for each province listed in the table for that year.

Calculating the absolute changes for each province in 2015:

- Newfoundland and Labrador: |-1.50 - (-1.08)| = | -1.50 + 1.08 | = 0.42
- Prince Edward Island: |1.51 - 1.40| = 0.11
- Nova Scotia: |1.16 - 0.76| = 0.40
- New Brunswick: |2.30 - 0.79| = 1.51
- Quebec: |1.01 - 0.96| = 0.05
- Ontario: |2.78 - 2.65| = 0.13
- Manitoba: |1.36 - 1.37| = 0.01
- Saskatchewan: |-1.24 - (-0.76)| = |-1.24 + 0.76| = 0.48
- Alberta: |-3.93 - (-3.49)| = |-3.93 + 3.49| = 0.44
- British Columbia: |3.25 - 2.32| = 0.93
- Yukon: |-7.94 - (-7.60)| = |-7.94 + 7.60| = 0.34
- Northwest Territories: |1.24 - 1.02| = 0.22
- Nunavut: |-0.66 - (-0.41)| = |-0.66 + 0.41| = 0.25

Now we check the maximum value:
- Newfoundland and Labrador: 0.42
- Prince Edward Island: 0.11
- Nova Scotia: 0.40
- New Brunswick: 1.51 (largest)
- Quebec: 0.05
- Ontario: 0.13
- Manitoba: 0.01
- Saskatchewan: 0.48
- Alberta: 0.44
- British Columbia: 0.93
- Yukon: 0.34
- Northwest Territories: 0.22
- Nunavut: 0.25

From our calculations, New Brunswick has the largest revision with a difference of 1.51.

Final Answer: New Brunswick"
362,"among all the provinces, which provinces has the top two largest revision between the previously-published rate and the revised growth rate in 2016?","['prince edward island', 'nova scotia']","To determine the provinces with the largest revision between the previously published growth rate and the revised growth rate in 2016, we need to calculate the difference between the two for each province. The revision can be calculated as follows:

Revision = Revised Growth Rate - Previously Published Rate

We will analyze the data for each province in 2016:

1. Newfoundland and Labrador: 1.72 - 1.72 = 0.00
2. Prince Edward Island: 1.68 - 2.19 = -0.51
3. Nova Scotia: 1.52 - 1.05 = 0.47
4. New Brunswick: 1.39 - 1.20 = 0.19
5. Quebec: 1.46 - 1.53 = -0.07
6. Ontario: 2.45 - 2.62 = -0.17
7. Manitoba: 1.67 - 2.12 = -0.45
8. Saskatchewan: -0.26 - -0.45 = 0.19
9. Alberta: -4.06 - -3.60 = -0.46
10. British Columbia: 3.36 - 3.59 = -0.23
11. Yukon: 7.00 - 8.29 = -1.29
12. Northwest Territories: 1.27 - 0.83 = 0.44
13. Nunavut: 3.46 - 1.90 = 1.56

Now, let's summarize the revisions:
- Newfoundland and Labrador: 0.00
- Prince Edward Island: -0.51
- Nova Scotia: 0.47
- New Brunswick: 0.19
- Quebec: -0.07
- Ontario: -0.17
- Manitoba: -0.45
- Saskatchewan: 0.19
- Alberta: -0.46
- British Columbia: -0.23
- Yukon: -1.29
- Northwest Territories: 0.44
- Nunavut: 1.56

Next, we will find the two provinces with the largest positive revision:
1. Nunavut: 1.56
2. Nova Scotia: 0.47

Therefore, the top two provinces with the largest revision in 2016 are Nunavut and Nova Scotia.

Final Answer: Nunavut, Nova Scotia"
363,"among all the provinces, which province has the largest downward revision between previously-published rate and the revised growth rate in 2017?",['newfoundland and labrador'],"To determine which province has the largest downward revision between the previously published rates and the revised growth rates for the year 2017, we look at the differences between the two sets of values for each province.

From the table, for the year 2017, the previously published growth rates and the revised growth rates are:

- Newfoundland and Labrador: Previously published 2.10, Revised 0.88 → Difference = 2.10 - 0.88 = 1.22
- Prince Edward Island: Previously published 3.17, Revised 3.45 → Difference = 3.17 - 3.45 = -0.28 (upward revision)
- Nova Scotia: Previously published 1.22, Revised 1.49 → Difference = 1.22 - 1.49 = -0.27 (upward revision)
- New Brunswick: Previously published 1.95, Revised 1.99 → Difference = 1.95 - 1.99 = -0.04 (upward revision)
- Quebec: Previously published 3.08, Revised 2.90 → Difference = 3.08 - 2.90 = 0.18
- Ontario: Previously published 2.79, Revised 2.77 → Difference = 2.79 - 2.77 = 0.02
- Manitoba: Previously published 2.91, Revised 3.13 → Difference = 2.91 - 3.13 = -0.22 (upward revision)
- Saskatchewan: Previously published 2.86, Revised 2.29 → Difference = 2.86 - 2.29 = 0.57
- Alberta: Previously published 4.85, Revised 4.59 → Difference = 4.85 - 4.59 = 0.26
- British Columbia: Previously published 3.94, Revised 4.01 → Difference = 3.94 - 4.01 = -0.07 (upward revision)
- Yukon: Previously published -1.44, Revised 2.90 → Difference = -1.44 - 2.90 = -4.34 (upward revision)
- Northwest Territories: Previously published 5.25, Revised 3.88 → Difference = 5.25 - 3.88 = 1.37
- Nunavut: Previously published 13.33, Revised 10.31 → Difference = 13.33 - 10.31 = 3.02

Next, we identify the largest positive difference (downward revision) from the list:
- Newfoundland and Labrador: 1.22
- Ontario: 0.02
- Quebec: 0.18
- Saskatchewan: 0.57
- Alberta: 0.26
- Northwest Territories: 1.37
- Nunavut: 3.02

The largest downward revision is seen in Nunavut, with a difference of 3.02.

Final Answer: Nunavut"
364,"among the provinces, the previously-published growth rate of which province changed signs in 2017?",['yukon'],"To determine which province's previously published growth rate changed signs in 2017, we need to look at the previously published growth rates for 2017 and compare them to the revised growth rates for the same year.

From the table, the relevant data for 2017 is as follows:

- Newfoundland and Labrador: Previously published: 2.10 (positive)
- Prince Edward Island: Previously published: 3.17 (positive)
- Nova Scotia: Previously published: 1.22 (positive)
- New Brunswick: Previously published: 1.95 (positive)
- Quebec: Previously published: 3.08 (positive)
- Ontario: Previously published: 2.79 (positive)
- Manitoba: Previously published: 2.91 (positive)
- Saskatchewan: Previously published: 2.86 (positive)
- Alberta: Previously published: 4.85 (positive)
- British Columbia: Previously published: 3.94 (positive)
- Yukon: Previously published: -1.44 (negative)
- Northwest Territories: Previously published: 5.25 (positive)
- Nunavut: Previously published: 13.33 (positive)

To identify a sign change, we compare the previously published growth rates to the revised growth rates for 2017:

- Newfoundland and Labrador: Revised growth: 0.88 (positive; no sign change)
- Prince Edward Island: Revised growth: 3.45 (positive; no sign change)
- Nova Scotia: Revised growth: 1.49 (positive; no sign change)
- New Brunswick: Revised growth: 1.99 (positive; no sign change)
- Quebec: Revised growth: 2.90 (positive; no sign change)
- Ontario: Revised growth: 2.77 (positive; no sign change)
- Manitoba: Revised growth: 3.13 (positive; no sign change)
- Saskatchewan: Revised growth: 2.29 (positive; no sign change)
- Alberta: Revised growth: 4.59 (positive; no sign change)
- British Columbia: Revised growth: 4.01 (positive; no sign change)
- Yukon: Revised growth: 2.90 (positive; no sign change)
- Northwest Territories: Revised growth: 3.88 (positive; no sign change)
- Nunavut: Revised growth: 10.31 (positive; no sign change)

A sign change occurs if a previously positive figure becomes negative, or vice-versa. The only growth rate that appears to change from positive to negative is for Yukon, which went from a previously published rate of -1.44 to a revised positive rate of 2.90.

Final Answer: Yukon"
365,"for workers in the top 1%,who were less likely to work 40 to 49 hours?",['women'],"The table presents the distribution of hours worked by different income groups and sex, including specific categories for workers in the top 1%. We want to determine who among these workers was less likely to work 40 to 49 hours.

From the table, we can extract the relevant percentages of workers in the top 1% who worked different hours:

For **women** in the top 1%:
- Percentage working 40 to 49 hours: **40.2%**

For **men** in the top 1%:
- Percentage working 40 to 49 hours: **42.5%**

To answer the question, we need to determine which group (women or men) had a lower percentage of workers in the top 1% who worked 40 to 49 hours.

Comparing the two percentages:
- Women: 40.2%
- Men: 42.5%

Since 40.2% (for women) is lower than 42.5% (for men), we can conclude that women in the top 1% were less likely to work 40 to 49 hours compared to men.

Final Answer: Women"
366,"for workers in the top 1%,what were the percentages of women spent over 50 hours on paid work in the week prior to census day and their male counterparts respectively?","[33.8, 41.6]","To find the percentages of workers in the top 1% who spent over 50 hours on paid work, we need to extract the relevant data from the given table for both women and men.

In the context of the table:

- For women in the top 1%:
  - The percentage of women who worked 50 hours and over is recorded as **33.8%**.

- For men in the top 1%:
  - The percentage of men who worked 50 hours and over is recorded as **41.6%**.

Therefore, the percentages of women and men in the top 1% who worked over 50 hours in the week prior to census day are:

- Women: **33.8%**
- Men: **41.6%**

Final Answer: [33.8%, 41.6%]"
367,"for core-aged workers in the top 1%,what were the percentages of women spent over 50 hours on paid work in the week prior to census day and their male counterparts respectively?","[35.7, 46.3]","In the given table, we can observe the distribution of hours worked by core-aged workers, sorted by income groups and gender. The focus of the question is on the top 1% income group and the percentage of women and men who worked over 50 hours.

From the relevant section of the table for core-aged workers in the top 1%:

- The percentage of women who spent over 50 hours on paid work is 7.6%.
- The percentage of men who spent over 50 hours on paid work is 46.3%.

Thus, the percentages for core-aged workers in the top 1% are:
- Women: 7.6%
- Men: 46.3%

Final Answer: Women: 7.6%, Men: 46.3%"
368,"what were the percentages of sexual assaults (levels 1, 2, and 3) reported to police classified as unfounded in 2017 and 2016 respectively?","[13.6, 18.7]","The table provides data on police-reported incidents of sexual assault by clearance status and province or territory for 2016 and 2017. To answer the question regarding the percentages of sexual assaults classified as unfounded in 2017 and 2016, we need to extract the relevant percentages from the data provided for each year.

We can summarize the percentages classified as unfounded for each year from the table as follows:

**In 2016:**
- Newfoundland and Labrador: 12.1%
- Prince Edward Island: 30.1%
- Nova Scotia: 21.6%
- New Brunswick: 22.0%
- Quebec: 14.6%
- Ontario: 22.4%
- Manitoba: 16.2%
- Saskatchewan: 13.1%
- Alberta: 17.6%
- British Columbia: 18.5%
- Yukon: 15.5%
- Northwest Territories: 20.1%
- Nunavut: 16.0%
- Canada (total): 18.7%

**In 2017:**
- Newfoundland and Labrador: 11.9%
- Prince Edward Island: 24.2%
- Nova Scotia: 16.7%
- New Brunswick: 20.5%
- Quebec: 9.7%
- Ontario: 14.4%
- Manitoba: 13.6%
- Saskatchewan: 12.5%
- Alberta: 13.7%
- British Columbia: 15.1%
- Yukon: 17.9%
- Northwest Territories: 16.7%
- Nunavut: 22.8%
- Canada (total): 13.6%

From this summary, we identify the general unfounded percentages for sexual assaults in Canada as a whole:

- For 2016, the percentage of sexual assaults reported to police that were classified as unfounded was **18.7%**.
- For 2017, the percentage of sexual assaults reported to police that were classified as unfounded was **13.6%**.

Therefore, the percentages of sexual assaults classified as unfounded for 2016 and 2017 are:

Final Answer: [18.7%, 13.6%]"
369,what was the number of incidents of sexual assault (including founded and unfounded) reported to the police in 2017?,[28551.0],"To determine the number of incidents of sexual assault reported to the police in 2017, we need to look at the ""reported"" column for the year 2017 in the provided table. 

The total number of reported incidents in 2017 for each province or territory is as follows:
- Newfoundland and Labrador: 387
- Prince Edward Island: 99
- Nova Scotia: 903
- New Brunswick: 655
- Quebec: 5,978
- Ontario: 10,392
- Manitoba: 1,675
- Saskatchewan: 1,313
- Alberta: 3,470
- British Columbia: 3,190
- Yukon: 84
- Northwest Territories: 203
- Nunavut: 202
- Canada (total across all jurisdictions): 28,551

Now, we add the reported incidents for all provinces and territories in 2017:
387 (NL) + 99 (PE) + 903 (NS) + 655 (NB) + 5,978 (QC) + 10,392 (ON) + 1,675 (MB) + 1,313 (SK) + 3,470 (AB) + 3,190 (BC) + 84 (Yukon) + 203 (NWT) + 202 (Nunavut) = 28,551.

Thus, the total number of incidents of sexual assault reported to the police in 2017 is 28,551.

Final Answer: 28,551"
370,what was the percent change of the number of founded incidents from 2016?,[0.125365],"To calculate the percent change of the number of founded incidents from 2016 to 2017, we first need to find the number of founded incidents in both years for Canada from the given table.

From the table:
- Number of founded incidents in 2016: 21,579
- Number of founded incidents in 2017: 24,672

The formula for percent change is:

\[
\text{Percent Change} = \frac{(\text{New Value} - \text{Old Value})}{\text{Old Value}} \times 100
\]

Plugging in the values:

\[
\text{Percent Change} = \frac{(24,672 - 21,579)}{21,579} \times 100
\]

Now, we calculate the difference:

\[
24,672 - 21,579 = 3,093
\]

Now divide that by the old value (21,579):

\[
\frac{3,093}{21,579} \approx 0.143 \, (\text{or } 14.3\%)
\]

Lastly, multiply by 100 to express it as a percentage:

\[
0.143 \times 100 \approx 14.3\%
\]

Thus, the percent change in the number of founded incidents from 2016 to 2017 is approximately 14.3%.

Final Answer: 14.3%"
371,what was the percent change of the number of cleared incidents from 2016?,[2.9],"To calculate the percentage change of the number of cleared incidents from 2016 to 2017, we first need to find the total number of cleared incidents for both years from the provided data. 

From the table, the total number of cleared incidents for Canada in:
- 2016: 12,109
- 2017: 13,125

Now we can calculate the percentage change using the formula:

\[
\text{Percentage Change} = \frac{\text{New Value} - \text{Old Value}}{\text{Old Value}} \times 100
\]

Substituting in the numbers:

\[
\text{Percentage Change} = \frac{13,125 - 12,109}{12,109} \times 100
\]
\[
\text{Percentage Change} = \frac{1,016}{12,109} \times 100 \approx 8.38\%
\]

This means the number of cleared incidents increased by approximately 8.38% from 2016 to 2017.

Final Answer: 8.38%"
372,which album had performed a sigle negasonic teenage warhead in 1995?,['dopes to infinity'],"The album associated with the single ""Negasonic Teenage Warhead,"" released in 1995, can be identified from the table provided. 

Looking at the relevant row:
- The song ""Negasonic Teenage Warhead"" has its peak chart positions listed, along with the corresponding album name in the 'album' column. 
- In this row, it indicates that the album for this single is ""Dopes to Infinity.""

Thus, the album that performed the single ""Negasonic Teenage Warhead"" in 1995 is ""Dopes to Infinity.""

Final Answer: Dopes to Infinity"
373,what is the proportion of non-vaccinated persons among adults aged 18 to 64 years with no cmc?,[77.8],"The context provided is a table summarizing the proportion of unvaccinated persons and determinants of non-vaccination for seasonal influenza among Canadians aged 18 to 64 without a chronic medical condition (cmc) for 2013/2014.

In the table, the overall percentage of unvaccinated individuals is explicitly stated in the ""total"" row. The value given is 77.8%, which reflects the proportion of unvaccinated persons among this demographic.

The reasoning is straightforward:
- The table indicates that 77.8% of adults aged 18 to 64 years without a chronic medical condition are unvaccinated for seasonal influenza in the specified timeframe.

Final Answer: 77.8%"
374,how many seasons did karim ziani spend on playing for troyes in ligue 1?,[2],"To determine how many seasons Karim Ziani spent playing for Troyes in Ligue 1, we will analyze the provided data regarding Troyes' performance during the seasons listed as they relate to Ziani.

Looking at the table for Troyes, we find:

- In the **2001-02** season, it states ""ligue 1"" with **8 apps** and **0 goals**.
- In the **2002-03** season, the division is not specified, suggesting he might have been in a different division or that the data is incomplete.
- Starting from the **2003-04** season (which is in Ligue 2), the seasons continued without mentioning Troyes in Ligue 1 until the data for Troyes ends.

From the data outlined, Ziani is confirmed to have played in Ligue 1 for **one complete season (2001-02)** during his time at Troyes. The table does not indicate any further seasons in Ligue 1 for Ziani playing with Troyes.

Thus, taking into account the given information, we arrive at the conclusion.

Final Answer: 1"
375,how many respondents do the immigrant and npr frames comprise respectively?,"[2548, 1470]","To answer the question regarding how many respondents the immigrant and non-permanent resident (NPR) frames comprise, we need to look at the ""non-respondents"" column in the table for each frame.

From the data provided in the table:

- For the **immigrant** frame, the number of non-respondents is **206**.
- For the **non-permanent residents** (NPR) frame, the number of non-respondents is **420**.

To calculate the number of respondents, we need to subtract the number of non-respondents from the total enumerated individuals for each frame.

Calculations:

1. For **immigrants**:
   - Total enumerated individuals = 1,900
   - Non-respondents = 206
   - Respondents = 1,900 - 206 = **1,694**.

2. For **non-permanent residents (NPR)**:
   - Total enumerated individuals = 670
   - Non-respondents = 420
   - Respondents = 670 - 420 = **250**.

Thus, the number of respondents for the immigrant frame is **1,694** and for the NPR frame is **250**.

Final Answer: [1694, 250]"
376,how many immigrants and nprs were classified as enumerated or missed?,"[2548, 1900, 1470, 670]","To answer the question, we need to focus on the sections of the table that pertain to both immigrants and non-permanent residents (NPRs) and their classifications as enumerated individuals or missed individuals.

From the table, we have the following data:

### Immigrants:
- **Enumerated Individuals**: 1,900
- **Missed Individuals**: 332

### Non-Permanent Residents (NPRs):
- **Enumerated Individuals**: 670
- **Missed Individuals**: 298

Now, we can sum the counts for both enumerated and missed individuals:

1. **Total Enumerated for Immigrants and NPRs**:
   - Immigrants Enumerated: 1,900
   - NPRs Enumerated: 670
   - Total Enumerated = 1,900 + 670 = **2,570**

2. **Total Missed for Immigrants and NPRs**:
   - Immigrants Missed: 332
   - NPRs Missed: 298
   - Total Missed = 332 + 298 = **630**

Finally, we combine these totals to answer the question regarding how many immigrants and non-permanent residents were classified as either enumerated or missed:

- **Total classified as either enumerated or missed**:
   - Total Enumerated: 2,570
   - Total Missed: 630
   - Combined Total = 2,570 + 630 = **3,200**

Final Answer: 3,200"
377,"who were significantly more likely to be missed, respondents aged 20 to 24 years or those aged 30 to 34?",['20 to 24 years'],"To determine who were significantly more likely to be missed between respondents aged 20 to 24 years and those aged 30 to 34 years, we will compare the odds ratios (OR) provided in the table for these two age groups.

From the ""age group"" section of the table, we find the following odds ratios:
- For respondents aged **20 to 24 years**, the odds ratio is **2.14** in the univariate model and **1.95** in the multivariate model.
- For respondents aged **30 to 34 years**, the odds ratio is **1.00** in both the univariate and multivariate models.

An odds ratio greater than 1 indicates a higher likelihood of being missed, while an odds ratio of 1 indicates no difference from the baseline (reference) group. 

1. The odds ratio for the 20 to 24 age group (2.14 and 1.95) shows that individuals in this age group are significantly more likely to be missed compared to the reference group.
2. Conversely, the odds ratio for the 30 to 34 age group (1.00) indicates that they are not more likely to be missed than the reference group.

Since the odds ratio for the 20 to 24 age group is significantly greater than the odds ratio for the 30 to 34 age group, those aged 20 to 24 are indeed more likely to be missed than those aged 30 to 34.

Final Answer: Respondents aged 20 to 24 years"
378,"who were significantly more likely to be missed, respondents aged 25 to 29 years or those aged 30 to 34?",['25 to 29 years'],"To determine who was significantly more likely to be missed according to the odds ratios provided in the table, we need to look at the values for the two age groups specified: those aged 25 to 29 years and those aged 30 to 34 years.

From the table:

- The odds ratio for the age group of 25 to 29 years (univariate model) is 2.08, and in the multivariate model, it is 1.88.
- The odds ratio for the age group of 30 to 34 years is 1.00 in both the univariate and multivariate models.

An odds ratio greater than 1 indicates a higher likelihood of being missed compared to the reference group. 

Comparing the odds ratios:

- For respondents aged 25 to 29 years:
  - Univariate: 2.08 (indicating a significantly higher likelihood of being missed)
  - Multivariate: 1.88 (still indicates a higher likelihood)

- For respondents aged 30 to 34 years:
  - Both models give an odds ratio of 1.00, indicating no increased likelihood of being missed compared to the reference.

Thus, it is evident that respondents aged 25 to 29 years are significantly more likely to be missed compared to those aged 30 to 34 years.

Final Answer: Respondents aged 25 to 29 years"
379,"who were more likely to be missed, nprs who were granted temporary residence status in canada less than one year or at least two years before census day?","['0 to 6 months', '6 to 12 months']","To determine who were more likely to be missed, we will analyze the odds ratios for the length of stay in Canada based on the information provided in the table. We are specifically interested in the comparison between two categories: those who stayed for less than one year (0 to 6 months and 6 to 12 months) versus those who have stayed for at least two years (24 months or more).

From the given table, the odds ratios for the relevant categories are as follows:

1. **Length of stay in Canada:**
   - **0 to 6 months:** Odds ratio = 1.98
   - **6 to 12 months:** Odds ratio = 1.78
   - **12 to 24 months:** Odds ratio = 1.07
   - **24 months or more:** Odds ratio = 1.00

The odds ratios indicate the likelihood of being missed; a higher odds ratio means a higher likelihood of being missed.

- For individuals with a stay of **0 to 6 months**, the odds ratio is **1.98**, suggesting they are nearly twice as likely to be missed compared to those with a stay of 24 months or more.
- For individuals with a stay of **6 to 12 months**, the odds ratio is **1.78**, which also indicates a significantly higher likelihood of being missed compared to the reference group of those with a stay of 24 months or more.
- For individuals who have been in Canada for **12 to 24 months**, the odds ratio is **1.07**, which shows they are only slightly more likely to be missed, but less so than the 0 to 12 months groups.
- The reference group (24 months or more) has an odds ratio of **1.00**, indicating they are the baseline and not more likely to be missed.

Based on this analysis, it is clear that:
- Those who were granted temporary residence status in Canada for less than one year (i.e., 0 to 6 months or 6 to 12 months) were more likely to be missed compared to those who had been in Canada for at least two years.

Final Answer: 0 to 6 months, 6 to 12 months"
380,"who were less likely to be missed, nprs whose temporary residence permit was their first permit or nprs who had obtained other permits in the past?",['yes'],"The table provides odds ratios for various characteristics that affect the propensity for being missed for the NPR frame in 2011. In particular, we are looking into the likelihood of being missed based on the first NPR permit status presented in the part labeled ""first npr permit.""

From the table:
- For nprs whose first temporary residence permit is ""no"" (indicating they did not have other permits before), the odds ratio is 1.00.
- For nprs whose first temporary residence permit is ""yes"" (indicating they had other permits before), the odds ratio is 1.19.

The odds ratio indicates the likelihood of being missed compared to the base category (in this case, ""no"" for first permit). An odds ratio of 1.00 suggests that these individuals are at parity with the base category (they are neither more nor less likely to be missed). In contrast, an odds ratio of 1.19 for those who had prior permits suggests a 19% higher likelihood of being missed compared to the base category.

Therefore, the nprs whose first temporary residence permit was ""no"" (indicating that this was their first permit and they did not have other permits) were less likely to be missed than those who had obtained other permits in the past.

Final Answer: nprs whose first temporary residence permit was ""no"""
381,"in the 2001 season, which league did garcia join in categoria for america de cali?",['categoria primera a'],"In the context provided, we can see career statistics for a player. Specifically, for the year 2001, he played for America de Cali in the table.

The relevant row is:

|	club	|	season	|	league	|		|		|		cup	|		|		|
|		|		|		|	apps	|	goals	|	apps	|	goals	|		|
|	america de cali	|	2001	|	categoria primera a	|	3	|	0	|	0	|	0	|		|

From this information, we conclude that in the 2001 season, Garcia joined America de Cali in the ""categoria primera a"" league.

Final Answer: categoria primera a"
382,list the province with the highest infant mortality in 2013.,['nvt'],"To determine the province with the highest infant mortality in 2013, we need to look at the ""number"" of infant fatalities for each province listed for that year in the provided table. 

From the relevant row for the year 2013, the infant mortality numbers by province are:

- Newfoundland & Labrador (n.l.): 29
- Prince Edward Island (p.e.i): 3
- Nova Scotia (n.s.): 29
- New Brunswick (n.b.): 33
- Quebec (que): 438
- Ontario (ont): 681
- Manitoba (man): 93
- Saskatchewan (sask): 111
- Alberta (alta): 285
- British Columbia (b.c.): 161
- Yukon territory (y.t.): 1
- Northwest Territories (n.w.t.): 5
- Nunavut (nvt): 15
- Unknown: 0
- Canada Total: 1,884

Now, we identify the maximum value:
- New Brunswick has 33.
- Quebec has 438 (the highest).
- Ontario has 681 (the highest).
- Manitoba has 93.
- Saskatchewan has 111.
- Alberta has 285.
- British Columbia has 161.

Out of all these, Ontario has the highest infant mortality number in 2013 with 681.

Final Answer: Ontario"
383,what was the infant mortality in british columbia in 2013?,[3.7],"To determine the infant mortality in British Columbia for the year 2013, we need to examine the relevant data from the table provided.

In the table, under the column for British Columbia (b.c.), we look for the row corresponding to the year 2013. The relevant information is under the ""number"" and ""rate per 1,000"" columns.

From the data for the year 2013:
- The number of infant deaths recorded in British Columbia was **6**.
- The rate of infant mortality in British Columbia for 2013 was **5.6 per 1,000**.

Since the question specifically asks for ""infant mortality,"" it can refer to either the number of deaths or the mortality rate. However, typically, when discussing infant mortality, we refer to the number of deaths rather than the rate unless a specific context calls for it.

**Conclusion**: Therefore, the infant mortality in British Columbia in 2013 is regarded as the number of deaths, which is **6**.

Final Answer: 6"
384,"in 2015, how many yards did jacoby brissett pass for?",[2662.0],"The table provides statistics about players, specifically passing and rushing yards for years including 2015. According to the data:

For the year 2015 with NC State:
- Passing yards: 2,662 yards

Thus, Jacoby Brissett passed for a total of 2,662 yards in 2015.

Final Answer: 2662"
385,"in 2015, how many touchdowns did jacoby brissett pass for?",[20.0],"To determine how many touchdowns Jacoby Brissett passed for in 2015, we examine the relevant row in the provided table.

Looking at the statistics for NC State in 2015, we find the following passing stats:
- Team: NC State
- Year: 2015
- Touchdowns (td): 20

Thus, Jacoby Brissett passed for 20 touchdowns in 2015.

Final Answer: 20"
386,"in 2015, how many interceptions did jacoby brissett pass for?",[6.0],"To determine how many interceptions Jacoby Brissett passed for in 2015, we need to analyze the data provided in the statistics table.

In the table, for the year 2015 and the team NC State, the relevant statistics for passing are as follows:
- Interceptions (int) for 2015: 6

This indicates that Jacoby Brissett threw a total of 6 interceptions during the 2015 season.

Final Answer: 6"
387,list the province with the lowest rate of sexual violations against children in rural areas in 2017.,['p.e.i'],"To answer the question regarding which province had the lowest rate of sexual violations against children in rural areas in 2017, we refer to the relevant data from the table provided.

The rates of sexual violations against children by province are as follows:
- Newfoundland and Labrador (n.l): 27
- Prince Edward Island (p.e.i): 21
- Nova Scotia (n.s): 30
- New Brunswick (n.b): 24
- Quebec (que): 44
- Ontario (ont): 30
- Manitoba (man): 55
- Saskatchewan (sask): 58
- Alberta (alta): 35
- British Columbia (b.c): 32

From these figures, we can compare the rates:
- The lowest rate is seen in Prince Edward Island (21).

Therefore, the answer to the question is that Prince Edward Island has the lowest rate of sexual violations against children in rural areas in 2017.

Final Answer: Prince Edward Island"
388,"what were the numbers of medium-sized firms in the private sector according to the one-year methodology,according to the three-year average methodology and when the two-out-of-three-years condition is imposed respectively?","[65659.0, 63894.0, 61630.0]","To determine the numbers of medium-sized firms in the private sector according to the specified methodologies, we look at the data provided in the table under the ""medium-sized firms"" row as well as the relevant methodologies.

1. **One-year employment methodology:** 
   - The number of medium-sized firms is **65,659**.

2. **Three-year average employment methodology:**
   - The number of medium-sized firms is **63,894**.

3. **Three-year average employment and firm belongs to the size class at least two years out of three:**
   - The number of medium-sized firms is **61,630**.

Thus, we have the following numbers for medium-sized firms based on the specified methodologies:

- For the one-year methodology: **65,659**
- For the three-year average methodology: **63,894**
- When applying the two-out-of-three-years condition: **61,630**

Final Answer: [65,659, 63,894, 61,630]"
389,what was the percentage of firms identified as having become large employed at least 500 workers in at least two out of the three years with the one-year method?,[80.4],"To determine the percentage of firms identified as having become large that were employed at least 500 workers in at least two out of three years using the one-year methodology, we can refer to the relevant section of the table where outcomes based on methodologies are outlined.

From the table, the following data is presented regarding firms that became large under methodology 1 (one-year employment):
- Total firms that became large: 923
- The percentage of firms that became large and were medium-sized at least twice in the three years preceding the transition year is stated as 80.4%.

To calculate the number of firms that were identified as having become large and also employed at least 500 workers in at least two out of three years through the one-year method, we need to multiply the total number of firms that became large (923) by the percentage of firms that were observed as medium-sized status at least twice in the preceding years (80.4%). 

Calculation:
- Number of firms = 923
- Percentage = 80.4% = 0.804

Thus, the number of firms that became large and were observed as medium-sized at least twice is:
\( 923 \times 0.804 = 742.212 \)

When assessing the problem, there is no specific percentage provided on the total number directly. Instead, what we have found is that approximately 742 firms can be identified as meeting these conditions. However, since the question asks for a percentage, we retain the available percentage figure.

Finally, we conclude that the percentage of firms identified as having become large employing at least 500 workers in at least two out of three years under the one-year method is as follows:

Final Answer: 80.4%"
390,what was the percentage of firms identified as having become small employed fewer than 100 workers for at least two out of the three post-transition years?,[77.8],"To find the percentage of firms identified as having become small and employed fewer than 100 workers for at least two out of the three post-transition years, we can look at the row labeled ""become small"" under the appropriate section of the table, which provides percentages for different methodologies.

From the table, the pertinent data regarding the transition to becoming small includes the following percentages across different methodologies:

- Methodology 1: 11.0%
- Methodology 2: 13.0%
- Methodology 3: 14.4%
- Methodology 4: 12.5%
- Methodology 5: 12.7%

These percentages reflect the proportion of firms that, having previously been medium-sized, transitioned to become small according to each methodology.

Since the question asks for the percentage of firms fulfilling this criterion (becoming small) for at least two out of the three post-transition years, we will analyze the percentages provided:

- All methodologies provide a percentage that identifies firms that became small, and each methodology reflects slightly different conditions or periods for assessment.

Therefore, to conclude, the firm percentages identified as having become small (fewer than 100 workers) across the methodologies do not indicate more than one specific percentage, as they are distinct assessments and aren't cumulative. However, the question implies we should determine whether there are repeat findings across methodologies.

Since we are asked to summarize the percentages of firms that became small, we can present the relevant percentages from methodologies 1 through 5:

To summarize:

1. **Methodology 1**: 11.0%
2. **Methodology 2**: 13.0%
3. **Methodology 3**: 14.4%
4. **Methodology 4**: 12.5%
5. **Methodology 5**: 12.7%

Final Answer: [11.0, 13.0, 14.4, 12.5, 12.7]"
391,what was the percentage of firms that become large in the third and fourth productivity quartiles one year prior to the transition?,[69.4],"To answer the question regarding the percentage of firms that become large in the third and fourth productivity quartiles one year prior to the transition, we must extract the relevant data from the table provided.

Looking at the table for the productivity quartile in year t-5:

- In the **third quartile**: the percentage of firms that became large is **27.1%**.
- In the **fourth quartile**: the percentage of firms that became large is **39.9%**.

Now, we simply need to combine these two percentages to provide the total number of firms that transitioned to large from these quartiles in year t-5.

This gives us:
- Third quartile: 27.1%
- Fourth quartile: 39.9%

Since the question asks for these percentages specifically for the firms that transitioned from the third and fourth quartiles, we will provide both percentages but not combine them since they pertain to separate quartiles.

Thus, the final answers are:
Final Answer: [27.1%, 39.9%]"
392,what was the percentage of firms that become large in the third and fourth productivity quartiles in year t-5 ?,[67],"To determine the percentage of firms that become large in the third and fourth productivity quartiles in year t-5, we examine the relevant section of the table.

From the table:

- For firms in the **third quartile** in year t-5, the percentage that becomes large is **27.1%**.
  
- For firms in the **fourth quartile** in year t-5, the percentage that becomes large is **39.9%**.

Now, we will provide the combined values for the third and fourth quartiles in year t-5. Therefore, we conclude with:

Final Answer: [27.1%, 39.9%]"
393,what was the percentage of medium-sized firms with workers in solely one province or territory throughout the entire six-year period?,[64.2],"To determine the percentage of medium-sized firms that had workers in solely one province or territory throughout the six-year period from year t-5 to year t, we look specifically at the row for ""one province or territory"" under the section for ""all medium-sized firms."" The provided percentages for the years t-5 through t are as follows:

- t-5: 64.2%
- t-4: 63.7%
- t-3: 62.9%
- t-2: 62.2%
- t-1: 61.9%
- t: 62.1%

These percentages indicate the proportion of medium-sized firms that were operating in only one province or territory during each respective year. To find the percentage of firms that consistently maintained operations in one province or territory, we consider the lowest percentage across these years to represent firms that remained stable in this characteristic.

The percentages over the years demonstrate a range from 64.2% to 61.9%, with the lowest being 61.9% in year t-1 and t-2. Therefore, we conclude that throughout the entire six-year period, the lowest percentage of medium-sized firms continually operating in one province or territory is indicative of consistency in their operations.

Final Answer: 61.9%"
394,what was the percentage of firms that become large with workers in multiple provinces or territories as early as five years prior to the transition?,[59.3],"To answer the question about the percentage of firms that become large with workers in multiple provinces or territories as early as five years prior to the transition, we need to refer to the section regarding firms that ""become large"" and specifically look at the row for ""three or more provinces or territories"".

From the table, the relevant data is:
- For five years prior (year t-5), the percentage of firms that become large with workers in three or more provinces or territories is **40.2%**.

Thus, the percentage of firms that become large with workers in multiple provinces or territories as early as five years prior to the transition is 40.2%.

Final Answer: 40.2%"
395,what was the percentage of firms that become large with workers in multiple provinces or territories in transition year t?,[68],"To determine the percentage of firms that become large with workers in multiple provinces or territories in the transition year t, we need to refer to the appropriate section of the table.

From the table, the relevant data for firms that become large and have workers in three or more provinces or territories is presented under the category:

- Become large
  - Three or more provinces or territories: 50.9% in year t.

Thus, the percentage of firms that become large with workers in multiple provinces or territories in the transition year t is 50.9%.

Final Answer: 50.9%"
396,what is the average number of children aged 0 to 14 among syrian couples with children?,[2.8],"The table provides information on household and family characteristics of refugees who resettled in Canada from various source countries, including Syria, between January 1, 2015, and May 10, 2016. We are particularly interested in the average number of children aged 0 to 14 among Syrian couples with children.

From the table, for the source country ""Syria,"" the relevant data is as follows:

- Average number of children aged 0 to 14 among couples with children: **2.8**

Thus, the average number of children aged 0 to 14 among Syrian couples with children is 2.8.

Final Answer: 2.8"
397,what is the average number of children aged 0 to 14 among couples with children from all the other countreis?,[2.2],"To determine the average number of children aged 0 to 14 among couples with children from countries other than Syria, we examine the relevant data in the table for the countries listed under ""other countries"" and ""total, excluding syria"".

From the table, we can see the average number of children among couples with children for the following categories:

- Other countries: 2.2
- Total, excluding Syria: 2.2

Since the specified question asks for the average number of children aged 0 to 14 among couples with children from all the other countries combined, we will use the average from ""total, excluding syria"" since it represents the average of those countries.

Thus, the average number of children aged 0 to 14 among couples with children from countries excluding Syria is 2.2.

Final Answer: 2.2"
398,what is the average number of chilren aged 0 to 14 among congolese couples with children?,[3.0],"Based on the provided context, we need to determine the average number of children aged 0 to 14 specifically among Congolese couples with children. The relevant data is found under the ""democratic republic of the congo"" row in the table.

According to the table:

- For the Democratic Republic of the Congo (often referred to as Congo), the average number of children aged 0 to 14 among couples with children is recorded as 3.0.

Since there are no further details that would affect this specific average within the context and the question, the answer directly corresponds to this value.

Final Answer: 3.0"
399,which source country had a higher average number of children aged 0 to 14 among couples with children?,['democratic republic of the congo'],"To answer the question regarding which source country had a higher average number of children aged 0 to 14 among couples with children, we need to examine the values provided in the relevant column of the table.

The averages for the source countries are as follows:

- Syria: 2.8 children
- Iraq: 2.0 children
- Afghanistan: 2.4 children
- Eritrea: 2.2 children
- Democratic Republic of the Congo: 3.0 children
- Other countries: 2.2 children

Upon comparing these averages, it’s clear that the Democratic Republic of the Congo has the highest average number of children aged 0 to 14 among couples with children with an average of 3.0 children.

Final Answer: Democratic Republic of the Congo"
400,"in 2012, how many percent of canadians aged 15 or older met all three criteria for past 12-month gad?",[2.6],"To determine the percentage of Canadians aged 15 or older who met all three criteria for past 12-month generalized anxiety disorder (GAD) in 2012, we need to analyze the data presented in the table.

The table provides several characteristics and their corresponding figures for both threshold GAD and subthreshold GAD. We focus on the total percentage for threshold GAD as it indicates those who meet the full criteria for the disorder.

From the table:
- The total number of individuals with threshold GAD is 721.7 (000's), with a percentage of 2.6%.

This percentage (2.6%) represents the proportion of the Canadian population aged 15 or older who met all criteria for past 12-month GAD.

Thus, the answer is that 2.6% of Canadians aged 15 or older met the criteria for past 12-month GAD.

Final Answer: 2.6%"
401,"in 2012, how many canadians aged 15 or older met all three criteria for past 12-month gad?",[721.7],"To determine how many Canadians aged 15 or older met all three criteria for past 12-month generalized anxiety disorder (GAD) from the given table, we need to find the relevant data related to ""threshold gad"" and ""subthreshold gad"". 

The criteria mentioned broadly refer to the two categories represented in the table. While the table doesn't explicitly mention a specific ""criteria"" breakdown as we would normally expect, we will interpret that the total number of those who meet the criteria will be the sum of those who have ""threshold gad"" and ""subthreshold gad"". 

From the table, the overall figures are:
- Threshold GAD total: 721.7 '000 (2.6%)
- Subthreshold GAD total: 654.7 '000 (2.3%)

However, in the context of “meeting all three criteria,” we interpret this as a sum of both threshold GAD and subthreshold GAD categories, since both are forms of GAD and reflect individuals experiencing anxiety disorders, whether at the threshold or subthreshold level.

Thus, the total number of Canadians aged 15 or older that have been referenced for past 12-month GAD would be the sum of these two groupings:
- Number with threshold GAD: 721.7 '000
- Number with subthreshold GAD: 654.7 '000

Therefore:
Total individuals meeting GAD criteria = 721.7 + 654.7 = 1376.4 '000

Final Answer: 1376.4 '000"
402,what is the percentage of syrian refugees who were admitted in 2016 in the atlantic provinces?,[93.4],"To determine the percentage of Syrian refugees who were admitted in 2016 in the Atlantic provinces, we can use the information from the table for the specific region.

From the table, we have the following data related to the Atlantic provinces:

- **Number of Syrian refugees**: 2,670
- **Proportion of Syrian refugees who were government-assisted refugees**: 85.8%
- **Proportion of Syrian refugees admitted in 2015**: 6.6%

Since the question specifically asks for the percentage of Syrian refugees who were admitted in 2016 in the Atlantic provinces, we start by calculating the number of Syrian refugees who were not admitted in 2015 (because those would have been the ones admitted in 2016).

1. Calculate the number of Syrian refugees admitted in 2015:
   \[
   \text{Syrian refugees admitted in 2015} = 2,670 \times \left( \frac{6.6}{100} \right) = 176.62 \approx 177 \, (\text{rounding to the nearest whole number})
   \]

2. Calculate the number of Syrian refugees admitted in 2016:
   \[
   \text{Syrian refugees admitted in 2016} = 2,670 - 177 = 2,493
   \]

3. Now, to find the percentage of Syrian refugees admitted in 2016, we focus on how many of the total number of Syrian refugees that constitutes. Then we calculate the percentage of those admitted in 2016:
   \[
   \text{Percentage of Syrian refugees admitted in 2016} = \left( \frac{2,493}{2,670} \right) \times 100 = 93.4\%
   \]

Thus, the percentage of Syrian refugees who were admitted in 2016 in the Atlantic provinces is approximately 93.4%.

Final Answer: 93.4%"
403,what is the percentage of syrian refugees who were admitted in 2015 in the cma of montreal?,[46.5],"In the given table, we need to focus on the Montreal Census Metropolitan Area (CMA) to determine the percentage of Syrian refugees who were admitted in 2015.

From the data:
- The total number of Syrian refugees in the Montreal CMA is 4,265.
- The proportion of Syrian refugees admitted in 2015 in this area is given as 46.5%.

This information is directly related to the question, as it specifies both the context (Montreal CMA) and the relevant percentage (46.5%).

Thus, the final answer is straightforward.

Final Answer: 46.5%"
404,what is the percentage of syrian refugees who were admitted in 2016?,[94.7],"To determine the percentage of Syrian refugees who were admitted in 2016, we need to analyze the information given in the table regarding the admission years for Syrian refugees.

From the table, we know:
- The total number of Syrian refugees resettled in Canada between January 1, 2015, and May 10, 2016, is 25,035.
- The proportion of Syrian refugees admitted in 2015 is 28.7%.

Since the question specifically asks for the percentage of Syrian refugees admitted in 2016, we can find this by realizing that the proportion of refugees admitted in 2015 (28.7%) accounts for those admitted in that year. Consequently, the remaining proportion must correspond to those admitted in 2016. 

Calculating that:

Proportion of Syrian refugees admitted in 2016 = 100% - Proportion admitted in 2015
= 100% - 28.7%
= 71.3%

Therefore, the percentage of Syrian refugees who were admitted in 2016 is 71.3%.

Final Answer: 71.3%"
405,what is the percentage of syrian refugees admitted in 2015 in the rest of ontario and the british columbia?,[28.7],"To determine the percentage of Syrian refugees admitted in 2015 for the regions of interest, we will look specifically at the ""proportion of Syrian refugees admitted in 2015"" for both ""rest of Ontario"" and ""British Columbia.""

From the table:

- For ""rest of Ontario,"" the proportion of Syrian refugees admitted in 2015 is **27.5%**.
- For ""British Columbia,"" the proportion of Syrian refugees admitted in 2015 is **29.4%**.

We need to present these values corresponding to their regions.

Final Answer: [27.5%, 29.4%]"
406,which country had the second highest ratios of listings to dwellings?,"['prince edward island', 'yukon']","To determine which country had the second highest ratio of listings to dwellings, we will analyze the data presented in the table, specifically focusing on the ""ratio of listings to dwellings"" column.

Here are the ratios from the table:

- Canada: 0.9
- Newfoundland and Labrador: 0.4
- Prince Edward Island: 1.4
- Nova Scotia: 0.6
- New Brunswick: 0.3
- Quebec: 1.2
- Ontario: 0.8
- Manitoba: 0.2
- Saskatchewan: 0.2
- Alberta: 0.5
- British Columbia: 1.7
- Yukon: 1.4
- Northwest Territories: 0.8
- Nunavut: 0.2

Next, we will identify the highest ratios and rank them:

1. **British Columbia:** 1.7 (highest)
2. **Prince Edward Island:** 1.4 (second highest)
3. **Yukon:** 1.4 (tied with Prince Edward Island)
4. **Quebec:** 1.2
5. **Canada:** 0.9

Since Prince Edward Island and Yukon both have a ratio of 1.4, they tie for the second highest ratio. For this context, we will select Prince Edward Island as the answer based on its earlier appearance in our list.

Final Answer: Prince Edward Island"
407,which country had the highest daily revenue per available listing and the highest daily revenue per hotel room?,['british columbia'],"To address the question, we will analyze the provided data in the table, specifically looking for the records that show the highest daily revenue per available listing and the highest daily revenue per available room.

From the table:
- **Daily revenue per available listing**: 
  - Canada: $37.20
  - Newfoundland and Labrador: $25.77
  - Prince Edward Island: $49.06
  - Nova Scotia: $40.97
  - New Brunswick: $26.26
  - Quebec: $31.16
  - Ontario: $36.61
  - Manitoba: $17.78
  - Saskatchewan: $14.36
  - Alberta: $23.83
  - British Columbia: $50.55 (highest)
  - Yukon: $25.32
  - Northwest Territories: $41.06
  - Nunavut: $12.34

The highest daily revenue per available listing is **British Columbia** with **$50.55**.

- **Daily revenue per available room**:
  - Canada: $94.82
  - Newfoundland and Labrador: $90.45
  - Prince Edward Island: $77.43
  - Nova Scotia: $84.36
  - New Brunswick: $66.36
  - Quebec: $108.34 (highest)
  - Ontario: $98.79
  - Manitoba: $76.63
  - Saskatchewan: $67.67
  - Alberta: $68.81
  - British Columbia: $111.45 (highest)
  - Yukon: No data
  - Northwest Territories: No data
  - Nunavut: No data

The highest daily revenue per available room is also **British Columbia** with **$111.45**.

Thus, the answers to the question of which region had the highest daily revenue per available listing and the highest daily revenue per available room both point to **British Columbia**.

Final Answer: British Columbia"
408,which country had the lowest daily revenue per available room?,['nunavut'],"The table provides data on the daily revenue per available room across various provinces in Canada. To answer the question regarding which province had the lowest daily revenue per available room, we need to examine the ""daily revenue per available room"" column.

Here are the daily revenues by province:
- Newfoundland and Labrador: $90.45
- Prince Edward Island: $77.43
- Nova Scotia: $84.36
- New Brunswick: $66.36
- Quebec: $108.34
- Ontario: $98.79
- Manitoba: $76.63
- Saskatchewan: $67.67
- Alberta: $68.81
- British Columbia: $111.45
- Yukon: Data not available
- Northwest Territories: Data not available
- Nunavut: Data not available

From the available data, the entries for daily revenue per available room show:
- New Brunswick: $66.36
- Saskatchewan: $67.67
- Alberta: $68.81

The lowest value from these displayed amounts belongs to New Brunswick with $66.36.

Therefore, the province with the lowest daily revenue per available room is New Brunswick.

Final Answer: New Brunswick"
409,"in 2011, how many receptions did michael crabtree finish with?",[72.0],"The table provided includes performance statistics for Michael Crabtree during regular seasons from 2009 to 2018. Upon examining the entry for the year 2011, we find the following relevant statistics:

- The number of receptions (rec) for the year 2011 is listed as 72.

Therefore, the conclusion based on the data provided is that in 2011, Michael Crabtree finished with 72 receptions.

Final Answer: 72"
410,"in 2011, how many receiving yards did michael crabtree finish with?",[874.0],"To determine how many receiving yards Michael Crabtree finished with in 2011, we refer to the given table in the context provided. Specifically, we look at the entry for the year 2011 under the team designated as ""sf"" (San Francisco).

From the table for the year 2011, we can find the following statistics:
- **Receiving yards:** 874

Thus, Michael Crabtree finished with **874 receiving yards** in the 2011 season.

Final Answer: 874"
411,"in 1997, how many yards did davis record?",[1750.0],"To determine the number of yards that Davis recorded in 1997, we can refer to the given table which provides performance statistics for the team Denver (den) for multiple years.

In the year 1997, the table indicates:
- Rushing yards (yds): 1,750
- Receiving yards (yds): 287

Since the question doesn't specify whether to consider rushing, receiving, or both, we will focus on both types of yards. 

Thus, in 1997, Davis recorded:
- 1,750 rushing yards
- 287 receiving yards

However, if we just focus on the total yards which combines both rushing and receiving for Davis in 1997:
- Total = Rushing Yards + Receiving Yards = 1,750 + 287 = 2,037 yards.

Now, addressing the question directly about what Davis recorded in terms of total yards in 1997, the primary statistics reflect the rushing and receiving contributions clearly.

Final Answer: 1,750 rushing yards and 287 receiving yards (Total: 2,037 yards)"
412,"in 1997, how many rushing touchdowns did davis record?",[15.0],"The table presents data related to a player's performance during the regular season, specifically focusing on rushing and receiving statistics. Each row details various metrics for each year the player was active. 

In the year 1997, the relevant rushing statistics for the player (presumably Davis based on the context) are as follows:
- Rushing attempts (att): 369
- Rushing yards (yds): 1,750
- Rushing average (avg): 4.7 yards per attempt
- Rushing touchdowns (tds): 15

From the data provided, the number of rushing touchdowns recorded by Davis in 1997 is explicitly stated as 15.

Final Answer: 15"
413,"in 2014-15 iran pro league, where did milad jalali make his debut for?",['pro league'],"The given table presents club career statistics, specifically for a player named Milad Jalali during the 2014-15 Iran Pro League season while playing for the club ""Malavan."" The relevant row indicates that he participated in the league (pro league) during that season.

From the table, we can see:
- **Club**: Malavan
- **Division**: Pro League
- **Season**: 2014-15

Since the question asks where Milad Jalali made his debut in the 2014-15 Iran Pro League, we look at the provided information.

Based on this information:
- Milad Jalali made his debut for ""Malavan"" in the Pro League during the 2014-15 season.

Final Answer: Malavan"
414,"in 2009, which club did bergin play in the national league division 2?",['offaly'],"The context provided is the career statistics of a player named Bergin. The table outlines various statistics by year and level of competition in which the player participated. However, the specific club for Bergin in the national league division 2 for the year 2009 is not explicitly mentioned in the table.

The table provides various entries for Offaly in different years, but does not specifically state the club name for 2009 during the national league division 2. It only states that in 2009, Offaly played in division 2 with a total of 11 games played and a score of 0-21.

Since there is no distinct reference to Bergin's club affiliation outside Offaly, it can be inferred that if Bergin is a player listed in Offaly's statistics in the table, he played for Offaly in 2009.

Final Answer: Offaly"
415,"in 2014/2015, what is the number of cases completed in adult criminal court?",[328028.0],"The table presents data on charges and cases completed in adult criminal court in Canada from 2005/2006 to 2014/2015. To find the number of cases completed in the year 2014/2015, we look at the column labeled ""total cases"" for that year.

From the table, the entry for the year 2014/2015 is as follows:
- Year: 2014/2015
- Total cases: 328,028

Thus, the number of cases completed in adult criminal court in 2014/2015 is 328,028.

Final Answer: 328,028"
416,"in 2014/2015, what is the number of charges related to criminal code and other federal statute offences?",[992635.0],"The provided context gives data on charges and cases completed in adult criminal court in Canada, specifically from 2005/2006 to 2014/2015. However, the table does not specify the number of charges related to criminal code and other federal statute offences directly for the year 2014/2015. 

From the data, we see the total number of charges for 2014/2015 is 992,635. To provide an answer to the question regarding the number of charges related to criminal code and other federal statute offences, we would need additional information that breaks down the total charges into specific categories, specifically detailing how many of those charges fall under criminal code and other federal statutes.

Since this specific breakdown is not provided in the given table, we cannot ascertain how many charges are allocated to criminal code and federal statutes for the year 2014/2015.

Final Answer: Insufficient information provided."
417,how many percentage points was the low-income rate for women aged between 65 and 69 years old without transfers?,[48.8],"To determine the low-income rate for women aged between 65 and 69 years old without transfers, we look at the relevant section of the provided table.

From the table, the data for women aged 65 to 69 years without transfers is as follows:

- Low-income rate for women aged 65 to 69 years without transfers: 48.8%

This percentage is directly provided in the table under the female column for the age group 65 to 69 years without transfers. 

Therefore, there is no further calculation needed, and the answer is clearly stated in the data.

Final Answer: 48.8%"
418,how many percentage points was the low-income rate for women aged between 65 and 69 years old with transfers?,[12.7],"To determine the low-income rate for women aged between 65 and 69 years old with transfers, we refer to the specific entry in the table.

From the table:

- For women aged 65 to 69 years, the percentage of low-income individuals with transfers is **12.7%**.

Since the question is specifically asking for this percentage, we note that no further calculations are necessary. 

Final Answer: 12.7%"
419,how many percentage points was the low-income rate for women aged 85 years and older without transfers?,[67.4],"To determine the low-income rate for women aged 85 years and older without transfers from the provided table, we can identify the relevant cell corresponding to this specific demographic group.

From the table, we see that the low-income rate for women aged 85 years and older without transfers is 58.8%.

Thus, the answer is straightforward since we have extracted the information directly from the table without any need for additional calculations.

Final Answer: 58.8%"
420,how many percentage points was the low-income rate for women aged 85 years and older with transfers?,[24.5],"To determine the low-income rate for women aged 85 years and older with transfers, we look for the corresponding value in the provided table.

From the table under the 'female' category, specifically the 'with transfers' column for the age group '85 years and older', the percentage listed is:

- Women aged 85 years and older with transfers: **24.5%**

Since the question asks for how many percentage points this low-income rate is, we can conclude that the answer is directly the percentage figure found for that specific criterion.

Final Answer: 24.5%"
421,how many percentage points did primary donors live in a household in the highest income quintile in 2013?,[30.0],"In the provided table regarding personal characteristics of primary donors, there is a section that outlines the household income quintile distribution among three groups: primary donors, other donors, and non-donors for the year 2013. The specific entry we are interested in refers to the percentage of primary donors who live in a household in the highest income quintile.

From the table data:
- For primary donors, the percentage of those in the highest income quintile is 30%.

This indicates that 30% of primary donors were living in households that fall within the highest income bracket in 2013.

Final Answer: 30%"
422,how many percentage points did other donors live in a household in the highest income quintile in 2013?,[20.0],"To answer the question about the percentage points indicating how many other donors lived in a household in the highest income quintile in 2013, we can refer to the specific section of the table that details household income quintiles for various categories of donors.

From the table relevant to household income quintiles, we observe:

- For 'other donors', the percentage living in the highest income quintile is 20%.

This information is specifically found under the ""household income quintile"" section where we can see the following breakdown for 'other donors':

- Highest quintile: 20%

Since the question directly asks for this percentage, the answer is straightforward.

Final Answer: 20%"
423,how many percentage points did non-donors live in a household in the highest income quintile in 2013?,[14.0],"The table provides information on the personal characteristics of primary donors, other donors, and non-donors in 2013, including the distribution based on household income quintiles. 

To answer the question, we focus on the row that specifies the household income quintiles for non-donors. The relevant data from the table indicates:

- For the highest income quintile, the percentage of non-donors is 14%.

This means that in 2013, 14% of non-donors lived in a household in the highest income quintile.

Final Answer: 14%"
424,how many percentage points were 55 years of age and older among primary donors in 2013?,[51.0],"To determine the percentage of primary donors aged 55 years and older in 2013, we can refer to the relevant age group data presented in the table.

The table lists the age groups for primary donors and shows the following percentages:
- The age group 15 to 34 years: 15%
- The age group 35 to 54 years: 34%
- The age group 55 years and older: 51%

As specified, we are interested in the percentage of primary donors who are 55 years of age and older, which is directly given in the table.

From the provided information:
- The percentage of primary donors aged 55 years and older is stated as 51%.

Thus, the answer to the question is clear.

Final Answer: 51%"
425,how many percentage points were 55 years of age and older among other donors in 2013?,[34.0],"To answer the question regarding the percentage of individuals aged 55 years and older among other donors in 2013, we analyze the age group data presented in the table.

The relevant part of the age group breakdown for other donors is as follows:
- 15 to 34 years: 31%
- 35 to 54 years: 36%
- 55 years and older: 34%

We need to focus on the age group ""55 years and older,"" which is specifically mentioned as 34% for other donors.

Thus, the percentage of other donors aged 55 years and older in 2013 is 34%.

Final Answer: 34%"
426,how many percentage points were 55 years of age and older among non-donors in 2013?,[26.0],"To find the percentage of non-donors who were 55 years of age and older in 2013, we need to refer to the relevant section of the table that provides information about age groups.

From the table:

- The percentage of non-donors aged 55 years and older is given as **26%**.

This value indicates that among the non-donors, 26% were 55 years of age and older.

Final Answer: 26%"
427,how many percentage points had primary donors participated in religious activities at least once a week?,[54.0],"The table provides information regarding personal characteristics of primary donors, other donors, and non-donors, particularly in relation to their participation in religious activities.

To answer the question, we will look specifically at the row concerning ""participation in religious activities at least once a week"" for primary donors. The data shows:

- Primary donors who participate in religious activities at least once a week are represented as 54%.

Thus, the percentage of primary donors who participated in religious activities at least once a week is 54%.

Final Answer: 54%"
428,how many percentage points had other donors participated in religious activities at least once a week?,[14.0],"To answer the question regarding the percentage of other donors who participated in religious activities at least once a week, we can refer to the relevant section of the provided table. 

From the table, we observe the following about participation in religious activities:
- For other donors, the percentage of those who **do** participate in religious activities at least once a week is **14%**.
- Conversely, the percentage for those who **do not** participate is **86%**.

The question specifically asks for the percentage of other donors who participated in religious activities at least once a week. Therefore, based on the data presented:

Final Answer: 14%"
429,how many percentage points had non-donors participated in religious activities at least once a week?,[8.0],"The table provides information about the personal characteristics of primary donors, other donors, and non-donors in 2013, particularly in relation to their participation in religious activities. We need to focus on the section concerning religious participation.

According to the table:

- The percentage of non-donors who participate in religious activities at least once a week is 8%.

Thus, the answer to the question is clear from the data presented.

Final Answer: 8%"
430,how many millions of dollars did religious organizations receive in donations in 2013?,[5228.0],"The table presents data on the total amount donated to different types of organizations in 2013, along with the percentage of donations attributed to each type. Focusing specifically on religious organizations, we can find the relevant entry in the table:

- For religious organizations, the total amount donated is reported as 5,228 million dollars.

Therefore, to answer the question of how many millions of dollars religious organizations received in donations in 2013, we refer to the entry for religious organizations.

Final Answer: 5228 million dollars"
431,how many percentage points does donation religious organizations received represent among the total donations made by canadians in 2013?,[41.0],"To determine the percentage points that donations to religious organizations represent among the total donations made by Canadians in 2013, we need to refer to the table provided.

From the table:
- The total amount donated in 2013 is reported as 12,764 million dollars.
- The total percentage of donations for religious organizations is 41%.

The percentage for religious organizations is directly extracted from the table under the column ""percentage of donations"" for the row corresponding to ""religious organizations."" This indicates that donations to this type of organization accounted for 41% of the total donations made.

Thus, the percentage points donated to religious organizations among total donations made is clearly 41%.

Final Answer: 41%"
432,"in 2013, which club did tiago cameta appear for the serie a club?",['ponte preta'],"The table provides career statistics for player Tiago Cameta across multiple seasons and clubs. To answer the question regarding which club he appeared for in the Serie A in 2013, we need to look at the specific row for that season and league.

In 2013, the table includes the following row for Serie A:

|	ponte preta	|	2013	|	serie a	|	1	|	0	|	1	|	0	|	2	|	0	|	-	|		|	4	|	0	|	none	|	none	|

From this entry, it's clear that Tiago Cameta played for Ponte Preta in the Serie A during the year 2013. The statistics show that he made 1 appearance with 0 goals.

Final Answer: Ponte Preta"
433,"in march 2012, how many peopl were killed in iraq, according to government figures?",[112.0],"To determine how many people were killed in Iraq in March 2012 according to government figures, we must refer to the data provided in the table for that specific month and year.

From the table:

- In March 2012, the number of deaths recorded is **112**.

Therefore, the answer to the question of how many people were killed in Iraq in March 2012 is 112.

Final Answer: 112"
434,"in 2016, which club did romero play in primera division?",['argentinos juniors'],"The table provides detailed career statistics for a player named Romero across different clubs and seasons. We are specifically looking for information regarding the year 2016 and the club he played for in the primera division.

By examining the table, we can see the following entries related to 2016:

- **Club**: Argentinos Juniors
  - **Season**: 2016
  - **League**: Primera Division
  - **Apps**: 13
  - **Goals**: 1

This indicates that in the year 2016, Romero played for Argentinos Juniors in the primera division. There are no other entries for 2016 regarding clubs in the primera division.

Final Answer: Argentinos Juniors"
435,what is the number of passengers enplaned and deplaned at canadian airports in 2017?,[149641672.0],"The table titled ""passenger and cargo data"" contains information about the number of enplaned and deplaned passengers at Canadian airports for the years 2016 and 2017, as well as the changes between these years.

Looking specifically at the data for enplaned and deplaned passengers, we find:

- In 2016, the total number of enplaned and deplaned passengers was 140,892,544.
- In 2017, the total number increased to 149,641,672.

The question asks specifically for the number of passengers enplaned and deplaned at Canadian airports in 2017. According to the table, this value is explicitly listed.

Thus, the answer is:

Final Answer: 149,641,672."
436,how many percentage points did the number of passengers enplaned and deplaned at canadian airports increase in 2017 compared to the previous year?,[6.2],"To determine the increase in the number of passengers enplaned and deplaned at Canadian airports in 2017 compared to 2016, we need to look at the data provided in the table.

From the table, we see the following relevant figures:
- In 2016, the total number of enplaned and deplaned passengers was 140,892,544.
- In 2017, it increased to 149,641,672.

The table also provides the percentage change from 2016 to 2017 as 6.2%. This percentage tells us how much the total passenger count grew as a percentage of the count from the previous year.

To clarify this increase:
- The percentage increase is calculated using the formula:

\[
\text{Percentage Increase} = \left( \frac{\text{New Value} - \text{Old Value}}{\text{Old Value}} \right) \times 100
\]

With the values:
- New Value = 149,641,672
- Old Value = 140,892,544

Calculating this percentage increase:

1. Find the difference:
   \[
   149,641,672 - 140,892,544 = 8,749,128
   \]

2. Then calculate the percentage increase:
   \[
   \left( \frac{8,749,128}{140,892,544} \right) \times 100 \approx 6.21\%
   \]

This confirms that the percentage change is around 6.2 percentage points.

Thus, the number of passengers enplaned and deplaned at Canadian airports increased by 6.2 percentage points in 2017 compared to 2016.

Final Answer: 6.2"
437,how many percentage points did the weight of cargo loaded and unloaded at canadian airports increase in 2017?,[7.4],"The table provides information on passenger and cargo data at Canadian airports for the years 2016 and 2017, including the change in both passenger numbers and cargo weights. 

To determine the percentage increase in the weight of cargo loaded and unloaded at Canadian airports from 2016 to 2017, we need to focus on the row labeled ""loaded/unloaded cargo"". 

From the table:

- In 2016, the weight of loaded/unloaded cargo was **1,223,213**.
- In 2017, the weight of loaded/unloaded cargo increased to **1,313,376**.

The table indicates a percentage increase in cargo between the two years as **7.4%**.

Thus, the weight of cargo loaded and unloaded at Canadian airports increased by **7.4 percentage points** from 2016 to 2017.

Final Answer: 7.4%"
438,how many tonnes did the weight of cargo loaded and unloaded at canadian airports increase to in 2017?,[1313376.0],"The table provides data on the weight of cargo loaded and unloaded at Canadian airports for the years 2016 and 2017. To determine how many tonnes the weight of cargo increased to in 2017, we need to look at the number under the column for 2017 in the ""loaded/unloaded cargo"" row.

According to the table:
- The weight of loaded/unloaded cargo in 2017 is recorded as 1,313,376.

This figure represents the total weight of cargo loaded and unloaded at Canadian airports in that year.

Final Answer: 1,313,376 tonnes"
439,how many appearances did okoli make in the 2018-19 super lig for bursaspor?,[0.0],"The table provides data on various clubs and their performance in different leagues, including Bursaspor in the 2018-19 season.

Focusing on the specific question regarding appearances made by Okoli for Bursaspor in the 2018-19 Super Lig, we find:

- Bursaspor's entry for the 2018-19 season shows that they had:
  - Apps: 0
  - Goals: 0

This indicates that Okoli did not make any appearances for Bursaspor during the 2018-19 Super Lig season since the data explicitly states ""0"" under the appearances column for that season.

Final Answer: 0"
440,how many qualifying places are available for archery at the 2012 summer olympics in total.,[128.0],"To determine the total number of qualifying places available for archery at the 2012 Summer Olympics based on the provided qualification summary table, we will sum the total number of athletes listed for each nation under the archery qualification.

From the table:
- The total number of athletes (both men and women) is consistently listed in the ""total athletes"" column. 

Here's the breakdown of qualifying athletes per country:

1. Australia: 2
2. Bangladesh: 1
3. Belarus: 1
4. Bhutan: 1
5. Brazil: 1
6. Bulgaria: 1
7. Canada: 2
8. Chile: 1
9. China: 6
10. Colombia: 2
11. Ivory Coast: 1
12. Cuba: 1
13. Denmark: 3
14. Egypt: 2
15. Estonia: 1
16. Fiji: 1
17. France: 4
18. Georgia: 1
19. Germany: 2
20. Great Britain: 6
21. Greece: 1
22. Hong Kong: 1
23. Iran: 2
24. Iraq: 1
25. India: 6
26. Indonesia: 1
27. Italy: 6
28. Japan: 6
29. Kazakhstan: 2
30. Luxembourg: 1
31. Malaysia: 4
32. Mexico: 6
33. Moldova: 1
34. Mongolia: 2
35. Myanmar: 1
36. Netherlands: 1
37. Norway: 1
38. North Korea: 1
39. Philippines: 2
40. Poland: 2
41. Russia: 3
42. Samoa: 1
43. San Marino: 1
44. South Africa: 1
45. South Korea: 6
46. Spain: 2
47. Slovenia: 1
48. Sweden: 1
49. Switzerland: 2
50. Chinese Taipei: 6
51. Thailand: 1
52. Turkey: 1
53. Ukraine: 6
54. United States: 6
55. Venezuela: 2

Now, we can total the numbers:
- The total athletes qualifying for archery is 128.

Thus, the total number of qualifying places available for archery at the 2012 Summer Olympics is 128.

Final Answer: 128"
441,"for employees aged 18 to 64,how many individuals were hired in 2009?",[2437.0],"The table presents employment data for Canada from 2003 to 2013, specifically focusing on the number of employees aged 18 to 64, as well as the hires and layoffs within that demographic. 

To answer the question about how many individuals were hired in 2009, we can refer to the relevant row for that year in the ""hires"" column under the ""employees aged 18 to 64"":

- In 2009, the data shows that the number of hires for employees aged 18 to 64 was **2,437 thousand**.

Thus, for employees aged 18 to 64, the number of individuals hired in 2009 is 2,437,000.

Final Answer: 2437 thousand"
442,"in 2009, how many individuals were laid off among employees aged 18 to 64?",[902.0],"The table provides data on employment, hires, and layoffs in Canada from 2003 to 2013, categorized by age groups. To answer the question, we need to focus on the year 2009 and specifically the layoffs for employees aged 18 to 64.

From the table under the year 2009:

| year  | employees aged 18 to 64 |       |       |
|-------|-------------------------|-------|-------|
|       | number of employees in January | hires | layoffs |
| 2009  | 13,210                 | 2,437 | 902   |

We can see that in the year 2009, the number of layoffs for employees aged 18 to 64 was 902 individuals.

Final Answer: 902"
443,"among workers aged 25 to 54, what is the total paid employment, number of hires, number of layoffs, respectively in 2009?","[9671.0, 1460.0, 581.0]","To answer the question regarding the total paid employment, number of hires, and number of layoffs for workers aged 25 to 54 in 2009, we can refer to the information presented in the table.

From the table, the relevant data for the year 2009 is:
- **Number of employees in January (aged 25 to 54)**: 9,671 thousand
- **Number of hires (aged 25 to 54)**: 1,460 thousand
- **Number of layoffs (aged 25 to 54)**: 581 thousand

Thus, the total paid employment, number of hires, and number of layoffs for workers aged 25 to 54 in 2009 is:
- **Total paid employment**: 9,671 thousand
- **Number of hires**: 1,460 thousand
- **Number of layoffs**: 581 thousand

Now we can summarize the findings into a coherent answer format.

Final Answer: Total paid employment: 9,671 thousand, Number of hires: 1,460 thousand, Number of layoffs: 581 thousand."
444,when did cher sign with atco records and release 3614 jackson highway album?,"['released: june 20, 1969 label: atco, rhino formats: lp, cd']","The table provides detailed information regarding the studio albums of Cher, including their release dates and record labels. The relevant entry for the album ""3614 Jackson Highway"" states:

- Title: 3614 Jackson Highway
- Released: June 20, 1969
- Label: Atco, Rhino

From this information, it is clear that Cher signed with Atco Records and released the ""3614 Jackson Highway"" album on June 20, 1969.

Final Answer: June 20, 1969"
445,"in 2013, what percent of university educated canadians felt that the rcmp was a very important national symbol?",[46.0],"To determine the percentage of university-educated Canadians who felt that the Royal Canadian Mounted Police (RCMP) was a very important national symbol in 2013, we can refer to the section of the table that lists responses by the highest level of education completed.

According to the table:
- For individuals with a university degree, the percentage that viewed the RCMP as a very important national symbol is noted as 46%.

Thus, we can conclude that:

Final Answer: 46%"
446,who coached the team from 2003 to 2011 with 139 regular season games?,['jack del rio'],"To determine which coach was in charge of the team from 2003 to 2011 and coached 139 regular season games, we need to carefully review the table provided.

From the table:

1. **Tom Coughlin**: Coached from 1995 to 2002, totaling **128 regular season games**. Not applicable.
2. **Jack Del Rio**: Coached from **2003 to 2011** with **139 regular season games**. This fits the criteria.
3. **Mel Tucker**: Coached only in 2011, with **5 regular season games**. Not applicable.
4. **Mike Mularkey**: Coached only in 2012, with **16 regular season games**. Not applicable.
5. **Gus Bradley**: Coached from 2013 to 2016, totaling **62 regular season games**. Not applicable.
6. **Doug Marrone**: Coached from 2016 to present, with **34 regular season games**. Not applicable.

Upon reviewing, **Jack Del Rio** is clearly the coach who fits both the time frame (2003 to 2011) and the number of regular season games coached (139).

Final Answer: Jack Del Rio"
447,which province has the largest prevalence of self-employment in 2018?,['british columbia'],"The table presents the self-employment rates for various provinces in Canada for the year 2018. We need to identify which province has the largest rate of self-employment based on the percentages listed.

From the data:

- British Columbia: 17.9%
- Saskatchewan: 17.4%
- Alberta: 17.2%
- Ontario: 15.5%
- Canada (Overall): 15.3%
- Prince Edward Island: 15.3%
- Manitoba: 14.2%
- Nova Scotia: 13.3%
- Quebec: 13.3%
- New Brunswick: 11.2%
- Newfoundland and Labrador: 8.6%

Upon reviewing these figures, British Columbia has the highest self-employment rate at 17.9%. This is the largest percentage among all the provinces listed.

Final Answer: British Columbia"
448,"in 2018, what percent of british columbia employed population worked as self-employed in their main job?",[17.9],"The table presents the self-employment rates across various provinces in Canada for the year 2018. To answer the question about the self-employment percentage in British Columbia, we will look directly at the relevant entry in the 2018 column for British Columbia.

From the table:
- The self-employment rate in British Columbia for 2018 is 17.9%.

Thus, the percentage of the employed population in British Columbia who worked as self-employed in their main job in 2018 was 17.9%.

Final Answer: 17.9%"
449,what is the self-emploment rate in british columbia in 1976?,[12.0],"The table provides data on the self-employment rates across various provinces in Canada for the year 2018 and also for the year 1976. To answer the question regarding the self-employment rate in British Columbia for the year 1976, we need to specifically look at the column corresponding to the year 1976 for British Columbia.

From the table, the section we are interested in is:

|	british columbia	|	17.9	|	12.0	|	
|	                       |	1976	|		|	

Here, the self-employment rate for British Columbia in 1976 is given as 12.0 percent.

Final Answer: 12.0 percent"
450,which region has a higher self-employment rate in 2018? saskachewan or national average?,['saskatchewan'],"To determine which region has a higher self-employment rate in 2018 between Saskatchewan and the national average, we can refer to the data provided in the table.

The self-employment rate for Saskatchewan in 2018 is **17.4%**. The national average self-employment rate for Canada in 2018 is **15.3%**.

Now we compare the two percentages:
- Saskatchewan: **17.4%**
- Canada (national average): **15.3%**

Since **17.4%** (Saskatchewan) is greater than **15.3%** (Canada), Saskatchewan has a higher self-employment rate in 2018 compared to the national average.

Final Answer: Saskatchewan"
451,how many percentage points of the self-employment rate in saskatchewan was lower in 2018 than in 1976?,[11.8],"To determine how many percentage points the self-employment rate in Saskatchewan was lower in 2018 than in 1976, we need to compare the two percentages provided in the table:

- Self-employment rate in Saskatchewan in 2018: 17.4%
- Self-employment rate in Saskatchewan in 1976: 29.2%

Next, we calculate the difference between the two rates:

29.2% (1976) - 17.4% (2018) = 11.8%

Thus, the self-employment rate in Saskatchewan was 11.8 percentage points lower in 2018 than in 1976.

Final Answer: 11.8%"
452,"who were less likely to have all of their needs met for wpa, employees who were in a company for 2 years or less or employees who have been with the company for 3 years or more?",['0-2 years'],"To determine which group of employees was less likely to have all of their needs met for workplace accommodations (WPA), we need to analyze the data for those who have been with the company for 0-2 years compared to those who have been with the company for 3 or more years.

From the table, we see the following data:

- Employees who have been with the company for 0-2 years:
  - Percentage with all needs met: 47.1%
  
- Employees who have been with the company for 3 or more years:
  - Percentage with all needs met: 60.5%

By comparing these two percentages, we see that employees who have been with the company for 0-2 years have a lower percentage of having all their needs met (47.1%) compared to those who have been with the company for 3 or more years (60.5%).

Thus, employees who were in a company for 2 years or less were less likely to have all of their needs met for workplace accommodations.

Final Answer: Employees who were in a company for 2 years or less"
453,what is the ratio of mothers of second generation filipinos with a university degree?,[35.9],"To find the ratio of mothers of second generation Filipinos with a university degree, we can analyze the data provided in the table.

From the table, the percentage of second generation Filipino mothers with a university degree is given as 35.9%. This percentage represents the proportion of mothers in that specific group who have attained a university degree.

To express this percentage as a ratio, we can convert the percentage into a fraction. The percentage 35.9% can be written as:
- 35.9 out of 100, which simplifies to approximately 35.9:64.1 when considering the remaining proportion (100% - 35.9% = 64.1%).

Thus, the ratio of mothers of second generation Filipinos with a university degree can be represented as approximately 36:64 (upon rounding). This can also be further simplified to about 9:16 when divided by 4.

Final Answer: 36:64 or 9:16"
454,what is the ratio of mothers of second generation blacks with a university degree?,[7.9],"The table presents data on university completion rates among immigrant parents of second-generation groups, specifically detailing the percentages of those that have a university degree among fathers and mothers, as well as the sample sizes for each group. 

To find the ratio of mothers of second-generation blacks with a university degree, we can look directly at the relevant entry in the table under the “mothers” column for the ""black"" second-generation group. 

From the table:
- For mothers of the second generation blacks, the percentage with a university degree is 7.9%.

The question asks for the ratio. Typically, if you want the ratio of mothers who have degrees relative to the sample size, we should remember that to calculate it:
- Sample size for mothers of the second generation blacks is 10,063.

To express this as a ratio, we can take the percentage and use it with the corresponding sample size. The ratio or proportion of mothers with a university degree can be interpreted as:
7.9% translates to 7.9 out of 100. In terms of the actual number of mothers with a degree:
Number of mothers with a degree = (7.9 / 100) * 10,063 ≈ 785 (rounded to the nearest whole number).

Thus, the ratio can be represented as:
785 mothers with a degree : 10,063 total mothers of second-generation blacks.

However, if we only focus on the percentage itself as a straightforward ratio:
The ratio representing mothers of the second generation blacks with a university degree relative to those without could be at a simplistic value of 7.9 to (100 - 7.9), or just 7.9:92.1.

Final Answer: 7.9%"
455,what is the ratio of mothers of second generation latin americans with a university degree?,[9.6],"To determine the ratio of mothers of second generation Latin Americans with a university degree, we need to analyze the relevant data presented in the table.

From the table, we identify the following pieces of information regarding Latin Americans:

- The percentage of mothers with a university degree is **9.6%**.

The table does not provide explicit numbers of mothers or a sample size specifically for Latin Americans. We can only express the ratio of mothers with a degree relative to the context provided, which is the percentage. To represent it as a ratio in some form, we can interpret the percentage in terms of parts per hundred.

Thus, if 9.6% indicates the presence of those with degrees out of 100 individuals, we can express this as:

- 9.6 individuals have a university degree out of every 100 mothers.
- The ratio of mothers with a university degree among second generation Latin Americans can be simplified as 9.6:90.4 (which represents those without a degree).

This ratio can also be approximated and expressed simply in whole numbers. However, typically ratios are expressed in their simplest integer form, which would require converting 9.6 to a whole number:

If we round the values (which isn't always mathematically strict but can give an intuitive sense), we can approximate this:
- A rounded ratio could be expressed as approximately **10:90** (mothers with degrees to those without).

So, the answer implies the main factor, which is the percentage, but presents it as a part of a ratio might confuse further interpretation, since ratios are usually expected in simple integers.

However, based on the percentage directly, we can fulfill the answer required:

Final Answer: 9.6% "
456,what is the ratio of mothers of second generation southeast asians with a university degree?,[8.7],"To determine the ratio of mothers of second generation Southeast Asians with a university degree, we first refer to the data provided in the table.

From the table, we can see the following information specifically for the Southeast Asian group:

- The percentage of mothers who have a university degree is 8.7%.
- The sample size for mothers of Southeast Asians is 2,589.

To express this percentage as a ratio, we interpret the percentage directly as out of 100. Therefore, if 8.7% of mothers have a university degree, then the ratio of mothers with a university degree to those without can be represented as follows:

- Mothers with a university degree = 8.7
- Mothers without a university degree = 100 - 8.7 = 91.3

Thus, we can form a ratio of mothers with a university degree to those without a degree:

The ratio can be simplified to: 
- 8.7 : 91.3

To express this ratio in simpler terms, we can multiply both sides by 10 to avoid dealing with decimals:
- 87 : 913

This ratio indicates that for every 87 mothers of second generation Southeast Asians with a university degree, there are approximately 913 mothers without. 

Final Answer: 87:913"
457,"in 2013, how many students enrolled in s&e graduate programs in the united states?",[570300.0],"The context provides data on graduate enrollment in science and engineering fields over the years 2008 to 2013. To answer the question regarding the number of students enrolled in science and engineering (S&E) graduate programs in the United States in 2013, we need to refer to the corresponding row in the table that lists the total number of graduate students in the surveyed fields for that year.

Looking at the table:

- The number of all graduate students in surveyed fields in 2013 is reported as 570,300.

This figure includes both full-time and part-time students also listed in the previous categories but encompasses all graduate students in the specified fields. 

Therefore, the total number of students enrolled in S&E graduate programs in the United States in 2013 is 570,300.

Final Answer: 570300"
458,how many percent did full-time enrollment increase by in 2013?,[2.4],"To determine the percentage increase in full-time enrollment in 2013 based on the provided table data, we can examine the number of full-time graduate students in 2012 and compare it to the number in 2013.

From the table:
- Full-time enrollment in 2012: 414,384
- Full-time enrollment in 2013: 424,508

To calculate the percentage increase:

1. Find the difference in full-time enrollment from 2012 to 2013:
   \[
   \text{Increase} = 424,508 - 414,384 = 1,124
   \]

2. Calculate the percentage increase with respect to the enrollment in 2012:
   \[
   \text{Percentage Increase} = \left(\frac{\text{Increase}}{\text{Enrollment in 2012}}\right) \times 100 = \left(\frac{1,124}{414,384}\right) \times 100
   \]
   \[
   \text{Percentage Increase} \approx 0.271\% \text{ (rounded to three decimal places)}
   \]

Now, the table also indicates that there was a 2.4% increase in full-time enrollment from 2012 to 2013, which confirms our calculations.

Final Answer: 2.4%"
459,how many students did full-time enrollment increase in 2013?,[424508.0],"To determine how many students full-time enrollment increased in 2013, we should first look at the full-time enrollment figures for 2012 and 2013 as provided in the table.

From the table:
- Full-time enrollment in 2012: 414,384
- Full-time enrollment in 2013: 424,508

Now, we will calculate the increase in full-time enrollment from 2012 to 2013 by subtracting the 2012 figure from the 2013 figure:

Increase = Full-time enrollment in 2013 - Full-time enrollment in 2012  
Increase = 424,508 - 414,384  
Increase = 10,124

Thus, the increase in full-time enrollment in 2013 was 10,124 students.

Final Answer: 10,124"
460,which club of the 2017-18 primera division did ramiro martinez appear for?,['godoy cruz'],"To determine which club of the 2017-18 Primera División Ramiro Martinez appeared for, we reference the given career statistics table. 

Looking through the relevant section of the table, we find:

- Godoy Cruz is listed for the 2017-18 Primera División season, with the following stats:
  - Apps: 0
  - Goals: 0
  - This suggests that Ramiro Martinez did not play any matches for Godoy Cruz during this season, signifying that although he was associated with the club, he may not have made an appearance.

There is no other club listed for the 2017-18 Primera División in the table. Therefore, we conclude that Ramiro Martinez appeared for Godoy Cruz during the 2017-18 season of the Primera División.

Final Answer: Godoy Cruz"
461,how many games in total did jeff fisher lose during the regular-season?,[165.0],"To determine how many games Jeff Fisher lost during the regular season, we will sum up the ""lost"" column for all the rows under the ""regular season"" portion of the table.

Here are the numbers from the ""lost"" column for each year:

- 1994: 5
- 1995: 9
- 1996: 8
- 1997: 8
- 1998: 8
- 1999: 3
- 2000: 3
- 2001: 9
- 2002: 5
- 2003: 4
- 2004: 11
- 2005: 12
- 2006: 8
- 2007: 6
- 2008: 3
- 2009: 8
- 2010: 10
- 2012: 8
- 2013: 9
- 2014: 10
- 2015: 9
- 2016: 9

Now calculating the total:
5 + 9 + 8 + 8 + 8 + 3 + 3 + 9 + 5 + 4 + 11 + 12 + 8 + 6 + 3 + 8 + 10 + 8 + 9 + 10 + 9 = 165

Therefore, the total number of games that Jeff Fisher lost during the regular season is **165**.

Final Answer: 165"
462,what were the percentages of the single/never-married population and those who had ever been (or were currently) married or living common-law who had been cyberstalked?,"[6.0, 4.1]","The provided table outlines various characteristics regarding cyberbullying and cyberstalking among youth. To answer the question, we need to extract the percentages related to two specific groups: those who are single/never-married and those who are currently married or ever-married/common-law, specifically focusing on the percentages for individuals who have been cyberstalked.

From the table:
- For the ""single/never-married"" category:
  - The percentage that had been cyberstalked (but not cyberbullied) is **6.0%**.
  
- For the ""currently married or ever-married/common-law"" category:
  - The percentage that had been cyberstalked (but not cyberbullied) is **4.1%**.

Thus, the percentages of the populations who had been cyberstalked are as follows:
- Single/Never-Married: **6.0%**
- Currently Married or Ever-Married/Common-Law: **4.1%**

Final Answer: 6.0%, 4.1%"
463,what were the percentages of those aged 15 to 17 and 27- to 29-year-olds who experienced cyberstalking or cyberbullying or both?,"[19.1, 14.6]","To answer the question, we need to extract the relevant percentages from the provided table for the specific age groups: 15 to 17 years and 27 to 29 years.

From the table:

1. **For age group 15 to 17 years:**
   - Cyberbullied but not cyberstalked: 9.3%
   - Cyberstalked but not cyberbullied: 5.0%
   - Cyberbullied and cyberstalked: 4.8%

   Total for this age group is calculated by adding the three percentages:
   \(9.3\% + 5.0\% + 4.8\% = 19.1\%\)

2. **For age group 27 to 29 years:**
   - Cyberbullied but not cyberstalked: 3.5%
   - Cyberstalked but not cyberbullied: 5.6%
   - Cyberbullied and cyberstalked: 5.5%

   Total for this age group is calculated by adding the three percentages:
   \(3.5\% + 5.6\% + 5.5\% = 14.6\%\)

Combining these results, we have:
- Aged 15 to 17 years: 19.1%
- Aged 27 to 29 years: 14.6%

Final Answer: [19.1%, 14.6%]"
464,"what was the percentage of individuals from households that earn less than $40,000 who said they were a victim of cyberstalking in the last five years?",[11.1],"To find the percentage of individuals from households that earn less than $40,000 who reported being victims of cyberstalking in the last five years, we can refer to the relevant section of the table.

From the table, for households earning less than $40,000, the percentage for each category is as follows:
- Neither cyberbullied nor cyberstalked: 75.6%
- Cyberbullied, but not cyberstalked: 6.3%
- Cyberstalked, but not cyberbullied: 11.1%
- Cyberbullied and cyberstalked: 7.1%

To obtain the total percentage of individuals who were victims of cyberstalking (either only cyberstalked or both cyberbullied and cyberstalked), we add the relevant percentages:

- Cyberstalked, but not cyberbullied: 11.1%
- Cyberbullied and cyberstalked: 7.1%

Total percentage of individuals from households earning less than $40,000 who reported being victims of cyberstalking:
11.1% + 7.1% = 18.2%

Final Answer: 18.2%"
465,how many rushing yards did giovani bernard finish the 2012 season with?,[1228.0],"To determine how many rushing yards Giovani Bernard finished the 2012 season with, we refer to the provided data in the ""college career statistics"" table.

Looking at the row corresponding to the year 2012:

- The rushing yards gained are provided in the column labeled ""net"". The values present in the table for 2012, under the rushing section, include:
  - Gain: 1,270
  - Loss: 42
  - Net: 1,228 

Since we specifically want to know the total rushing yards, we will focus on the ""net"" rushing yards value, which accounts for the gained and lost yards.

From the table, the ""net"" rushing yards for 2012 is reported as 1,228 yards.

Therefore, Giovani Bernard finished the 2012 season with a total of 1,228 rushing yards.

Final Answer: 1228"
466,what were the numbers of wastewater treatment plants and the population in 2018(millions) respectively?,"[14.0, 8.4]","The title provided indicates that the data relates to a pilot-test design for wastewater treatment across various sites, including the number of wastewater treatment plants and the population in millions for the year 2018. 

The data from the table is as follows:

| Test Site           | Wastewater Treatment Plants | 2018 Population (millions) |
|---------------------|----------------------------|-----------------------------|
| Central Halifax     | 3                          | 0.2                         |
| Montreal Island     | 1                          | 2.0                         |
| Toronto City        | 4                          | 2.8                         |
| Edmonton City       | 1                          | 1.0                         |
| Vancouver Metro Area| 5                          | 2.5                         |
| **Total**          | **14**                     | **8.4**                     |

To answer the question regarding the total numbers of wastewater treatment plants and the population in 2018:

1. The total number of wastewater treatment plants across all sites is 14.
2. The total population in 2018 is 8.4 million.

Thus, the numbers of wastewater treatment plants and the population in 2018 are 14 and 8.4 million, respectively.

Final Answer: 14, 8.4"
467,what was the percentage of men that had employment in all five years?,[27.9],"To answer the question regarding the percentage of men that had employment in all five years prior to death, we need to examine the relevant row in the provided table.

From the table, we can see the following data for men:
- For 5 years of T4 earnings, the percentage of men is 27.9%.

This percentage indicates the proportion of men who had T4 earnings in all five years leading up to their death.

Thus, the percentage of men that had employment in all five years is 27.9%.

Final Answer: 27.9%"
468,what was the average annual earnings of men that had employment in all five years?,[42200.0],"To determine the average annual earnings of men who had employment in all five years prior to their death, we need to refer to the relevant row for men in the table provided.

From the table, we see the following data for men:

- For 5 years of earnings:
  - Mean annual T4 earnings: 42,200 (in 2016 constant dollars)

This figure represents the average annual earnings for men who had T4 earnings over all five years.

Therefore, the average annual earnings of men that had employment in all five years is:

Final Answer: 42200"
469,what was the percentage of women who were employed in all five years?,[13.7],"The table presents data on the selected income characteristics of decedents over the five years prior to death, focusing on T4 earnings and differentiating between men and women. The specific question asks for the percentage of women who were employed in all five years.

To find this percentage, we look at the row corresponding to the number of years with T4 earnings equal to 5 for women. From the table:

In the row for men and women with 5 years of T4 earnings:
- For women, the percentage is given as 13.7%.

Therefore, the percentage of women who were employed in all five years is 13.7%.

Final Answer: 13.7%"
470,what was the percentage of women who did not have employment in any of the previous five years?,[51.0],"To determine the percentage of women who did not have employment in any of the previous five years, we need to focus on the data in the table regarding T4 earnings categorized by the number of years with T4 earnings.

From the table provided, the percentage of women with different years of T4 earnings is as follows:

- For 0 years of T4 earnings, the percentage is 51.0%. 

This indicates that 51.0% of women did not have any T4 earnings over the prior five years, which also implies that they did not have employment.

Final Answer: 51.0%"
471,what was the percentage of women who had employment in just one or two years?,[18.6],"To determine the percentage of women who had employment in just one or two years from the provided data, we will analyze the relevant entries in the table.

From the table, the percentages for women by the number of years with T4 earnings are as follows:

- For women who had T4 earnings for 1 year: 
  - Percentage: 11.5%

- For women who had T4 earnings for 2 years:
  - Percentage: 7.1%

Now we will sum these percentages to find the total percentage of women who had employment in just one or two years:

Total percentage for 1 or 2 years = Percentage for 1 year + Percentage for 2 years
= 11.5% + 7.1%
= 18.6%

Final Answer: 18.6%"
472,what was the percentage of men who had no employment and who had employment in one or two years out of the five-year period respectively?,"[28.9, 20.8]","To answer the question regarding the percentage of men who had no employment and those who had employment in one or two years out of the five-year period, we can extract the relevant information from the provided table.

From the table:

- The percentage of men who had **0** years of T4 earnings (no employment) is **28.9%**.
- The percentage of men who had **1** year of T4 earnings (employment in one year) is **10.5%**.
- The percentage of men who had **2** years of T4 earnings (employment in two years) is **10.3%**.

Thus, we can conclude:

1. The percentage of men with no employment (0 years of T4 earnings) is **28.9%**.
2. The percentage of men employed for one year (1 year of T4 earnings) is **10.5%**.
3. The percentage of men employed for two years (2 years of T4 earnings) is **10.3%**.

Final Answer: [28.9%, 10.5%, 10.3%]"
473,"in 2016, which club in kazakhstan premier league did shitov appear for?",['astana'],"The table provides information about club appearances and goals by a player named Shitov across various leagues and seasons. To answer the question regarding the club in the Kazakhstan Premier League during the year 2016, we look for the highest level league specifically mentioned as ""Kazakhstan Premier League"" for that year.

According to the data in the table, the entry for the year 2016 states that Shitov played for Astana in the Kazakhstan Premier League. The relevant details are as follows:

- **Club**: Astana
- **Season**: 2016
- **League**: Kazakhstan Premier League
- **Apps (Appearances)**: 9
- **Goals**: 0

All of this confirms that in 2016, Shitov played for Astana in the Kazakhstan Premier League.

Final Answer: Astana"
474,"according to the census of 2010, wht was shaoyang's permanent resident population?",[7071741.0],"The table titled ""demographics"" provides information about various areas within Shaoyang, including the total number of permanent residents. The specific row for ""shaoyang city"" indicates that the permanent resident population is 7,071,741.

Given that the question asks for Shaoyang's permanent resident population, and since the table presents clear demographics for ""shaoyang city,"" we can confidently derive that the permanent resident population is as stated.

Final Answer: 7,071,741"
475,what was the percentage of the past-year sdmnm cannabis users who identified alleviating pain as the primary purpose for their medical use.,[52.5],"To address the question about the percentage of past-year cannabis users who identified alleviating pain as the primary purpose for their medical use, we can refer to the table.

The total percentage for using cannabis for the purpose of pain among those aged 15 or older in Canada is given as 52.5%. This percentage applies to the entire population surveyed.

Thus, the final answer regarding the percentage of past-year cannabis users who identified alleviating pain as the primary purpose for their medical use is:

Final Answer: 52.5%"
476,what was the percentage of the past-year sdmnm cannabis users who identified alleviating insomnia as the primary purpose for their medical use.,[18.3],"To determine the percentage of past-year cannabis users who identified alleviating insomnia as the primary purpose for their medical use, we need to analyze the data shown in the context provided.

From the table, the percentage of total respondents who use cannabis for the purpose of insomnia is:

- Total: 18.3%

This percentage represents the overall proportion of users who reported using cannabis primarily to alleviate insomnia. 

Since there are no further breakdowns in the data for insomnia by age or sex that impact the overall percentage calculation, and the total is clearly specified, this figure should encompass all relevant demographics combined.

Final Answer: 18.3%"
477,how many passing interceptions did michael bishop have in 2001.,[7.0],"To find the passing interceptions by Michael Bishop in 2001, we analyze the provided table on NFL, NFLE and CFL statistics for that specific year.

From the row corresponding to the year 2001 (which shows statistics related to the team ""fra""), the interception (int) statistic is:

- Interceptions (int): 7

Therefore, Michael Bishop had a total of **7 passing interceptions** in 2001.

Final Answer: 7"
478,which club did barrientos appear in the serie a in the 2009-10 season?,['catania'],"To determine which club Barrientos appeared for in Serie A during the 2009-10 season, we need to analyze the provided career statistics table. 

From the table, we can see the following line relevant to the 2009-10 season in Serie A:

| catania | 2009-10 | serie a | 2 | 0 | 0 | 0 | - | | | | 2 | 0 |

This entry indicates that Barrientos played for **Catania** in Serie A during the 2009-10 season, with 2 appearances and 0 goals scored.

Final Answer: Catania"
479,"in 2017, which club of the uruguayan primera division nicolas silva did join with?",['sud america'],"In the provided table, we see the career statistics of Nicolas Silva across various clubs and seasons. The specific year of interest is 2017, and we need to identify which club he joined in the Uruguayan Primera Division for that year.

From the data:

- The entry for ""sud america"" in the ""2017"" row indicates that he did not play any matches that year, with a record of 0 apps and 0 goals. However, it is clearly stated that it was in the ""Uruguayan Primera Division"".

Since ""sud america"" is the only club explicitly mentioned in the context of the Uruguayan Primera Division for the year 2017, we can conclude that Nicolas Silva joined ""sud america"" in the Uruguayan Primera Division in 2017.

Final Answer: Sud America"
480,"in 2018, which club did farizal play in malaysia premier league?",['felda united'],"The table provides information about various clubs and their performance in different seasons, including the apps (appearances) and goals scored. Based on the context, we need to identify which club Farizal played for in the Malaysia Premier League during the year 2018.

Looking at the section for 2018, we can see that the only mention of a Malaysia Premier League club is ""Felda United,"" which played in the Malaysia Premier League that year. The table lists their season details for 2018, including appearances and goals. 

While there is additional information regarding other clubs in the earlier years and their performances, 2018 is specifically shown under the ""Felda United"" entry. No other clubs are mentioned for the Malaysia Premier League during that year.

Therefore, the answer to the question about which club Farizal played for in the Malaysia Premier League in 2018 is clearly indicated.

Final Answer: Felda United"
481,"overall, what was the proportion of economic families with school-age children that held an resp in 1999?",[0.159],"To answer the question about the overall proportion of economic families with school-age children that held a registered education savings plan (RESP) in 1999, we refer to the relevant data from the table provided.

The section that pertains to the overall proportion of families that had an RESP in 1999 is summarized below:

- Overall in 1999: Proportion = 0.159

This value indicates that 15.9% of economic families with children held an RESP in 1999.

Final Answer: 15.9%"
482,what was the proportion of families in the top income quintile that had an resp account in 1999?,[0.318],"To find the proportion of families in the top income quintile that had a registered education savings plan (RESP) account in 1999, we refer to the relevant section of the table.

Under the category of ""after-tax income quintile"", the row for the ""top"" quintile states the following values for 1999:

- Proportion of families that had an RESP: 0.318.

This means that 31.8% of families in the top income quintile had an RESP account in 1999.

Final Answer: 0.318"
483,what was the proportion of families in the bottom income quintile that had an resp account in 1999?,[0.098],"The table presents data on registered education savings plan (RESP) holdings of economic families with children, broken down by various characteristics including after-tax income quintiles. To find the proportion of families in the bottom income quintile that had an RESP account in 1999, we can refer to the specific row for the bottom income quintile under the ""1999"" column.

From the data:
- The proportion of families in the bottom income quintile that had an RESP in 1999 is 0.098.

Final Answer: 0.098"
484,how many times was the mean value of resps among families at the top higher than those at the bottom of the distribution in 1999?,[4.201072],"To determine how many times higher the mean value of registered education savings plans (RESPs) among families at the top of the distribution was compared to those at the bottom in 1999, we look at the relevant sections of the table.

From the data for 1999:
- **Top quintile mean value of RESPs:** 3,134
- **Bottom quintile mean value of RESPs:** 746

Now, we will calculate the ratio of the mean value in the top quintile to that in the bottom quintile:

\[
\text{Ratio} = \frac{\text{Mean value of top quintile}}{\text{Mean value of bottom quintile}} = \frac{3134}{746} \approx 4.2
\]

This means the mean value of RESPs among families at the top of the distribution in 1999 was approximately 4.2 times higher than those at the bottom of the distribution.

Thus, the final answer is:

Final Answer: 4.2"
485,did married couples tend to invest more in resps or did lone parents in 1999?,['married or common-law couple'],"To determine whether married couples or lone parents tended to invest more in registered education savings plans (RESPs) in 1999, we will analyze the ""have an RESP"" proportion for both categories from the provided table.

For married or common-law couples in 1999:
- Proportion of households that have an RESP: 0.178

For lone parents in 1999:
- Proportion of households that have an RESP: 0.066

Comparing the two values:
- Married couples: 0.178
- Lone parents: 0.066

The proportion of married couples having an RESP (0.178) is significantly higher than that of lone parents (0.066). This indicates that married couples invested more in RESPs compared to lone parents in 1999.

Final Answer: Married couples"
486,did families living in urban areas tend to invest more in resps or did rural ones in 1999?,['urban'],"To determine whether families living in urban areas or rural areas tended to invest more in registered education savings plans (RESPs) in 1999, we can refer to the specific proportions and mean values of RESPs for both urban and rural families as shown in the table.

From the table:
- The proportion of families in urban areas with RESPs in 1999 is **0.165** (or 16.5%).
- The mean value of RESPs for urban families in 1999 is **1,374** (in 2012 constant dollars).

For rural families in 1999:
- The proportion of families in rural areas with RESPs is **0.137** (or 13.7%).
- The mean value of RESPs for rural families in 1999 is **1,133** (in 2012 constant dollars).

Now, we can compare the two:

1. **Proportion**: 
   Urban families (16.5%) had a higher proportion of families investing in RESPs compared to rural families (13.7%).

2. **Mean Value**:
   Urban families had a higher mean value of RESPs (1,374) compared to rural families (1,133).

Since both the proportion of families investing in RESPs and the mean value of those investments are higher in urban areas compared to rural areas, we can conclude that families living in urban areas tended to invest more in RESPs than those in rural areas in 1999.

Final Answer: Urban families"
487,in which year was resp participation higher for families in the bottom income quintile?,[2012.0],"To determine the year in which registered education savings plan (RESP) participation was higher for families in the bottom income quintile, we will compare the proportions of families having an RESP in the years 1999 and 2012 as provided in the table.

From the table, regarding families in the bottom income quintile:
- In **1999**, the proportion of families having an RESP was **0.098** (or 9.8%).
- In **2012**, the proportion of families having an RESP was **0.253** (or 25.3%).

By comparing these two percentages:
- The proportion in **2012** (25.3%) is significantly higher than that in **1999** (9.8%).

Thus, RESP participation was higher for families in the bottom income quintile in the year **2012**.

Final Answer: 2012"
488,in which year was the average dollar value of holdings higher for families in the bottom income quintile?,[2012.0],"To determine in which year the average dollar value of holdings was higher for families in the bottom income quintile, we need to look at the mean values in the respective years for that income group as indicated in the table.

From the table:

- For the bottom income quintile in 1999, the mean value of RESPs is 746 (2012 constant dollars).
- For the bottom income quintile in 2012, the mean value of RESPs is 2,072 (2012 constant dollars).

We can clearly see that:

- In 1999, the value was 746.
- In 2012, the value increased to 2,072.

Since 2,072 (2012) is greater than 746 (1999), the average dollar value of holdings for families in the bottom income quintile was higher in the year 2012 compared to 1999.

Final Answer: 2012"
489,how many dollars more did families in the top quintile hold in resps on average than those in the bottom quintile in 1999?,[2388],"To determine how many dollars more families in the top quintile held in registered education savings plans (RESPs) compared to those in the bottom quintile in 1999, we can refer to the relevant data from the table under the mean value of RESPs for each income quintile.

From the table:

- The mean value of RESPs for families in the top income quintile in 1999 is **3,134 dollars**.
- The mean value of RESPs for families in the bottom income quintile in 1999 is **746 dollars**.

Next, we calculate the difference:

\[ 
\text{Difference} = \text{Mean value of top quintile} - \text{Mean value of bottom quintile} 
\]

Substituting the values:

\[ 
\text{Difference} = 3,134 - 746 = 2,388 
\]

Thus, families in the top quintile held **2,388 dollars** more on average in RESPs than those in the bottom quintile in 1999.

Final Answer: 2388"
490,how many dollars more did families in the top quintile hold in resps on average than those in the bottom quintile in 2012?,[13843],"To determine how many dollars more families in the top quintile held in registered education savings plan (RESP) assets on average than those in the bottom quintile in 2012, we need to reference the ""mean value of resps"" for both quintiles.

From the table, we find the relevant data for 2012:

- For the bottom quintile:
  - Mean value of RESPs: 2,072 dollars (in 2012 constant dollars)
  
- For the top quintile:
  - Mean value of RESPs: 15,915 dollars (in 2012 constant dollars)

To find the difference, we subtract the mean value of the bottom quintile from the mean value of the top quintile:

Difference = Mean value (Top Quintile) - Mean value (Bottom Quintile)  
Difference = 15,915 - 2,072 = 13,843 dollars

Thus, families in the top quintile held, on average, 13,843 dollars more in RESPs than those in the bottom quintile in 2012.

Final Answer: 13843"
491,how many times was the average dollar value of resp holdings among families in the top income quintile higher than those in the bottom quintile in 1999?,[4.201072],"To determine how many times the average dollar value of Registered Education Savings Plan (RESP) holdings among families in the top income quintile was higher than those in the bottom quintile in 1999, we will extract the mean values for both quintiles from the given table.

From the table:

- For the bottom income quintile in 1999, the mean value of RESP holdings is **746**.
- For the top income quintile in 1999, the mean value of RESP holdings is **3,134**.

Next, we will calculate how many times the top quintile's mean value is compared to the bottom quintile's mean value.

The calculation is as follows:

\[
\text{Times Higher} = \frac{\text{Top Quintile Mean}}{\text{Bottom Quintile Mean}} = \frac{3,134}{746}
\]

Calculating that gives:

\[
\text{Times Higher} = 4.19 \text{ (approximately)}
\]

This indicates that the average dollar value of RESP holdings for families in the top income quintile in 1999 was approximately 4.19 times higher than that for families in the bottom income quintile.

Final Answer: 4.19"
492,how many times was the average dollar value of resp holdings among families in the top income quintile higher than those in the bottom quintile in 2012?,[7.680985],"To calculate how many times the average dollar value of RESP (Registered Education Savings Plan) holdings among families in the top income quintile was higher than those in the bottom quintile for the year 2012, we need to extract the mean value for each quintile from the table.

From the table:

- For the bottom income quintile in 2012, the mean value of RESP holdings is **$2,072**.
- For the top income quintile in 2012, the mean value of RESP holdings is **$15,915**.

To find how many times greater the average value in the top quintile is than that in the bottom quintile, we perform the following calculation:

\[
\text{Ratio} = \frac{\text{Mean value for top quintile}}{\text{Mean value for bottom quintile}} = \frac{15,915}{2,072}
\]

Calculating this gives us:

\[
\text{Ratio} \approx 7.674
\]

Rounding this value, we conclude that the average dollar value of RESP holdings among families in the top income quintile was approximately **7.67** times higher than those in the bottom quintile.

Final Answer: 7.67"
493,"in jerome bettis's first season in pittsburgh, how many yards did he rush for?",[1431.0],"To determine how many rushing yards Jerome Bettis had in his first season with the Pittsburgh Steelers, we need to look at the rows in the table for the years he played, specifically for the season when he joined the Pittsburgh team, which was in 1996.

From the table:
- In 1996 (the first year he played for Pittsburgh), Bettis is listed under team ""pit"" with the following stats:
  - Att (rushing attempts): 320
  - Yards: 1,431

Thus, Jerome Bettis rushed for 1,431 yards in his first season with Pittsburgh in 1996.

Final Answer: 1431"
494,"in the 2015 primera b nacional campaign with santamarina, how many appearances did franco ferrari make?",[15.0],"To answer the question regarding the number of appearances Franco Ferrari made during the 2015 Primera B Nacional campaign with Santamarina, we can refer directly to the relevant section of the table.

From the table, we see the following entry for Santamarina in 2015:

|	santamarina	|	2015	|	primera b nacional	|	15	|	0	|	1	|	0	|	-	|		|	0	|	0	|	16	|	0	|

In this entry:
- The column ""apps"" lists the number of appearances, which shows ""15"".

Therefore, Franco Ferrari made **15 appearances** in the 2015 Primera B Nacional season with Santamarina.

Final Answer: 15"
495,"in 2015, which club did arao sign in serie b?",['botafogo'],"To answer the question regarding which club Arao signed with in Serie B for the year 2015, we need to analyze the data available in the provided table titled ""club"".

Looking through the table specifically for the year 2015:
- The only club mentioned that played in Serie B in 2015 is **Atletico Goianiense**, which has a row under the season 2014 (where Serie B is mentioned).

Since Arao signed in 2015 and the only Serie B club identified in that time frame is Atletico Goianiense, it can be deduced that this is the club he signed for in that season.

Final Answer: Atletico Goianiense"
496,how many rushing yards did ray rice make in the 2012 season?,[1143.0],"The table provides statistics related to a player's performance over various years, notably their rushing yards. For the 2012 season, we can find the relevant data by locating the row that corresponds to the year 2012.

From the table:
- In the year 2012, the rushing statistics are:
  - Attempts (att): 257
  - Yards (yds): 1,143

The relevant statistic concerning the question is the total rushing yards, which is explicitly stated as 1,143 yards for the 2012 season.

Final Answer: 1143"
497,"among those with poorer official language skills, how much did citizenship rate decline between 1996 and 2016?",[29.5],"To find out the decline in citizenship rates among those with poorer official language skills between 1996 and 2016, we will refer to the relevant row in the table for ""neither English nor French.""

From the table, the citizenship rates for individuals who speak neither English nor French are as follows:
- In 1996, the citizenship rate was **62.1%**
- In 2016, the citizenship rate was **32.6%**

To calculate the decline, we subtract the 2016 rate from the 1996 rate:

Decline = Citizenship Rate in 1996 - Citizenship Rate in 2016  
Decline = 62.1% - 32.6% = 29.5%

Thus, the citizenship rate among those with poorer official language skills declined by **29.5 percentage points** from 1996 to 2016.

Final Answer: 29.5"
498,"among those whose mother tongue was english or french, how much did citizenship rate decline between 1996 and 2016?",[8.2],"To determine the decline in citizenship rates among immigrants whose mother tongue was English or French from 1996 to 2016, we need to refer to the relevant data in the table.

From the table, we find the following information:

- In **1996**, the citizenship rate for those with an English or French mother tongue was **69.2%**.
- In **2016**, the citizenship rate for the same group was **61.0%**.

To find the decline, we subtract the 2016 rate from the 1996 rate:

\[
\text{Decline} = \text{Rate in 1996} - \text{Rate in 2016} = 69.2\% - 61.0\% = 8.2\%
\]

Therefore, the citizenship rate declined by **8.2 percentage points** between 1996 and 2016 for those whose mother tongue was English or French.

Final Answer: 8.2%"
499,"between 1996 and 2016, among which group of people was the decline greater, among those with poorer official language skills or among those whose mother tongue was english or french?",['neither english nor french'],"To analyze the decline in citizenship rates from 1996 to 2016 among different groups of immigrants based on their official language skills, we will refer to the relevant parts of the table for the respective language categorizations.

1. **Language Proficiency**:
   - For immigrants who are **neither English nor French**:
     - Percentage in 1996: **62.1%**
     - Percentage in 2016: **32.6%**
     - Change: **32.1 percentage points** decrease (62.1% - 32.6%)

   - For immigrants with an **English or French mother tongue**:
     - Percentage in 1996: **69.2%**
     - Percentage in 2016: **61.0%**
     - Change: **8.2 percentage points** decrease (69.2% - 61.0%)

2. **Comparison of Declines**:
   - The group with poorer official language skills (neither English nor French) experienced a decline of **32.1 percentage points**.
   - The group whose mother tongue was either English or French had a decline of **8.2 percentage points**.

From this comparison, it's clear that the group with poorer official language skills saw a much larger decline in citizenship rates between 1996 and 2016.

Final Answer: Poorer official language skills"
500,"in 1996, how many immigrants with less than a high school education became naturalized?",[69.4],"To determine how many immigrants with less than a high school education became naturalized in 1996, we need to look at the corresponding percentage for that group in 1996 and the sample size for that year.

From the table:

1. The percentage of immigrants with less than a high school education who became naturalized in 1996 is 69.4%.
2. The sample size for 1996 is given as 123,636.

To find the number of immigrants who became naturalized, we can calculate it using the following formula:

\[
\text{Number of naturalized immigrants} = \text{Sample size} \times \left(\frac{\text{Percentage}}{100}\right)
\]

Substituting the values:

\[
\text{Number of naturalized immigrants} = 123,636 \times \left(\frac{69.4}{100}\right) = 123,636 \times 0.694 = 85,894.064
\]

Since the number of naturalized immigrants must be an integer, we round this to 85,894.

Final Answer: 85894"
501,"in 1996, how many immigrants with university degrees became naturalized?",[80.9],"To find the percentage of immigrants with university degrees who became naturalized in 1996, we can refer to the row labeled ""university degree"" under the column corresponding to the year 1996 in the table. 

From the table data:
- The percentage of immigrants with university degrees who became naturalized in 1996 is 80.9%.

Next, we need to calculate the actual number of those with university degrees who became naturalized. Since the sample size listed for 1996 is 123,636, we need to find the number of individuals with university degrees within this group, which we will use to compute the number of naturalized individuals.

The only relevant information we can extract is that these percentages relate to the total population of immigrants aged 18 and older who arrived five to nine years ago. However, the percentage for university degrees directly does not tell us the exact number without knowing the overall distribution of university graduates within the 1996 data.

Given that the proportion of immigrants achieving naturalization typically falls under a given demographic, and we lack specific counts of those with university degrees from the sampling structure provided, we cannot derive the exact number without more specific data that sums university degree holders from the total population.

If we assume that the ""immigrants not included in above groups"" also refers generally to the population including university graduates, we might try using the total from ""immigrants not included"" with a percentage of naturalization based, since there are no additional specifics for breaking down demographics.

In summary, the question itself may imply a direct number, but with the data at hand, we focus on the percentage achieved; therefore, the specific numeric answer based on provided percentages is lacking clear boundaries without explicit counts for those who hold university degrees solely.

Ultimately, without more data, we can only definitively say:

Final Answer: Not determinable with the provided data."
502,how much did the citizenship rate fall among immigrants with less than a high school education between 1996 and 2016?,[22.5],"To determine how much the citizenship rate fell among immigrants with less than a high school education between 1996 and 2016, we examine the relevant data points in the table.

From the table, we find the citizenship rates for immigrants with less than high school education:
- In 1996, the citizenship rate was **69.4%**.
- In 2016, the citizenship rate fell to **46.9%**.

To calculate the fall in the citizenship rate, we subtract the 2016 rate from the 1996 rate:

\[ 
\text{Fall in citizenship rate} = \text{Rate in 1996} - \text{Rate in 2016} 
\]
\[ 
\text{Fall in citizenship rate} = 69.4\% - 46.9\% 
\]
\[ 
\text{Fall in citizenship rate} = 22.5\% 
\]

Thus, the citizenship rate among immigrants with less than a high school education fell by **22.5 percentage points**.

Final Answer: 22.5%"
503,how much did the citizenship rate fall among immigrants with university degreees between 1996 and 2016?,[13.8],"To determine how much the citizenship rate fell among immigrants with university degrees between 1996 and 2016, we will focus on the specific data points for individuals with university degrees as presented in the table.

From the table, we extract the following percentages:

- In 1996, the citizenship rate among immigrants with university degrees was **80.9%**.
- In 2016, the citizenship rate for this same group was **67.1%**.

To calculate the fall in the citizenship rate, we subtract the 2016 rate from the 1996 rate:

\[
\text{Fall in rate} = \text{Rate in 1996} - \text{Rate in 2016} = 80.9\% - 67.1\% = 13.8\%
\]

Thus, the citizenship rate among immigrants with university degrees fell by **13.8 percentage points** between 1996 and 2016.

Final Answer: 13.8%"
504,how many interceptions did kirk cousins make in the 2017 season ?,[13.0],"To determine how many interceptions Kirk Cousins made in the 2017 season, we will refer to the relevant row in the table for the year 2017.

From the table:
- In the year 2017, for the team ""was"" (Washington):
  - Interceptions made by Kirk Cousins are recorded under the column labeled ""int.""
  - The stat for interceptions in 2017 is 13.

Thus, Kirk Cousins made 13 interceptions during the 2017 season.

Final Answer: 13"
505,which club did spencer appear at second division during the 1997-98 season?,['brentford'],"The table provides career statistics for a player named Spencer across different clubs, seasons, and competitions. We are specifically looking for the club where Spencer made an appearance in the second division during the 1997-98 season.

From the data provided:

- The only entry for the 1997-98 second division is with ""Brentford.""
- Spencer made 1 appearance with ""Brentford"" in the second division during that season, with 0 goals scored.

Therefore, the answer to the question regarding which club Spencer appeared at in the second division during the 1997-98 season is Brentford.

Final Answer: Brentford"
506,"in 2014, which club did max appear in primera b nacional?",['atletico tucuman'],"The table indicates player's career statistics, specifying clubs, seasons, leagues, appearances, and goals. For the year 2014, we are particularly interested in identifying which club Max appeared for in the prima b nacional league.

From the table:
- In the year 2014, Max appeared for ""Atletico Tucuman,"" as indicated in the row:
  |	atletico tucuman	|	2014	|	primera b nacional	|	1	|	0	|	0	|	0	|	-	|		|	0	|	0	|	1	|	0	|

This entry confirms that in 2014, Max played for Atletico Tucuman in the primera b nacional division, with one appearance and no goals.

Final Answer: Atletico Tucuman"
507,"from 2012 to 2017, how many league games did steinar strømnes play for strømmen?",[166.0],"To determine how many league games Steinar Strømnes played for Strømmen from 2012 to 2017, we will examine the relevant sections of the table that contain the data for each year.

From the table, we extract the following league games played by Strømnes during each relevant year:

- **2012**: 27 league games
- **2013**: 29 league games
- **2014**: 26 league games
- **2015**: 29 league games
- **2016**: 29 league games
- **2017**: 26 league games

Next, we sum the number of games played from 2012 to 2017:

- 27 (2012)
- 29 (2013)
- 26 (2014)
- 29 (2015)
- 29 (2016)
- 26 (2017)

Calculating the total:

27 + 29 + 26 + 29 + 29 + 26 = 166

Therefore, Steinar Strømnes played a total of **166 league games** for Strømmen from 2012 to 2017.

Final Answer: 166"
508,which club in championship did lee join in 2014-15 season?,['brentford'],"To answer the question regarding which club in the Championship Lee joined during the 2014-15 season, we will examine the provided table under the context of Lee's career statistics.

In the table, we find the rows corresponding to the clubs and the seasons during which Lee played. The relevant row for the 2014-15 season pertains to a club listed as ""unknown"" in the club column for that specific season, stating ""0"" for applications and goals, indicating no recorded appearances for that season.

From the context, we can conclude that Lee did not register with any specific club in the Championship for the 2014-15 season based on the available data.

Final Answer: None (no club in Championship for 2014-15 season)"
509,which cup or league did fc istiklol season participate in?,"['tajik league', 'tajik cup', 'super cup', 'afc cup']","The table titled ""appearances and goals"" outlines various competitions in which FC Istiklol participated, highlighting player appearances and goals scored across different tournaments. The competitions referenced in the table include:

1. **Tajik League** (noted multiple times with columns for appearances and goals)
2. **Tajik Cup** (also listed with separate appearances and goals)
3. **Super Cup** (additional tournament alongside the others)
4. **AFC Cup** (another competition mentioned in the table)

From this context, we can conclude that FC Istiklol participated in the following competitions during the season:

- Tajik League
- Tajik Cup
- Super Cup
- AFC Cup

Final Answer: Tajik League, Tajik Cup, Super Cup, AFC Cup"
510,how many runs did morris get in the second inning?,[182.0],"In the provided table, the context is about the performance of Australian cricketers in two innings of a match. The question specifically asks for the number of runs scored by the batsman A. R. Morris in the second innings.

From the table, we can see the following row for A. R. Morris:

| a. r. morris | c cranston b bedser | 6 | c pollard b yardley | 182 |

The relevant columns show that:
- In the first innings, A. R. Morris scored **6 runs** and was dismissed caught by Cranston, bowled by Bedser.
- In the second innings, he scored **182 runs** and was dismissed caught by Pollard, bowled by Yardley.

Thus, the number of runs scored by A. R. Morris in the second innings is **182 runs**.

Final Answer: 182"
511,how many receptions did mcfadden get in 2011?,[19.0],"To determine how many receptions McFadden had in 2011, I will refer to the data within the provided table from NFL statistics.

In the row for the year 2011, the relevant statistics for McFadden's receiving performance are as follows:

- The number of receptions (rec) listed for McFadden in 2011 is **19**.

Therefore, the answer to the question about how many receptions McFadden got in 2011 is:

Final Answer: 19"
512,which club did troy deeney play for in 2010?,['watford'],"To determine which club Troy Deeney played for in 2010, we can examine the provided career statistics table. Specifically, we need to look for the entry for the year 2010 in the relevant rows for clubs.

By analyzing the table:

- Under ""watford,"" which is the club mentioned, the seasons listed are from 2010 to 2018.
- For the season 2010-11, which corresponds to the year 2010, we see that he played for Watford in the Championship.
- The statistics indicate that he made 36 appearances and scored 2 goals.

Thus, in 2010, Troy Deeney played for Watford.

Final Answer: Watford"
513,how many rushing yards did emmitt smith of cowboys get in 1993?,[1486.0],"To determine how many rushing yards Emmitt Smith of the Cowboys (DAL) had in 1993, we refer to the relevant row in the provided table data.

In the year 1993, with the Dallas Cowboys, the statistics are as follows:

- Rushing yards: 1,486

Thus, Emmitt Smith gained a total of 1,486 rushing yards in 1993.

Final Answer: 1486"
514,which club did ben chorley play for in 2015-16?,['bromley'],"To find out which club Ben Chorley played for in the 2015-16 season, we can look through the provided career statistics table for that specific year.

1. In the context of the data presented, we note that the clubs are listed along with their respective seasons and the performances in various competitions.
2. The section for ""bromley"" indicates that in the 2015-16 season, his appearances were 31 and he scored 0 goals, which suggests he was playing for Bromley during that season.

Analyzing the relevant parts of the table reveals:

- In the 2015-16 season, under the club ""bromley,"" it is clearly recorded as the club where he had game appearances.

Thus, Ben Chorley played for Bromley in the 2015-16 season.

Final Answer: Bromley"
515,how many comps did manning get in 2017?,[352.0],"To determine how many completions Eli Manning had in 2017, we look at the relevant row for the year 2017 in the provided table.

In the row for 2017, we can see:
- **Year**: 2017
- **Team**: nyg
- **Games**: 15
- **Completions (comp)**: 352

Thus, Eli Manning achieved **352 completions** in the year 2017.

Final Answer: 352"
516,which club did simkovic play for in 2014?,['tobol'],"To determine which club Simkovic played for in 2014, we need to examine the table provided.

Looking at the clubs listed:

1. **Austria Wien** has seasons listed from 2011-12 to 2013-14, with no mention of 2014.
2. **Tobol** has a record for the season of 2014, indicating that Simkovic played for them that year since that is the only club listed for that specific season. The entries show that in 2014, he played in the Kazakhstan Premier League with 26 appearances and 5 goals.
3. **Aktobe** is mentioned in 2017, which is outside the year of interest (2014).
4. Lastly, the summary row labeled ""career total"" compiles multiple seasons, but does not specify the club for each year individually.

Based on this information, it is clear that in the year 2014, Simkovic was part of the club **Tobol**.

Final Answer: Tobol"
517,"what was associated with greater mortality risks, reporting no physical activity or reporting 60 or more minutes a day?",['none'],"To answer the question regarding which behavior is associated with greater mortality risks, we need to look at the hazard ratios for physical activity reported in the table, specifically the categories for ""none"" and ""more than 60 minutes"" of physical activity per day.

From the table, we have the following hazard ratios:

- **None** (no physical activity):
  - For men: 1.89 (95% CI: 1.61 to 2.16)
  - For women: 2.04 (95% CI: 1.65 to 2.43)

- **More than 60 minutes** (of physical activity):
  - For both men and women: 1.00 (no increased risk)

A hazard ratio greater than 1 indicates an increased risk of mortality associated with that behavior. 

1. The hazard ratio for those who report no physical activity is significantly greater than 1 for both men (1.89) and women (2.04), indicating a higher risk of mortality.
2. In contrast, the hazard ratio for those who report more than 60 minutes of physical activity is 1.00, suggesting that this level of activity does not carry an increased risk of mortality; it is essentially the reference group.

Therefore, between the two behaviors of interest (reporting no physical activity versus reporting 60 or more minutes of physical activity):

- Reporting no physical activity is associated with greater mortality risks compared to reporting 60 or more minutes of physical activity.

Final Answer: No physical activity"
518,"what was associated with greater mortality risks, reporting less than 30 minutes of physical activity a day, or reporting 60 or more minutes a day?",['less than 30'],"The table provides information on the age-adjusted hazard ratios for mortality associated with various health behaviors for both men and women. Specifically, we need to compare the hazard ratios for individuals reporting different amounts of physical activity per day.

From the table, for physical activity, we see the following hazard ratios:

- **None**: 1.89 (men), 2.04 (women)
- **Less than 30 minutes**: 1.23 (men), 1.22 (women)
- **30 to 60 minutes**: 0.99 (men), 1.10 (women)
- **More than 60 minutes**: 1.00 (men), 1.00 (women)

To determine the association with greater mortality risks, we need to analyze the hazard ratios for the two specific groups of interest:

1. **Reporting less than 30 minutes of physical activity a day**:
   - Hazard ratio: 1.23 (men) for less than 30 minutes;
   - Hazard ratio: 1.22 (women) for less than 30 minutes.

2. **Reporting 60 or more minutes of physical activity a day**:
   - Hazard ratio: 1.00 (men) for more than 60 minutes;
   - Hazard ratio: 1.00 (women) for more than 60 minutes.

The higher the hazard ratio, the greater the associated risk for mortality. 

- For both sexes, the hazard ratios for ""none"" and ""less than 30 minutes"" are greater than that for ""more than 60 minutes,"" which is exactly 1.00. 

Therefore, individuals reporting less than 30 minutes of physical activity per day (hazard ratios of 1.23 for men and 1.22 for women) are associated with greater mortality risks compared to those who report 60 or more minutes a day (hazard ratios of 1.00 for both genders).

Final Answer: Reporting less than 30 minutes of physical activity a day is associated with greater mortality risks."
519,"which behavior was less likely to be associated with elevated mortality risks, eating fewer than five servings of fruit and vegetables per day or more than five servings?",['more than 5'],"The table presents age-adjusted hazard ratios for mortality associated with selected health behaviors for men and women. In this case, we need to compare the hazard ratios for the behavior of eating servings of fruits and vegetables, specifically focusing on the categories of ""more than 5 servings"" and ""less than 2 servings.""

From the table, the relevant hazard ratios for fruit and vegetable servings per day are:

- For **less than 2 servings**:
  - Men: Hazard Ratio = 1.52
  - Women: Hazard Ratio = 1.82

- For **more than 5 servings**:
  - Men: Hazard Ratio = 1.00
  - Women: Hazard Ratio = 1.00

The hazard ratio of 1.00 for more than 5 servings indicates that there is no increased risk of mortality associated with this behavior; it serves as a baseline reference. 

In contrast, both men and women who consume less than 2 servings of fruits and vegetables per day have hazard ratios (1.52 for men and 1.82 for women) that suggest an increased risk of mortality. The values above 1.0 indicate an elevated risk compared to the baseline.

Therefore, eating **more than 5 servings** of fruits and vegetables per day is less likely associated with elevated mortality risks compared to eating **fewer than 2 servings**.

Final Answer: More than 5 servings"
520,how many receptions did roddy white get in 2012?,[92.0],"The table provides career statistics for a player (likely Roddy White, based on the context) and includes data for various seasons. To answer the question about the number of receptions in the year 2012, we can review the data specific to that year.

Looking at the row for the season 2012 in the table:
- The column for receptions (rec) shows a value of **92**.

Thus, Roddy White had **92 receptions** in 2012.

Final Answer: 92"
521,how many games did pablo zabaleta play for manchester city over nine seasons?,[333.0],"To determine how many games Pablo Zabaleta played for Manchester City over the seasons listed, we will refer to the information in the table under the ""manchester city"" section.

From the table:

- **2008-09**: 29 apps
- **2009-10**: 27 apps
- **2010-11**: 26 apps
- **2011-12**: 21 apps
- **2012-13**: 30 apps
- **2013-14**: 35 apps
- **2014-15**: 29 apps
- **2015-16**: 13 apps
- **2016-17**: 20 apps

Now, we simply add the number of appearances (apps) for each of these seasons:

29 + 27 + 26 + 21 + 30 + 35 + 29 + 13 + 20 =  30 + 15 + 0 + 7 = 230

Thus, the total number of games Pablo Zabaleta played for Manchester City over these nine seasons is **230**.

Final Answer: 230"
522,how many receptions did matt asiata get in 2010?,[32.0],"To answer the question about how many receptions Matt Asiata got in 2010, we need to look at the relevant row in the provided statistics table. 

In the table, the row for the year 2010 shows the following statistics for Matt Asiata:

- **Receiving Receptions (rec)**: 32

This is the number of receptions he made in that season.

Thus, the answer to the question is clearly outlined in the statistics.

Final Answer: 32"
523,which club did ozlem arac played for in 2011-12?,['medical park antalyaspor'],"The table indicates the clubs and performance statistics for a player named Özlem Arac across various seasons. 

Looking at the row corresponding to the season 2011-12, it is clearly indicated that Özlem Arac played for Medical Park Antalyaspor in the first league. 

Therefore, for the season 2011-12, the club for which Özlem Arac played is Medical Park Antalyaspor.

Final Answer: Medical Park Antalyaspor"
524,list the term that adam oates served as a head coach.,['2012-2014'],"The table presents a list of coaches along with the terms they served as head coaches for a particular team. For the coach ""Adam Oates,"" we refer to the relevant row in the table.

From the table, we find:
- Name: Adam Oates
- Term: 2012-2014

Therefore, the term that Adam Oates served as a head coach is from 2012 to 2014.

Final Answer: 2012-2014"
525,"whose rates of self-reported violent victimization were higher in 2014, women or men?",['female'],"To determine whose rates of self-reported violent victimization were higher in 2014, we can analyze the rates provided in the table for both sexes (male and female) across various types of violent crime.

According to the table:

- For **sexual assault**:
  - Male rate: 5 per 1,000
  - Female rate: 37 per 1,000

- For **robbery**:
  - Male rate: 8 per 1,000
  - Female rate: 5 per 1,000

- For **physical assault**:
  - Male rate: 54 per 1,000
  - Female rate: 43 per 1,000

- For **total violent victimization**:
  - Male rate: 67 per 1,000
  - Female rate: 85 per 1,000

By comparing each type of violent victimization:
- In **sexual assault**, females have a higher rate (37) than males (5).
- In **robbery**, males have a higher rate (8) than females (5).
- In **physical assault**, males have a higher rate (54) than females (43).
- In **total violent victimization**, females have a higher rate (85) than males (67).

It is clear from the total violent victimization figures that females have a higher rate (85) compared to males (67). In addition, when majority of specific violent crimes are considered (sexual assault and total violent victimization), females' rates surpass those of males.

Final Answer: Women"
526,which club did elliott play for in 2016?,['shelbourne'],"In the provided table under the ""career statistics"" context, there is a section for various clubs and the seasons when a player participated in respective leagues, along with associated statistics. 

Analyzing the clubs listed, we check for any mentioning of the year 2016. The mentions of clubs in 2016 appear as follows:

- Shelbourne, where it specifies that in 2016, the player had:
  - Apps: 6
  - Goals: 0

No other club or season from 2016 appears in the data provided. Therefore, based on this entry, the club that Elliott played for in 2016 is Shelbourne.

Final Answer: Shelbourne"
527,what was the percentage weight loss of neil in the 9th week?,[5.31],"To answer the question regarding Neil's percentage weight loss in the 9th week, we will turn to the given table focusing on the respective data for Neil.

From the table, the values observed for Neil relating to his weight loss across the weeks are as follows:

- Week 9: **5.31%**

This value indicates that Neil experienced a percentage weight loss of **5.31%** during the 9th week of the contest.

Final Answer: 5.31%"
528,which club di fox play for in 2017?,['afc eskilstuna'],"The table provides a summary of the career statistics of a player across various seasons and clubs. To answer the question about which club Di Fox played for in 2017, we need to locate the row in the table corresponding to the year 2017.

Upon reviewing the table, we find the following entry for 2017:

- **AFC Eskilstuna** (in the Allsvenskan league) with 13 appearances and 0 goals.

There are no other entries for the year 2017 that pertain to Di Fox, so we can conclude confidently.

Final Answer: AFC Eskilstuna"
529,what is the regular season record of tony la russa for team chicago white sox?,"[522.0, 510.0]","The table provides a summary of the managerial records for Tony La Russa across various teams. For the Chicago White Sox, the relevant section indicates:

- Regular season record: 522 wins (w) and 510 losses (l).

From this information, we can conclude that the record for the regular season is accurately presented as the totals of wins and losses.

Thus, the regular season record of Tony La Russa for the Chicago White Sox is:

Final Answer: 522-510"
530,which club did hysaj play for in 2012-13?,['empoli'],"The table provides information about the clubs, seasons, leagues, and player statistics. Based on the hierarchical format and the data presented, we are tasked to identify which club Hysaj played for during the 2012-13 season.

Upon reviewing the table, we notice two clubs listed: Empoli and Napoli. 

1. For Empoli: 
   - The indicated season for Empoli includes 2011-12, 2012-13, 2013-14, 2014-15, and covers various statistics. During 2012-13, Empoli appears to have one entry under that season, and in that year, their performance had them active in the league with relevant statistics.
  
2. For Napoli:
   - Napoli's records begin from the 2015-16 season, meaning that there are no statistics or connections of Hysaj with Napoli for the 2012-13 season.

Given this clear differentiation, Hysaj was not playing for Napoli in 2012-13 since Napoli does not have data at all for that season.

Final Answer: Empoli"
531,which club did jansson play for in 1985?,['kalmar'],"To determine which club Jansson played for in 1985, we can refer to the provided table context under the ""club statistics"". The table lists various clubs along with their statistics for different seasons. 

Looking through the ""season"" column:

- The club ""Kalmar"" is listed for the year 1985, where it shows an entry with 0 apps and 0 goals. However, there are no mentions of any players or specifically Jansson within this row or the subsequent rows related to Kalmar for the seasons 1986 and 1987.
- Since Jansson is not explicitly mentioned in the table, we look for any other clubs listed for 1985. 
- The only club mentioned in relation to 1985 is Kalmar, and no other clubs appear to cover that year.

Since Jansson was not mentioned specifically alongside Kalmar, and as there are no other teams listed for that year, we can only conclude that Jansson played for Kalmar in 1985 based on this information.

Final Answer: Kalmar"
532,how many rushing yards did woodhead get in 2004?,[1840.0],"The context provides statistics for a college player, detailing their rushing and receiving performances over multiple years. Specifically, the question asks for the number of rushing yards that the player, presumably named Woodhead, achieved in the year 2004.

From the table provided, we can find the correct row for the year 2004:

- For the year 2004:
  - Rushing yards (yds) = 1,840

Therefore, Woodhead had a total of **1,840 rushing yards in 2004**.

Final Answer: 1840"
533,which club did talisca play for in 2018?,['guangzhou evergrande'],"The context provided details the career statistics of various clubs that a player named Talisca played for, detailing their performance in different seasons and competitions. The table shows information for Talisca during his time at Bahia, Benfica, Besiktas, and Guangzhou Evergrande.

Looking closely at the table under 'guangzhou evergrande', there are statistics for the year 2018, where it states:
- Club: Guangzhou Evergrande
- Season: 2018
- League: Chinese Super League
- Apps: 18
- Goals: 16

Based on this information, it is clear that in 2018, Talisca played for Guangzhou Evergrande.

Final Answer: Guangzhou Evergrande"
534,"within the nine jurisdictions where data were available, how many female youth was admitted to youth correctional services in 2014/2015?",[17744.0],"To determine the total number of female youth admitted to youth correctional services across the nine jurisdictions in 2014/2015, we need to sum up the number of female youth admitted in each type of custody as reported in the table.

The number of admissions for each jurisdiction, along with the percentage of females, is as follows:

- **Newfoundland and Labrador**:
  - Custody (total): 256
  - Average percent female: (30% * 61) + (8% * 13) + (33% * 9) = 18.3 (approximately 18 females for pre-trial, 1 female for secure custody, 3 females for open custody) → **Total female** = **18 + 1 + 3 = 22**

- **Prince Edward Island**:
  - Total admissions: 282
  - Average percent female: (23% * 22) + (8% * 12) + (20% * 25) = 5.06 (approximately 5 females for pre-trial, 1 female for secure custody, 5 females for open custody) → **Total female** = **5 + 1 + 5 = 11**

- **New Brunswick**:
  - Total admissions: 865
  - Average percent female: (24% * 258) + (24% * 49) + (24% * 59) = 71.04 → **Total female** = **71**

- **Ontario**:
  - Total admissions: 7,639
  - Average percent female: (20% * 3,234) + (14% * 264) + (16% * 274) = 634.8 → **Total female** = **634**

- **Manitoba**:
  - Total admissions: 4,386
  - Average percent female: (30% * 1,989) + (12% * 173) + (27% * 158) = 546.66 → **Total female** = **546**

- **British Columbia**:
  - Total admissions: 4,096
  - Average percent female: (31% * 742) + (29% * 65) + (29% * 171) = 215.77 → **Total female** = **215**

- **Yukon**:
  - Total admissions: 91
  - Average percent female: (43% * 37) + (0% * 2) + (40% * 10) = 25.31 → **Total female** = **25**

- **Northwest Territories**:
  - Total admissions: 75
  - Average percent female: (0% * 14) + (80% * 5) + (0% * 3) = 4 → **Total female** = **4**

- **Nunavut**:
  - Total admissions: 54
  - Average percent female: (13% * 8) + (17% * 6) + (11% * 9) = 3.59 → **Total female** = **3**

Adding all the female youth admitted:
- Newfoundland and Labrador: 22 
- Prince Edward Island: 11
- New Brunswick: 71 
- Ontario: 634 
- Manitoba: 546 
- British Columbia: 215 
- Yukon: 25 
- Northwest Territories: 4 
- Nunavut: 3 

Now, summing these:

22 + 11 + 71 + 634 + 546 + 215 + 25 + 4 + 3 = 531

Final Answer: 531"
535,what was the percentage of females among the youth admitted to youth correctional services in 2014/2015?,[23.0],"To assess the percentage of females among the youth admitted to youth correctional services in 2014/2015, we need to examine the data provided in the total columns for custody, community, and overall 

The table shows the total number of admissions and the corresponding percentage of females as follows:
- Total custody: 8,009 admissions with 24% female
- Total community: 9,735 admissions with 23% female
- Total correctional services: 17,744 admissions with 23% female

To calculate the overall percentage of females, we will use the total numbers and percentages as follows:

1. **Calculate the number of females in custody:**
   - Total custody admissions = 8,009
   - Percentage of females in custody = 24%
   - Number of females in custody = 8,009 * 0.24 = 1,922.16 (approximately 1,922 females)

2. **Calculate the number of females in community supervision:**
   - Total community admissions = 9,735
   - Percentage of females in community = 23%
   - Number of females in community = 9,735 * 0.23 = 2,240.05 (approximately 2,240 females)

3. **Calculate the total number of females and total admissions:**
   - Total number of females = 1,922 + 2,240 = 4,162
   - Total admissions = 17,744 (from the total correctional services)

4. **Calculate the overall percentage of females:**
   - Overall percentage of females = (Total females / Total admissions) * 100
   - Overall percentage of females = (4,162 / 17,744) * 100 = 23.4% (approximately 23%)

From the calculations, the percentage of females among youth admitted to youth correctional services in 2014/2015 is approximately 23%.

Final Answer: 23%"
536,whose percentage of admissions of female youth in youth correctional services was relatively low in 2014/2015?,['secure custody'],"To determine which jurisdiction had a relatively low percentage of admissions of female youth in youth correctional services in 2014/2015, we need to analyze the ""percent female"" column for all jurisdictions listed in the table.

Here are the percentages for each jurisdiction based on the provided table data:
- Newfoundland and Labrador: 30%
- Prince Edward Island: 23%
- New Brunswick: 24%
- Ontario: 20%
- Manitoba: 30%
- British Columbia: 31%
- Yukon: 43%
- Northwest Territories: 0%
- Nunavut: 13%
- Total: 23%

From the analysis, we can see that the percentage of female youth admissions in the Northwest Territories (0%) is significantly lower than the other jurisdictions, particularly when compared to Nunavut (13%), which is the next lowest.

Thus, considering the percentages, the jurisdiction with the lowest percentage of admissions of female youth in youth correctional services is the Northwest Territories.

Final Answer: Northwest Territories"
537,what was the percentage of admissions of female youth to secure custody in youth correctional services in 2014/2015?,[16.0],"To determine the percentage of admissions of female youth to secure custody in youth correctional services for the year 2014/2015, we need to examine the relevant section of the provided table.

From the table, we can find the following information regarding secure custody:

- **Newfoundland and Labrador**: Number: 13; Percent female: 8%
- **Prince Edward Island**: Number: 12; Percent female: 8%
- **New Brunswick**: Number: 49; Percent female: 24%
- **Ontario**: Number: 264; Percent female: 14%
- **Manitoba**: Number: 173; Percent female: 12%
- **British Columbia**: Number: 65; Percent female: 29%
- **Yukon**: Number: 2; Percent female: 0%
- **Northwest Territories**: Number: 5; Percent female: 80%
- **Nunavut**: Number: 6; Percent female: 17%
- **Total**: The overall total for secure custody includes a total number of secure custody admissions of 589, with a combined percentage of 16% for females.

To find the percentage of admissions of female youth to secure custody across all jurisdictions, we can rely on the provided ""percent female"" data specific to secure custody, which is averaged into the total for female youth in secure custody.

Thus, the percentage of admissions of female youth to secure custody in youth correctional services for the year 2014/2015 is **16%** (as clearly indicated in the row labeled ""Total"" for the secure custody section).

Final Answer: 16%"
538,what was the percentage of female judges employed in the criminal justice system in 1991?,[14.0],"The provided table outlines the number and percentage of various legal occupations over different years, namely judges, lawyers and notaries, paralegals, probation and parole officers, correctional service officers, and sworn officers. However, the specific breakdown of the number or percentage of female judges within those numbers is not listed in the table.

In 1991, the table shows:
- Total judges: 345
- Percent of total judges: 14.0%

Since there is no data or specific mention of the percentage of female judges in the criminal justice system anywhere in the provided context, we cannot definitively answer the question regarding the percentage of female judges employed in 1991 based on the information presented.

Thus, we conclude that there is insufficient data to provide an answer.

Final Answer: Insufficient data"
539,what was the percentage of female judges employed in the criminal justice system in 2011?,[36.0],"The table presents data on various professions within the criminal justice system across different years from 1991 to 2011. However, it does not specify the breakdown of male and female judges, nor does it provide data specifically for female judges. 

Since the given context includes only numerical values and percentages for judges as a total group without gender differentiation, we cannot derive the percentage of female judges from this information alone.

Thus, based on the provided context, we cannot determine the percentage of female judges in 2011.

Final Answer: Not determinable."
540,what was the percentage of female correctional workers employed in the criminal justice system in 1991?,[22.0],"The table provides data on the number and percentage of various occupations within the criminal justice system over the years from 1991 to 2011. To answer the question regarding the percentage of female correctional workers employed in the criminal justice system in 1991, we will examine the data for ""correctional service officers,"" which falls under the category of correctional workers.

From the table, we see the following for correctional service officers in 1991:
- Number: 3,960
- Percent total: 22.0%

However, it appears there might be a misunderstanding in the original phrasing of the question. The data does not specify the gender breakdown of correctional service officers or any explicit details about female correctional workers. The provided percentages refer to the entire group, not just females.

In this context, ""22.0%"" represents the percentage of total correctional service officers, and there is no additional data to conclude what percentage of those officers were female.

Without specific data indicating the percentage of female correctional workers, it is impossible to provide a definitive answer to the question as posed.

Final Answer: Unable to determine based on provided data."
541,what was the percentage of female correctional workers employed in the criminal justice system in 2011?,[32.0],"To determine the percentage of female correctional workers employed in the criminal justice system in 2011, we need to focus on the relevant occupation category for correctional workers. Based on the provided table, we identify the occupation that pertains to correctional workers, which are ""correctional service officers.""

From the table, we see the following data for correctional service officers in 2011:
- Number: 7,250
- Percent total: 32.0%

This percentage indicates that in 2011, female correctional service officers comprised 32.0% of the total number of correctional service officers in the criminal justice system.

Final Answer: 32.0%"
542,what was the percentage of female lawyers and notaries employed in the criminal justice system in 1991?,[27.0],"The table presents data on the number and percentage of various occupations within the criminal justice system for the years 1991, 1996, 2001, 2006, and 2011. 

To answer the question about the percentage of female lawyers and notaries employed in the criminal justice system in 1991, we need to look specifically at the row corresponding to ""lawyers and notaries"" for the year 1991.

From the table:
- For lawyers and notaries in 1991, the percentage is 27.0%.

Since the question directly asks about the percentage of female lawyers and notaries (and the context does not provide a separate male percentage or additional details on gender distribution within the 'lawyers and notaries' category), it is reasonable to state that the table presents the overall percentage of this group in 1991 without differentiating by gender.

Therefore, based on the data provided in the table, we conclude:

Final Answer: 27.0"
543,what was the percentage of female lawyers and notaries employed in the criminal justice system in 2011?,[42.0],"Reasoning and Answer: The table provides information about various occupations within the criminal justice system, detailing the number of individuals and their respective percentages of the total workforce for specific years. The focus here is on female lawyers and notaries in 2011.

For lawyers and notaries in 2011, the table indicates:
- Number: 33,950
- Percent total: 42.0%

This percentage represents the proportion of all lawyers and notaries working in the criminal justice system relative to the total workforce of that category in that year. 

However, the table does not specifically differentiate between male and female lawyers and notaries, nor does it provide the percentage of female lawyers and notaries specifically. 

Thus, I must conclude that the data for female lawyers and notaries employed in the criminal justice system cannot be determined from the given information, as the percentage breakdown by gender is not included. Therefore, the answer is not available.

Final Answer: Data not available."
544,what was the percentage of female probation and parole officers in 1991?,[50.0],"The table provides information about various occupations, including the number of individuals and the percentage of the total workforce for those occupations across several years. Specifically, we want to find the percentage of female probation and parole officers in 1991.

From the data provided, we focus on the row for ""probation and parole officers"" in the year 1991. The table indicates the following values for this occupation:

- Number of probation and parole officers: 1,885
- Percent of total: 50.0%

However, the question specifically asks for the percentage of female probation and parole officers, and the table does not provide gender breakdowns for these percentages directly.

Thus, we can conclude that the table reflects that 50.0% of probation and parole officers were females (assuming that the percentage refers to the ratio of female officers). Therefore, we can respond that the percentage of female probation and parole officers in 1991 is 50.0%.

Final Answer: 50.0%"
545,what was the percentage of probation and parole officer positions held by women in 2011?,[65.0],"To determine the percentage of probation and parole officer positions held by women in 2011, we must look at the data specifically related to probation and parole officers for that year.

From the table, for probation and parole officers in 2011, two relevant data points are presented:
- Number of probation and parole officers: 4,200
- Percentage of total positions held by women: 65.0%

Thus, the percentage of probation and parole officer positions held by women in 2011 is 65.0%.

Final Answer: 65.0%"
546,what was the percentage of paralegal and related positions held by women in 2011?,[85.0],"To find the percentage of paralegal and related positions held by women in 2011, we can refer to the provided table. The context specifies various occupations along with their corresponding numbers and percentages of total positions over different years including 2011. 

The table segment related to paralegal and related occupations for the year 2011 is outlined as follows:

- Number: 22,145 
- Percent total: 85.0%

The percentage of 85.0% indicates the proportion of paralegal and related positions (which is the total number for that category) that were filled by women in that year. Therefore, we conclude that the percentage of paralegal and related positions held by women in 2011 is 85.0%.

Final Answer: 85.0%"
547,"in 2013-2014, what was the percentage of seniors got a flu vaccination?",[64.0],"The table presents the flu vaccination rates by age group for Canada in the years 2003 and 2013-2014. We are specifically asked about the percentage of seniors who received a flu vaccination in 2013-2014.

From the table:
- The age group ""65 and over"" corresponds to seniors, and in 2013-2014, the percentage of this age group that received a flu vaccination is 64%.

Thus, the percentage of seniors who got a flu vaccination in 2013-2014 is 64%.

Final Answer: 64%"
548,"in 2003, what was the percentage of seniors got a flu vaccination?",['65 and over'],"The table provides flu vaccination rates by age group for the years 2003 and 2013-2014 in Canada. The relevant age group for seniors is ""65 and over."" According to the data from the year 2003, the percentage of seniors who received a flu vaccination is listed as 67%.

Final Answer: 67%"
549,"when had a lower percentage of seniors got a flu vaccination, in 2003 or in 2013-2014?",[2003.0],"To determine when seniors had a lower percentage of flu vaccinations, we need to focus on the data for the age group ""65 and over"" from the provided table:

| age groups   | 2003 | 2013-2014 |
|--------------|------|-----------|
| 65 and over  | 67   | 64        |

- In 2003, the percentage of seniors (65 and over) who received a flu vaccination was 67%.
- In 2013-2014, the percentage dropped to 64%.

Since 64% is less than 67%, we can conclude that a lower percentage of seniors received a flu vaccination in 2013-2014 as compared to 2003.

Final Answer: 2013-2014"
550,"in 2003, what was the percentage of younger canadians (12 to 44 years) who got a flu vaccination?",[16.0],"The table presents flu vaccination rates by age group in Canada for the years 2003 and 2013-2014. To find the percentage of younger Canadians (specifically aged 12 to 44 years) who got a flu vaccination in 2003, we need to examine the individual age group percentages listed under 2003.

For the age group 12 to 44 years, the table breaks down the vaccination percentages as follows:
- 12 to 17 years: 18%
- 18 to 34 years: 13%
- 35 to 44 years: 18%

Next, we add these percentages to get the overall percentage for the 12 to 44 age group.

Calculating:
- For age 12 to 17: 18%
- For age 18 to 34: 13%
- For age 35 to 44: 18%

Now we find the average percentage for this age range:

To find the total vaccination percentage for the 12 to 44 group, we calculated a combined percentage:
First, we note that the table does not provide combined percentages directly, so we need to consider the percentages of each defined sub-group. However, based on the 2003 data itself, we can approximate that:

The average vaccination rate across the three age groups can be approximated as follows:
- 12-17 (18%)
- 18-34 (13%) (seems to be approximately the midpoint of the younger group)
- 35-44 (18%)

Since the age group 18 to 34 covers a wide range (over 16 years) and has a relatively low percentage, we will look at the two groups combined evenly across their segments.

If we consider all these age percentages equitably across the broader age range of 12-44, we find an estimate of the vaccination rate would be an average of the complete breakdown across the ages.

However, for simpler calculations, since combined numbers are not there, we consider rates for more direct age bands of:

Thus, the overall percentage of younger Canadians who got a flu vaccination in the 12 to 44 age range in 2003 is taken primarily as to acknowledge the key active bands contributing to the youth population.

Final Answer: 18%"
551,"in 2013-2014, what was the percentage of younger canadians (12 to 44 years) who got a flu vaccination?",[19.0],"To find the percentage of younger Canadians (12 to 44 years) who received a flu vaccination in 2013-2014, we need to look at the percentage rates provided in the relevant age group from the table.

From the table, the percentages for various age groups in 2013-2014 are:
- Age group 12 to 44: 19%
- Age groups 12 to 17: 23%
- Age groups 18 to 34: 17%
- Age groups 35 to 44: 22%

To find the overall percentage for the age group 12 to 44, which is already provided directly, we note that it is 19%.

Thus, the percentage of younger Canadians aged 12 to 44 years who received a flu vaccination in 2013-2014 is 19%.

Final Answer: 19%"
552,"which year had a higher rate among younger canadians (12 to 44 years) got a flu vaccination, in 2003 or in 2013/2014?",['2013-2014'],"To determine which year had a higher rate of flu vaccinations among younger Canadians aged 12 to 44 years, we will analyze the data from both 2003 and the 2013-2014 period as presented in the table.

From the table, the flu vaccination rates for the age group 12 to 44 years are:

- In 2003: **16%**
- In 2013-2014: **19%**

The percentage of the population aged 12 to 44 that received a flu vaccination increased from 16% in 2003 to 19% in 2013-2014.

Thus, it is clear that in 2013-2014, a higher percentage of younger Canadians aged 12 to 44 received flu vaccinations compared to 2003.

Final Answer: 2013-2014"
553,which municipalities were seen the largest increases in the rates of police strength in 2016?,"['delta, b.c']","To determine which municipalities experienced the largest increases in the rates of police strength in 2016, we need to look at the 'percentage change from previous year' column in the table. This column indicates how much the number of police officers has changed relative to the previous year (2016).

1. **Toronto, Ont**: -4.9% (decrease)
2. **Montreal, Que**: -0.9% (decrease)
3. **Peel Region (Mississauga/Brampton), Ont**: -2.0% (decrease)
4. **Calgary, Alta**: -0.4% (decrease)
5. **York Region (Markham/Vaughan), Ont**: -2.4% (decrease)
6. **Ottawa, Ont**: -1.5% (decrease)
7. **Edmonton, Alta**: -0.2% (decrease)
8. **Winnipeg, Man**: -2.6% (decrease)
9. **Durham Region (Oshawa/Whitby/Ajax), Ont**: -2.3% (decrease)
10. **Vancouver, BC**: 0.0% (no change)
11. **Quebec, Que**: -2.3% (decrease)
12. **Halton Region (Oakville/Burlington), Ont**: -2.5% (decrease)
13. **Hamilton, Ont**: -1.7% (decrease)
14. **Waterloo Region (Kitchener), Ont**: -0.1% (decrease)
15. **Surrey, BC**: -1.3% (decrease)
16. **Niagara Region (St. Catharines), Ont**: -0.8% (decrease)
17. **Laval, Que**: 0.9% (increase)
18. **Longueuil, Que**: -0.4% (decrease)
19. **London, Ont**: 2.5% (increase)
20. **Gatineau, Que**: -1.7% (decrease)
21. **Saskatoon, Sask**: -1.4% (decrease)
22. **Burnaby, BC**: 1.5% (increase)
23. **Halifax, N.S.**: 1.7% (increase)
24. **Regina, Sask**: -1.2% (decrease)
25. **Windsor, Ont**: -1.2% (decrease)
26. **Richmond, BC**: 1.3% (increase)
27. **St. John's, N.L.**: -1.2% (decrease)
28. **Richelieu Saint-Laurent, Que**: -0.8% (decrease)
29. **Greater Sudbury, Ont**: 0.0% (no change)
30. **Sherbrooke, Que**: -2.6% (decrease)
31. **Barrie, Ont**: -0.6% (decrease)
32. **Saguenay, Que**: 0.2% (increase)
33. **Abbotsford, BC**: -5.6% (decrease)
34. **Levis, Que**: 0.4% (increase)
35. **Terrebonne, Que**: 0.7% (increase)
36. **Coquitlam, BC**: -3.9% (decrease)
37. **Trois-Rivières, Que**: -0.5% (decrease)
38. **Guelph, Ont**: -0.8% (decrease)
39. **Kingston, Ont**: -0.1% (decrease)
40. **Kelowna, BC**: -4.3% (decrease)
41. **Codiac Region (Moncton), N.B.**: -9.8% (decrease)
42. **Saanich, BC**: -1.2% (decrease)
43. **Thunder Bay, Ont**: -1.3% (decrease)
44. **Langley Township, BC**: -1.6% (decrease)
45. **Delta, BC**: 6.6% (increase)
46. **Roussillon Region, Que**: -1.0% (decrease)
47. **Chatham-Kent, Ont**: -2.3% (decrease)
48. **Victoria, BC**: -0.9% (decrease)
49. **Red Deer, Alta**: 3.7% (increase)
50. **Brantford, Ont**: 0.1% (increase)

From this analysis, the municipalities that had the largest increases are:
- **Delta, BC**: 6.6%
- **Red Deer, Alta**: 3.7%
- **London, Ont**: 2.5%
- **Halifax, N.S.**: 1.7%
- **Richmond, BC**: 1.3%
- **Burnaby, BC**: 1.5%
- **Levis, Que**: 0.4%
- **Terrebonne, Que**: 0.7%

After evaluating those with the largest percentage increases, the municipality with the largest increase in police strength is Delta, BC with a percentage change of 6.6%.

Final Answer: Delta, BC"
554,"how many did the rate of police strength in delta, british columbia increase in 2016?",[6.6],"To analyze the police strength in Delta, British Columbia, according to the provided table, we should focus specifically on the data associated with Delta. The relevant columns from the table include ""2016 police officers per 100,000 population"" and ""percentage change from previous year.""

From the data for Delta:
- **2017 police officers per 100,000 population**: 152
- **Percentage change from previous year (2016)**: 6.6%

To find out how many the rate of police strength increased in Delta in 2016, we can calculate the number of police officers per 100,000 population for 2016 using the percentage change.

Let’s denote the number of police officers per 100,000 population for 2016 as \( x \).

The formula based on the percentage increase is:
\[
(1 + \frac{\text{percentage change}}{100}) \times x = 152 
\]
Substituting the known percentage change:
\[
(1 + \frac{6.6}{100}) \times x = 152
\]
\[
1.066 \times x = 152
\]
Now we solve for \( x \):
\[
x = \frac{152}{1.066} \approx 142.000
\]

To determine the increase in police strength:
Increase = 2017 police officers per 100,000 - 2016 police officers per 100,000
\[
151 - 142 = 10
\]

Thus, the rate of police strength in Delta, British Columbia increased by approximately 10 officers per 100,000 population in 2016.

Final Answer: 10"
555,"how many did the rate of police strength in red deer, alberta increase in 2016?",[3.7],"To determine how much the rate of police strength in Red Deer, Alberta increased in 2016, we need to look at the relevant columns in the provided table, specifically the columns for the number of police officers and the police officers per 100,000 population.

From the table:
- The 2016 population for Red Deer, Alberta is **103,690**.
- The number of police officers in 2016 is **172**.
- The rate of police officers per 100,000 population for Red Deer in 2016 is **166**.

To find the rate of police strength, we can use the formula:
\[ \text{Rate of Police Officers per 100,000} = \left( \frac{\text{Number of Officers}}{\text{Population}} \right) \times 100,000 \]

Calculating the rate for 2016:
\[ 
\text{Rate} = \left( \frac{172}{103,690} \right) \times 100,000 \approx 165.0 
\]

The table indicates that the rate for 2017 is **197**.

Now, we can calculate the difference in the rate between 2017 and 2016:
\[
\text{Increase in Police Officers Rate} = 197 - 165 \approx 32
\]

Thus, the rate of police strength in Red Deer, Alberta increased by **32** from 2016 to 2017.

Final Answer: 32"
556,"how many did the rate of police strength in london, ontario increase in 2016?",[2.5],"To determine the rate of police strength increase in London, Ontario for the year 2016, we will examine the relevant data presented in the table. 

From the table, we see that:
- In 2016, London had **605** police officers.
- The rate per 100,000 population reported for 2016 was **152**.
- For 2017, London had **605** police officers, but the rate reported for 2017 is **154**.

The percentage change from the previous year (2016 to 2017) is **2.5%**, indicating an increase.

The data indicates a clear upward trend in the rate of police per 100,000 population in London from 2016 to 2017, suggesting that police strength indeed increased in terms of how it relates to population.

Final Answer: 2.5%"
557,"how many did the rate of police strength in codiac region, new brunswick increase in 2016?",[-9.8],"To determine how much the rate of police strength in the Codiac region, New Brunswick, increased in 2016, we need to look at the specific data provided in the table for the Codiac region:

For Codiac region (Moncton), the relevant data is as follows:
- The rate of police officers per 100,000 population in 2016 was not directly provided in the previous year's data and is not explicitly stated for 2016 in the table.
- However, the rate for 2017 in the table is listed as 113. 
- The percentage change from the previous year (2016) is noted as -9.8%.

This means that in 2016, the rate would have been lower than the rate in 2017. Given that the percentage change is negative, it indicates that the rate of police strength decreased from 2016 to 2017.

To find the rate of police strength in 2016, we can use the percentage change formula:

1. Let R_2016 be the rate of police officers per 100,000 population in 2016.
2. The relationship can be expressed as:
   \[
   R_{2016} = R_{2017} / (1 + \text{Percentage Change})
   \]
   Substituting the known values:
   \[
   R_{2016} = 113 / (1 - 0.098) = 113 / 0.902
   \]
   Performing this calculation gives us:
   \[
   R_{2016} \approx 125.0
   \]

This means that the rate of police strength was approximately 125.0 officers per 100,000 population in 2016.

Finally, since the question asks for how many did the rate increase, and the rate actually decreased from 2016 to 2017, the answer is fundamentally that the rate did not increase for the noted year based on the provided data.

Final Answer: 0 (the rate did not increase, it instead decreased, so change is negative)"
558,"how many did the rate of police strength in abbotsford, british columbia increase in 2016?",[-5.6],"To determine how much the rate of police strength in Abbotsford, British Columbia, increased in 2016, we will refer to the relevant figures from the table under the columns that indicate the police officers per 100,000 population and the percentage change from the previous year.

From the table, for Abbotsford, B.C.:
- The number of police officers in 2017 is 203.
- The police officers per 100,000 population for 2016 is 139.
- The percentage change from the previous year (2016 to 2017) is -5.6%.

This means that instead of increasing, the rate of police strength actually decreased in Abbotsford by 5.6% when comparing 2016 to 2017. Therefore, we can conclude that the rate of police strength did not increase in 2016; rather, it actually decreased.

Final Answer: 0 (indicating no increase)"
559,"how many did the rate of police strength in toronto, ontario increase in 2016?",[-4.9],"To determine how much the rate of police strength in Toronto, Ontario, increased in 2016, we need to examine the provided table's information pertaining to police officers and how they relate to the population.

For Toronto:
- **Police Officers (2017 number)**: 5,190
- **2016 Population**: 2,876,095
- **2017 rate of police officers per 100,000 population**: 180
- **Percentage change from previous year (2016)**: -4.9%

Given that the percentage change indicates a decline in police officer numbers, we need to calculate the police officer rate for 2016 to understand the increase. The 2017 rate is known, but we can use the formula for percentage change to establish the previous year’s rate.

1. The formula for percentage change is:
   \[
   \text{Percentage Change} = \frac{\text{New Value - Old Value}}{\text{Old Value}} \times 100
   \]
   Plugging in the known values:
   - New Value = 180 (rate in 2017)
   - Old Value = \(X\) (rate in 2016)
   - Percentage Change = -4.9

   Rewrite the equation:
   \[
   -4.9 = \frac{180 - X}{X} \times 100
   \]

   Solving it:
   \[
   -0.049 = \frac{180 - X}{X}
   \]
   \[
   -0.049X = 180 - X
   \]
   \[
   X - 0.049X = 180
   \]
   \[
   0.951X = 180
   \]
   \[
   X = \frac{180}{0.951} \approx 189.38
   \]

2. The estimated rate of police officers per 100,000 population in Toronto for 2016 is approximately **189.38**.

3. To find the increase in police strength, we take the difference:
   \[
   \text{Increase} = 180 - 189.38 \approx -9.38
   \]

Since the question specifically asked for how much the rate increased, we note that there was actually a decrease from 2016 to 2017.

Final Answer: Decrease of approximately 9.38 officers per 100,000 population."
560,"among these 50 police services, what were the 10 ones with the highest rates of police strength in 2017?","['victoria, b.c', 'montreal, que', 'halifax, n.s', 'thunder bay, ont', 'vancouver, b.c', 'windsor, ont', 'winnipeg, man', 'edmonton, alta', 'toronto, ont', 'regina, sask']","To determine the 10 police services with the highest rates of police strength in 2017, we can look at the column ""2017 police officers per 100,000 population"" from the provided table. The goal is to identify which services had the highest rates.

The police services listed along with their respective rates (per 100,000 population) are as follows:

- Halifax, N.S.: 223
- Calgary, Alta.: 168
- Kingston, Ont.: 154
- Guelph, Ont.: 147
- Niagara Region (St. Catharines), Ont.: 156
- Durham Region (Oshawa/Whitby/Ajax), Ont.: 127
- Vancouver, B.C.: 196
- Toronto, Ont.: 180
- Edmonton, Alta.: 183
- Windsor, Ont.: 193

Ranking the services based on the ""2017 police officers per 100,000 population,"" we identify the following top ten services:

1. Halifax, N.S.: 223
2. Calgary, Alta.: 168
3. Kingston, Ont.: 154
4. Niagara Region (St. Catharines), Ont.: 156
5. Guelph, Ont.: 147
6. Durham Region (Oshawa/Whitby/Ajax), Ont.: 127
7. Vancouver, B.C.: 196
8. Toronto, Ont.: 180
9. Edmonton, Alta.: 183
10. Windsor, Ont.: 193

Now we will put these ten police services in order, so we have the correct list.

Here’s the properly ranked list of the top 10 police services based on police strength rates:

1. Halifax, N.S. - 223
2. Calgary, Alta. - 168
3. Niagara Region (St. Catharines), Ont. - 156
4. Kingston, Ont. - 154
5. Guelph, Ont. - 147
6. Windsor, Ont. - 193
7. Toronto, Ont. - 180
8. Edmonton, Alta. - 183
9. Vancouver, B.C. - 196
10. Durham Region (Oshawa/Whitby/Ajax), Ont. - 127

Final Answer: [Halifax, N.S. - 223, Calgary, Alta. - 168, Vancouver, B.C. - 196, Toronto, Ont. - 180, Edmonton, Alta. - 183, Windsor, Ont. - 193, Kingston, Ont. - 154, Niagara Region (St. Catharines), Ont. - 156, Guelph, Ont. - 147, Durham Region (Oshawa/Whitby/Ajax), Ont. - 127]"
561,what was the rate of police strength in victoria in 2017?,[233.0],"To determine the rate of police strength in Victoria in 2017, we refer to the relevant row in the table for Victoria, which lists the following data points:

- 2016 population: 104,777
- 2017 number of police officers: 244
- 2017 police officers per 100,000 population: 233

The ""2017 police officers per 100,000 population"" value is directly provided as 233. This metric specifically indicates the number of police officers per 100,000 people in the population of Victoria.

Thus, the rate of police strength in Victoria in 2017 is **233**.

Final Answer: 233"
562,what was the rate of police strength in montreal in 2017?,[228.0],"In the provided table, the ""police officers per 100,000 population"" for Montreal, Quebec, in 2017 is explicitly stated.

From the table:
- For Montreal, the ""2017 police officers per 100,000 population"" is recorded as 228.

Thus, the rate of police strength in Montreal in 2017 is 228 officers per 100,000 population.

Final Answer: 228"
563,what was the rate of police strength in halifax in 2017?,[223.0],"To find the rate of police strength in Halifax for 2017, we need to look at the relevant data from the table provided. 

For Halifax, the data presented is:
- 2017 number of police officers: 531
- Population of Halifax: 238,467

The ""police officers per 100,000 population"" rate is given as 223 for Halifax.

The rate of police strength is often expressed as the number of police officers per 100,000 population, which has already been provided as 223 in the corresponding column for Halifax.

Final Answer: 223"
564,what was the rate of police strength in thunder bay in 2017?,[197.0],"The table provides various statistics about municipal police services, including the number of police officers and the rate of police officers per 100,000 population for different municipalities in Canada for the year 2017. 

To answer the question regarding the rate of police strength in Thunder Bay in 2017, we can look at the specific row related to Thunder Bay:

For Thunder Bay:
- The number of police officers in 2017 is 228.
- The population is 115,740.
- Therefore, the rate of police officers per 100,000 population is given as 197.

This indicates that Thunder Bay had a police strength rate of 197 officers for every 100,000 residents in 2017.

Final Answer: 197"
565,what was the rate of police strength in vancouver in 2017?,[196.0],"To determine the rate of police strength in Vancouver for 2017, we refer to the value in the column titled ""2017 police officers per 100,000 population"" specifically for the entry concerning Vancouver.

From the provided table:
- The ""2017 police officers per 100,000 population"" rate for Vancouver is 196.

This indicates that for every 100,000 people in Vancouver, there were 196 police officers in the year 2017.

Final Answer: 196"
566,what was the rate of police strength in winsor in 2017?,[193.0],"To find the rate of police strength in Windsor in 2017, we refer to the relevant section of the provided table.

From the data:

- For Windsor, Ontario:
  - The population in 2016 was 221,862.
  - The number of police officers in 2017 was 428.
  - The rate of police officers per 100,000 population in 2017 was 193.

Thus, the rate of police strength in Windsor in 2017 is 193 police officers per 100,000 population.

Final Answer: 193"
567,what was the rate of police strength in winnipeg in 2017?,[192.0],"The table provides information on police services across various municipalities in Canada for 2017, including the number of police officers and their corresponding rates per 100,000 population.

For Winnipeg, the relevant details are:

- Reported population (2016): 735,552
- Number of police officers in 2017: 1,409
- Rate of police officers per 100,000 population in 2017: 192

This means that the rate of police strength in Winnipeg in 2017 is 192 officers per 100,000 residents.

Final Answer: 192"
568,what was the rate of police strength in edmonton in 2017?,[183.0],"The table provides various statistics regarding municipal police services in Canada, particularly their 2016 populations and the number of police officers for 2017, among other details. 

To find the rate of police strength in Edmonton for 2017, we need to look specifically at the ""2017 police officers per 100,000 population"" for Edmonton. According to the table, Edmonton has 1,775 police officers and a corresponding rate of 183 police officers per 100,000 population for 2017.

Therefore, the answer to the question is directly obtained from the relevant column in the table.

Final Answer: 183"
569,what was the rate of police strength in toronto in 2017?,[180.0],"To find the rate of police strength in Toronto for the year 2017, we need to look at the ""2017 police officers per 100,000 population"" column in the provided table.

According to the data:
- Toronto had a population of 2,876,095 in 2016.
- The number of police officers in 2017 was 5,190.
- The rate of police officers per 100,000 population is given as 180.

This ""rate"" represents the number of police officers per 100,000 residents in the city. 

So, the rate of police strength in Toronto in 2017 is straightforwardly provided in the table as 180.

Final Answer: 180"
570,what was the rate of police strength in regina in 2017?,[178.0],"To find the rate of police strength in Regina in 2017, we need to refer to the relevant data from the table provided. The table indicates the following for Regina:

- **2017 police officers**: 397
- **2016 population**: 223,637

We can calculate the rate of police officers per 100,000 population using the formula:

\[
\text{Police officers per 100,000 population} = \left( \frac{\text{Number of police officers}}{\text{Population}} \right) \times 100,000
\]

Now substituting the values for Regina:

\[
\text{Police officers per 100,000 population} = \left( \frac{397}{223,637} \right) \times 100,000 \approx 177.5
\]

However, the table specifically states the rate of police officers per 100,000 population for Regina as **178**. 

Thus, the rate of police strength in Regina in 2017 is 178.

Final Answer: 178"
571,"for the third consecutive year, which municipality was observed the lowest rates of police strength?","['richmond, b.c']","To determine which municipality observed the lowest rates of police strength for the third consecutive year, we need to check the ""2017 police officers per 100,000 population"" column of the provided table. The values in this column represent the police strength rates for each municipality.

Upon reviewing the ""2017 police officers per 100,000 population"" column, we can identify each municipality and its associated rate:

- Toronto, ON: 180
- Montreal, QC: 228
- Peel Region: 140
- Calgary, AB: 168
- York Region: 137
- Ottawa, ON: 128
- Edmonton, AB: 183
- Winnipeg, MB: 192
- Durham Region: 127
- Vancouver, BC: 196
- Quebec, QC: 132
- Halton Region: 120
- Hamilton, ON: 149
- Waterloo Region: 141
- Surrey, BC: 142
- Niagara Region: 156
- Laval, QC: 142
- Longueuil, QC: 134
- London, ON: 152
- Gatineau, QC: 140
- Saskatoon, SK: 173
- Burnaby, BC: 117
- Halifax, NS: 223
- Regina, SK: 178
- Windsor, ON: 193
- Richmond, BC: 98
- St. John's, NL: 164
- Richelieu Saint-Laurent, QC: 103
- Greater Sudbury: 160
- Sherbrooke, QC: 122
- Barrie, ON: 159
- Saguenay, QC: 121
- Abbotsford, BC: 139
- Levis, QC: 107
- Terrebonne, QC: 121
- Coquitlam, BC: 117
- Trois-Rivières, QC: 115
- Guelph, ON: 147
- Kingston, ON: 154
- Kelowna, BC: 134
- Codiac Region: 113
- Saanich, BC: 135
- Thunder Bay, ON: 197
- Langley Township, BC: 121
- Delta, BC: 152
- Roussillon Region, QC: 109
- Chatham-Kent, ON: 148
- Victoria, BC: 233
- Red Deer, AB: 166
- Brantford, ON: 172

Among these, the municipality with the lowest police officers per 100,000 population in 2017 is Richmond, BC with a rate of 98.

This rate should be compared to prior years, but given the question specifically asks for the third consecutive year in 2017, we interpret the provided 2017 data for this response.

Final Answer: Richmond, BC"
572,"for the third consecutive year, what was the rate of police strength in british columbia's municipality of richmond?",[98.0],"To determine the rate of police strength in Richmond, BC, for the third consecutive year, we need to look at the relevant data from the table concerning Richmond.

In the table provided, for Richmond, the key data points we are interested in are:
- The number of police officers in 2017: 206
- The population for 2016 (used for determining the ratio): 209,738

The rate of police officers is calculated per 100,000 population, which is given as:
- 2017 police officers per 100,000 population: 98

Since the question specifies ""for the third consecutive year,"" we interpret this as indicating that the question is asking about the rate specifically for the year 2017, given it doesn't provide data for earlier years.

Thus, the response needs to reflect that the rate of police strength in Richmond, BC, for the year in question (2017) was 98 police officers per 100,000 population.

Final Answer: 98"
573,"for the third consecutive year, what was the rate of police strength in quebec's municipality of richelieu saint-laurent?",[103.0],"To address the question regarding the police strength rate in the municipality of Richelieu Saint-Laurent in Quebec, we can extract the relevant information from the table:

1. The rate of police officers per 100,000 population in Richelieu Saint-Laurent for 2017 is provided in the column titled ""2017 police officers per 100,000 population"".
2. The value recorded there is 103.

The term ""third consecutive year"" implies asking about the consistent trend over a period of three years, which might require historical data from previous years. However, the question can be interpreted as solely seeking the current rate (2017) for Richelieu Saint-Laurent.

To summarize, based on the available data, the rate of police strength in Richelieu Saint-Laurent in 2017 is 103 police officers per 100,000 population.

Final Answer: 103"
574,"for the third consecutive year, what was the rate of police strength in quebec's municipality of levis?",[107.0],"To determine the rate of police strength in the municipality of Lévis, Quebec, for the year 2017, we need to focus on the information given in the relevant row for Lévis in the provided table.

From the table:
- The number of police officers in Lévis in 2017 is **155**.
- The population of Lévis in 2016 is **144,918**.

To find the police officers per 100,000 population, we can use the following formula:

\[
\text{Police officers per 100,000 population} = \left( \frac{\text{Number of Police Officers}}{\text{Population}} \right) \times 100,000
\]

Substituting the values:

\[
\text{Rate} = \left( \frac{155}{144,918} \right) \times 100,000
\]

Calculating this gives:

\[
\text{Rate} \approx 1070.6
\]

Given the structure of the table, it directly states that the 2017 police officers per 100,000 population for Lévis is **107**.

Thus, for the third consecutive year, the rate of police strength in Lévis is 107 officers per 100,000 population.

Final Answer: 107"
575,how many appearances did tommy higginson make for his 12-years with brentford?,[433.0],"To answer the question regarding how many appearances Tommy Higginson made during his 12 years with Brentford, we will refer to the data provided in the table under ""career total"".

The table shows:
- The total number of appearances across all seasons for Brentford is **433**.

Since the table provides a singular total for appearances without separating them by specific years, we can infer that the total of 433 appearances represents the entire career span of the player mentioned, which includes the 12 years with the club.

Thus, the answer to the question is straightforward:

Final Answer: 433"
576,how many passing touchdowns did manuel throw from 2014 to 2017?,[8],"To find the total number of passing touchdowns thrown by Manuel from 2014 to 2017, we can extract the relevant data from the provided table for those specific years.

From the table data:

- In **2014**, Manuel threw **5** touchdowns.
- In **2015**, Manuel threw **3** touchdowns.
- In **2016**, Manuel threw **0** touchdowns.
- In **2017**, Manuel threw **1** touchdown.

Now we can sum these touchdowns:

5 (2014) + 3 (2015) + 0 (2016) + 1 (2017) = 9 touchdowns

Thus, the total number of passing touchdowns that Manuel threw from 2014 to 2017 is **9**.

Final Answer: 9"
577,"in 1982-83, which division did steve fox join port vale in?",['fourth division'],"To answer the question about the division that Steve Fox joined Port Vale in during the 1982-83 season, we first refer to the relevant section of the provided table.

In the context of the table we see Port Vale listed under the 1982-83 season in the fourth division:

|	club	|	season	|	division	|	league	|		|	fa cup	|		|	other	|		|	total	|		|	
|	port vale	|	1982-83	|	fourth division	|	34	|	3	|	1	|	0	|	0	|	0	|	35	|	3	|

From this, we can confirm that in the 1982-83 season, Port Vale was in the fourth division of the league. Therefore, it indicates the division Steve Fox joined Port Vale in during that season.

Final Answer: fourth division"
578,"in 2011, what was the life expectancy for the first nations household males at age 1?",[72.5],"The table provides information on life expectancy (LE) for various groups and sexes at different ages in Canada in 2011. For males at age 1 in the First Nations group, the life expectancy is explicitly stated.

From the table:

- Life Expectancy for First Nations males at age 1 is **72.5 years**.

This data point provides a clear answer to the question regarding the life expectancy of First Nations household males at the age of 1 in 2011.

Final Answer: 72.5 years"
579,"in 2011, what was the life expectancy for the first nations household females at age 1?",[77.7],"To determine the life expectancy for First Nations household females at age 1 in 2011, we refer to the relevant data from the table provided.

From the row under 'females' and specifically under '1 year', we see the corresponding life expectancy (le) for First Nations people:

- For females at age 1: **77.7 years**

Since we are specifically looking for the life expectancy for First Nations females at age 1, the answer from the table is clear.

Final Answer: 77.7"
580,"at age 65, what was the gap in life expectancy between first nations and non-indigenous males in 2011?",[4.6],"To find the gap in life expectancy at age 65 between First Nations males and non-Indigenous males in 2011, we need to look at the respective life expectancy values for both groups at that age according to the table provided.

From the table:
- Life expectancy for First Nations males at age 65: **16.4 years**
- Life expectancy for non-Indigenous males at age 65: **21.0 years**

Now, we calculate the gap in life expectancy:
- Gap = Life expectancy (non-Indigenous males) - Life expectancy (First Nations males)
- Gap = 21.0 - 16.4 = **4.6 years**

The gap in life expectancy between First Nations and non-Indigenous males at age 65 in 2011 was 4.6 years.

Final Answer: 4.6 years"
581,"at age 65, what was the gap in life expectancy between first nations and non-indigenous females in 2011?",[6.2],"To determine the gap in life expectancy between First Nations and non-Indigenous females at age 65, we refer to the values listed in the table.

From the table:

- The life expectancy for First Nations females at age 65 is 19.7 years.
- The life expectancy for non-Indigenous females at age 65 is 25.9 years.

Now, we calculate the gap in life expectancy:

Gap = Life Expectancy (Non-Indigenous females) - Life Expectancy (First Nations females)  
Gap = 25.9 years - 19.7 years  
Gap = 6.2 years

Therefore, the gap in life expectancy between First Nations and non-Indigenous females at age 65 in 2011 is 6.2 years.

Final Answer: 6.2 years"
582,"for the 2011 metis household population, what was the life expectancy at age 1 for males?",[76.9],"To determine the life expectancy for males at age 1 in the Métis household population from the given table, we need to locate the row that corresponds to males at age 1 under the Métis category.

From the table, we see the entry for males at age 1 is as follows:

- For Métis males at age 1, the life expectancy (le) is 76.9 years.

Thus, the life expectancy for males aged 1 in the Métis household population in 2011 is 76.9 years.

Final Answer: 76.9"
583,"for the 2011 metis household population, what was the life expectancy at age 1 for females?",[82.3],"The table contains life expectancy (LE) data segmented by age, group, and sex for the household population in Canada as of 2011. For females in the Metis population, we need to locate the LE data for age 1.

From the table, the life expectancy for females at age 1 is as follows:

- For females at age 1, the life expectancy (LE) is 77.7 years.

Thus, the life expectancy at age 1 for females in the 2011 Metis household population is 77.7 years.

Final Answer: 77.7"
584,"for the 2011 metis household population, how many years was the life expectancy at age 1 for males shorter than that for non-indigenous ones?",[4.5],"To find the life expectancy at age 1 for males from the Métis population and compare it to that of non-indigenous populations, we will extract the relevant data from the table.

From the table context:
- Life expectancy at age 1 for Métis males: 76.9 years
- Life expectancy at age 1 for non-indigenous males: 81.4 years

Now, we calculate the difference between these two values:
- Difference = Life Expectancy (non-indigenous) - Life Expectancy (Métis)
- Difference = 81.4 years - 76.9 years = 4.5 years

Thus, the life expectancy for Métis males at age 1 is 4.5 years shorter than that of non-indigenous males.

Final Answer: 4.5 years"
585,"for the 2011 metis household population, how many years was the life expectancy at age 1 for females shorter than that for non-indigenous ones?",[5],"To determine how many years the life expectancy at age 1 for Metis females is shorter than that for non-Indigenous females based on the provided data, we first need to identify the life expectancy values for both groups at that specific age.

From the table:

- Life expectancy at age 1 for Metis females: **82.3 years**
- Life expectancy at age 1 for non-Indigenous females: **87.3 years**

Next, we calculate the difference in life expectancy between these two groups:

\[ 
\text{Difference} = \text{Life expectancy (non-Indigenous)} - \text{Life expectancy (Metis)} 
\]

This becomes:

\[
\text{Difference} = 87.3 - 82.3 = 5.0 \text{ years}
\]

Thus, the life expectancy at age 1 for Metis females is 5 years shorter than that for non-Indigenous females.

Final Answer: 5 years"
586,"at age 65, what was the gap in life expectancy between metis and non-indigenous males in 2011?",[2.7],"In the provided table, we are looking for the life expectancy at age 65 for Metis and non-Indigenous males. 

From the table:

- The life expectancy (LE) for Metis males at age 65 is **18.3 years** (with a confidence interval of 17.0 to 19.6).
- The life expectancy for non-Indigenous males at age 65 is **21.0 years** (with a confidence interval of 20.9 to 21.1).

To find the gap in life expectancy between Metis and non-Indigenous males at age 65, we perform the following calculation:

Gap = Life Expectancy (non-Indigenous males) - Life Expectancy (Metis males)

Plugging in the values:

Gap = 21.0 years - 18.3 years = 2.7 years.

Thus, the gap in life expectancy between Metis and non-Indigenous males at age 65 in 2011 is 2.7 years.

Final Answer: 2.7 years"
587,"at age 65, what was the gap in life expectancy between metis and non-indigenous females in 2011?",[3.8],"To determine the gap in life expectancy between Metis and non-Indigenous females at age 65 in 2011, we extract the life expectancy values from the provided table.

From the table:

- The life expectancy (LE) for Metis females at age 65 is **19.9 years**.
- The life expectancy for non-Indigenous females at age 65 is **25.9 years**.

To find the gap, we subtract the life expectancy of Metis females from that of non-Indigenous females:

Gap = LE (non-Indigenous females) - LE (Metis females)  
Gap = 25.9 - 19.9 = 6.0 years

Thus, the gap in life expectancy between Metis and non-Indigenous females at age 65 in 2011 is **6.0 years**.

Final Answer: 6.0 years"
588,what was the life expectancy at age 1 for the inuit household males in 2011?,[70.0],"To find the life expectancy at age 1 for Inuit household males in 2011, we can refer to the provided table. 

Looking specifically at the ""Inuit"" row for ""males"" and the age column listed as ""1"", we can see the following data:

- Life expectancy (le) for Inuit males at age 1: **70.0 years**

This value is obtained directly from the table and corresponds to the specific demographic and age requested in the question.

Final Answer: 70.0 years"
589,what was the life expectancy at age 1 for the inuit household females in 2011?,[76.1],"To determine the life expectancy at age 1 for Inuit household females in 2011, we need to locate the relevant data in the provided table.

In the relevant section for females, we see the following entry for age 1:

- **Inuit (Females)**: 
  - Life Expectancy (le): 76.1 (with 95% confidence interval from 73.1 to 79.0)

From this information, we can conclude that the life expectancy at age 1 for Inuit females in 2011 was 76.1 years.

Final Answer: 76.1"
590,how many years was the life expectancy at age 1 for the inuit household males shorter than that for non-indigenous ones in 2011?,[11.4],"To determine how many years the life expectancy at age 1 for Inuit household males was shorter than that for non-Indigenous males in 2011, we will extract the relevant life expectancy values from the provided table.

- **Life expectancy at age 1 for Inuit males**: 70.0 years
- **Life expectancy at age 1 for non-Indigenous males**: 81.4 years

To find the difference, we subtract the Inuit life expectancy from the non-Indigenous life expectancy:

81.4 years (non-Indigenous) - 70.0 years (Inuit) = 11.4 years

Thus, the life expectancy at age 1 for Inuit household males was 11.4 years shorter than that for non-Indigenous males in 2011.

Final Answer: 11.4 years"
591,how many years was the life expectancy at age 1 for the inuit household females shorter than that for non-indigenous ones in 2011?,[11.2],"To determine how many years the life expectancy at age 1 for Inuit household females was shorter than that for non-indigenous females in 2011, we refer to the specific values in the table regarding life expectancy at that age.

From the table:

- Life expectancy at age 1 for Inuit females is 76.1 years.
- Life expectancy at age 1 for non-indigenous females is 87.3 years.

To find how many years shorter the Inuit life expectancy is compared to the non-indigenous life expectancy, we subtract the life expectancy of Inuit females from that of non-indigenous females:

87.3 years (non-indigenous) - 76.1 years (Inuit) = 11.2 years.

Thus, the life expectancy at age 1 for Inuit household females was 11.2 years shorter than that for non-indigenous females in 2011.

Final Answer: 11.2 years"
592,"at age 65, how many years was the life expectancy for inuit men shorter than that for non-indigenous men in 2011?",[4.9],"To determine how many years the life expectancy for Inuit men was shorter than that for non-indigenous men at age 65 in 2011, we need to extract the relevant life expectancy values from the provided table.

From the table:
- Life expectancy for Inuit men at age 65: 16.1 years
- Life expectancy for non-indigenous men at age 65: 21.0 years

Now we calculate the difference:
Difference = Life Expectancy (Non-Indigenous) - Life Expectancy (Inuit)
Difference = 21.0 - 16.1 = 4.9 years

Thus, the life expectancy for Inuit men was 4.9 years shorter than that for non-indigenous men.

Final Answer: 4.9 years"
593,"at age 65, how many years was the life expectancy for inuit women shorter than that for non-indigenous women in 2011?",[5.9],"To determine how many years the life expectancy for Inuit women at age 65 was shorter than that for non-Indigenous women in 2011, we can refer to the life expectancy values listed in the provided table.

From the table, we find the following values for life expectancy (LE) at age 65:

- Inuit women: **20.0 years** (LE at age 65)
- Non-Indigenous women: **25.9 years** (LE at age 65)

To find the difference in life expectancy between the two groups:

Life expectancy for non-Indigenous women - Life expectancy for Inuit women:
25.9 years - 20.0 years = 5.9 years

Thus, Inuit women at age 65 had a life expectancy that was shorter by **5.9 years** compared to non-Indigenous women.

Final Answer: 5.9 years"
594,"in 2017, which league did montgomery participate in the national leagues nsw for wollongong wolves?",['national premier leagues nsw'],"The context provided is a table of career statistics for a player, detailing their club history, seasons played, leagues, appearances, and goals for various clubs. The specific question asks about the league in which Montgomery participated in 2017 with Wollongong Wolves.

Looking at the row for Wollongong Wolves in 2017, we see the following information:
- **Club**: Wollongong Wolves
- **Season**: 2017
- **League**: National Premier Leagues NSW
- **Apps**: 3
- **Goals**: 1

From this entry, it is clear that Montgomery participated in the National Premier Leagues NSW while playing for Wollongong Wolves in 2017.

Final Answer: National Premier Leagues NSW"
595,"in 1974, which single did george warren mccrae release his single?",['rock your baby'],"To determine which single George Warren McCrae released in 1974, we should review the appropriate entries in the provided table and focus on the year 1974.

In the 1974 row of the table, we see the following entries:
- ""rock your baby"": This single was released in 1974 and has an associated album titled ""rock your baby"".
- ""i can't leave you alone"": This entry does not specify George Warren McCrae explicitly, but it is listed with chart positions.
- The subsequent entries (like ""you can have it all"") do not explicitly mention George McCrae either.

However, the table indicates that ""rock your baby"" is linked to George McCrae, as it is commonly known to be one of his most recognized singles.

Therefore, the answer to the question of which single George Warren McCrae released in 1974 is ""rock your baby"".

Final Answer: rock your baby"
596,how many days with a reign of is edward one of the shortest-reigning monarchs in british history?,['326 days'],"To determine if Edward VIII is one of the shortest-reigning monarchs in British history, we need to look at the number of days he reigned, as presented in the table.

From the table:
- Edward VIII reigned for **326 days**.

Next, we need to compare Edward VIII's reign duration with the reign durations of the other listed monarchs:

- Elizabeth II: 24,512 days
- Victoria: 23,226 days
- George V: 9,390 days
- George III: 6,967 days
- George VI: 5,535 days
- George IV: 3,801 days
- Edward VII: 3,391 days
- William IV: 2,551 days
- Edward VIII: 326 days

Among these reigns, only Edward VIII has a reign duration shorter than 1 year (or 365 days). 

Given the reign durations, Edward VIII's reign of 326 days is notably short and indeed ranks him as one of the shortest-reigning monarchs in British history, alongside a few others such as Lady Jane Grey, who is often noted but not mentioned in this specific table, and perhaps shorter than some of those listed.

Therefore, we can confirm that Edward VIII is one of the shortest-reigning monarchs.

Final Answer: Yes"
597,which league did bateman appear for brentford team in the 1934-35 season?,['second division'],"The table titled ""career statistics"" provides information on the career of a player named Bateman, detailing his appearances and goals across various clubs and seasons. 

For Brentford in the 1934-35 season, it's indicated that he played in the second division. The relevant section of the table shows:

|	club	|	season	|	league	|	apps	|	goals	|
|	brentford	|	1934-35	|	second division	|	18	|	0	|

This clearly states that Bateman appeared for the Brentford team in the second division during the 1934-35 season.

Final Answer: Second Division"
598,"in 2016, which league did gerson vieira appear for mumbai city in indian super league?",['indian super league'],"In the context provided, we are trying to determine the league in which Gerson Vieira played for Mumbai City in 2016, specifically within the Indian Super League.

From the table's data:

1. For the year 2016, Mumbai City is listed in the ""Indian Super League.""
2. Gerson Vieira has a record for Mumbai City in the 2016 season, with 14 appearances and 1 goal in that league.

Based on this information, we confirm that Gerson Vieira appeared for Mumbai City in the Indian Super League during the 2016 season.

Final Answer: Indian Super League"
599,how many yards did fitzpatrick throw for in 2008?,[193.0],"To answer the question regarding how many yards Fitzpatrick threw for in 2008, we first need to locate Ryan Fitzpatrick's relevant statistics from the provided NFL statistics table.

Looking at the table:
- The entry for Fitzpatrick is located under the team ""cin"" for the year 2008.
- The statistics indicate the following details:
  - Year: 2008
  - Team: Cincinnati Bengals (cin)
  - Passing Yards (yds): 1,905

From the information extracted, we see that Fitzpatrick threw for a total of 1,905 yards in 2008.

Final Answer: 1905"
600,how many touchdowns did fitzpatrick throw for in 2008?,[2.0],"To determine how many touchdowns Ryan Fitzpatrick threw for in 2008, we will need to refer to the statistics presented in the table under the ""passing"" section.

Looking specifically at the row for the year 2008, we see the following passing statistics for the team Cincinnati (cin):
- **TD** (touchdowns): 8

This value indicates that Fitzpatrick threw for a total of 8 touchdowns in the year 2008.

Final Answer: 8"
601,"in 2006, what is the ranking for peaches released song ""impeach my bush,"" in the us.",[168.0],"To find the ranking of Peaches' song ""Impeach My Bush"" in the US for the year 2006, we refer to the table provided. 

The table indicates that the album ""Impeach My Bush"" was released on July 11, 2006, and it was labeled with the following peak chart positions:

- **US Dance:** 168
- **US Indie:** 5
- **US:** 132

The relevant ranking in the US (not in the dance or indie categories) is 132. This is the overall ranking of the album on the US charts.

Final Answer: 132"
602,how many rushing yards did alfred morris finish the season with?,[1613.0],"To find out how many rushing yards Alfred Morris finished the season with, we need to look at the entries in the table related to Alfred Morris by identifying the team he played for.

Upon reviewing the table, there are successive rows for the ""was"" team for the seasons 2012 through 2015, which indicates that Alfred Morris played for Washington from 2012 to 2015.

Maximizing our focus on the relevant years:

- In **2012**, Morris had **1,613 rushing yards**.
- In **2013**, he had **1,275 rushing yards**.
- In **2014**, he finished with **1,074 rushing yards**.
- In **2015**, he recorded **751 rushing yards**.

To find Morris' total rushing yards over those seasons, we would aggregate them:

- 1,613 (2012)
- 1,275 (2013)
- 1,074 (2014)
- 751 (2015)

This gives us:

1,613 + 1,275 + 1,074 + 751 = 4,713 rushing yards

The query asks for how many rushing yards did Alfred Morris finish the season with. Since the last season mentioned in the table for Alfred Morris was 2015, we can ascertain that he finished that season with 751 rushing yards.

Final Answer: 751"
603,how many touchdowns did alfred morris finish the season with?,[13.0],"To answer the question regarding how many touchdowns Alfred Morris finished the season with, we need to analyze the provided table for the relevant seasons and statistics specifically related to the player.

Looking through the table, we see several entries for the team ""was"" (Washington) where Alfred Morris played during the years from 2012 to 2015. During these seasons, he had the following touchdowns:

- **2012**: 13 touchdowns
- **2013**: 7 touchdowns
- **2014**: 8 touchdowns
- **2015**: 1 touchdown

Now, we can sum up the touchdowns across these seasons:

- **Total Touchdowns** = 13 (2012) + 7 (2013) + 8 (2014) + 1 (2015) = 29 touchdowns

Therefore, Alfred Morris finished the seasons accounted for in the table with a total of 29 touchdowns.

Final Answer: 29"
604,"in 2002, which competition did canada participate in the gold cup?",['gold cup'],"The table shows various national team competitions Canada participated in over different years. For the year 2002, it specifies that Canada participated in the ""gold cup."" The relevant data for the 2002 competition includes 5 matches where Canada managed to win 2, draw 2, and lose 1, resulting in a win percentage of 40%. 

Thus, the answer to the question regarding which competition Canada participated in during 2002 in the gold cup is clearly stated in the table.

Final Answer: Gold Cup"
605,"in 2014, which league did elyounoussi join side molde fk?",['tippeligaen'],"The title of the context provided is ""career statistics,"" which lists the performance statistics of a player across various clubs and seasons. Specifically, we are interested in information regarding Elyounoussi in the year 2014 and the club Molde FK.

Upon examining the table, we find the entry for Molde states:
|	molde	|	2014	|	tippeligaen	|	30	|	13	|	4	|	4	|	3	|	0	|	37	|	17	|

From this entry, we see that in 2014, Elyounoussi joined Molde FK, which participated in the ""tippeligaen"" (the top tier of Norwegian football leagues).

Final Answer: Tippeligaen"
606,which division did cross begin his career at walsall in 1966-67?,['third division'],"To answer the question about which division Cross began his career at Walsall in the 1966-67 season, we examine the provided table.

From the context of the table, the first row contains the details for Walsall in the 1966-67 season. The relevant columns are:

| club      | season   | division       |
|-----------|----------|-----------------|
| walsall   | 1966-67  | third division   |

The division where Cross began his career at Walsall in that season is explicitly listed in the same row, indicating it was the ""third division.""

Final Answer: third division"
607,how many votes did the libertarian party took part in the election of 1994 receive?,[2754.0],"To answer the question of how many votes the Libertarian Party received in the 1994 election, we can refer directly to the table data provided. 

From the table, for the election year 1994:
- The column ""# of overall votes"" lists the total votes received by the Libertarian Party as **2,754**.
- The percentage of overall votes is noted as **0.03%**.
- Additionally, the table indicates that the Libertarian Party won **0 out of 150 seats**.

Given this information, we conclude that the Libertarian Party received **2,754 votes** in the 1994 election.

Final Answer: 2754"
608,"what is the peak chart position of the album, the rhythm of the night, on the us heatseekers chart?",[2.0],"To determine the peak chart position of the album ""The Rhythm of the Night"" on the US Heatseekers chart, we need to look at the specific entry for that album in the provided table.

From the table:
- The album is titled ""The Rhythm of the Night""
- The peak chart positions listed include various regions and charts, specifically indicated in columns that follow after the general details.
- For US Heatseekers, the chart position provided is **2**.

Thus, the peak chart position of ""The Rhythm of the Night"" on the US Heatseekers chart is 2.

Final Answer: 2"
609,which song was released by kim cesarion in 2013.,['undressed'],"The context provided is a table listing singles by Kim Cesarion along with their year of release, peak chart positions, and certifications. 

Upon examining the table, we see that in the year 2013, Kim Cesarion released the song ""undressed,"" which achieved notable chart positions in various regions (e.g., peaked at position 7 in Sweden and 5 in Australia). There are other singles listed, but ""undressed"" is the only one for the year 2013.

Final Answer: undressed"
610,"in the 1997 season, how many rushing yards did alexander finish with?",[415.0],"The table provides the statistics for a college player's performance across different seasons, including rushing yards for the 1997 season. 

Looking at the row corresponding to the 1997 season, the relevant columns indicate the following values:
- Rushing yards for the 1997 season: 415

Thus, Alexander finished with a total of 415 rushing yards in the 1997 season.

Final Answer: 415"
611,"in the 1997 season, how many rushing touchdowns did alexander finish with?",[3.0],"The table presents statistics regarding rushing and receiving for a player over a series of seasons, including specific values for the years 1996, 1997, 1998, and 1999, as well as the total career numbers.

In the context of the 1997 season, we can specifically look at the row corresponding to 1997 and check the rushing statistics:

- For 1997:
  - Rushing touchdowns (td): 3

Thus, for the 1997 season, Alexander finished with a total of 3 rushing touchdowns.

Final Answer: 3"
612,what was the share of unincorporated self-employed workers in 2016 who satisfy the definition of gig workers?,[8.2],"To determine the share of unincorporated self-employed workers in 2016 who satisfy the definition of gig workers, we need to analyze the provided table context.

The relevant data for unincorporated self-employed workers and gig workers is as follows:

1. For unincorporated self-employed workers:
   - The share is reported under three categories based on different data sources: 
     - Labour force survey data: 9.5
     - 2016 census data: 7.5
     - Administrative data: 14.6

2. For gig workers:
   - No specific share or percentage is detailed for unincorporated self-employed workers as gig workers.
   - However, related information provided under gig workers includes:
     - Share of gig workers with no T4 jobs: 48.6%
     - Share of gig workers with a single T4 job: 36.3%
     - Share of gig workers with multiple T4 jobs: 15.1%

To answer the question regarding the share of unincorporated self-employed workers who are gig workers, we recognize that gig work as indicated does not have a direct mapping to unincorporated self-employed share figures directly in the table. Instead, we can state that these gig worker percentages refer to the broader category of gig workers but do not provide a direct share of unincorporated self-employed workers.

Since we do not have clear numbers that connect gig workers directly to unincorporated self-employed workers, a comprehensive answer isn't feasible with the data provided.

Thus, while we can summarize that the share of unincorporated self-employed workers is given, the specific share of these workers who qualify as gig workers is not directly quantifiable with the data available. 

Final Answer: Not specified in the table data."
613,which league did mladen devetak make an official debut for vojvodina in the 2016-17 season?,['serbian superliga'],"The table provides details about various clubs, their seasons, leagues, and player appearances and goals for those clubs. 

Focusing on the club ""Vojvodina"" during the ""2016-17"" season, it is specified that the league was the ""Serbian Superliga."" 

Therefore, the league in which Mladen Devetak made his official debut for Vojvodina in the 2016-17 season is the Serbian Superliga.

Final Answer: Serbian Superliga"
614,"which deni hines's album including ""what about love"" was released in 2016?",['the soul sessions'],"To determine which Deni Hines's album including ""what about love"" was released in 2016, I will examine the provided table.

In the relevant row for the year 2016, we find:
- **Single**: ""what about love""
- **Album**: ""the soul sessions""

This indicates that ""what about love"" was indeed associated with the album ""the soul sessions"" in 2016.

Final Answer: the soul sessions"
615,how many kilograms did josef strassberger press in the men's +82.5 kg weightlifting category at the 1932 summer olympics?,[125.0],"To answer the question about how many kilograms Josef Straßberger pressed in the men's +82.5 kg weightlifting category at the 1932 Summer Olympics, we need to refer to the provided table.

From the table, Josef Straßberger's pressing results are organized as follows:
- The columns labeled ""press"" list the results for the three attempts (1, 2, and 3).
- According to the table, Josef Straßberger had the following successful press weights:
  - 115 kg (1st attempt)
  - 120 kg (2nd attempt)
  - 125 kg (3rd attempt)

The relevant information here is that the best successful attempt is typically the one that counts towards total performance in competitions. The highest attempt that he successfully completed is 125 kg in the press.

Since the question specifically asks about the kilograms pressed by Josef Straßberger, and all attempts are listed, we can conclude that the highest successful lift is typically considered to be the significant result.

Therefore, the final answer is:

Final Answer: 125 kg"
616,"after a one season stint with boca unidos in 2017-18, which league did maldonado join central cordoba in 2018?",['primera b nacional'],"Based on the provided career statistics table, it is indicated that Maldonado had a one-season stint with Boca Unidos during the 2017-18 season in the Primera B Nacional league. Following that season, in 2018-19, he joined Central Cordoba.

However, the ""league"" column for the 2018-19 season associated with Central Cordoba is left empty, which means the specific league or division that Central Cordoba was part of that year is not provided.

Given the context of the question and the information provided in the table, we can conclude that while we know that Maldonado joined Central Cordoba after Boca Unidos in 2018, the exact league is not specified in the table.

Final Answer: Unknown league"
617,how many matches did simen wangberg play in tippeligaen before he moved to brann in 2012?,[24.0],"To determine how many matches Simen Wangberg played in the Tippeligaen before moving to Brann in 2012, we first need to locate the relevant entries in the table concerning his matches. The table indicates that Wangberg played for two clubs before 2012: Rosenborg and Tromsø. 

**Looking at the data:**

1. **Rosenborg:**
   - In 2009, he had 3 appearances in Tippeligaen.
   - In 2010, he also had 3 appearances in Tippeligaen.
   - In 2011, he made 8 appearances in Tippeligaen.

   Adding these:
   - 2009: 3
   - 2010: 3
   - 2011: 8
   - Total matches for Rosenborg in Tippeligaen before Brann = 3 + 3 + 8 = 14 matches.

2. **Tromsø:**
   - Wangberg did not play in Tippeligaen during his time with Tromsø since the entries for 2014, 2015, and 2016 reflect appearances in 1. divisjon and then in Tippeligaen starting in 2017. 

Given this analysis, Wangberg’s total matches in Tippeligaen before joining Brann in 2012 solely come from his time at Rosenborg, totaling 14 matches.

**Final Answer: 14**"
618,how many goals did corentin tolisso score in the 2015-16 ligue 1 season with lyon?,[5.0],"The context provides various performance statistics for players across different seasons and leagues. Specifically, we are interested in Corentin Tolisso's goal tally during the 2015-16 season with Lyon in Ligue 1.

In the 2015-16 season with Lyon, we can extract the relevant row from the table:

|	lyon	|	2015-16	|		|	33	|	5	|	4	|	1	|	2	|	1	|	6	|	0	|	0	|	0	|	45	|	7	|

From this row, we see that:
- The ""apps"" column indicates he made 33 appearances.
- The ""goals"" column indicates he scored **5 goals** in Ligue 1 in the 2015-16 season.

Now, compiling this information clearly answers the question regarding his goal count.

Final Answer: 5"
619,"in 2014, which league did susvielles join olimpo of?",['primera division'],"In the provided table, under the 'career statistics' section, we are looking for information related to the player Susvielles and the specific league he joined Olimpo in during 2014.

By examining the table, in the row pertaining to Olimpo, we see the entry for the 2014 season, which indicates that Susvielles was part of the 'primera division.' 

There is no indication of any other league for that year under the Olimpo entry. Therefore, the conclusion can be drawn that in 2014, Susvielles joined Olimpo in the 'primera division.'

Final Answer: primera division"
620,what was the result of jan sekpona in the heat?,['1:54.25'],"The table provides information about the results of different athletes in various events, including their performance in the heat, semifinal, and final, along with their ranks. 

Looking specifically at Jan Sekpona, he participated in the men's 800 m event. According to the table, his result in the heat was 1:54.25, and he ranked 8th in that heat. It is also noted that he did not advance to the semifinal round.

Final Answer: 1:54.25"
621,"in 2018, which league did adrian mierzejewski play for changchun yatai?",['chinese super league'],"The table provides a summary of the clubs and leagues that Adrian Mierzejewski played for throughout his career, including the teams he played for in specific seasons.

From the row dedicated to ""changchun yatai,"" we can see that:

- The year is specified as 2018.
- The league is indicated as ""chinese super league.""

Thus, in 2018, Adrian Mierzejewski played for Changchun Yatai in the Chinese Super League.

Final Answer: Chinese Super League"
622,where did torres go after he played for the houston dynamo in the 2017 major league soccer season?,['cruz azul'],"To determine where Torres went after playing for the Houston Dynamo during the 2017 Major League Soccer season, we need to look at the context provided about his career statistics.

From the table:

1. Torres played for Houston Dynamo in the 2017 season, with a total of 31 appearances and 14 goals in Major League Soccer.
2. The next entry after the Houston Dynamo section describes his career statistics but does not specify a move to another club immediately following his time with the Dynamo.

However, the table includes a mention of ""Cruz Azul"" for the 2016-17 Liga MX season and ""UNAM"" for the 2017-18 Liga MX season, but we need to focus on what transpired after the Houston Dynamo.

Unfortunately, there is no direct indication of where Torres went specifically after the 2017 season with the Dynamo, nor is there a continuation of his career after that entry in the table.

Thus, based on the available information, we cannot ascertain his next club. If any data was missing from the context or if there were any specific years listed after 2017 indicating his next club, we could provide a definitive answer. As it stands, the information does not state his subsequent move clearly.

Final Answer: Not specified in the table."
623,"in 2016, how many yards did dan raudabaugh throw for?",[4303.0],"The table provided concerns statistics for various football teams and players over the years. However, the name ""Dan Raudabaugh"" does not appear in the presented data. The data includes statistics for the Dallas and Philadelphia teams, but does not include a player by that name.

Since there is no mention of Dan Raudabaugh in the context provided, we cannot determine how many yards he threw for in 2016.

Final Answer: Not available"
624,"in 2016, how many touchdowns did dan raudabaugh throw for?",[101.0],"The table provided does not mention Dan Raudabaugh at all; instead, it primarily contains data related to two teams, Dallas and Philadelphia, and their respective passing and rushing statistics for various years. Therefore, it does not provide the statistics required to answer the question regarding Dan Raudabaugh's touchdowns in 2016.

Since the question pertains to a player not included in the table, we can reasonably conclude that there is no relevant data to answer the question.

Final Answer: 0 (data is not available)"
625,which league did clarence seedorf play for milan in the 2011-12?,['serie a'],"The table provides information about the clubs and the corresponding leagues where Clarence Seedorf played throughout his career. Specifically, there is an entry for Milan that covers several seasons including the 2011-12 season.

Looking at the row corresponding to Milan:
- The league is specified as ""serie a,"" under the 2011-12 season.

Thus, the league in which Clarence Seedorf played for Milan in the 2011-12 season is clearly identified.

Final Answer: serie a"
626,how many yards did jake locker rush in 2014?,[142.0],"The table presents career statistics for Jake Locker during his time with the Tennessee Titans from 2011 to 2014. To find the total rushing yards for Jake Locker in the year 2014, we need to locate the entry for the year 2014 and specifically look at the rushing statistics provided.

From the row corresponding to the year 2014, the rushing statistics are:
- Att (Attempts): 22
- Yds (Yards): 142
- Avg (Average yards per attempt): 6.5
- TD (Touchdowns): 1
- Sck (Sacked): 1
- Yds (Yards lost due to sacks): 14
- Fum (Fumbles): 3
- Lost (Fumbles lost): 1
- W-L (Win-Loss Record): 1-4

The relevant statistic we are interested in is the value in the ""yds"" column under the rushing statistics for the year 2014, which shows that Jake Locker rushed for a total of 142 yards in that year.

Final Answer: 142"
627,which league did blinkhorn sign for side york city for the 2011-12 season?,['conference premier'],"The table provides various career statistics for different clubs and leagues. In the section for York City, it mentions the league division for the season 2011-12. 

When examining the relevant row for York City in the table, we can see that:
- York City played in the ""conference premier"" league during the 2011-12 season.

Therefore, the league in which Blinkhorn signed for York City for the 2011-12 season is the ""conference premier"".

Final Answer: Conference Premier"
628,"in 2016, which league did mokin appear for astana?",['kazakhstan premier league'],"Reasoning: The context provides a detailed record of club seasons, league participation, and player statistics. In the specific season of 2016, we need to identify the league in which the player Mokin appeared for the club Astana.

From the table, we observe the following lines regarding the club Astana for the year 2016:

|	astana	|	2016	|	kazakhstan premier league	|	2	|	0	|	5	|	0	|	1	|	0	|	0	|	0	|	8	|	0	|	

In 2016, there is a clear designation of ""kazakhstan premier league"" as the league for Astana. Therefore, it can be concluded that Mokin participated in the Kazakhstan Premier League during that season.

Final Answer: Kazakhstan Premier League"
629,"as all boys, how many goals did juan manuel vazquez have over the course of the 2016-17 primera b nacional?",[5.0],"To determine how many goals Juan Manuel Vazquez scored over the course of the 2016-17 season while playing for All Boys in the Primera B Nacional, we should look at the relevant row from the provided table.

In the section for All Boys during the 2016-17 season, we see the following data:

- **Season:** 2016-17
- **League:** Primera B Nacional
- **Apps (appearances):** 33
- **Goals:** 5

The table specifies that Juan Manuel Vazquez scored 5 goals in the 2016-17 season of the Primera B Nacional.

Final Answer: 5"
630,what is the average all-in market price paid for legal cannabis flowers in the fourth quarter of 2018?,[9.7],"The table provided includes information about cannabis prices for various quarters in the year 2018. We can see that the prices are broken down into total cannabis and further into legal cannabis and illegal cannabis.

For the fourth quarter of 2018, the table indicates that the average price for all cannabis is 7.39. However, it specifically notes that there is a price for legal cannabis listed as 9.70, but it does not provide details for the first three quarters of 2018 for legal cannabis prices.

Since the question specifically asks for the ""average all-in market price paid for legal cannabis flowers,"" we look at the data relevant to legal cannabis in the fourth quarter. The price for legal cannabis that we see in the fourth quarter is 9.70.

Therefore, the average all-in market price paid for legal cannabis flowers in the fourth quarter of 2018 is:

Final Answer: 9.70"
631,what is the average price of illegal cannabis in the fourth quarter of 2018?,[6.51],"The table provides various statistics regarding cannabis prices in 2018, including average prices for legal and illegal cannabis across four quarters.

Specifically for illegal cannabis, the average prices are not listed for the first three quarters, but the table does indicate the average price for illegal cannabis in the fourth quarter: 6.51. This value is directly mentioned in the row for ""of which: illegal cannabis"", under the fourth quarter column.

Thus, the average price of illegal cannabis in the fourth quarter of 2018 is clearly identified.

Final Answer: 6.51"
632,"in the fourth quarter of 2018, how mush was the average price of illegal cannabis lower than the price of legal cannabis?",[0.328866],"To determine how much lower the average price of illegal cannabis was compared to the price of legal cannabis in the fourth quarter of 2018, we can refer to the relevant data from the table.

From the table, in the fourth quarter of 2018, we see the following prices:
- Average price of legal cannabis: 9.70
- Average price of illegal cannabis: 6.51

Next, we calculate the difference between the prices:
Average price of legal cannabis - Average price of illegal cannabis = 9.70 - 6.51 = 3.19

Therefore, the average price of illegal cannabis was 3.19 lower than the average price of legal cannabis in the fourth quarter of 2018.

Final Answer: 3.19"
633,how many times did larus sigurðsson play in 1998-99 at stoke?,[43.0],"To find out how many times Larus Sigurðsson played in the 1998-99 season at Stoke, we refer to the data provided in the table.

For Stoke City during the 1998-99 season, the table indicates:

- League: Second Division
- Apps (appearances): 38
- Goals: 4

This means that Larus Sigurðsson made a total of **38 appearances** during the 1998-99 season while playing for Stoke City.

Final Answer: 38"
634,"larus sigurðssonwas transferred to west bromwich albion in 1999, how many appearances did he make for stoke?",[228.0],"To determine the number of appearances made by Larus Sigurðsson for Stoke City, we need to look at the relevant section of the table that pertains to Stoke City. According to the provided table context, the total number of appearances for Stoke City over the seasons is broken down as follows:

- Season 1994-95: 23 apps
- Season 1995-96: 46 apps
- Season 1996-97: 45 apps
- Season 1997-98: 43 apps
- Season 1998-99: 38 apps
- Season 1999-2000: 5 apps

Adding these appearances together gives:

23 + 46 + 45 + 43 + 38 + 5 = 200 appearances.

Thus, Larus Sigurðsson made a total of 200 appearances for Stoke City before his transfer to West Bromwich Albion in 1999.

Final Answer: 200"
635,"in 2018, what is the number of women being sexually assaulted in the 12 months preceding the survey?",[340.0],"The context discusses the number and percentage of sexual assaults reported in the Canadian Armed Forces, organized by gender and type of sexual assault for the years 2016 and 2018.

To answer the question about the number of women who were sexually assaulted in the 12 months preceding the survey in 2018, we focus on the row for ""female victims"" under the 2018 column in the table.

In 2018, the data indicates:
- Total female victims of sexual assault: 340

This number refers to the total sexual assault cases involving female victims that were recorded in that year.

So, the answer to the question ""in 2018, what is the number of women being sexually assaulted in the 12 months preceding the survey?"" is straightforwardly taken from the table.

Final Answer: 340"
636,"in 2018, what was the proportion of women being sexually assaulted in the 12 months preceding the survey?",[4.3],"To determine the proportion of women being sexually assaulted in the 12 months preceding the survey in 2018, we need to look at the data specifically for female victims in that year.

From the table:
- The number of female victims who reported being sexually assaulted in 2018 is 340.
- The total number of all victims reporting sexual assault in 2018 is 900.

To find the proportion of female victims, we calculate:

\[
\text{Proportion of female victims} = \frac{\text{Number of female victims}}{\text{Total number of victims}} = \frac{340}{900}
\]

Calculating this gives:

\[
\text{Proportion of female victims} = \frac{340}{900} \approx 0.3777 \text{ (or 37.77% when expressed as a percentage)}
\]

When expressing this proportion as a percentage rounded to two decimal places:

\[
0.3777 \times 100 \approx 37.78\%
\]

Thus, the proportion of women who reported being sexually assaulted in the 12 months preceding the survey in 2018 can be stated as approximately 37.78%.

Final Answer: 37.78%"
637,"in 2018, what was the proportion of men reporting that they had been sexually assaulted in the military workplace in the past 12 months?",[1.1],"To determine the proportion of men reporting that they had been sexually assaulted in the military workplace in the past 12 months for the year 2018 from the provided data, we need to focus on the ""male victims"" row in the year 2018 section of the table.

From this section, we see that:
- Total number of male victims reporting sexual assault in the past 12 months is 520.
- The percentage of male victims reporting sexual assault in 2018 is 1.1%.

This 1.1% figure represents the proportion of male members of the Canadian Armed Forces who experienced sexual assault in the last year according to the data provided in the table. 

The total number of regular force members in 2018 is obtained by looking at the total number of victims reported (all genders combined):
- Total number of victims in 2018 = 900 (given in the total sexual assault column).

To find the proportion specifically for men:
1. Identify the total number of regular force members (denominator) that the 1.1% is referencing. However, since this breakdown (i.e., total number of male members) is not explicitly given in the table, we focus strictly on the figure provided for male victims, coupled with its percentage.

With the data at hand, we report the percentage of male members only, as this is how the information is structured and thus how we can frame our answer.

Final Answer: 1.1%"
638,"in 2016, what was the most common type of sexual assault experienced by regular force members?",['unwanted sexual touching'],"To determine the most common type of sexual assault experienced by Canadian Armed Forces regular force members in 2016, we will analyze the data provided for that year. We need to look at the total number of victims for each type of sexual assault:

From the data for 2016:
1. **Unwanted sexual touching**: 
   - Female victims: 320
   - Male victims: 520
   - Total victims: 840

2. **Sexual activity where unable to consent**: 
   - Female victims: 60
   - Male victims: 60
   - Total victims: 110

3. **Total sexual assault**: 
   - Female victims: 380
   - Male victims: 570
   - Total victims: 960

Analyzing the total numbers:
- Unwanted sexual touching: 840 victims
- Sexual activity where unable to consent: 110 victims
- Total sexual assault (which likely includes all types): 960 victims

The type of sexual assault with the highest number of victims is unwanted sexual touching, with a total of 840 victims in 2016.

Final Answer: Unwanted sexual touching"
639,"in 2018, which is comparatively less common, sexual attacks or unwanted sexual touching?",['sexual attack'],"To answer the question, we need to compare the prevalence of sexual attacks and unwanted sexual touching among Canadian Armed Forces regular force members in 2018, as indicated in the provided table.

From the data for 2018, we see the following:

- **Sexual Attack**:
  - Female victims: 60 (0.8%)
  - Male victims: 60 (0.1%)
  - Total victims: 140 (0.2%)

- **Unwanted Sexual Touching**:
  - Female victims: 300 (3.7%)
  - Male victims: 480 (1.0%)
  - Total victims: 800 (1.4%)

Now, let's compare the percentages and the totals:

1. **Sexual Attack**:
   - Total victims: 140 (0.2%)

2. **Unwanted Sexual Touching**:
   - Total victims: 800 (1.4%)

When we analyze the data, unwanted sexual touching (1.4%) is significantly more common than sexual attacks (0.2%). 

Therefore, it can be concluded that, comparatively, sexual attacks are the less common event when compared to unwanted sexual touching in 2018.

Final Answer: Sexual attacks"
640,"in 2018, which is comparatively less common, sexual activity or unwanted sexual touching?",['sexual activity where unable to consent'],"To determine which type of sexual assault was comparatively less common in 2018, we need to examine the respective numbers or percentages reported for ""sexual activity where unable to consent"" and ""unwanted sexual touching"" in the table.

From the table for 2018:

- For **unwanted sexual touching**:
  - Number: 300
  - Percent: 3.7%

- For **sexual activity where unable to consent**:
  - Number: 70
  - Percent: 0.9%

Comparing these two forms of sexual assault:

- Unwanted sexual touching has a higher number (300) and a higher percentage (3.7%) than sexual activity where unable to consent, which has a number of 70 and a percentage of 0.9%.

Thus, it is clear that in 2018, ""sexual activity where unable to consent"" is comparatively less common than ""unwanted sexual touching.""

Final Answer: Sexual activity where unable to consent"
641,"in 2018, how many times is the proportion of indigenous members being sexually assaulted in the previous 12 months than that of non-indigenous members?",[2],"To determine how many times the proportion of indigenous members being sexually assaulted is greater than that of non-indigenous members in 2018, we will compare the percentages listed in the provided table.

From the table, we find the following figures for 2018:

- Indigenous (First Nations, Métis, Inuit) participants: 
  - Male: 1.9% 
  - Female: 7.7%

- Non-indigenous participants: 
  - Male: 1.1% 
  - Female: 4.1%

To calculate the proportions:

The total proportion for indigenous members:
- Indigenous male victims: 1.9%
- Indigenous female victims: 7.7%
  
The average proportion for indigenous members can be calculated considering that both the male and female rates are part of the overall response. Thus:
- Average for indigenous = (1.9% + 7.7%) / 2 = 4.8%

The total proportion for non-indigenous members:
- Non-indigenous male victims: 1.1%
- Non-indigenous female victims: 4.1%

Similarly, we calculate the average for non-indigenous members:
- Average for non-indigenous = (1.1% + 4.1%) / 2 = 2.6%

Next, we find out how many times the proportion of indigenous members' victimization is compared to that of non-indigenous members:
- Proportion Ratio = Average for Indigenous / Average for Non-Indigenous
- Proportion Ratio = 4.8% / 2.6% = 1.84615384615

We round this to two decimal places for practical interpretation:
- Proportion Ratio = 1.85 times

Thus, the final conclusion is that the proportion of indigenous members being sexually assaulted is approximately 1.85 times that of non-indigenous members.

Final Answer: 1.85 times"
642,"in 2018, how many times is the proportion of indigenous members being sexually assaulted in the previous 12 months than that of members without disabilities?",[2],"To determine how many times the proportion of Indigenous members being sexually assaulted in the previous 12 months is than that of members without disabilities in 2018, we need to use the data provided in the table.

From the 2018 data:
- The percentage of Indigenous (First Nations, Métis, Inuit) individuals who were sexually assaulted is recorded as 7.7% for female victims and 1.9% for male victims.
- The percentage of members without disabilities who were sexually assaulted is recorded as 4.2% for female victims and 1.1% for male victims.

Next, we will calculate and compare these percentages:

1. For Indigenous male victims: 
   - Proportion = 1.9%
2. For non-Indigenous male victims without disabilities: 
   - Proportion = 1.1%

To find how many times the proportion of Indigenous male victims is compared to non-Indigenous male victims:
- Ratio = 1.9% / 1.1% = 1.727 ~ 1.73 (approximately)

3. For Indigenous female victims:
   - Proportion = 7.7%
4. For non-Indigenous female victims without disabilities: 
   - Proportion = 4.2%

To find how many times the proportion of Indigenous female victims is compared to non-Indigenous female victims:
- Ratio = 7.7% / 4.2% = 1.833 ~ 1.83 (approximately)

Since the question asks for the comparison of proportions for both Indigenous members and members without disabilities, the results show that:

- Indigenous male members are assaulted approximately 1.73 times more than male members without disabilities.
- Indigenous female members are assaulted approximately 1.83 times more than female members without disabilities.

Final Answer: Male: 1.73, Female: 1.83"
643,"in 2018, how many times is the proportion of members with disabilities being sexually assaulted in the previous 12 months than that of members without disabilities?",[2],"To find how many times more the proportion of members with disabilities being sexually assaulted in the previous 12 months than that of members without disabilities, we will first gather the relevant percentages from the table for the year 2018.

From the given table, we extract the following:

- For persons with disabilities:
  - Male victims: 2.4% (noted as percent)
  - Female victims: 0% (indicated as 'f', meaning female victims are not reported)
  - Total number of victims with disabilities was 70.

- For persons without disabilities:
  - Male victims: 1.1%
  - Female victims: 4.2%
  - Total number of victims without disabilities was 830.

Next, we need to find the overall proportion of sexual assault victims for both groups based on their total numbers.

### For members with disabilities:
- Total victims: 70
- Assuming the percentage breakdown is based on the total number:
  - Total for males = 2.4% of 70
  - Total for females = 0% of 70
- Thus, the percentage for overall victims with disabilities =  (from previous calculations) 2.4% of total.

### For members without disabilities:
- Total victims: 830
- Total percentage of victims without disabilities is simply combined:
  - Male = 1.1% of 830
  - Female = 4.2% of 830.
- Thus we can approximate this too, but instead we can derive from the separate percentages.

Now we find the required ratios:
1. For members with disabilities: **(Total Assualts for disabilities) = 2.4%** effectively is **2.4 / 100 = 0.024**.
2. For members without disabilities: **(Total Assualts for without disabilities) = (1.1% + 4.2%)/2 = 2.65%, which leads to same ratios**, but let’s consider the numbers instead for this case at victims per those groups respectively as we are asked on the well definition part of the individual ratios sharing rather than average,

So, the proper check would lead into understanding the difference through:

Proportion ratio: **((70 victims * total 100) / 2.4) divided by ((830 victims)/(4.2)) and deriving the comparison** shows how to cover the straightforward disparity between  or ratios to equal valid conclusions elsewhere.

Looking at:
\[
\text{Ratio} = \frac{\text{Proportion of victims with disabilities}}{\text{Proportion of victims without disabilities}} = \frac{2.4}{2.65} 
\]

Finally compute that.
\[
2.4 / 2.65 \sim 0.905 hence 1:2.65 indicates statistically lower based on counts that give a clear indication in fact they even overlap possibly understanding it quite through average proportions not yielding even thus 
\]
The answer indicates:
Thus there with the final proper ratio would reflect in total:

Final Answer: **0.905 times (or about 1:2.65)** indicating that while members with disabilities indeed show more rates, it’s paramount to understand the larger sample relative baseline beneath that is true through those assessment advices hence we denote clarity in understanding judgment noted."
644,"in 2018, how many times is the proportion of members with disabilities being sexually assaulted in the previous 12 months than that of non-indigenous members?",[2],"To determine how many times the proportion of members with disabilities being sexually assaulted in 2018 is greater than that of non-indigenous members, we need to focus on the relevant percentages presented in the table.

From the table:

1. The proportion of members with disabilities who were sexually assaulted in 2018 is 2.4% for male victims and data is missing for female victims.
2. The proportion of non-indigenous members who were sexually assaulted in 2018 is 1.1% for male victims and 4.1% for female victims.

To compare the proportions, let's examine the male victims' percentages first.

For male victims:
- Members with disabilities: 2.4%
- Non-indigenous members: 1.1%

Now, we can find how many times greater the proportion of members with disabilities is compared to non-indigenous members:
\[ 
\text{Ratio} = \frac{\text{Percentage of members with disabilities}}{\text{Percentage of non-indigenous members}} = \frac{2.4}{1.1} 
\]

Calculating the ratio:
\[ 
\text{Ratio} \approx 2.18 
\]

Now rounding, we find that the proportion of members with disabilities being sexually assaulted is approximately 2.18 times greater than that of non-indigenous members for male victims.

Next, considering female victims:
- Members with disabilities: data is absent.
- Non-indigenous members: 4.1%

This indicates that there is no comparable value to calculate for female victims among those with disabilities in 2018.

Final Answer: 2.18 (for male victims only since female victims' data for those with disabilities is not available)"
645,"in 2018, what is the percentage of those 24 years of age or younger having been sexually assaulted in the past 12 months?",[3.9],"To determine the percentage of individuals who were 24 years of age or younger and who reported having been sexually assaulted in the past 12 months in 2018, we can refer to the relevant row in the provided table. 

From the table, the data for the age group ""24 years and younger"" in 2018 shows:
- Male victims: 2.6%
- Female victims: 15.4%
- The total number of victims in this age category is listed as 180.

From the context, we only need to report the percentage and do not need to combine data from male and female victims for a specific percentage. The distinct percentage for each gender provides insight into the victimization rates based on gender in this age group.

As such, the final values that we focus on are:
- **Male victims:** 2.6%
- **Female victims:** 15.4%

To answer the question directly: The response regarding the percentage of individuals aged 24 years or younger who experienced sexual assault in 2018 can be split by gender as both are important to address.

Final Answer: [2.6%, 15.4%]"
646,"in 2018, what is the percentage of those 45 to 49 years of age having been sexually assaulted in the past 12 months?",[0.8],"The table provides data on the percentage of Canadian Armed Forces regular force members who were sexually assaulted in the past 12 months, categorized by various characteristics, including age. We need to focus on the age group of 45 to 49 years for the year 2018.

From the table:
- For the age group 45 to 49 years, the percentage of victims in 2018 is listed as 0.7%.

No additional detail about the number or characteristics in this specific age group is required for answering the question since we are only focused on the percentage.

Final Answer: 0.7%"
647,"in 2018, what is the percentage of those 50 years and older having been sexually assaulted in the past 12 months?",[0.6],"To find the percentage of those aged 50 years and older who were sexually assaulted in the past 12 months in 2018, we refer to the relevant section of the table under the age group category for 2018.

From the table, we see the following information for persons 50 years and older:
- The percentage of male victims is 0.4%.
- The percentage of female victims is not provided (indicated by 'f').
- The total percentage for ""50 years and older"" is listed as 0.6%.

Since the overall percentage for this age group is provided and it includes both male and female victims, we will use the available total percentage, which gives a complete picture for that age category.

Therefore, the percentage of those 50 years and older who experienced sexual assault in 2018 is:

Final Answer: 0.6%"
648,"in the 2007-08 season, which leage division did grainger play in?",['scottish premier league'],"To determine the league division in which Grainger played during the 2007-08 season, we should reference the table provided. 

Looking at the section of the table for Gretna, we find:

- In the 2007-08 season, the league division listed is ""scottish premier league"".

Hence, in the context of the question asking about Grainger's league division for the 2007-08 season, the answer is the ""scottish premier league"".

Final Answer: Scottish Premier League"
649,how many receiving yards did isaac bruce get in 1995?,[1781.0],"The table provides statistics for receiving yards among various players across different seasons. To find the receiving yards for Isaac Bruce in the year 1995, we look specifically at the row corresponding to that year.

In 1995, the statistics for the team STL (St. Louis Rams) show:
- Games played: 16
- Reception (rec): 119
- Yards (yds): 1,781

Thus, in 1995, Isaac Bruce had **1,781 receiving yards**.

Final Answer: 1781"
650,"what is the percentage of members who were 24 years of age and younger saw, heard, or experienced sexualized or discriminatory behaviour in the past 12 months?",[73.0],"To determine the percentage of members who were 24 years of age and younger that experienced sexualized or discriminatory behaviour, we can refer to the relevant portion of the table.

From the table, for the age group ""24 years and younger"":

- There is a number of 3,390 members in this age group.
- The percentage of members who experienced total sexualized or discriminatory behaviours is 73%.

Therefore, we conclude that 73% of the members aged 24 years and younger reported seeing, hearing, or experiencing sexualized or discriminatory behaviour in the past 12 months.

Final Answer: 73%"
651,"what is the percentage of members who were 24 years of age and younger saw, heard, or experienced sexualized or discriminatory behaviour in the past 12 months?",[59.0],"The table presents data on Canadian Armed Forces regular force members who witnessed or experienced sexualized or discriminatory behaviors in the past 12 months, categorized by various characteristics including age. 

For the age group ""24 years and younger,"" the table shows the following data:
- Total members: 3,390
- Percentage who witnessed or experienced total sexualized or discriminatory behaviors: 73%

Thus, the percentage of members who were 24 years of age and younger and who saw, heard, or experienced sexualized or discriminatory behavior in the past 12 months is 73%.

Final Answer: 73%"
652,what is the percentage of regular force members who were 24 years of age or younger were targeted in the past 12 months?,[21.1],"The table provides information on Canadian Armed Forces regular force members who experienced targeted sexualized or discriminatory behaviors in the past 12 months, segmented by various characteristics including age. 

In the specific row for ""24 years and younger,"" we see the following data:
- Number of members targeted: 970
- Percentage of targeted members: 21.1%

Thus, the percentage of regular force members who were aged 24 years or younger and were targeted in the past 12 months is 21.1%.

Final Answer: 21.1%"
653,what is the percentage of regular force members aged 25 to 29 years were targeted in the past 12 months?,[21.6],"The table presents data on Canadian Armed Forces regular force members who experienced targeted sexualized or discriminatory behaviors in the past year, categorized by various characteristics including age group. 

For the age group of members aged 25 to 29 years, the table provides the following information:

- Number of targeted members: 2,170
- Percentage of total targeted behaviors: 21.6%

This percentage indicates that 21.6% of regular force members aged 25 to 29 years experienced targeted sexualized or discriminatory behaviors in the past 12 months.

Final Answer: 21.6%"
654,how much times is the proportion of regular force members 24 years of age or younger targeted in the last 12 months of the proportion of those 50 years of age and older?,[2.851351],"To determine how many times the proportion of regular force members 24 years of age or younger were targeted in comparison to those 50 years of age and older, we will need to extract the relevant proportions from the table.

From the table, we can find the following data:
- For **24 years and younger**, the proportion is **21.1%**.
- For **50 years and older**, the proportion is **7.4%**.

To calculate how many times the younger group (24 years and younger) was targeted compared to the older group (50 years and older), we will divide the proportion of the younger group by the proportion of the older group:

\[
\text{Ratio} = \frac{\text{Proportion of 24 years and younger}}{\text{Proportion of 50 years and older}} = \frac{21.1}{7.4}
\]

Calculating this gives:

\[
\text{Ratio} \approx 2.85
\]

This means that the proportion of regular force members 24 years of age or younger that experienced targeted sexualized or discriminatory behaviors is approximately **2.85 times** that of the members who were 50 years of age or older.

Final Answer: 2.85"
655,how much times is the proportion of regular force members aged 25 to 29 targeted in the last 12 months of the proportion of those 50 years of age and older?,[2.918919],"To find out how many times the proportion of regular force members aged 25 to 29 targeted in the last 12 months is compared to those aged 50 years and older, we need to extract the relevant data from the provided table.

From the table, the relevant data is:
- For the age group 25 to 29 years:
  - Total sexualized or discriminatory behaviours: 2,170 members
  - Proportion (percent) of those members targeted: 21.6%

- For the age group 50 years and older:
  - Total sexualized or discriminatory behaviours: 470 members
  - Proportion (percent) of those members targeted: 7.4%

Now, to find the number of times the proportion for the 25 to 29 age group is higher than for the 50 years and older age group, we calculate the ratios of their proportions:

The calculation:
1. Proportion for age 25 to 29: 21.6%
2. Proportion for age 50 and older: 7.4%

Now, we divide the higher proportion by the lower proportion:
\[
\frac{21.6}{7.4} \approx 2.9189
\]

This means that the proportion of members aged 25 to 29 who experienced targeted behaviours is approximately 2.9189 times that of those aged 50 years and older.

Final Answer: 2.92"
656,how many games did don matthews won in the regular season totally?,[231.0],"To find out how many regular season games Don Matthews won, we need to analyze the table data related to his coaching history. 

From the context provided, we identify that Don Matthews coached several teams: BC, BAL (Baltimore), Toronto, and Montreal. Next, we can sum the ""won"" column for all the relevant entries associated with his coaching years:

1. **BC:**
   - 1983: Won 11
   - 1984: Won 12
   - 1985: Won 13
   - 1986: Won 12

   Total for BC = 11 + 12 + 13 + 12 = **48 wins**.

2. **Baltimore:**
   - 1994: Won 12
   - 1995: Won 15

   Total for Baltimore = 12 + 15 = **27 wins**.

3. **Toronto:**
   - 1996: Won 15
   - 1997: Won 15

   Total for Toronto = 15 + 15 = **30 wins**.

4. **Montreal:**
   - 2002: Won 13
   - 2003: Won 13
   - 2004: Won 14
   - 2005: Won 10

   Total for Montreal = 13 + 13 + 14 + 10 = **50 wins**.

Now, we need to sum up all the wins from each team:

- Total wins from BC: **48**
- Total wins from Baltimore: **27**
- Total wins from Toronto: **30**
- Total wins from Montreal: **50**

Adding them together:

\[ 
48 + 27 + 30 + 50 = 155 
\]

Thus, the total number of regular season games won by Don Matthews is **155**.

Final Answer: 155"
657,how many rushing yards did peyton barber get in 2017?,[423.0],"The table provides statistics for various NFL players, specifically focusing on rushing and receiving yards for Peyton Barber during the years 2016, 2017, and 2018, along with his career totals.

To find how many rushing yards Peyton Barber achieved in 2017, we look specifically at the row corresponding to the year 2017:

- In the year 2017, the rushing yards (yds) for Peyton Barber are listed as 423.

Thus, Peyton Barber had a total of 423 rushing yards in 2017.

Final Answer: 423"
658,which club did lemsalu play for in 1999?,['strømsgodset'],"To determine which club Lemsalu played for in 1999, we need to search the provided table for the entries corresponding to that year.

From the context, we see several clubs and their seasonal activities listed chronologically. The relevant entries for 1999 are as follows:

1. For the club ""flora"":
   - 1999: Goals - 2 (Apps - 8)

2. For ""parnu kalakombinaat/mek"" under total:
   - 1999: Goals - 2 (Apps - 9)

Each entry does not directly mention Lemsalu's name, but it indicates that in 1999, the associated performances listed under ""flora"" and ""parnu kalakombinaat/mek"" included goals. 

If Lemsalu is associated with either club during this time, we would assume based on goal statistics. However, no direct reference indicates Lemsalu's linkage.

Given the structure of the clubs in 1999 and considering common knowledge in football histories, “flora” shows notable matches, suggesting that Lemsalu might have played for ""flora"" in that year as it provides a clear reference to active play.

Thus, based on the available information, we conclude:

Final Answer: flora"
659,when did hjulmand become coach of lyngby?,['1 january 2006'],"The provided context includes a coaching record, but it does not mention Hjulmand at all. Instead, it lists coaching records for different teams and coaches, primarily covering Lyngby, Nordsjælland, and Mainz 05 without any specific reference to Hjulmand. 

The only relevant detail is that the timeframe for Lyngby being coached runs from January 1, 2006, to July 7, 2008. Since there is no information indicating Hjulmand's involvement or coaching timeline with Lyngby, we cannot determine when he became their coach based on the available data.

Therefore, without further information, it's impossible to answer the question.

Final Answer: Hjulmand's coaching of Lyngby is not mentioned in the provided data."
660,what was the hazard ratio for avoidable mortality in the 1991-to-1996 period for first nations cohort men?,[1.5],"The table presents hazard ratios for avoidable mortality among First Nations compared with non-Aboriginal cohort members, segmented by sex and different periods. To answer the question regarding the hazard ratio for avoidable mortality in the 1991-to-1996 period specifically for First Nations cohort men, we look for the corresponding value under the men column for that period in the table.

From the table:

- For the 1991-to-1996 period, the hazard ratio for men is 1.50.

This indicates that First Nations men had a 1.50 times higher risk of avoidable mortality compared to their non-Aboriginal counterparts in that time period.

Final Answer: 1.50"
661,what was the hazard ratio for avoidable mortality in the 1991-to-1996 period for first nations cohort women?,[2.08],"The context provided presents hazard ratios for avoidable mortality, adjusted for variables such as age, education, and income adequacy, comparing First Nations individuals with non-aboriginal cohort members in Canada over three different periods. The information is categorized by sex (men and women).

To answer the question regarding the hazard ratio for avoidable mortality in the 1991-to-1996 period specifically for First Nations cohort women, we focus on the table segment that pertains to women during that period.

From the table, the relevant data is as follows:

- For the 1991-to-1996 period, the hazard ratio for women is:
  - Hazard Ratio: 2.08
  - 95% Confidence Interval: From 1.90 to 2.27

The hazard ratio indicates the risk of avoidable mortality in the First Nations cohort women compared to the non-aboriginal cohort members for the specific time frame in question.

The conclusion drawn from the data is:

Final Answer: 2.08"
662,which club did suarez play for in 2016-17?,['barcelona'],"The table provides a summary of various clubs and their statistics for player performances across different seasons. We need to identify which club Luis Suárez played for during the 2016-17 season.

Looking through the entries of the table, we find the relevant data for the 2016-17 season:

- The club listed is ""Barcelona"".
- The statistics for that season show that he played 35 matches, scoring 29 goals.

Since there is only one entry relevant to the query for the year 2016-17, it clearly indicates that Luis Suárez played for Barcelona during that season.

Final Answer: Barcelona"
663,how many passing yards did jones get in 2012?,[4267.0],"The table presents statistical data for the football passing and rushing statistics for the team Oklahoma over the years, including a career summary. To find the passing yards for Jones in 2012, we will look specifically at the data from that year.

The relevant row for the year 2012 is as follows:
- Year: 2012
- Passing Yards (yds): 4,267

Thus, the passing yards recorded for Jones in 2012 is 4,267.

Final Answer: 4267"
664,which club did curtis good play for in 2011-12?,['melbourne heart'],"To determine which club Curtis Good played for in the 2011-12 season, we can examine the provided data in the table. 

Going through the entries:

- The entry for ""melbourne heart"" shows that they played in the 2011-12 season in the A-League with 25 appearances and 1 goal.
- The remaining entries do not specifically mention a club for the 2011-12 season except for the ""melbourne heart"".

Since the table includes only ""melbourne heart"" as the club for that season, we infer that Curtis Good played for Melbourne Heart in the 2011-12 season.

Final Answer: Melbourne Heart"
665,how many passing yards did brian zbydniewski get in 2013?,[2001.0],"To determine how many passing yards Brian Zbydniewski had in 2013, we refer to the provided table of AFL statistics.

In the section where the year is listed as 2013 and the team column contains ""cleveland,"" we can extract the relevant statistics which denote the passing yards.

From the table:

- In 2013, the passing yards for Cleveland (assuming Brian Zbydniewski is the player for this year and team) are:
  - Yards: 2,001

Therefore, the answer to the question about how many passing yards Brian Zbydniewski received in 2013 is 2,001 yards.

Final Answer: 2001"
666,"of these individuals, what was the number in the labor force, which includes those employed full time or part time and those actively seeking work?",[709700.0],"The table provides information about the number in the labor force for various fields of doctorate among scientists and engineers with U.S. doctoral degrees from 2001 to 2010. The labor force includes individuals who are employed full-time or part-time as well as those who are actively seeking work. 

To answer the question regarding the total number in the labor force across all specified fields, we can look at the row labeled ""all seh fields"" which aggregates the numbers for all included disciplines.

From the table, the number in the labor force for each year is as follows:
- 2001: 582,500
- 2003: 606,300
- 2006: 630,300
- 2008: 670,200
- 2010: 709,700

Thus, the total number in the labor force for the most recent year, 2010, is as follows: 

Final Answer: 709700"
667,how many percent was the unemployment rate for seh doctorate recipients in october 2010?,[2.4],"To determine the unemployment rate for scientists and engineers (SEH) with U.S. doctoral degrees in October 2010, we can refer to the relevant section of the table provided.

The table lists the unemployment rates (in percent) for various fields as follows for 2010:

- All SEH Fields: 2.4%
- Biological, Agricultural, and Environmental Life Sciences: 2.2%
- Computer and Information Sciences: 2.1%
- Mathematics and Statistics: 1.5%
- Physical Sciences: 3.5%
- Psychology: 1.7%
- Social Sciences: 1.9%
- Engineering: 2.8%
- Health: 1.9%

From this, the unemployment rate for ""All SEH Fields"" in 2010 is stated as 2.4%.

Therefore, the answer to the question regarding the unemployment rate for SEH doctorate recipients in October 2010 is:

Final Answer: 2.4%"
668,how many percent was the unemployment rate for seh doctorate recipients in october 2008?,[1.7],"To determine the unemployment rate for scientists and engineers holding U.S. doctoral degrees in October 2008, we need to refer to the relevant row in the table that pertains specifically to the overall category of ""all seh fields.""

From the table, we find the following information regarding unemployment rates for October 2008:

| field of doctorate | 2008 |
|---------------------|------|
| all seh fields      | 1.7  |

Thus, the unemployment rate for all SEH (science, engineering, and health) doctorate recipients in October 2008 was 1.7%.

Final Answer: 1.7%"
669,"of the approximately 709,700 seh doctoral degree holders in the labor force in 2010, how many percent had earned a doctorate in the biological, agricultural, and environmental life sciences?",[0.253065],"To determine the percentage of U.S. doctoral degree holders in the labor force in 2010 who earned a doctorate in the biological, agricultural, and environmental life sciences, we can use the following information from the table:

- Total number of doctoral degree holders in the labor force in 2010: **709,700**
- Number of doctoral degree holders in biological, agricultural, and environmental life sciences in 2010: **179,600**

To find the percentage, we use the formula:

\[
\text{Percentage} = \left( \frac{\text{Number in field}}{\text{Total number in labor force}} \right) \times 100 
\]

Substituting in the values:

\[
\text{Percentage} = \left( \frac{179,600}{709,700} \right) \times 100 
\]

Calculating this gives:

\[
\text{Percentage} \approx \left( 0.2530 \right) \times 100 \approx 25.30\%
\]

Thus, approximately 25.30% of the 709,700 SEH doctoral degree holders in the labor force in 2010 had earned a doctorate in biological, agricultural, and environmental life sciences.

Final Answer: 25.30%"
670,"of the approximately 709,700 seh doctoral degree holders in the labor force in 2010, how many percent had doctorates in engineering?",[0.181908],"The context provided lists the number of doctorate holders in various fields, including engineering, for the year 2010. According to the table, the number of doctorate holders in engineering in 2010 is 129,100. The total number of SEH (science, engineering, and health) doctoral degree holders in the labor force in 2010 is 709,700.

To calculate the percentage of doctorate holders in engineering, we can use the following formula:

\[
\text{Percentage} = \left(\frac{\text{Number in Engineering}}{\text{Total in Labor Force}}\right) \times 100
\]

Applying the values:

\[
\text{Percentage} = \left(\frac{129100}{709700}\right) \times 100 \approx 18.2\%
\]

Thus, approximately 18.2% of the SEH doctoral degree holders in the labor force in 2010 had doctorates in engineering.

Final Answer: 18.2%"
671,"of the approximately 709,700 seh doctoral degree holders in the labor force in 2010, how many percent in physical sciences?",[0.175285],"To answer the question about the percentage of doctoral degree holders in the physical sciences among the total number in the labor force in 2010, we will use the numbers provided in the table.

From the table:
- The total number in the labor force for all SEH fields in 2010 is 709,700.
- The number in the labor force for physical sciences in 2010 is 124,400.

To find the percentage of doctoral degree holders in the physical sciences, we calculate it as follows:

\[
\text{Percentage of physical sciences} = \left( \frac{\text{Number in physical sciences}}{\text{Total number in labor force}} \right) \times 100
\]

Substituting in the values:

\[
\text{Percentage of physical sciences} = \left( \frac{124400}{709700} \right) \times 100
\]

Calculating this gives:

\[
\text{Percentage of physical sciences} \approx 17.55\%
\]

Therefore, the approximate percentage of SEH doctoral degree holders in the labor force in the physical sciences in 2010 is about 17.55%.

Final Answer: 17.55%"
672,"of the approximately 709,700 seh doctoral degree holders in the labor force in 2010, how many percent in psychology?",[0.146823],"To determine the percentage of SEH doctoral degree holders in psychology within the overall labor force of approximately 709,700 in 2010, we first need to find the number of psychology doctoral degree holders in the labor force for that year.

From the table, we can see the number in labor force for psychology in 2010 is 104,200.

Next, we will calculate the percentage of psychology degree holders out of the total labor force:

\[
\text{Percentage in Psychology} = \left( \frac{\text{Number in Psychology}}{\text{Total Labor Force}} \right) \times 100
\]

Substituting in the values:

\[
\text{Percentage in Psychology} = \left( \frac{104,200}{709,700} \right) \times 100
\]

Calculating this gives:

\[
\text{Percentage in Psychology} \approx \left( \frac{104200}{709700} \right) \times 100 \approx 14.7\%
\]

Thus, the percentage of SEH doctoral degree holders in psychology in 2010 is approximately 14.7%.

Final Answer: 14.7%"
673,"of the approximately 709,700 seh doctoral degree holders in the labor force in 2010, how many percent in social sciences?",[0.124982],"To determine the percentage of SEH (Science, Engineering, and Health) doctoral degree holders in the labor force in 2010 who are in social sciences, we can use the data provided in the table.

From the table:
- The total number of doctoral degree holders in the labor force in 2010 is 709,700.
- The number of doctoral degree holders in social sciences in 2010 is 88,700.

To find the percentage of social sciences among the total labor force, we use the formula:

\[
\text{Percentage} = \left( \frac{\text{Number in Social Sciences}}{\text{Total Number in Labor Force}} \right) \times 100
\]

Substituting the values into the equation gives:

\[
\text{Percentage} = \left( \frac{88700}{709700} \right) \times 100
\]

Calculating the above:

\[
\text{Percentage} \approx \left( 0.12499 \right) \times 100 \approx 12.5\%
\]

So, approximately 12.5% of the SEH doctoral degree holders in the labor force in 2010 are in social sciences.

Final Answer: 12.5%"
674,"of the approximately 709,700 seh doctoral degree holders in the labor force in 2010, how many percent in mathematics and statistics?",[0.045794],"To determine the percentage of SEH (Science, Engineering, and Health) doctoral degree holders in the labor force in 2010 that are specifically in the field of Mathematics and Statistics, we need to analyze the data from the table.

In 2010, the number of doctoral degree holders in the labor force in the following fields was:

- Total for all SEH fields: 709,700
- Mathematics and Statistics: 32,500

To calculate the percentage of individuals in the Mathematics and Statistics field among the total doctoral degree holders in the labor force, we use the formula:

\[
\text{Percentage} = \left( \frac{\text{Number in Mathematics and Statistics}}{\text{Total number in labor force}} \right) \times 100
\]

Substituting the values, we get:

\[
\text{Percentage} = \left( \frac{32,500}{709,700} \right) \times 100 \approx 4.58\%
\]

Thus, approximately 4.58% of the SEH doctoral degree holders in the labor force in 2010 were in the Mathematics and Statistics field.

Final Answer: 4.58%"
675,"of the approximately 709,700 seh doctoral degree holders in the labor force in 2010, how many percent in health?",[0.044808],"To determine the percentage of Science, Engineering, and Health (SEH) doctoral degree holders in health for the year 2010 based on the provided table, we can follow these steps:

1. **Find the total number of SEH doctoral degree holders in the labor force for 2010**, which is given as 709,700.

2. **Locate the number of SEH doctoral degree holders in health for 2010**. The table states that the number in the labor force in the health field for 2010 is 31,800.

3. **Calculate the percentage** of health doctoral degree holders in the labor force by using the formula:
   \[
   \text{Percentage} = \left( \frac{\text{Number in Health}}{\text{Total in Labor Force}} \right) \times 100
   \]

   Applying the values:
   \[
   \text{Percentage} = \left( \frac{31800}{709700} \right) \times 100 \approx 4.48\%
   \]

Thus, approximately 4.48% of SEH doctoral degree holders in the labor force in 2010 were in health.

Final Answer: 4.48%"
676,"of the approximately 709,700 seh doctoral degree holders in the labor force in 2010, how many percent was in computer and information sciences?",[0.027335],"To determine the percentage of the approximately 709,700 scientists and engineers with U.S. doctoral degrees in the labor force in 2010 who were in the field of computer and information sciences, we need to find the number of doctoral degree holders in that field in 2010 and relate it to the total number in the labor force.

From the table:
- The number in the labor force for **computer and information sciences** in 2010 is **19,400**.
- The total number in the labor force for **all SEH fields** in 2010 is **709,700**.

To find the percentage, we can use the formula:

\[
\text{Percentage} = \left(\frac{\text{Number in computer and information sciences}}{\text{Total number in labor force}}\right) \times 100
\]

Substituting the values we have:

\[
\text{Percentage} = \left(\frac{19,400}{709,700}\right) \times 100
\]

Calculating:

1. Calculate the division:

\[
\frac{19,400}{709,700} \approx 0.0274
\]

2. Multiply by 100 to convert it to a percentage:

\[
0.0274 \times 100 \approx 2.74\%
\]

Thus, the percentage of SEH doctoral degree holders in the labor force in 2010 that were in computer and information sciences is approximately 2.74%.

Final Answer: 2.74%"
677,what is the 95% confidence interval of those reported experiencing discomfort or injury within the past 12 months?,"[0.7, 1.4]","The table provides data regarding discomfort or injury involving a laser product, specifically for respondents who have used or been exposed to laser beams over the past 12 months in Canada. We need to extract the 95% confidence interval related to those who reported experiencing discomfort or injury.

According to the table, the section pertaining to discomfort or injury is as follows:

| discomfort or injury involving a laser product | % | 95% confidence interval | |
| ------------------------------------------------ |---|------------------------|--|
| yes                                            | 1.1 | 0.7                   | 1.4 |
| no                                             | 98.9 | 98.5                  | 99.2 |

From this data, we can observe that those reported experiencing discomfort or injury involving a laser product have a percentage of 1.1%. The 95% confidence interval for this group is given as:

- Lower limit: 0.7
- Upper limit: 1.4

Thus, the 95% confidence interval of those reported experiencing discomfort or injury within the past 12 months is from 0.7% to 1.4%.

Final Answer: 0.7 to 1.4"
678,what percentage of the respondents reported an injury indicated it occurred only once in the past 12 months approximately?,[44.9],"The table offers data on the percentage of respondents who experienced discomfort or injury involving a laser product over the past 12 months. The specific data point relevant to the question can be found in the row titled ""1 time"" under the ""discomfort or injury involving laser product-number of times"" section.

From the table:
- The percentage of respondents who reported an injury occurring only once in the past 12 months is 44.9%.

Thus, the answer to the question is that approximately 44.9% of respondents indicated that their injury occurred only once.

Final Answer: 44.9%"
679,what percentage of the respondents reported an injury indicated at least two occurrences in the past 12 months approximately?,[49.5],"To find the percentage of respondents who reported an injury involving a laser product indicated at least two occurrences in the past 12 months, we need to analyze the data related to the number of times respondents experienced discomfort or injury.

From the table, we can extract the following percentages for the number of times discomfort or injury was reported:

- 1 time: 44.9%
- 2 to 260 times: 49.5%

Since the question specifically asks for respondents who indicated at least two occurrences, we can directly reference the percentage for ""2 to 260 times,"" which reflects individuals who reported discomfort or injury occurring at least twice.

Thus, the percentage of respondents reporting at least two occurrences in the past 12 months is **49.5%**.

Final Answer: 49.5%"
680,what percentage of those who reported harm caused by a laser device indicated that the discomfort or injury lasted two days or less?,[63.9],"To answer the question regarding the percentage of those who reported harm caused by a laser device, indicating that the discomfort or injury lasted two days or less, we refer to the provided data in the context.

From the table, we can see that the relevant information concerning the length of discomfort or injury is summarized as follows:

- Two days or less: 63.9%
- More than two days: 34.0%

Since the question specifically asks for the percentage of respondents who indicated their discomfort or injury lasted two days or less, we need to focus solely on that figure.

Accordingly, the percentage of those who reported that their discomfort or injury lasted two days or less is 63.9%.

Final Answer: 63.9%"
681,what percentage of those who reported harm caused by a laser device indicated that the injury lasted more than two days?,[34.0],"To determine the percentage of respondents who reported that their laser device-related injury lasted more than two days, we can refer directly to the relevant entry in the table.

From the table, we see that:

- The percentage of respondents indicating that their discomfort or injury lasted more than two days is **34.0%**. 

This is the specific entry under ""length of discomfort or injury"" for the option ""more than two days"".

No additional calculations are needed here, as we are interested in the direct statistic presented in the table for the specific duration of injury.

Final Answer: 34.0%"
682,how many passing yards did couch get in 1998?,[4275.0],"The table provides statistics for a player’s passing and rushing performance across different seasons, specifically from 1996 to 1998, along with overall career totals.

Examining the 1998 row for passing statistics, we find the following values:

- **Passing yards in 1998:** 4,275 yards

This is a direct extraction from the table under the ""yards"" column for the year 1998.

Final Answer: 4275"
683,what was rose lokonyen's result in the 800m race in the heat?,['2:16.64'],"The table provides detailed results of women athletes in various events, specifying their performance in heats, semifinals, and finals, including their ranks and results. For Rose Lokonyen, who participated in the 800 m event, the relevant data from the table states:

- Event: 800 m
- Result in Heat: 2:16.64
- Rank in Heat: 7
- Semifinal Result: did not advance

Based on this information, Rose Lokonyen's result in the 800 m race during the heat is clearly noted as 2:16.64.

Final Answer: 2:16.64"
684,"women of which age period had higher fertility rate in ontario in 2012,30 to 34 or 25 to 29?",['30 to 34 years'],"To determine which age group of women had a higher fertility rate in Ontario in 2012, we refer to the provided table. The relevant data from the table for the year 2012 is as follows:

- For the age group **30 to 34 years**, the fertility rate in Ontario was **109.9** per thousand women.
- For the age group **25 to 29 years**, the fertility rate in Ontario was **85.9** per thousand women.

Comparing these values:
- The fertility rate for women aged **30 to 34 years** (109.9) is higher than that for women aged **25 to 29 years** (85.9).

Thus, women in the age group of 30 to 34 years had a higher fertility rate in Ontario in 2012.

Final Answer: 30 to 34 years"
685,"women of which age period had higher fertility rate in ontario in 2013,30 to 34 or 25 to 29?",['30 to 34 years'],"To determine which age group had a higher fertility rate in Ontario in 2013, we need to refer to the values from the table.

From the table, for Ontario in the year 2013, the fertility rates for the two specified age groups are as follows:
- For the age group of 30 to 34 years: 109.4 (for thousand women)
- For the age group of 25 to 29 years: 82.8 (for thousand women)

Comparing these two values:
- The fertility rate for women aged 30 to 34 years (109.4) is higher than that for women aged 25 to 29 years (82.8).

Therefore, the conclusion is that women in the 30 to 34 age group had a higher fertility rate in Ontario in 2013 compared to those in the 25 to 29 age group.

Final Answer: 30 to 34"
686,"women of which age period had higher fertility rate in ontario in 2014,30 to 34 or 25 to 29?",['30 to 34 years'],"To determine which age group had a higher fertility rate in Ontario in 2014, we need to refer to the specific values from the provided table for that year and for those two age groups.

From the table, we gather the following fertility rate data for Ontario in 2014:
- For the age group **25 to 29 years**, the fertility rate is **106.1**.
- For the age group **30 to 34 years**, the fertility rate is **108.9**.

Comparing these two values:
- The fertility rate for **25 to 29 years** is **106.1**.
- The fertility rate for **30 to 34 years** is **108.9**.

Since **108.9** (for ages 30 to 34 years) is greater than **106.1** (for ages 25 to 29 years), we conclude that women in the age period of **30 to 34 years** had a higher fertility rate than those in the age period of **25 to 29 years** in Ontario in 2014.

Final Answer: 30 to 34 years"
687,"women of which age period had higher fertility rate in ontario in 2015,30 to 34 or 25 to 29?",['30 to 34 years'],"To determine which age period had a higher fertility rate in Ontario in 2015, we need to examine the fertility rates for the specified age groups from the provided table.

From the table, the fertility rates in Ontario for 2015 are as follows:

- For the age group **25 to 29 years**, the fertility rate is **108.0 per thousand women**.
- For the age group **30 to 34 years**, the fertility rate is **116.5 per thousand women**.

Comparing these two rates:
- **116.5 (30 to 34 years)** is greater than **108.0 (25 to 29 years)**.

Thus, women aged **30 to 34 years** had a higher fertility rate than those aged 25 to 29 years in Ontario in 2015.

Final Answer: 30 to 34 years"
688,"women of which age period had higher fertility rate in ontario in 2016,30 to 34 or 25 to 29?",['30 to 34 years'],"To determine which age group had a higher fertility rate in Ontario in 2016, we can compare the fertility rates given in the table.

From the context for the year 2016 in Ontario:
- The fertility rate for women aged 30 to 34 years is **91.8** for every thousand women.
- The fertility rate for women aged 25 to 29 years is **87.8** for every thousand women.

Comparing these two rates:
- **30 to 34 years**: 91.8
- **25 to 29 years**: 87.8

Since 91.8 > 87.8, women aged **30 to 34 years** had a higher fertility rate than those aged **25 to 29 years** in Ontario in 2016.

Final Answer: 30 to 34 years"
689,"how was the fertility rate of women aged 25 to 29 in ontario in 2012 presented by births per 1,000 women?",[85.9],"In the provided table, the fertility rate by age group of mothers in Ontario for the year 2012 shows the number of births per 1,000 women in each age category.

For the age group of 25 to 29 years in 2012, the fertility rate in Ontario is stated as 114.2 births per 1,000 women.

Thus, the answer to the question regarding the fertility rate of women aged 25 to 29 in Ontario in 2012 is:

Final Answer: 114.2"
690,"how was the fertility rate of women aged 25 to 29 in ontario in 2016 presented by births per 1,000 women?",[76.5],"To determine the fertility rate of women aged 25 to 29 in Ontario for the year 2016, we can refer directly to the provided table:

In the table, under the column for Ontario and the row for the age group of 25 to 29 years, we find the following information for the year 2016:

| year and age group | ont |
|-------------------|-----|
| 25 to 29 years    | 87.8|

Thus, the fertility rate of women aged 25 to 29 in Ontario in 2016 is presented as 87.8 births per 1,000 women.

Final Answer: 87.8"
691,"how was the fertility rate of women aged 25 to 29 in quebec in 2012 presented by births per 1,000 women?",[111.7],"To determine the fertility rate of women aged 25 to 29 in Quebec for the year 2012 from the provided table, we need to locate the relevant data from the column labeled ""que"" and the row corresponding to the age group ""25 to 29 years"" for the year ""2012"".

Looking at the table:

- The row for ""25 to 29 years"" in 2012 lists the value for Quebec as **111.7**.

This indicates that the fertility rate for women aged 25 to 29 in Quebec in 2012 was 111.7 births per 1,000 women.

Final Answer: 111.7 births per 1,000 women"
692,"how was the fertility rate of women aged 25 to 29 in quebec in 2016 presented by births per 1,000 women?",[100.9],"To answer the question regarding the fertility rate of women aged 25 to 29 in Quebec in 2016, we need to locate the specific data point in the provided hierarchical table.

Looking at the relevant section for the year 2016 and the age group of 25 to 29 years, we find:

- **2016 Fertility Rate for Quebec (25 to 29 years)**: 100.9 births per 1,000 women.

Thus the fertility rate for women aged 25 to 29 in Quebec in 2016 is presented as 100.9 births for every 1,000 women.

Final Answer: 100.9"
693,"the fertility rate for women aged 25 to 29 in which province was higher in 2012, quebec or ontario?",['que'],"To answer the question regarding the fertility rate for women aged 25 to 29 in Quebec and Ontario in 2012, we need to extract the relevant data from the table provided.

From the table, we find the following information:

- For Quebec (que), the fertility rate for women aged 25 to 29 in 2012 was **111.7**.
- For Ontario (ont), the fertility rate for women aged 25 to 29 in 2012 was **85.9**.

Now, comparing these two values:

- Quebec: 111.7
- Ontario: 85.9

Clearly, Quebec has a higher fertility rate for women aged 25 to 29 in 2012 compared to Ontario.

Final Answer: Quebec"
694,"the fertility rate for women aged 25 to 29 in which province was higher in 2016, quebec or ontario?",['que'],"To determine whether the fertility rate for women aged 25 to 29 in 2016 was higher in Quebec or Ontario, we will refer to the relevant data from the table for that year and the specified age group.

From the table, for the year 2016 and the age group of 25 to 29 years, the fertility rates are as follows:
- Quebec: 100.9
- Ontario: 76.5

Comparing these two values:
- The fertility rate in Quebec (100.9) is higher than that in Ontario (76.5).

Thus, the answer to the question is that the fertility rate for women aged 25 to 29 in 2016 was higher in Quebec than in Ontario.

Final Answer: Quebec"
695,"the fertility rate of which province was higher for women in their early twenties in 2012, quebec or ontario?",['que'],"To determine which province had a higher fertility rate for women in their early twenties (specifically, those aged 20 to 24 years) in 2012, we can extract the fertility rates for Quebec and Ontario from the relevant portion of the table provided.

From the table:
- The fertility rate for women aged 20 to 24 years in Quebec for 2012 is **43.8**.
- The fertility rate for women aged 20 to 24 years in Ontario for 2012 is **35.8**.

Now comparing these figures:
- Quebec (43.8) is greater than Ontario (35.8).

Based on this analysis, we conclude that the fertility rate in Quebec was higher than in Ontario for women in their early twenties in 2012.

Final Answer: Quebec"
696,"the fertility rate of which province was higher for women in their early twenties in 2016, quebec or ontario?",['que'],"To determine which province, Quebec or Ontario, had a higher fertility rate for women in their early twenties in 2016, we will extract the relevant data from the table for the year 2016.

From the table:
- For Quebec (que), the fertility rate for women aged 20 to 24 years is **38.7**.
- For Ontario (ont), the fertility rate for women aged 20 to 24 years is **29.7**.

Comparing these two fertility rates:
- Quebec (38.7) > Ontario (29.7)

Thus, the fertility rate in Quebec for women in their early twenties is higher than that in Ontario.

Final Answer: Quebec"
697,poku joined the conference south side st albans city for the 2009-10 season.,['conference south'],"To answer the question regarding Poku joining St Albans City for the 2009-10 season in the Conference South, we can look for information related to St Albans City in the provided table.

From the table:

- St Albans City, 2009-10 season, Conference South details are as follows:
  - Apps (Appearances): 13
  - Goals: 1

This confirms that Poku did indeed join St Albans City for the 2009-10 season since he appears in the statistics for that season.

Final Answer: Yes, Poku joined St Albans City for the 2009-10 season."
698,how many receptions did blackmon finish his 2012 season with?,[64.0],"The table provides career statistics for a player, listing their performance by season. To answer the question regarding how many receptions Blackmon finished his 2012 season with, we need to examine the row corresponding to the 2012 season.

From the information given:
- In the 2012 season with the Jacksonville Jaguars, the statistics show that Blackmon made 64 receptions.

Since the question specifically asks for the number of receptions for the 2012 season, we will focus solely on that figure.

Final Answer: 64"
699,how many yards receiving did blackmon finish his 2012 season with?,[865.0],"The table provides career statistics for a player, specifically highlighting performance for the 2012 season with the Jacksonville Jaguars. In that season, it states:

- **Receiving yards** for the 2012 season are listed as **865 yards**.

This indicates that the player, likely Justin Blackmon, finished the 2012 season with a total of 865 receiving yards.

Final Answer: 865"
700,"in 1994, which league did jones participate for guangdong hongyuan?",['jia-a league'],"In the context provided, the table outlines the career statistics of a player named Jones, specifically his participation in different clubs and leagues during various seasons. According to the row corresponding to ""guangdong hongyuan"" for the year 1994, the league mentioned is the ""jia-a league."" 

Therefore, to answer the question:

Final Answer: jia-a league"
701,"in 2010, how many percent was the labor force participation rate among seh doctorate holders for women?",[88.9],"The table provides data on the employment status of scientists and engineers with U.S. doctoral degrees by sex in 2010. We are interested in the labor force participation rate specifically for women.

From the table, the relevant data for women is as follows:
- Total number of female doctorate holders: 253,700
- Labor force participation rate (in labor force): 88.9%

The labor force participation rate is represented directly in the table as a percentage. 
Thus, for women with U.S. doctoral degrees, the labor force participation rate in 2010 was 88.9%.

Final Answer: 88.9%"
702,"in 2010, how many percent was the labor force participation rate among seh doctorate holders for men?",[87.7],"The table provides data regarding the employment status of scientists and engineers with U.S. doctoral degrees in 2010, segmented by various categories, including sex.

To find the labor force participation rate among SEH doctorate holders for men, we look for the corresponding value in the ""in labor force"" column under the sex category for men.

From the table, for male SEH doctorate holders:
- The total number is reported as 551,700.
- The ""in labor force"" percentage for males is 87.7%.

This indicates that 87.7% of male SEH doctorate holders were actively participating in the labor force.

Thus, the answer to the question about the labor force participation rate among SEH doctorate holders for men in 2010 is:

Final Answer: 87.7%"
703,"which gender's seh doctorate holders were less likely than to be employed full time in 2010, male or female?",['female'],"The provided table contains information about the employment status of scientists and engineers holding U.S. doctoral degrees, segmented by sex. Key details from the table regarding the employment of male and female doctorate holders are:

- Male doctorate holders:
  - Full-time employment: 77.9%
  
- Female doctorate holders:
  - Full-time employment: 72.4%

From these statistics, we can observe that the percentage of full-time employed female doctorate holders (72.4%) is notably lower than that of their male counterparts (77.9%). 

Thus, we conclude that female holders of SEH doctorates were less likely to be employed full-time in 2010 compared to male holders.

Final Answer: Female"
704,"in 1935-36, which league did william robertson play in side reading?",['third division south'],"The table provides a summary of William Robertson's career statistics, including his appearances and goals for various clubs and leagues. Specifically, for the 1935-36 season, we need to identify the league he played in while he was with Reading.

From the table, we see the following entry for Reading during the 1935-36 season:
- For the 1935-36 season, while with Reading, it states he participated in the ""third division south.""

This indicates that in the 1935-36 season, William Robertson played in the third division south league while at Reading.

Final Answer: Third Division South"
705,what the time did sven kramer set an olympic record in the 5000m men's speed skating event?,['6:14.60 or'],"To respond to the question, we need to analyze the table provided regarding speed skating performances, particularly focusing on the events and the athletes' times. 

From the table context, we notice the following regarding Sven Kramer in the 5000 m event:
- Sven Kramer is mentioned under the 5000 m category with a time listed as ""6:14.60 or,"" which implies that this is a recorded time for him during that event. However, there is no confirmation of this time specifically marking it as an Olympic record because the information is incomplete or the specific designation ""record"" is absent.

Given that the question specifically asks for the time at which Sven Kramer set an Olympic record in the 5000m, we note that the table does not explicitly confirm any Olympic records. It mentions ""or"" beside the 6:14.60 time, indicating uncertainty or multiple performances.

Therefore, since we do not have a direct confirmation of the Olympic record status for this time from the information provided, it can be concluded that there is no definitive answer regarding Sven Kramer setting an Olympic record from this table. 

Final Answer: No definitive time listed as Olympic record."
706,which league did stephen darby join liverpool for the 2010-11 season?,['premier league'],"The table titled ""career statistics"" provides various details about a player's career, including clubs, seasons, leagues, appearances, and goals.

To answer the question about which league Stephen Darby joined Liverpool for the 2010-11 season, we look at the row corresponding to Liverpool in that specific season. According to the table:

- In the 2010-11 season for Liverpool:
   - The league is specified as ""premier league"" (as seen in the row for 2008-09).
   - There are appearances (apps) and goals, but the relevant focus here is on the league, which is listed under the ""league"" column for that season.

Since Liverpool was competing in the Premier League during the 2010-11 season, it concludes that Stephen Darby joined the Premier League with Liverpool during that season.

Final Answer: Premier League"
707,which season was the 22nd season in the national hockey league (nhl)?,['2013-14'],"To determine which season was the 22nd season in the National Hockey League (NHL), we need to reference the provided table that lists NHL seasons year by year.

The table starts with the 1992-93 NHL season as the first entry:
- **1992-93** is identified as the **1st season**.
- Continuing to count sequentially from 1992-93:
  - 1993-94 is the **2nd season**,
  - 1994-95 is the **3rd**,
  - 1995-96 is the **4th**,
  - and so on...
- Following this pattern up to the **22nd season**, we see:
  - 2009-10 is the **18th season**,
  - 2010-11 is the **19th season**,
  - 2011-12 is the **20th season**,
  - 2012-13 is the **21st season**,
  - **2013-14 is the 22nd season.**

Thus, the 22nd season of the NHL corresponds to the 2013-14 season.

Final Answer: 2013-14"
708,"what was the number of incidence of tb-related hospitalization in person-years adjusted per 100,000 population per 100,000 person-years for the landing cohort from 2000 to 2013?",[5.2],"The table provides data on the incidence of first tuberculosis-related hospitalization after landing for different immigrant cohorts in Canada. We are specifically looking for the incidence adjusted for person-years per 100,000 population in the landing cohort from 2000 to 2013.

From the table, the total incidence for the cohort specifically from 2000 to 2013 is listed as follows:
- For the landing year from 2000 to 2003: Adjusted incidence is 4.5 per 100,000 person-years.
- For the landing year from 2004 to 2008: Adjusted incidence is 5.3 per 100,000 person-years.
- For the landing year from 2009 to 2013: Adjusted incidence is 6.8 per 100,000 person-years.

Now, we must consider the overall incidence by reviewing all the provided landing years:
- 2000 to 2003: 4.5
- 2004 to 2008: 5.3
- 2009 to 2013: 6.8

While evaluating the overall incidence for the cohort from 2000 to 2013, we take the latest available rate from the last specified cohort (2009 to 2013) since it's the most recent and gives an up-to-date picture of the incidence: 

Thus, the incidence adjusted for person-years for immigrants landing from 2000 to 2013 is **6.8 per 100,000 person-years**.

Final Answer: 6.8"
709,which age group at hospitalization'rate were highest among immigrants in the landing cohort?,['65 years and older'],"The table provides data on the incidence of first tuberculosis-related hospitalization among recent immigrants across various age groups. To determine which age group had the highest hospitalization rate after landing, we need to look at the ""incidence adjusted for person-years"" column for each age category.

Here are the incidence rates for the age groups:

- **0 to 17 years**: 1.5
- **18 to 24 years**: 3.4
- **25 to 34 years**: 7.1
- **35 to 44 years**: 5.8
- **45 to 64 years**: 3.4
- **65 years and older**: 11.3

By comparing the incidence rates, we can see that:

- The 65 years and older age group has the highest incidence rate at **11.3**.

Thus, the age group at hospitalization with the highest rate among immigrants in the landing cohort is **65 years and older**.

Final Answer: 65 years and older"
710,which arrived years' rate were highest among immigrants in the landing cohort?,['2009 to 2013'],"To answer the question regarding which arrival years' rate were highest among immigrants in the landing cohort, we need to directly reference the section of the table that breaks down the number of tuberculosis-related hospitalizations by the ""landing year"".

From the table:

- For immigrants landing in the years **2000 to 2003**: 
  - Number: 415
  - Incidence: 4.5 
- For immigrants landing in the years **2004 to 2008**: 
  - Number: 410
  - Incidence: 5.3 
- For immigrants landing in the years **2009 to 2013**: 
  - Number: 195
  - Incidence: 6.8 

To determine which cohort has the highest rate, we observe their incidences:
- 2000 to 2003: Incidence 4.5
- 2004 to 2008: Incidence 5.3
- 2009 to 2013: Incidence 6.8

Among these, the **2009 to 2013** cohort has the highest incidence rate of **6.8** per 100,000 person-years. 

Final Answer: 2009 to 2013"
711,"in 2016, what was the rank of forbes mittal as wealthiest billionaire?",[135.0],"The context presents a table of wealth rankings for different years according to the Sunday Times Rich List and Forbes Billionaires List. Our focus is on the year 2016 and specifically on the rank of Mittal as reported by Forbes.

From the table for 2016:
- The rank for Forbes is listed as 135.

Since we are specifically asked for the rank of Mittal in 2016 according to Forbes, we find that his rank is indeed 135 in that year. 

Final Answer: 135"
712,"in 2016, what was a net worth did forbes list mittal as the 135th-wealthiest billionaire, with a net worth of?",[8.4],"To answer the question regarding Mittal's net worth as listed by Forbes in 2016, we can refer to the relevant data in the provided table.

The table indicates that in 2016, the rank for Mittal in the Forbes list of the world's billionaires was 135, with a reported net worth of $8.4 billion. 

Now, compiling this information succinctly provides us with the following conclusion:

Final Answer: 8.4 billion USD"
713,"in 1987-88, which league did gary pollard move to peterborough united?",['fourth division'],"Reasoning: The table provides statistics for Gary Pollard's career, including the clubs he played for, the seasons, divisions, leagues, and records of appearances and goals. Upon examining the relevant section for the 1987-88 season, it specifies that he played for Peterborough United in the ""fourth division.""

Now, considering the question is specifically about the league in which he played for Peterborough United in the 1987-88 season, we can confirm that:

- In the rows under ""peterborough united,"" it clearly mentions the league for 1987-88 as ""fourth division.""

Final Answer: Fourth Division"
714,"which gender group were slightly more likely to volunteer in 2013, men or women?",['women'],"In the provided table, we can analyze the volunteer rates by gender for the year 2013. The volunteer rates are as follows:

- Men: 42%
- Women: 45%

In 2013, women had a volunteer rate of 45%, which is higher than the men's volunteer rate of 42%. Therefore, women were slightly more likely to volunteer compared to men in that year.

Final Answer: Women"
715,which age group was least likely to volunteer in 2013?,['75 and over'],"The table presents volunteer rates by sex and age for the year 2013. We need to identify which age group had the lowest volunteer rate in that year.

Looking at the age groups and their corresponding volunteer rates in 2013:
- 15 to 19 years: 66%
- 20 to 24 years: 42%
- 25 to 34 years: 42%
- 35 to 44 years: 48%
- 45 to 54 years: 45%
- 55 to 64 years: 41%
- 65 to 74 years: 38%
- 75 and over: 27%

Among these percentages, the age group with the lowest volunteer rate is ""75 and over,"" with a volunteer rate of 27%.

Final Answer: 75 and over"
716,which age group was most likely to volunteer in 2013?,['15 to 19'],"The table provides volunteer rates by age group for the year 2013. To determine which age group was most likely to volunteer in that year, we can look at the volunteer rates for each age category listed in the table.

The volunteer rates in 2013 for each age group are as follows:
- 15 to 19 years: 66%
- 20 to 24 years: 42%
- 25 to 34 years: 42%
- 35 to 44 years: 48%
- 45 to 54 years: 45%
- 55 to 64 years: 41%
- 65 to 74 years: 38%
- 75 and over: 27%

By comparing these percentages, it is clear that the age group with the highest volunteer rate in 2013 is the 15 to 19 years group, with a rate of 66%. 

Thus, the conclusion is:

Final Answer: 15 to 19 years"
717,what was the percentage of people aged 35 to 44 volunteered in 2013?,[48.0],"The table provides volunteer rates categorized by age and sex for various years. To answer the question, we need to focus on the specific age group of 35 to 44 years for the year 2013.

From the table:
- The volunteer rate for individuals aged 35 to 44 in 2013 is reported as 48%.

Thus, the percentage of people aged 35 to 44 who volunteered in 2013 is 48%.

Final Answer: 48%"
718,what was the average volunteer rate of people aged 35 to 44 in 2013?,[43.625],"To determine the average volunteer rate of people aged 35 to 44 in 2013, we can refer to the specified age category and its corresponding volunteer rates.

From the table:
- The volunteer rate for individuals aged 35 to 44 in 2013 is 48%.

Since there is only one value for the age group 35 to 44 in 2013 and no additional data points to average, the average volunteer rate for this specific age group is simply the provided rate.

Final Answer: 48"
719,how many percentage did the share of people who volunteered decrease from 2010 to 2013 among people aged 35 to 44?,[6],"To determine the percentage decrease in the volunteer rate from 2010 to 2013 among people aged 35 to 44, we will first identify the relevant percentages from the table.

From the table, the volunteer rates for the age group 35 to 44 years are as follows:
- In 2010, the volunteer rate is 54%.
- In 2013, the volunteer rate is 48%.

Now, we will calculate the decrease in the percentage from 2010 to 2013 by subtracting the later percentage (2013) from the earlier percentage (2010):

Percentage decrease = Volunteer rate in 2010 - Volunteer rate in 2013
Percentage decrease = 54% - 48% = 6%

Next, we find the proportion of the percentage decrease relative to the 2010 volunteer rate to express how significant the decrease was. Since the question specifically asks for the change (not necessarily a percentage of the total), we'll state the absolute decrease:

The share of people who volunteered decreased by 6 percentage points from 2010 to 2013 among people aged 35 to 44.

Final Answer: 6"
720,what was the percentage of people aged 55 to 64 volunteered their time in 2013?,[41.0],"The table provides the volunteer rates by sex and age for the year 2013. We are specifically looking for the percentage of people aged 55 to 64 who volunteered their time in that year.

From the table, the volunteer rate for the age group 55 to 64 in 2013 is:

- **55 to 64**: 41%

Thus, the percentage of people aged 55 to 64 who volunteered their time in 2013 is 41%.

Final Answer: 41%"
721,what was the percentage of people aged 55 to 64 volunteered their time in 2010?,[41.0],"To determine the percentage of people aged 55 to 64 who volunteered their time in 2010, we can refer to the provided table under the age categories.

From the table:

- For the age group 55 to 64, the volunteer rate in 2010 is indicated as 41%.

This indicates that in 2010, 41% of people aged 55 to 64 volunteered their time.

Final Answer: 41%"
722,how many yards did pike throw for in 2009?,[2520.0],"To determine how many yards Pike threw for in 2009, we need to specifically look at the statistics provided for the year 2009 under the ""passing"" category. 

From the table, the relevant row for the year 2009 (Cincinnati team) shows the following statistics:
- Passing yards in 2009: 2,520

Thus, in 2009, Pike threw for a total of 2,520 yards. 

Final Answer: 2520"
723,how many touchdowns did pike throw for in 2009?,[29.0],"In the provided table, we can see statistics for the player Pike, specifically for the year 2009. To answer the question about how many touchdowns Pike threw for in that year, we will look at the relevant data from the ""passing"" statistics for 2009.

From the table:

- For the year 2009, the statistics are as follows:
  - **Touchdowns (td)**: 29

Therefore, Pike threw for 29 touchdowns in the year 2009.

Final Answer: 29"
724,which province had the highest volunteer rate in 2013?,['saskatchewan'],"The table provides data on the volunteer rate across various provinces in Canada for the year 2013. We are tasked with identifying which province had the highest volunteer rate for that year.

From the table, we can see the following volunteer rates for 2013:

- Newfoundland and Labrador: 46%
- Prince Edward Island: 50%
- Nova Scotia: 51%
- New Brunswick: 41%
- Quebec: 32%
- Ontario: 44%
- Manitoba: 52%
- Saskatchewan: 56%
- Alberta: 50%
- British Columbia: 49%

Among these values, Saskatchewan has the highest volunteer rate at 56%.

Final Answer: Saskatchewan"
725,which province had the lowest volunteer rate in 2013?,['quebec'],"The table provides data on volunteer rates by province in Canada for the year 2013. We need to identify which province had the lowest volunteer rate in that particular year.

Looking at the volunteer rates for each province in 2013, we find the following:

- Canada: 44%
- Newfoundland and Labrador: 46%
- Prince Edward Island: 50%
- Nova Scotia: 51%
- New Brunswick: 41%
- Quebec: 32%
- Ontario: 44%
- Manitoba: 52%
- Saskatchewan: 56%
- Alberta: 50%
- British Columbia: 49%

Among these percentages, the lowest volunteer rate is found in Quebec with a rate of 32%.

Final Answer: Quebec"
726,which province with an average number of volunteer hours was below the national average?,['quebec'],"To answer the question regarding which province had an average number of volunteer hours below the national average, we need to compare the average annual volunteer hours for each province with the national average provided in the table.

From the context of the table, we see the national average for average annual volunteer hours in 2013 is 154 hours. Now, we will check each province's average in 2013 against this national average:

- Newfoundland and Labrador: 151 hours (below national average)
- Prince Edward Island: 179 hours (above national average)
- Nova Scotia: 181 hours (above national average)
- New Brunswick: 180 hours (above national average)
- Quebec: 123 hours (below national average)
- Ontario: 166 hours (above national average)
- Manitoba: 155 hours (above national average)
- Saskatchewan: 139 hours (below national average)
- Alberta: 161 hours (above national average)
- British Columbia: 145 hours (below national average)

Now let's summarize the provinces that were below the national average of 154 hours in 2013:

1. Newfoundland and Labrador - 151 hours
2. Quebec - 123 hours
3. Saskatchewan - 139 hours
4. British Columbia - 145 hours

Thus, the provinces with an average number of volunteer hours below the national average are:

Final Answer: [Newfoundland and Labrador, Quebec, Saskatchewan, British Columbia]"
727,which league did james ball (footballer) join club stalybridge celtic in the 2016-17 season before signing for stockport county in 2016.,['national league north'],"To answer the question regarding which league James Ball joined Stalybridge Celtic in the 2016-17 season before signing for Stockport County, we can refer to the context provided about his career statistics.

From the table, we see that:

- Stalybridge Celtic played in the **National League North** during the **2016-17 season**.
- Subsequently, he signed for Stockport County later in the same year.

This indicates that the league he played in while at Stalybridge Celtic was the National League North.

Final Answer: National League North"
728,which league did towers play for brentford in 1958-59?,['third division'],"The table provides career statistics for a player who played for Brentford in various seasons, including 1958-59. To find the league that Brentford was in during the 1958-59 season, we can refer to the table.

From the context, for the season 1958-59, it clearly states that Brentford played in the ""third division."" 

Thus, the answer to the question of which league Towers played for Brentford in the 1958-59 season is the third division.

Final Answer: third division"
729,"in 1996, how many receptions did bruce have with a team stl?",[84.0],"To answer the question, we need to look at the data provided in the table for the year 1996 with the team ""stl"".

In the row for 1996 and team ""stl"", the receiving statistics are as follows:

- Year: 1996
- Team: STL
- Receptions (rec): 84

Thus, in 1996, Bruce had 84 receptions with the team STL.

Final Answer: 84"
730,"in 1996, how many yards did bruce have with a team stl?",[1338.0],"To find out how many yards Bruce had with team STL in 1996, we can refer to the row in the table that corresponds to the year 1996 and team STL.

Looking at the specific row for 1996 in the table:
- **Year**: 1996
- **Team**: STL
- **Yards (yds)**: 1,338

Thus, in 1996, Bruce had 1,338 yards with STL.

Final Answer: 1,338"
731,what the time did duenas swim the 100 meter freestyle and finish the race with?,[53.37],"In the provided table under the context of swimming, we can see that for the athlete Christopher Duenas in the 100 m freestyle event, the time he swam is explicitly stated as 53.37 seconds. 

Additionally, the table indicates that he did not advance to the semifinal, which means he finished the race but did not qualify for the next round. Since the question asks specifically for the time that Duenas swam the 100 meter freestyle and the time with which he finished the race, we see from the table that these two pieces of information are the same here—he swam the race in 53.37 seconds and finished with that time.

Final Answer: 53.37 seconds"
732,how many times do frontier firms pay more than non-frontier firms on average?,[2.54],"To determine how many times frontier firms pay more than non-frontier firms on average, we need to look at the values in the ""frontier firms relative to non-frontier firms"" row in the table.

The values shown for frontier firms relative to non-frontier firms from 2002 to 2015 are as follows:
- 2002: 2.80
- 2003: 2.77
- 2004: 2.73
- 2005: 2.70
- 2006: 2.70
- 2007: 2.67
- 2008: 2.64
- 2009: 2.59
- 2010: 2.48
- 2011: 2.39
- 2012: 2.36
- 2013: 2.33
- 2014: 2.28
- 2015: 2.36

To find out how many times frontier firms pay more than non-frontier firms on average, we look at the pooled average value provided in the last column for frontier firms versus non-frontier firms, which is 2.54.

This value indicates that, on average, frontier firms pay 2.54 times more than non-frontier firms.

Final Answer: 2.54"
733,how many times do foreign-controlled pay more than non-globalized firms on average?,[1.25],"To determine how many times foreign-controlled firms pay more than non-globalized (domestic) firms on average, we need to look at the corresponding values in the provided table.

From the table:

- The earnings premium for foreign-controlled firms relative to domestic firms is represented by the value: **1.25** (pooled over all years).

This means that, on average, foreign-controlled firms pay 1.25 times more than domestic (non-globalized) firms. 

The value of 1.25 signifies the earnings premium: for every dollar earned by non-globalized firms, foreign-controlled firms earn 1.25 dollars.

Thus, the conclusion is that foreign-controlled firms pay 1.25 times more than non-globalized firms on average.

Final Answer: 1.25"
734,how many times do high r&d intensity firms pay more than low r&d intensity firms on average?,[1.3],"To determine how many times high research and development (R&D) intensity firms pay more than low R&D intensity firms on average, we refer to the relevant row in the table. 

The value for the earnings premium of high R&D intensity firms relative to low R&D intensity firms is as follows:

- High R&D intensity firms relative to low R&D intensity firms: **1.30 (pooled over all years)**.

This value indicates that, on average, high R&D intensity firms pay **1.30 times** more in earnings compared to low R&D intensity firms.

Thus, the answer to the question is:

Final Answer: 1.30"
735,"in 2017-18 season, which league did bicaj play in side flamurtari vlore?",['albanian superliga'],"To answer the question regarding the 2017-18 season and the league in which Bicaj played alongside Flamurtari Vlorë, we need to examine the provided table.

The table contains a list of clubs, the seasons they played, the leagues they were in, and their statistics (appearances and goals). 

Flamurtari Vlorë is listed under the season 2017-18, specifically stating that they played in the Albanian Superliga. However, the table does not mention Bicaj in relation to the 2017-18 season, indicating that there is no direct information regarding Bicaj's league participation during that season.

Since the question specifically asks about the league Bicaj played in, we must highlight that the table does not provide this information. As such, we cannot definitively answer the question based on the available data.

Final Answer: Data not available for Bicaj in 2017-18 season."
736,"what was the majority of tanning equipment users reporting in the past year, fewer than 10 sessions or 10 or more sessions?",['periodic'],"To answer the question regarding the majority of tanning equipment users' frequency of use in the past year, we will refer to the section of the table that details the frequency of sessions.

The relevant data from the table is:
- **1 to 10 sessions**: 69.9%
- **11 to 31 sessions**: 24.9%
- **Not available/don't know/refusal/not stated**: 5.2%

From this information, we can see that:
- A significant portion (69.9%) of users reported using tanning equipment for **1 to 10 sessions** in the past year.
- Only 24.9% reported using it for **11 to 31 sessions**.

Since 69.9% (fewer than 10 sessions) is greater than 24.9% (10 or more sessions), the majority of tanning equipment users reported fewer than 10 sessions.

Final Answer: Fewer than 10 sessions"
737,what was the percentage of regular users of 11 to 31 sessions in the last month?,[24.9],"To determine the percentage of regular users of tanning equipment who had 11 to 31 sessions in the last month, we need to analyze the provided context.

From the table, we see that there are different categories to classify frequency of use, and there are two specific categories that we need to consider comprehensively:

1. **Frequency of use in last month**:
   - 1 to 10 sessions: 69.9%
   - 11 to 31 sessions: 24.9%
   - Not available/don't know/refusal/not stated: 5.2%

2. **Frequency of use**:
   - Periodic: 73.4%
   - Regular: 26.5%

To find the percentage of regular users who fall into the category of having 11 to 31 sessions in the last month, we assume that the “regular” users would statistically take their sessions from the overall distribution.

The number specific to 11 to 31 sessions is 24.9% of the total respondents in the frequency of use in the last month.

Since ""regular"" users make up 26.5% of the total users, we need to clarify that the percentage of regular users who are reported to use tanning equipment for 11 to 31 sessions specifically is not explicitly listed in the table. We can interpret that regular users likely participate more frequently in tanning sessions due to their classification.

However, to respond mainly to the question about the percentage of ""regular users who had 11 to 31 sessions"", we can only highlight that 24.9% is the relevant percentage for all respondents who had 11 to 31 sessions, with a noted portion of that likely being from regular users.

Final Answer: 24.9%"
738,what was the percentage of the injuries occurred only once during the previous 12 months?,[56.3],"To determine the percentage of injuries that occurred only once during the previous 12 months from the given data, we need to focus on the relevant section that discusses discomfort or injury to the skin.

From the provided context, under the ""number of episodes of discomfort/injury to skin in past year,"" we see:

- For 1 episode of discomfort/injury: 56.3%

This directly indicates that 56.3% of individuals who experienced discomfort or injury to their skin did so only once during the previous year.

Final Answer: 56.3%"
739,what was the percentage of for most people who were injured the symptoms persisted for no more than two days?,[69.7],"To determine the percentage of individuals who reported that their symptoms of discomfort or injury lasted for two days or fewer, we can look at the last section of the table regarding the number of days discomfort/injury lasted.

From the data provided:
- The percentage of individuals who experienced discomfort/injury for ""2 or fewer days"" is **69.7%**.
- The percentage of individuals who experienced discomfort/injury for ""more than 2 days"" is **28.1%**.

Since the question asks specifically about the percentage for most people (implying those who had symptoms that lasted 2 or fewer days), we can conclude that the relevant value is indeed the first one.

Final Answer: 69.7%"
740,which league did derrick williams join club bristol city in the 2014-15 season?,['league one'],"The table provides career statistics for various clubs, including Bristol City, detailing player participation in different leagues, matches played, and goals scored over specific seasons.

Focusing on the entry for Bristol City during the 2014-15 season, the relevant data is presented as follows:

|  	|	2014-15	|	league one	|	44	|	2	|	4	|	0	|	1	|	0	|	6	|	1	|	55	|	3	|

From this row, it's clear that Derrick Williams joined Bristol City in the 2014-15 season while the team was competing in ""league one"".

Final Answer: League One"
741,how many appearances did sergio velazquez make during the 2013-14 primera b nacional season?,[9.0],"To find out how many appearances Sergio Velazquez made during the 2013-14 Primiera B Nacional season, we need to look for entries corresponding to this player in the table for that specific season. 

Reviewing the table:

- For the club ""Huracán"" in the season 2013-14, the table indicates:
  - Total appearances: 9 

- For ""Defensa y Justicia"" during the same season (2013-14), the table indicates:
  - Total appearances: 11 

However, we do not specifically see Sergio Velazquez mentioned directly in the tables provided for any of the teams and seasons listed.

With this information, it appears that Sergio Velazquez has no listed appearances for the 2013-14 season in the context provided, as it does not name him within the results.

Final Answer: 0"
742,how many goals did murdoch score for queens in the 2015-16 scottish championship?,[1.0],"To answer the question regarding how many goals Murdoch scored for Queens in the 2015-16 Scottish Championship, we need to analyze the provided career statistics table. We will focus specifically on the entries related to ""Queen of the South"" from the 2015-16 season listed in the table.

From the context provided, here are the pertinent details for Queen of the South during the 2015-16 season:

|	club	|	season	|	league	|		|		|	national cup	|		|	league cup	|		|	other	|		|	total	|		|	
|		|		|	division	|	apps	|	goals	|	apps	|	goals	|	apps	|	goals	|	apps	|	goals	|	apps	|	goals	|	
|	queen of the south	|	2015-16	|	scottish championship	|	10	|	1	|	0	|	0	|	0	|	0	|	0	|	0	|	10	|	1	|	

In the 2015-16 season, Murdoch played for Queen of the South in the Scottish Championship and made 10 appearances, scoring 1 goal in total.

Thus, we can conclude that:

Final Answer: 1"
743,what was the percent of all senior caregivers aged 65 and older providing care primarily for a spouse in the past 12 months?,[34.1],"The table provides data on the relationship between the caregiver and their primary care receiver by caregiver's age in 2018. We need to determine the percentage of senior caregivers (aged 65 and older) who provided care primarily for a spouse.

From the table, the relevant data for the caregivers aged 65 and older is:
- Caregivers aged 65 and older: 34.1% provided care for a spouse/partner.

Additionally, the breakdown for the age groups:
- For caregivers aged 65 to 74: 27.8% provided care for a spouse/partner.
- For caregivers aged 75 and older: 46.5% provided care for a spouse/partner.

However, since the question specifies caregivers aged 65 and older, we focus on the entire category (not dividing further into age groups), which is represented as 34.1%. This combines all percentages from both age brackets of 65 to 74 and 75 and older, but the table's specific data for those aged 65 and older as one cohort is 34.1%.

Therefore, the percentage of all senior caregivers aged 65 and older providing care primarily for a spouse in the past 12 months is:

Final Answer: 34.1%"
744,how many iraqis were killed during august 2012?,[164.0],"To determine how many Iraqis were killed during August 2012, we can refer to the hierarchical table provided, which details the Iraqi government figures for casualties by month across different years.

Looking specifically at the year 2012, the table indicates the following values for August:

- August 2012: 164

This figure represents the total number of Iraqis reported killed in that month.

Final Answer: 164"
745,what was the percent of people in wales declared no religion in 2011?,[32.1],"The table presents census statistics regarding various religions in Wales, specifically for the years 2001 and 2011. To answer the question about the percent of people in Wales who declared no religion in 2011, we can look directly at the corresponding values in the table.

In the year 2011, the number of people who declared no religion was 982,997. The percentage of the total population that declared no religion is given as 32.1%.

Therefore, the percent of people in Wales who declared no religion in 2011 is:

Final Answer: 32.1%"
746,what was the percent of people in wales declared no religion in 2001?,[18.5],"The table provides census statistics for different religions in Wales for the years 2001 and 2011. We need to find the percentage of people who declared no religion in 2001.

From the table, the relevant entry for ""no religion"" in 2001 is:

- Number: 537,935
- Percentage: 18.5%

Thus, 18.5% of the population in Wales declared no religion in 2001, according to the census statistics.

Final Answer: 18.5%"
747,"in 1997, how many appearances did andy thompson join tranmere rovers, after making a total of appearances?",[451.0],"To determine how many appearances Andy Thompson made when he joined Tranmere Rovers in 1997, we look at the table data for Tranmere Rovers. 

From the data in the table, we see:
- The period for Tranmere Rovers is from 1997 to 2000.
- The total appearance count for Tranmere Rovers during that time is 95.

However, the table does not directly provide data specific to Andy Thompson or indicate the number of appearances he made individually in that timeframe. Since we are only provided with total appearances and goals for the club as a whole, we cannot ascertain how many of those appearances were made by Andy Thompson specifically unless additional context about him was given (like the number of appearances he made in that entire span).

Thus, based solely on the given table information, we cannot determine the specific appearances by Andy Thompson upon joining Tranmere Rovers.

Final Answer: Insufficient information to answer."
748,"in 2017, which league did sarsenov join side kairat?",['kazakhstan premier league'],"The table provides information about various clubs, their respective seasons, and the leagues they played in, alongside their statistics such as apps (appearances) and goals. The relevant row indicates that Kairat participated in the Kazakhstan Premier League during the 2017 season.

Focusing on the specific details provided:

- In the row for Kairat, under the 2017 season, it indicates that they played in the Kazakhstan Premier League.

Therefore, the answer to the question about which league Sarsenov joined in 2017 with Kairat is clear.

Final Answer: Kazakhstan Premier League"
749,"among the federal agencies, the department of health and human services (hhs) accounted for all of the drop in the federally funded total, what was the declines from 2011 to 2012?",[4.7],"To find the decline in federally funded research and development expenditures for the Department of Health and Human Services (HHS) from fiscal year 2011 (FY 2011) to fiscal year 2012 (FY 2012), we will refer to the provided table.

The expenditures for HHS are as follows:
- FY 2011: 22,984 
- FY 2012: 21,895

To find the decline, we subtract the FY 2012 amount from the FY 2011 amount:
Decline = FY 2011 (22,984) - FY 2012 (21,895) 

Calculating this gives:
Decline = 22,984 - 21,895 = 1,089

Thus, the Department of Health and Human Services experienced a decline of 1,089 in federally funded R&D expenditures from FY 2011 to FY 2012.

Final Answer: 1,089"
750,"among the federal agencies, the national aeronautics and space administration (nasa) accounted for all of the drop in the federally funded total, what was the declines from 2011 to 2012?",[6.5],"To determine the decline in federally financed higher education R&D expenditures for the National Aeronautics and Space Administration (NASA) from fiscal year 2011 to fiscal year 2012, we need to look specifically at the figures reported for NASA in those years.

From the table:
- For FY 2011, NASA had R&D expenditures of **1,423**.
- For FY 2012, NASA had R&D expenditures of **1,331**.

Now, we can calculate the decline:

Decline = Expenditures in FY 2011 - Expenditures in FY 2012
= 1,423 - 1,331
= 92

Thus, NASA's expenditures declined by **92** from FY 2011 to FY 2012.

Additionally, we can confirm that this accounts for part of the total decline in federal R&D expenditures mentioned. The overall expenditures decreased from FY 2011 to FY 2012 by -1.6%, which can be corroborated by NASA's drop.

Final Answer: 92"
751,how many premier league appearances did barry make in the 2011-12 season for manchester city?,[34.0],"The table provides data on club appearances for different seasons. For Manchester City, looking specifically at the 2011-12 season, we find the row corresponding to that season.

From the table:
- For Manchester City in the 2011-12 season (shown as the row under Manchester City's section for that season), the number of Premier League appearances is 34.

Thus, the total Premier League appearances made by Barry in the 2011-12 season for Manchester City is 34.

Final Answer: 34"
752,"in 2016-17, which league did sellers join side wealdstone?",['national league south'],"In the provided table context, we need to find the league that Sellers joined while playing for Wealdstone during the 2016-2017 season.

From the table, we can see that Sellers played for Wealdstone in the 2016-2017 season. The relevant row from the table indicates:

| club              | season    | league                  | apps | goals |
|-------------------|-----------|------------------------|------|-------|
| wealdstone        | 2016-17   | national league south   | 11   | 0     |

Based on this information, it is clear that Sellers joined the National League South while playing for Wealdstone in the 2016-2017 season.

Final Answer: National League South"
753,"in 2015, which league was sena ralte drafted to play for chennaiyin fc in the 2015?",['indian super league'],"The table titled ""career statistics"" lists various clubs, seasons, leagues, and player statistics such as appearances and goals. In the entry for the year 2015, Sena Ralte is associated with Chennaiyin FC. According to the table, the league for Chennaiyin in that year is the Indian Super League.

Upon reviewing the data:

- For Chennaiyin in 2015, the relevant league mentioned is indeed the ""Indian Super League.""

Final Answer: Indian Super League"
754,which league did almiron play for lanus in 2016?,['primera division'],"To determine which league Almirón played for Lanús in 2016, we can look at the relevant section of the table. Here are the details for Lanús in 2016 as presented in the table:

- Season: 2016
- League: Not specified (the cell is empty).

However, we also need to review the season immediately following this which is the 2016-17 season listed right below it, where we can find:

- League: Not specified again.

Since there’s no direct mention of the league for either 2016 or 2016-17 in the section for Lanús in the provided table, we cannot ascertain the exact league in which Almirón played during 2016.

The omission of the league name indicates that the data may not be fully specified, which sometimes occurs in sports records.

Thus, without additional information, we conclude that the league for Lanús in 2016 was not specified.

Final Answer: Not specified"
755,"in 1904-05, which division did bert gosnell play for newcastle united in?",['first division'],"The table provides playing statistics for different clubs and seasons, including information about the division each player was part of during the specified season. 

Focusing on Newcastle United for the season 1904-05, we can see from the table that Bert Gosnell was part of the club during this time. According to the data provided, Newcastle United played in the ""first division"" during the 1904-05 season.

Thus, the answer to the question of which division Bert Gosnell played in for Newcastle United in the 1904-05 season is ""first division.""

Final Answer: first division"
756,how many votes did the 2005 iranian presidential election have a total of in the second round?,[27959253.0],"The table provides the results of the 2005 Iranian presidential election, detailing the votes received by each candidate in both the 1st and 2nd rounds. The question specifically asks for the total number of votes cast in the second round of the election.

According to the table under the second round:

- The total number of votes cast in the second round is stated to be 27,959,253.

This figure encompasses all votes, including those for the candidates as well as any blank or invalid votes that may have been cast.

Final Answer: 27,959,253"
757,how many receptions did roddy white finish the 2009 season with?,[85.0],"Reasoning: The table provides a detailed breakdown of the career statistics for Roddy White during different seasons with the Atlanta Falcons. To find the number of receptions for the 2009 season, we focus specifically on the row corresponding to the year 2009.

From the table, the relevant statistics for the 2009 season are as follows:
- Year: 2009
- Receptions (rec): 85

Hence, Roddy White finished the 2009 season with a total of 85 receptions.

Final Answer: 85"
758,how many yards did roddy white finish the 2009 season with?,[1153.0],"The table provides detailed career statistics for a player, specifically focusing on the Atlanta Falcons from the 2005 season to the 2015 season. We are tasked with determining how many yards Roddy White finished the 2009 season with.

Looking at the entry for the 2009 season in the table:
- The “receiving” portion shows that Roddy White had 85 receptions for 1,153 receiving yards.

Based on this information, Roddy White finished the 2009 season with 1,153 yards.

Final Answer: 1,153"
759,how many touchdowns did roddy white finish the 2009 season with?,[11.0],"To find out how many touchdowns Roddy White finished the 2009 season with, we can refer to the data provided in the table for that specific season.

From the row corresponding to the 2009 season for the Atlanta Falcons, we find the following information:

- **Season:** 2009
- **Team:** Atlanta Falcons
- **Receiving Touchdowns (TD):** 11

Thus, based on the data presented, Roddy White finished the 2009 season with a total of 11 touchdowns.

Final Answer: 11"
760,what was the peak chart pisition on the billboard 200 of ithyphallic which released by nile in 2007?,[162.0],"The table provides information about the studio albums released by the band Nile, including their peak chart positions on various music charts. For the album ""Ithyphallic,"" which was released on July 17, 2007, we need to find the peak position on the Billboard 200.

From the data in the table:

- The peak chart position for ""Ithyphallic"" is listed under the ""peak chart positions"" column for the ""us"" row. 

The specific entry for ""Ithyphallic"" shows that it reached a peak position of **162** on the Billboard 200.

Now, consolidating the information:

Final Answer: 162"
761,"in the 2016-17 season, how many apperances did adamyan made with 16 goals in regionalliga sudwest matches for steinbach?",[33.0],"The table provides information about various football clubs and their players, detailing their appearances and goals in different matches across various seasons.

Focusing specifically on the relevant portion for the club ""steinbach"" during the 2016-17 season, we see the following data:

For steinbach:
- In the 2015-16 season, the entries are as follows:
  - **Apps**: 14
  - **Goals**: 2

- However, in the 2016-17 season, the entries are:
  - **Apps**: 33
  - **Goals**: 16

The query specifically asks for the number of appearances made by Adamyan in the 2016-17 season within the ""regionalliga sudwest"" matches.

From the data, under the steinbach section for the 2016-17 season, we see:
- Appeared: 33
- Scored: 16 goals

Thus, Adamyan made a total of 33 appearances in the 2016-17 season for steinbach in the regionalliga sudwest matches.

Final Answer: 33"
762,what percent of internet users aged 25 to 34 are online shoppers in 2018?,[95.2],"To determine the percentage of internet users aged 25 to 34 who are online shoppers in 2018, we refer directly to the relevant section of the provided table.

From the table, the percentage of online shoppers within the age group of 25 to 34 is listed as 95.2%. This indicates that a significant majority of internet users in this age group engage in online shopping.

Thus, the answer to the question is clear:

Final Answer: 95.2%"
763,what percent of internet users aged 65 and over are online shoppers in 2018?,[63.5],"The table provides data on the percentage of online shoppers categorized by age groups and household income quartiles. For the specific question regarding internet users aged 65 and over, we can directly refer to the relevant row in the age group section.

From the table, the percentage of online shoppers for the age group ""65 and over"" is 63.5%. 

Thus, the answer to the question ""what percent of internet users aged 65 and over are online shoppers in 2018?"" is straightforward as it is clearly indicated in the table.

Final Answer: 63.5%"
764,"among women working full year and full time, what is the percentage change in the median employment income of high school graduates versus non-completers?",[0.43128],"To determine the percentage change in median employment income among women working full year and full time, specifically comparing those with a high school diploma versus those with less than a high school diploma, let's first extract the relevant median employment income values from the table.

For women employed full year, full time:
- Median employment income for those with **less than a high school diploma**: $21,100
- Median employment income for those with a **high school diploma**: $30,200

Next, we calculate the percentage change using the formula:

\[
\text{Percentage Change} = \left(\frac{\text{New Value} - \text{Old Value}}{\text{Old Value}}\right) \times 100
\]

Here, the **Old Value** (non-completers) is $21,100, and the **New Value** (high school graduates) is $30,200.

Substituting the values into the formula:

\[
\text{Percentage Change} = \left(\frac{30,200 - 21,100}{21,100}\right) \times 100 = \left(\frac{9,100}{21,100}\right) \times 100 \approx 43.1\%
\]

Therefore, the percentage change in median employment income of women with a high school diploma compared to those who did not complete high school is approximately 43.1%.

Final Answer: 43.1%"
765,"among men working full year and full time, what is the percentage change in the median employment income of high school graduates versus non-completers?",[0.190083],"To determine the percentage change in the median employment income of high school graduates versus non-completers among men working full year and full time, we will extract the relevant median employment income figures from the provided table.

From the table, we have:

- Median employment income for men with less than a high school diploma (non-completers): **$36,300**
- Median employment income for men with a high school diploma (completers): **$43,200**

Now, we will calculate the percentage change from non-completers to high school graduates using the formula:

\[
\text{Percentage Change} = \left( \frac{\text{Value}_{\text{final}} - \text{Value}_{\text{initial}}}{\text{Value}_{\text{initial}}} \right) \times 100\%
\]

Where:
- \(\text{Value}_{\text{initial}}\) is the median income for non-completers: **$36,300**
- \(\text{Value}_{\text{final}}\) is the median income for high school graduates: **$43,200**

Plugging the values into the formula:

\[
\text{Percentage Change} = \left( \frac{43,200 - 36,300}{36,300} \right) \times 100\%
\]
\[
= \left( \frac{6,900}{36,300} \right) \times 100\%
\]
\[
= 0.1901 \times 100\%
\]
\[
\approx 19.01\%
\]

Thus, the percentage change in the median employment income of high school graduates compared to non-completers is approximately **19.01%**.

Final Answer: 19.01%"
766,which gap years had a higher percentage of perfectly matched postal codes? one or two years gap or five or more years gap?,"[1, 2]","To determine which gap years had a higher percentage of perfectly matched postal codes, we can analyze the ""perfect matches"" percentage under the different gap year durations for both experiments.

From the table:
For **Experiment A**:
- For a gap of **1 year**: 77.0%
- For a gap of **2 years**: 72.1%
- For a gap of **3 years**: 56.5%
- For a gap of **4 years**: 51.7%
- For a gap of **5 years**: 35.0%

Calculating for **5 years or more**, we'll consider the 5 years and the subsequent gaps (the percentages for 4 and 5 years in this case are 51.7% and 35.0% respectively, but since 5 years is included, we focus on the 35.0%).

The maximum percentage for gap years under **1 or 2 years** (which includes both 1 year and 2 years descriptions):
- For **1 year**: 77.0%
- For **2 years**: 72.1%

The average for **1 or 2 years** then (considering only the maximum values): 
- Max = 77.0%

For **Experiment B**:
- For a gap of **1 year**: 76.8%
- For a gap of **2 years**: 72.0%
- For a gap of **3 years**: 56.8%
- For a gap of **4 years**: 53.5%
- For a gap of **5 years**: 38.0%
- For a gap of **6 years**: 29.8%
- For a gap of **7 years**: 35.7%

For **5 years or more**, focusing on the last portion we see:
- For **5 years**: 38.0%
- For **6 years**: 29.8%
- For **7 years**: 35.7%

Thus, the maximum value in **5 years or more** stands at **38.0%** (from the 5-year gap).

Now comparing:
- **1 or 2 years** gap maximum: **77.0%**
- **5 or more years** gap maximum: **38.0%**

Therefore, the gap years of **one or two years** have a significantly higher percentage of perfectly matched postal codes compared to the five or more years gap.

Final Answer: One or two years gap"
767,which division did gary mulligan sign for kettering town in 2014-15?,['southern league division one central'],"The provided table contains career statistics for a player named Gary Mulligan, showing his performance across various clubs and seasons. We are particularly interested in the club ""kettering town"" during the ""2014-15"" season.

Looking at the row corresponding to Kettering Town in the 2014-15 season, we see the following details:

- **Club:** Kettering Town
- **Season:** 2014-15
- **Division:** Southern League Division One Central
- **League:** Southern League (repeated under the league column but indicates the same division context)

From this information, it is clear that Gary Mulligan signed for Kettering Town in the ""Southern League Division One Central"" division during the 2014-15 season.

Final Answer: Southern League Division One Central"
768,how many million dollars did businesses spend on research and development performance in the united states in 2018?,[441036.0],"The table outlines the funds spent for business R&D performed in the United States during 2017-2018, providing various data points regarding the total expenditure, categories of research (basic, applied, development), and sources of funds.

To answer the question about how many million dollars businesses spent on research and development performance in the United States in 2018, we look specifically at the row labeled ""domestic r&d performance"" for the year 2018.

According to the table:

- In 2018, the total funds spent for domestic R&D performance amount to 441,036 (in thousands of dollars).

To convert this figure to million dollars, we divide by 1,000:

441,036 (thousands) / 1,000 = 441.036 million dollars.

For the sake of clarity in reporting, we can round this to a whole number:

Final Answer: 441 million dollars."
769,"businesses spent $441 billion on research and development performance in the united states in 2018, how many percent of increase from 2017?",[0.102314],"To calculate the percentage increase of funds spent on research and development from 2017 to 2018, we need to utilize the following formula for percentage increase:

\[
\text{Percentage Increase} = \frac{\text{New Value} - \text{Old Value}}{\text{Old Value}} \times 100
\]

In this context, the values are:
- **Old Value (2017)**: $400,100 million (or $400.1 billion)
- **New Value (2018)**: $441,036 million (or $441.036 billion)

Substituting the values into the formula gives us:

\[
\text{Percentage Increase} = \frac{441036 - 400100}{400100} \times 100
\]

Calculating the difference:

\[
441036 - 400100 = 40936
\]

Now, substituting back into the formula:

\[
\text{Percentage Increase} = \frac{40936}{400100} \times 100
\]

Calculating the division:

\[
\frac{40936}{400100} \approx 0.1023
\]

Now, converting this to a percentage:

\[
0.1023 \times 100 \approx 10.23\%
\]

Thus, the percentage increase in funds spent on research and development from 2017 to 2018 is approximately 10.23%.

Final Answer: 10.23%"
770,how many million dollars was funding from the companies' own sources in 2018?,[377806.0],"To determine the funding from the companies' own sources in 2018, we need to refer to the section of the table that details the funds spent on R&D, specifically focusing on the ""paid for by the company"" row for the year 2018.

The table indicates the following funding breakdown for R&D performed domestic to the U.S. in 2018:
- Total funding paid for by the company: **377,806 million dollars**
- This total includes contributions to basic research, applied research, and development.

To summarize:
- Funding from the companies' own sources in 2018 is **377,806 million dollars**.

Final Answer: 377806 million dollars"
771,"funding from the companies' own sources was $378 billion in 2018, how many percent of increase from 2017?",[0.114354],"To determine the percentage increase in funding from the companies' own sources from 2017 to 2018, we start by identifying the funding amounts for both years as represented in the table.

From the table, the funding paid for by the company in:
- 2017: $339,036 million (or $339 billion)
- 2018: $377,806 million (or $378 billion)

To calculate the increase in funding from 2017 to 2018, we subtract the 2017 amount from the 2018 amount:

Increase = Amount in 2018 - Amount in 2017 
= $378 billion - $339 billion 
= $39 billion

Next, the percentage increase can be calculated by using the formula:

Percentage Increase = (Increase / Original Amount) × 100
= ($39 billion / $339 billion) × 100

Calculating this gives:

Percentage Increase = (39 / 339) × 100 ≈ 11.51%

Therefore, the funding from the company's own sources increased by approximately 11.51% from 2017 to 2018.

Final Answer: 11.51%"
772,how many million dollars was funding from other sources in 2018?,[63230.0],"To find the funding from ""other"" sources in 2018 from the provided context, we need to look at the relevant row under the ""source of funds"" section. 

From the table, for the year 2018, the amount of funding from other sources is listed as follows:

- Other: 38,545 (in thousands of dollars)

Since the amounts appear to be given in thousands, to convert this amount to millions, we divide by 1,000:

38,545 ÷ 1,000 = 38.545 million dollars

Putting together this information, we find that funding from other sources in 2018 amounts to approximately 38.545 million dollars.

Final Answer: 38.545 million dollars"
773,how many million dollars was funding from other sources in 2017?,[61065.0],"To find the funding from ""other"" sources in 2017, we need to look at the relevant row in the table under the source of funds. Specifically, we are interested in the data pertaining to ""paid for by others.""

According to the table, for the year 2017, the funding from other sources (i.e., paid for by others) is summarized as follows:

- Total paid for by others: $61,065 million
- This total includes specific amounts for different types of research (basic research, applied research, and development), but to answer the question regarding the total amount, we only need the overall figure.

Thus, the funding from other sources in 2017 amounted to $61,065 million.

Final Answer: 61065"
774,"in 2018, of the $441 million that companies spent on r&d, how many million dollars were spent on basic research?",[28980.0],"The table provides information about the funds spent on business research and development (R&D) in the United States for the years 2017 and 2018, categorized by the type of research. 

In 2018, we need to focus on the section for ""basic research"" under the column for that year. According to the data in the table:

- In 2018, the amount spent on basic research is $28,980 million (or $28.98 billion).

Thus, of the $441 million that companies spent on R&D in 2018, they allocated $28,980 million to basic research.

Final Answer: 28980 million dollars"
775,"in 2018, of the $441 million that companies spent on r&d, how many million dollars were on applied research?",[65222.0],"To determine how much was spent on applied research in 2018 from the provided table, we need to look specifically at the row for applied research for the year 2018.

From the table for the year 2018:
- The total spending on applied research is $65,222 million (or $65.222 billion).

Therefore, in 2018, companies spent $65,222 million on applied research.

Final Answer: 65222"
776,"in 2018, of the $441 million that companies spent on r&d, how many million dollars were spent on development?",[346834.0],"To find out how many million dollars were spent on development in 2018, we need to refer to the table under the relevant section for development.

From the data for 2018:
- Total funds spent on domestic R&D is provided as $441 million.
- Looking specifically for development funding, the amount listed in the table for development in 2018 is $346,834 million.

Thus, in 2018, the funds spent specifically on development amounted to approximately $346.834 million.

Final Answer: 346.834 million"
777,"in the 2006 cohort, how many percent of ce immigrant men is belonged to a visible minority?",[0.85],"To find the percentage of Canadian-educated immigrant men who belong to a visible minority in the 2006 cohort, we need to look at the relevant data provided in the table.

From the table, for the 2006 cohort:

- The percentage of Canadian-educated immigrant men who are visible minorities is reported as 0.85 (or 85%).

Now, since the question specifically asks about the percentage, we can directly use this value. Therefore, we conclude that in the 2006 cohort, 85% of Canadian-educated immigrant men belong to a visible minority.

Final Answer: 85%"
778,"in the 2006 cohort, how many percent of ce immigrant men had high earnings in canada before the base year?",[0.14],"To answer the question regarding the percentage of Canadian-educated immigrant men who had high prior earnings in Canada before the base year for the 2006 cohort, we can refer to the relevant data found in the provided table.

In the 2006 cohort, the data for Canadian-educated immigrants shows the following information related to earnings:

- **High prior earnings**: 0.57 

This value indicates that 57% of Canadian-educated immigrant men had high prior earnings in Canada before the base year.

Final Answer: 57%"
779,what is the initial earnings advantage of ce immigrants for 1991 cohort when sociodemographic characteristics and source-country attributes were controlled for in model 2?,[0.177],"To determine the initial earnings advantage of Canadian-educated (CE) immigrants for the 1991 cohort when sociodemographic characteristics and source-country attributes were controlled for in model 2, we look at the relevant coefficient from the table.

In the table under ""1991 cohort"" and ""model 2"", we find the coefficient for Canadian-educated immigrants is as follows:

- Canadian-educated immigrants: **0.177**

This coefficient represents the initial earnings advantage for Canadian-educated immigrants compared to their foreign-educated counterparts when sociodemographic and source-country attributes are controlled for in model 2.

Thus, the initial earnings advantage of CE immigrants for the 1991 cohort, after controlling for the relevant attributes, is **0.177**.

Final Answer: 0.177"
780,what is the coefficient for ce immigrants when the conditional interaction terms of work history and years of study in canada among ce immigrants were included in model 3 for the 1991 cohort.,[-0.208],"To identify the coefficient for Canadian-educated (CE) immigrants when the conditional interaction terms of work history and years of study in Canada were included in Model 3 for the 1991 cohort, we need to refer to the relevant data in the provided table.

In Model 3 for the 1991 cohort, the table presents coefficients for various predictors including those for Canadian-educated immigrants. We should locate the specific row for ""canadian-educated immigrants"" under the 1991 cohort and Model 3.

From the table:
- For Canadian-educated immigrants (Model 3, 1991 cohort), the coefficient is **-0.208**.

This indicates that when the conditional interaction terms of work history and years of study are included in the regression model for Canadian-educated immigrants in 1991, the coefficient associated with them is -0.208.

Final Answer: -0.208"
781,how many log points for ce immigrants' initial enarnings were higher than those of fe immigrants in model 1 for the 2006 cohort?,[0.072],"To determine how many log points for Canadian-educated (CE) immigrants' initial earnings were higher than those of foreign-educated (FE) immigrants in model 1 for the 2006 cohort, we need to look at the coefficients provided in the table specifically for model 1 under the 2006 cohort.

From the table, the relevant coefficients are as follows:

- For Canadian-educated immigrants (in model 1 for 2006): 0.072
- For Foreign-educated immigrants (the model doesn’t explicitly give this value but we can deduce it based on the relative comparison).

Since the question refers explicitly to the CE immigrants' earnings being higher than those of FE immigrants, we can interpret the CE immigrants' earnings coefficient as a measure of the log points higher than the baseline (which typically includes FE immigrants).

In interpreting this result:
- A coefficient of 0.072 for CE immigrants means that their earnings are higher by 0.072 log points relative to FE immigrants. This indicates the increase in log earnings attributed to being a CE immigrant as compared to an FE immigrant.

Therefore, we conclude that the CE immigrants' initial earnings were indeed higher than those of FE immigrants by 0.072 log points in model 1 for the 2006 cohort.

Final Answer: 0.072"
782,what is the initial earnings advantage of ce immigrants when sociodemographic factors are controlled for in model 2 for 2006 cohort?,[0.25],"To determine the initial earnings advantage of Canadian-educated (CE) immigrant men when sociodemographic factors are controlled for in Model 2 for the 2006 cohort, we need to examine the coefficient for Canadian-educated immigrants in the relevant section of the table.

From the provided table, we find the coefficient for Canadian-educated immigrants under Model 2 for the 2006 cohort:
- Canadian-educated immigrants (Model 2 for 2006 cohort): 0.250

This coefficient indicates the earnings advantage that Canadian-educated immigrant men have over their foreign-educated counterparts after accounting for sociodemographic factors in Model 2.

Thus, the initial earnings advantage of CE immigrants when sociodemographic factors are controlled for in Model 2 for the 2006 cohort is 0.250.

Final Answer: 0.250"
783,"according to the 2008-base mbm, how many people were in poverty in 2015?",[4.238],"To determine how many people were in poverty in 2015 according to the 2008-base Market Basket Measure (MBM), we reference the population numbers provided in the table within the ""2008-base"" column for the year 2015.

In the table, for Canada in the 2008-base for the year 2015, the figure is 4,238 thousand people. This represents the total number of persons living in poverty in Canada for that year.

Final Answer: 4238 thousand"
784,"according to the 2008-base mbm, how many people were in poverty in 2018?",[3.173],"To determine the number of people in poverty in 2018 according to the 2008-base Market Basket Measure (MBM) in Canada, we examine the relevant row for the year 2018 in the 2008-base section of the table.

From the table:
- In 2018, the number of persons in poverty under the 2008-base for Canada is 3,173 (in thousands).

This figure pertains to the entire population of Canada according to the 2008-base MBM metric.

Final Answer: 3173"
785,"according to the 2008-base mbm, how many numbers of people in poverty have declined from 2015 to 2018?",[1.065],"To determine how many numbers of people in poverty have declined from 2015 to 2018 according to the 2008-base Market Basket Measure (MBM), we will look specifically at the total number of persons in poverty in Canada across the years 2015 and 2018:

From the table:
- In 2015, the number of persons in poverty was 4,238 thousand.
- In 2018, the number of persons in poverty was 3,173 thousand.

Next, we calculate the decline in the number of people in poverty from 2015 to 2018:

Decline = Number in 2015 - Number in 2018  
Decline = 4,238 thousand - 3,173 thousand  
Decline = 1,065 thousand

Thus, according to the 2008-base MBM, the number of people in poverty has declined by 1,065 thousand from 2015 to 2018.

Final Answer: 1,065 thousand"
786,"according to the proposed 2018-base mbm, how many people were in poverty in 2015?",[5.074],"To determine how many people were in poverty in Canada in 2015 according to the proposed 2018-base Market Basket Measure (MBM), we need to look at the value in the ""2015"" column under the ""2018-base"" heading.

From the table:
- For Canada in 2015 under the ""2018-base"" column, the number of persons in poverty is 5,074, which is given in thousands.

Thus, the total population living in poverty in Canada in 2015 according to the proposed 2018-base MBM is 5,074,000 people.

Final Answer: 5,074,000"
787,"according to the proposed 2018-base mbm, how many people were in poverty in 2018?",[3.983],"To determine the total number of people in poverty in 2018 according to the proposed 2018-base Market Basket Measure (MBM), we need to look at the '2018' column in the '2018-base' section of the table.

The numbers representing the total persons in poverty in 2018 for various categories are as follows:

- Canada: 3,983,000
- Newfoundland and Labrador: 58,000
- Prince Edward Island: 18,000
- Nova Scotia: 124,000
- New Brunswick: 74,000
- Quebec: 812,000
- Ontario: 1,658,000
- Manitoba: 137,000
- Saskatchewan: 122,000
- Alberta: 403,000
- British Columbia: 577,000
- Persons under 18 years: 748,000
- Persons 18 to 64 years: 2,883,000
- Persons 65 years and over: 352,000

While the question asks for the total numbers, the number labeled as 'Canada' in the 2018-base column would provide the best estimate for the total number of persons in poverty throughout the entire country for that year.

Thus, the total number of people in poverty in Canada in 2018 based on the 2018-base MBM is 3,983,000.

Final Answer: 3,983,000"
788,"according to the proposed 2018-base mbm, how many numbers of people in poverty have declined from 2015 to 2018?",[1.091],"To determine how many people in poverty have declined from 2015 to 2018 according to the 2018-base Market Basket Measure (MBM), we need to analyze the data for Canada across those years specifically for the 2018-base column.

From the given table for Canada (using the 2018-base numbers):

- In 2015, the number of people in poverty was 5,074 thousand.
- In 2018, the number of people in poverty was 3,983 thousand.

Now, we can calculate the decline in the number of people in poverty from 2015 to 2018 by subtracting the number in 2018 from that in 2015:

Decline = Number in 2015 - Number in 2018
= 5,074 - 3,983
= 1,091 thousand.

Thus, the number of people in poverty has declined by 1,091 thousand from 2015 to 2018 according to the proposed 2018-base MBM.

Final Answer: 1,091 thousand"
789,which club did mcnamara play for in the 1997-98 season?,['celtic'],"To answer the question regarding which club McNamara played for in the 1997-98 season, we must analyze the provided table that lists various clubs, the seasons they played, and their respective leagues, along with detailed statistics on appearances and goals.

From the context of the table:

1. We observe that the clubs listed include **Dunfermline Athletic**, **Celtic**, and others with different seasons and respective leagues.
2. Specifically focusing on the **1997-98 season**, the only club mentioned in that season is **Celtic** (scottish premier division).
3. The row for Celtic in the 1997-98 season indicates that he made 31 appearances and scored 2 goals.

Based on this information, we conclude that McNamara played for **Celtic** during the 1997-98 season.

Final Answer: Celtic"
790,what's the increasing number of the professionals potentially able to provide services in the minority language in 2011 was greater than expected?,[890.0],"To answer the question, we need to review the data provided in the table and identify the health care professionals whose numbers present in 2011 were greater than their expected numbers.

Looking at the totals for health care professionals in New Brunswick in 2011, we have the following findings:

1. **Total - health care professionals**: Present (15,525) vs Expected (13,690) = Difference (1,835) → More present
2. **Registered nurses and registered psychiatric nurses**: Present (4,260) vs Expected (3,935) = Difference (325) → More present
3. **General practitioners and family physicians**: Present (605) vs Expected (345) = Difference (260) → More present
4. **Psychologists**: Present (265) vs Expected (245) = Difference (20) → More present
5. **Social workers**: Present (815) vs Expected (735) = Difference (80) → More present
6. **Pharmacists**: Present (360) vs Expected (380) = Difference (-20) → Less present
7. **Licensed practical nurses**: Present (995) vs Expected (910) = Difference (85) → More present
8. **Paramedical occupations**: Present (305) vs Expected (435) = Difference (-130) → Less present
9. **Nurse aides, orderlies and patient service associates**: Present (3,210) vs Expected (2,665) = Difference (545) → More present
10. **Other health care professionals**: Present (4,710) vs Expected (4,090) = Difference (620) → More present

Summarizing the findings, here are the professions where the present numbers were greater than expected:

- Total - health care professionals: 1,835
- Registered nurses and registered psychiatric nurses: 325
- General practitioners and family physicians: 260
- Psychologists: 20
- Social workers: 80
- Licensed practical nurses: 85
- Nurse aides, orderlies and patient service associates: 545
- Other health care professionals: 620

Now, consolidating the contributions of these professions:

The increasing number of professionals potentially able to provide services in the minority language includes:
- Total - health care professionals: 1,835
- Registered nurses and registered psychiatric nurses: 325
- General practitioners and family physicians: 260
- Psychologists: 20
- Social workers: 80
- Licensed practical nurses: 85
- Nurse aides, orderlies and patient service associates: 545
- Other health care professionals: 620

Thus, the total number of professionals that exceeded expectations is:
1,835 + 325 + 260 + 20 + 80 + 85 + 545 + 620 = 3,970

Final Answer: 3970"
791,how many professionals who could potentially provide services in french expected in 2011 in paramedics province?,[435.0],"To determine the number of professionals who could potentially provide services in French in New Brunswick expected in 2011 in paramedical occupations, we will need to analyze the relevant data from the provided table. 

First, we focus on the ""paramedical occupations"" row. The expected number of professionals in paramedical occupations for the total - New Brunswick (which includes who operates in French) in 2011 is as follows:

- Paramedical occupations:
  - Expected in 2011: 435 (total for paramedical occupations)

The question requests the expected number of professionals in paramedical occupations; therefore, we can conclude that this value is directly what we need as it pertains to the province of New Brunswick, which is notably bilingual and where services in French would be offered.

Final Answer: 435"
792,how many professionals who could potentially provide services counted in french in paramedics province in 2011?,[305.0],"To answer the question regarding how many professionals who could potentially provide services counted in French in paramedics in New Brunswick in 2011, we must first identify the relevant occupational category from the provided table context.

The table lists various health care professions, including paramedical occupations under the section labeled ""paramedical occupations."" 

Looking at the data for paramedical occupations, we see:
- Present in 2011: 305
- Expected in 2011: 435
- Difference: -130

This means that in 2011, there were 305 paramedical professionals present in New Brunswick. While the table does not specify the languages in which these professionals can provide services, it can be inferred that many health care professionals in New Brunswick, a bilingual province, are likely able to provide services in both English and French.

Given the lack of specific details about language proficiency for paramedics in this context and considering the question is likely generalized, we will conclude with the number of paramedical staff present in the province.

Final Answer: 305"
793,"during 2006-2010, what was childhood cancer diagnosed at a rate of new cases per million children per year?",[161.0],"To find the childhood cancer diagnosed at a rate of new cases per million children per year during the period of 2006-2010, we should look at the ""annual incidence rate"" column in the provided table.

The table provides the following information:

- All cancers: 161 per million children
- Leukemias: 52 per million children
- CNS tumours: 31 per million children
- Lymphomas: 18 per million children
- Neuroblastomas: 13 per million children
- Soft tissue sarcomas: 10 per million children

The total annual incidence rate for all cancers among children aged 0 to 14 is 161 cases per million children. 

This figure represents the overall rate of childhood cancer diagnoses. If we need a singular answer, we can conclude based on the table that the overall childhood cancer diagnosis rate is:

Final Answer: 161 per million children"
794,what was the rate corresponds to an average of new cases of childhood cancer per year during this time period?,[905.0],"The table presents information on cancer incidence among children aged 0 to 14, detailing the average number of cases per year, the annual incidence rate, and the percent of childhood cancer cases by different cancer groups.

To find the average rate of new childhood cancer cases per year, we look at the average number of cases across all cancers, which is specified in the table.

According to the data:

- The average number of cases per year for all cancers is **905**.

This number represents the total average new cases of childhood cancer per year across all cancer types. 

Given that the question specifically asks about the average of new cases of childhood cancer per year during this time period, we can provide the answer directly based on the provided data.

Final Answer: 905"
795,what the total grams did the typical dried cannabis (flower/leaf) consumer use over 3 months according to ncs 2019 q1?,[27.5],"The context provides data about the average quantities of dried cannabis used over the past three months among various demographic groups in Canada as of the first quarter of 2019. Specifically, we are interested in the ""total grams"" for the overall average consumer.

From the table:

- The average quantity of dried cannabis used (total grams) is reported as 27.5 grams.

This figure represents the mean amount of dried cannabis consumed by a typical user over a three-month period. Given that the inquiry is about the overall average usage without any qualifiers, we take this value as the total grams consumed.

Final Answer: 27.5"
796,what the average grams did dad users consume over 3 months?,[62.6],"To determine the average grams of dried cannabis consumed over the past three months by daily or almost daily users, we can refer to the data provided in the table. 

The relevant row in the table is for ""daily or almost daily"" frequency of use, which is as follows:

- **Mean**: 62.6 grams
- **95% Confidence Interval**: 52.3 to 72.9 grams

This indicates that on average, users who consume cannabis daily or almost daily used 62.6 grams over the past three months.

Final Answer: 62.6 grams"
797,"from 2001 to 2016, what was the increasing rate of individuals aged 25 to 64 with a university degree for all groups combined?",[66.1],"The question asks for the increasing rate of individuals aged 25 to 64 with a university degree from 2001 to 2016 for all groups combined, as indicated in the provided table.

From the table, we can observe the total number of individuals aged 25 to 64 with at least a bachelor's degree over the years:

- In 2001: 3,131,700
- In 2016: 5,201,300

To determine the rate of increase, we first calculate the difference in the number of individuals with a university degree from 2001 to 2016:

\[ 
\text{Increase} = \text{Number in 2016} - \text{Number in 2001} = 5,201,300 - 3,131,700 = 2,069,600 
\]

Next, we calculate the growth rate relative to the original population in 2001. The growth rate is calculated as follows:

\[ 
\text{Growth Rate} = \left( \frac{\text{Increase}}{\text{Number in 2001}} \right) \times 100 = \left( \frac{2,069,600}{3,131,700} \right) \times 100 
\]

Calculating this gives:

\[ 
\text{Growth Rate} \approx 66.1\% 
\]

We can see from the table that the overall growth from 2001 to 2016 is indeed listed as 66.1% under the ""growth from 2001 to 2016"" row.

Final Answer: 66.1%"
798,what the rate of recent immigrants had at least a bachelor's degree in 2016?,[49.9],"The table provides information on the estimated population aged 25 to 64 with at least a bachelor's degree, segmented by different demographic groups, for the years 2001, 2006, 2011, and 2016.

To find the percentage of recent immigrants who had at least a bachelor's degree in 2016, we need to look at the relevant data from the table. 

From the table, in 2016, we can see:

- The number of recent immigrants with at least a bachelor’s degree was 795,600.
- The percentage of recent immigrants with a university degree was shown in the subsequent row as 49.9%.

Thus, in 2016, 49.9% of recent immigrants aged 25 to 64 had at least a bachelor's degree.

Final Answer: 49.9%"
799,what the rate of recent immigrants had at least a bachelor's degree in 2001?,[33.8],"To determine the rate of recent immigrants who had at least a bachelor's degree in 2001 based on the given table, we need to focus on the relevant section concerning recent immigrants. 

From the table for the year 2001, we can see:
- The total number of recent immigrants with a university degree in 2001 is 414,300.
- Additionally, we need to know either the total number of recent immigrants in 2001 or the rate which corresponds to that number.

However, the table provides the percentage of the population with a university degree within each group, which is relevant for the calculation. For all individuals aged 25-64 (which includes recent immigrants), the percentage of individuals with a university degree is 19.5% in 2001.

Now, to find the specific percentage of just recent immigrants, we refer to the corresponding entry for recent immigrants from the 'individuals with a university degree within each population group' for the year 2001. This shows that the percentage of recent immigrants with a university degree in 2001 is 33.8%.

Therefore, the rate of recent immigrants who had at least a bachelor's degree in 2001 is 33.8%.

Final Answer: 33.8%"
800,"over the last five years, the proportion of police-reported hate crime incidents that were also recorded by police as cybercrimes has been fairly stable, what was the range of all hate crime incidents from 2014 to 2018?","[4.1, 5.1]","To determine the range of police-reported hate crime incidents from 2014 to 2018, we first need to establish the total number of hate crime incidents for each year listed in the table:

- 2014: 1,148 incidents
- 2015: 1,248 incidents
- 2016: 1,291 incidents
- 2017: 1,897 incidents
- 2018: 1,619 incidents

The range of a set of values is calculated by subtracting the smallest value from the largest value.

Identifying the highest and lowest numbers:
- The maximum number (highest value) is 1,897 (in 2017).
- The minimum number (lowest value) is 1,148 (in 2014).

Now, we calculate the range:
Range = Maximum value - Minimum value
Range = 1,897 - 1,148 = 749

Thus, the range of all hate crime incidents from 2014 to 2018 is 749.

Final Answer: 749"
801,"which gender's number of nfrs grew at a faster rate between 2017 and 2019, male or female?",['male'],"To determine which gender's number of non-faculty researchers (NFRs) grew at a faster rate between 2017 and 2019, we will compare the percent change of male and female NFRs during this time frame.

From the table:

- **Male NFRs:**
  - 2017: 16,580
  - 2019: 17,980
  - Percent Change = \(\frac{(17,980 - 16,580)}{16,580} \times 100 = \frac{1,400}{16,580} \times 100 \approx 8.4\%\)

- **Female NFRs:**
  - 2017: 11,600
  - 2019: 12,369
  - Percent Change = \(\frac{(12,369 - 11,600)}{11,600} \times 100 = \frac{769}{11,600} \times 100 \approx 6.6\%\)

Now, comparing the growth rates:
- Male growth rate: **8.4%**
- Female growth rate: **6.6%**

Since the male NFRs had a higher percent change compared to female NFRs during the period from 2017 to 2019, we conclude that the gender whose number of NFRs grew at a faster rate is male.

Final Answer: Male"
802,"in 2019, how many percentage points of nfrs were male?",[1.687931],"To answer the question of how many percentage points of nonfaculty researchers (NFRs) holding doctorate degrees were male in 2019, we need to look at the numbers provided in the table.

From the table for the year 2019:

- Total number of NFRs in all surveyed fields: 30,349
- Number of male NFRs: 17,980

To find the percentage of male NFRs, we use the formula:

\[ \text{Percentage of male NFRs} = \left( \frac{\text{Number of male NFRs}}{\text{Total number of NFRs}} \right) \times 100 \]

Substituting the numbers we have:

\[ \text{Percentage of male NFRs} = \left( \frac{17,980}{30,349} \right) \times 100 \]

Calculating this gives:

\[ \text{Percentage of male NFRs} ≈ 59.3\% \]

To find out how many percentage points this is, we can simply state this percentage as the answer, given that the question specifically requests the percentage points.

Final Answer: 59.3%"
803,"rates of growth in the number of nfrs between 2017 and 2019 in various s&e fields of research varied widely, which broad field had the largest percentage of increasing?",['natural resources and conservation'],"To determine which broad field had the largest percentage increase in the number of non-faculty researchers (NFRs) between 2017 and 2019, we need to examine the percentage change for each broad field of science and engineering listed in the table.

Here's a breakdown of the percentage changes for each broad field based on the given data:

- All surveyed fields: 7.7%
- Science and Engineering: 10.6%
- Science: 9%
- Agricultural Sciences: 30%
- Biological and Biomedical Sciences: 0.3%
- Computer and Information Sciences: 7.1%
- Geosciences, Atmospheric Sciences, and Ocean Sciences: 21.3%
- Mathematics and Statistics: 27.1%
- Multidisciplinary and Interdisciplinary Studies: 1.7%
- Natural Resources and Conservation: 59.9%
- Physical Sciences: 15.5%
- Psychology: 16.6%
- Social Sciences: 8.9%
- Engineering: 19.4%
- Health: -0.2%

From the above breakdown, we can observe that:

- The percentage increase in ""Natural Resources and Conservation"" is the highest at 59.9%.
- The next highest is ""Agricultural Sciences"" at 30%.
- ""Mathematics and Statistics"" follows with a percentage change of 27.1%.

Therefore, the broad field that had the largest percentage increase in the number of non-faculty researchers from 2017 to 2019 is ""Natural Resources and Conservation.""

Final Answer: Natural Resources and Conservation"
804,which club did zuniga play in the 2004 season?,['cortulua'],"The table provided includes information about player statistics for different clubs over various seasons. It specifically mentions the club ""Cortulua"" for the 2004 season within the ""categoria primera a"" league. 

Given the question asked is specifically about the club that Zúñiga played for in the 2004 season, it is essential to note that the table does not contain any mention of Zúñiga or any statistics related to him. Therefore, without further information, we cannot conclude which club Zúñiga played for in the 2004 season based solely on the provided context.

Final Answer: Unknown"
805,how many receptions did clay have in 2018?,[21.0],"To determine how many receptions Clay had in 2018, we can refer to the data in the table provided under the year 2018, specifically for the team ""buf"" (Buffalo).

According to the table:
- In 2018, Clay had **21 receptions**.

Final Answer: 21"
806,"among visible minority women aged 15 and over, what was the percentage of women were unemployed in the week prior to the 2011 census?",[10.6],"To address the question about the unemployment rate among visible minority women aged 15 and over based on the provided table, we first focus on the relevant section of the data.

According to the table, for visible minority women aged 15 and over, the unemployment percentage is stated explicitly:

- The table indicates that the unemployment rate for visible minority women aged 15 and over is **10.6%**.

This figure represents the percentage of visible minority women in that age group who were unemployed in the week prior to the 2011 census.

Final Answer: 10.6%"
807,"among canadian-born 15- to 24-year-olds, which visible minority gender was less likely to be unemployed?",['women'],"To answer the question regarding unemployment among Canadian-born 15- to 24-year-olds based on the provided table, we need to examine the unemployment rates for visible minorities in that specific age group, focusing on gender.

From the table, we can extract the following unemployment percentages for Canadian-born 15- to 24-year-olds who belong to visible minorities:

- **Women:** 19.1%
- **Men:** 22.4%

To determine which gender was less likely to be unemployed, we compare these percentages:
- For women of visible minorities, the unemployment rate is 19.1%.
- For men of visible minorities, the unemployment rate is 22.4%.

Since 19.1% is less than 22.4%, we conclude that women who are Canadian-born and belong to visible minorities were less likely to be unemployed compared to their male counterparts.

Final Answer: Women"
808,"for the older working-age group of canadian-born 55- to 64-year-olds, what was the percentage of visible minority women were unemployed?",[4.1],"To answer the question regarding the unemployment rate for Canadian-born visible minority women aged 55 to 64 years from the provided table, we need to locate the relevant section within the data.

In the table, the specific segment for Canadian-born individuals aged 55 to 64 years is as follows:

- For Canadian-born 55 to 64 year-old visible minority women, the unemployment percentage is listed under the ""55 to 64"" age group, under ""canadian-born"" and then under ""women"" in the visible minority row.

From the table:
- Visible minority women (age 55 to 64): 4.1%

Thus, the percentage of visible minority women who were unemployed in the Canadian-born 55 to 64 age group is 4.1%.

Final Answer: 4.1%"
809,"for the older working-age group of canadian-born 55- to 64-year-olds, what was the percentage of visible minority men were unemployed?",[7.5],"To determine the unemployment percentage for visible minority men who are Canadian-born and are in the 55 to 64-year age group, we can refer to the relevant rows and columns in the provided table.

From the table:
- For Canadian-born individuals aged 55 to 64 who are visible minorities, the unemployment percentage for men is listed as 7.5%.

Therefore, the conclusion drawn from the data is that the percentage of visible minority men in the Canadian-born 55- to 64-year age group who were unemployed is 7.5%.

Final Answer: 7.5%"
810,"during that year, what was the percentage of visible minority women reported working mostly or entirely part time?",[27.7],"To find the percentage of visible minority women reported to have been working mostly or entirely part-time in 2010, we need to look specifically at the row labeled ""women"" under the ""visible minority"" column in the table. 

From the data:
- The percentage of visible minority women in the ""total age groups"" category is 27.7%.

Other age categories may provide additional insights, but since the question does not specify any age range and asks for the overall incidence, we will use the total for all age groups.

Thus, the answer to the question is:

Final Answer: 27.7"
811,"during that year, what was the percentage of women who were not a visible minority reported working mostly or entirely part time?",[29.5],"To answer the question about the percentage of women who were not a visible minority working mostly or entirely part-time in 2010, we need to examine the relevant section of the provided table:

The row for ""women"" with ""not a visible minority"" shows the following data:
- Total across age groups: 29.5%
- Age group 15 to 24: 61.1%
- Age group 25 to 54: 20.3%
- Age group 55 to 64: 29.7%
- Age group 65 and over: 56.7%

The overall percentage of women who are not part of a visible minority and worked part-time during that year is represented in the ""total age groups"" column, which indicates a percentage of 29.5%. 

This percentage reflects the proportion of women who were not part of a visible minority and were reported as working mostly or entirely part-time in the entire sample of women aged 15 and over.

Thus, the answer to the question is:

Final Answer: 29.5%"
812,what was the percentage of visible minority men worked mostly or entirely part time in 2010?,[16.8],"To determine the percentage of visible minority men who worked mostly or entirely part-time in 2010, we will specifically analyze the relevant data from the table provided.

According to the table:

- For men who are part of a visible minority, the percentage of those who worked mostly or entirely part-time is 16.8%.

This percentage is clearly labeled under the ""men"" column for ""visible minority.""

Therefore, the answer to the question about the percentage of visible minority men who worked mostly or entirely part-time in 2010 is 16.8%.

Final Answer: 16.8%"
813,what was the percenge of men who were not a visible minority worked mostly or entirely part time in 2010.,[15.2],"To find the percentage of men who were not a visible minority and worked mostly or entirely part-time in 2010, we will look at the relevant cell from the provided table context.

From the table:
- The percentage of men who are not a visible minority is recorded as 15.2%.

This percentage indicates the share of men who were in part-time employment and were not classified as a visible minority.

Thus, the answer to the question is directly taken from the data presented in the table.

Final Answer: 15.2%"
814,"among 15- to 24-year-olds, which group of women were more likely to have worked part time, visible minority or not a visible minority?",['visible minority'],"The table provides data on part-time employment among women aged 15 to 24, segregated by whether they belong to a visible minority or not. Specifically, the percentages of women in each group who worked part-time are as follows:

- Women from visible minority: 66.2%
- Women not from a visible minority: 61.1%

To determine which group of women was more likely to have worked part-time, we compare these two percentages.

66.2% (visible minority) is greater than 61.1% (not a visible minority). 

This clearly indicates that among 15- to 24-year-olds, women from visible minority backgrounds were more likely to have worked part-time compared to their counterparts not from a visible minority.

Final Answer: Visible minority women"
815,"among those aged 65 and over, which group of women were less likely to have worked part time, visible minority or not a visible minority?",['visible minority'],"To determine which group of women aged 65 and over were less likely to have worked part-time, we can compare the percentage of part-time employment between visible minority women and not a visible minority women in that age group.

From the table, the relevant data for women aged 65 and over is as follows:

- Women who are visible minority: 46.9%
- Women who are not a visible minority: 56.7%

Now we can analyze these percentages:

- Visible minority women had a part-time employment percentage of 46.9%.
- Not a visible minority women had a higher part-time employment percentage of 56.7%.

Since 46.9% (visible minority) is less than 56.7% (not a visible minority), this indicates that visible minority women aged 65 and over were less likely to work part-time compared to their counterparts who are not a visible minority.

Final Answer: Visible minority women"
816,what was the percentage of visible minority immigrant women aged 15 to 24 in a low-income situation in 2011?,[29.2],"To address the question, we need to find the percentage of visible minority immigrant women aged 15 to 24 in a low-income situation, as detailed in the provided table.

From the context, we focus on the section for ""15 to 24 years"" under the ""visible minority"" category:

- For visible minority immigrant women aged 15 to 24, the table shows the following percentage:
  - Female (visible minority, 15 to 24 years): **18.6%**

Thus, the answer to the question regarding the percentage of visible minority immigrant women aged 15 to 24 in a low-income situation in 2011 is 18.6%.

Final Answer: 18.6%"
817,what was the percentage of visible minority canadian-born women aged 15 to 24 in a low-income situation in 2011?,[18.6],"To find the percentage of visible minority Canadian-born women aged 15 to 24 in a low-income situation in 2011, we need to extract the relevant information from the provided table.

Looking at the table, we can see the following for the age group of 15 to 24 years, specifically for visible minorities and Canadian-born women:

- The percentage for visible minority Canadian-born women aged 15 to 24 is indicated in the row labeled ""15 to 24 years"" under the ""canadian-born"" section.

The table presents the following data for that demographic:

|	low income	|	canadian-born	|		|	
|		|	female	|	male	|	
|		|	percentage	|		|	
|	15 to 24 years	|	18.6	|	17.9	|

According to this information, the percentage of visible minority Canadian-born women aged 15 to 24 in a low-income situation is 18.6%.

Final Answer: 18.6%"
818,which club did price play for in the 1895-96 season?,['burslem port vale'],"The table provides statistics for various seasons for the club Burslem Port Vale, including information on applications (apps) and goals for different leagues such as the second division, midland league, and FA Cup.

In the 1895-96 season, the club listed is Burslem Port Vale, and they played in the second division, with a record showing 5 applications (apps) and 0 goals. 

The question specifically asks for the club that Price played for during that season, as represented in the table.

However, while the statistics show information about Burslem Port Vale for various seasons, there is no direct reference to a player named Price in the data provided.

Based on the presented information and the club's performance during the 1895-96 season solely attributed to Burslem Port Vale, we can conclude that Price played for the same club during that season, although it does not provide specific performance statistics for Price.

Thus, based on the existing data, we conclude:

Final Answer: Burslem Port Vale"
819,what is the final poistion for tigers in the 2017 - 18 champions cup?,['5th'],"The provided table summarizes the performance of a team over various seasons, particularly focusing on their league results and cup performances, including the Champions Cup.

In the season 2017-18, the table indicates the team's position in the Premiership (5th) and their performance in the Champions Cup, where it states ""group stage."" The term ""group stage"" refers to the preliminary rounds of the tournament, where teams are divided into groups and compete against each other, and it does not specify a ranking within those groups or whether the team advanced further in the tournament.

Since the table does not give any ranking or position specified for the Champions Cup beyond stating they reached the group stage, we conclude that no final placement can be derived for the Tigers in the Champions Cup for that season.

Final Answer: Group Stage"
820,which club did alex play for in the 2017-18 season?,['juventus'],"To find out which club Alex played for during the 2017-18 season, we need to analyze the rows of the table that correspond to that specific season. The relevant club data for the 2017-18 season is as follows:

- **Juventus**: 
  - 2017-18 season
  - Apps: 26
  - Goals: 4

The table does not provide data for any other clubs during the 2017-18 season, thus confirming that Alex was a part of Juventus during that year. 

Final Answer: Juventus"
821,which club did mullen play the championship from during 2013-14 season?,['raith rovers'],"To find out which club Mullen played for in the Championship during the 2013-14 season, we look at the table under the relevant headings. The only entry that mentions the Championship league during the 2013-14 season is for ""Raith Rovers.""

From the table:

- **Raith Rovers**
  - **2013-14 season**
    - **League**: Championship
    - **Apps**: 10
    - **Goals**: 0

Since Mullen is associated with Raith Rovers during the 2013-14 season in the Championship, we conclude that this is the club he played for.

Final Answer: Raith Rovers"
822,what was the number of league games that lee ka yiu played for sham shui po in the 2011-12 season?,[18.0],"To determine the number of league games that Lee Ka Yiu played for Sham Shui Po during the 2011-12 season, we can refer to the relevant row in the table that specifically outlines Sham Shui Po's statistics for that season.

From the table:
- In the 2011-12 season, Sham Shui Po played in the first division.
- The row indicates that Sham Shui Po had ""apps"" (appearances) as follows:
  - For senior shield: 2 apps
  - For league cup: 2 apps
  - For FA cup: 2 apps
- However, there is no specific mention of Lee Ka Yiu, but we assume ""apps"" refers to league appearances as part of the total.

Thus, the total number of league games for the 2011-12 season indicates that there were 18 league games played, of which Lee Ka Yiu's contributions are part of these appearances.

In the row for Sham Shui Po in the 2011-12 season, we see:
- Total apps (including all competitions): 24 (which includes other cups as well).
- By inference, if we are focusing strictly on league games for Sham Shui Po, we consider the highest competitions stated.

The logical conclusion would reflect that the league appearances are generally part of the total recorded as they overlap in competitions. 

Final Answer: 18"
823,"which type of owners who were 15 and older in 2013 had more headcount, unincorporated self-employed or incorporated business owners?",['self-employed'],"To determine which type of owners aged 15 and older had a higher headcount in 2013 between unincorporated self-employed and incorporated business owners, we need to analyze the headcount provided in the table.

From the context provided:

1. **Self-Employed**
   - Non-employer: 2,163,790 
   - Employer: 116,150 
   
   Therefore, the total headcount for self-employed individuals (non-employer + employer) is:
   \( 2,163,790 + 116,150 = 2,279,940 \)

2. **Business Owner**
   - Non-employer: 317,830 
   - Employer: 925,570 
   
   Therefore, the total headcount for business owners (non-employer + employer) is:
   \( 317,830 + 925,570 = 1,243,400 \)

Now, we can compare the headcounts:

- Total self-employed headcount: 2,279,940
- Total business owners headcount: 1,243,400

From this comparison, it is clear that self-employed individuals (including both employers and non-employers) had a significantly higher headcount than business owners.

Final Answer: Self-employed"
824,"in 2013, how many times of each business owner who had employees as many jobs as an unincorporated employer?",[1.941176],"To answer the question regarding how many times each business owner who had employees had as many jobs as an unincorporated employer, we need to analyze the provided table carefully.

From the context given, we have:
- **Business Owner (Employer)**: 925,570 individuals
- **Business Owner (Non-employer)**: 317,830 individuals

The key point in the question is about the comparison between business owners who are employers and those who are non-employers (unincorporated employers). 

The definition of ""jobs"" here seems to indicate the type of employment situation. The analysis focuses on the business owners:
- An **employer** is someone who owns a business and has employees.
- A **non-employer** is someone who operates their business alone and does not have any employees.

The question asks how many times business owners (employers) had as many jobs as non-employers (which can be interpreted as each employer having as many jobs as each non-employer).

To find this, we can set up a ratio of the number of employers to the number of non-employers:
- Employers: 925,570
- Non-employers: 317,830

Next, we calculate the ratio:
\[ \text{Ratio} = \frac{\text{Number of Employers}}{\text{Number of Non-Employers}} = \frac{925,570}{317,830} \approx 2.91 \]

This indicates that, on average, each employer has about 2.91 times the number of jobs compared to a non-employer.

Final Answer: Approximately 2.91 times"
825,"in 2015, where were immigrants from had the highest turnout rate?","['united states, united kingdom, ireland, australia, new zealand']","To determine where immigrants had the highest turnout rate in 2015, we can analyze the voting rates by country or region of birth as presented in the table.

Here's a summary of the turnout rates in 2015 for each region:

- United States, United Kingdom, Ireland, Australia, New Zealand: 84.3%
- Caribbean, Central/South America: 72.5%
- Western/Northern Europe: 82.6%
- Southern Europe: 72.5%
- Eastern Europe: 69.7%
- South Asia: 80.5%
- Southeast Asia: 74.6%
- East Asia: 64.1%
- West Central Asia and Middle East: 73.2%
- Africa: 78.4%

Among these percentages, the highest turnout rate is found with immigrants from the United States, United Kingdom, Ireland, Australia, and New Zealand, which stands at **84.3%**.

Final Answer: United States, United Kingdom, Ireland, Australia, New Zealand"
826,"in 2015, where were immigrants from had the second-highest turnout rate?",['western/northern europe'],"To determine where immigrants had the second-highest turnout rate in federal elections in 2015, we need to analyze the turnout rates from the table for that year. 

Here are the turnout rates in 2015 for each group:

- United States, United Kingdom, Ireland, Australia, New Zealand: 84.3%
- Caribbean, Central/South America: 72.5%
- Western/Northern Europe: 82.6%
- Southern Europe: 72.5%
- Eastern Europe: 69.7%
- South Asia: 80.5%
- Southeast Asia: 74.6%
- East Asia: 64.1%
- West Central Asia and Middle East: 73.2%
- Africa: 78.4%

By comparing these percentages, we can see which ones are the highest:

1. United States, United Kingdom, Ireland, Australia, New Zealand: 84.3%
2. Western/Northern Europe: 82.6% (this has the second-highest turnout rate)
3. South Asia: 80.5%

So, the group of immigrants from Western/Northern Europe had the second-highest turnout rate in the 2015 federal elections.

Final Answer: Western/Northern Europe"
827,"in 2015, where were immigrants from had the third-highest turnout rate?",['south asia'],"To determine where immigrants had the third-highest turnout rate in the 2015 federal elections, we need to extract and compare the turnout percentages for various regions from the provided table.

Focusing on the '2015' column for all immigrants, we see the following turnout rates:

1. United States, United Kingdom, Ireland, Australia, New Zealand: **84.3%**
2. South Asia: **80.5%**
3. Africa: **78.4%**
4. Western/Northern Europe: **82.6%**
5. Eastern Europe: **69.7%**
6. Caribbean, Central/South America: **72.5%**
7. Southern Europe: **72.5%**
8. Southeast Asia: **74.6%**
9. East Asia: **64.1%**
10. West Central Asia and Middle East: **73.2%**

From this list, we can rank the turnout percentages:

1. **84.3%** - United States, United Kingdom, Ireland, Australia, New Zealand
2. **82.6%** - Western/Northern Europe
3. **80.5%** - South Asia

Therefore, the third-highest turnout rate in 2015 was for immigrants from **South Asia**.

Final Answer: South Asia"
828,"between 2011 and 2015, what was the percentage points of the voting rate of immigrants from west central asia and the middle east increased?",[16.5],"The context provided is about voting rates in federal elections by country or region of birth and by sex for the years 2011 and 2015, with accompanying percentage changes. We are asked to find the percentage point increase in the voting rate specifically for immigrants from west central Asia and the Middle East between these years.

From the table, we observe the relevant data for west central Asia and the Middle East:
- In 2011, the voting percentage was 56.7%.
- In 2015, the voting percentage was 73.2%.

To calculate the increase in the percentage points of the voting rate, we perform the following calculation:

\[ 
\text{Increase} = \text{Percentage in 2015} - \text{Percentage in 2011} 
\]

Substituting the values:
\[ 
\text{Increase} = 73.2 - 56.7 = 16.5 
\]

Thus, we find that the voting rate of immigrants from west central Asia and the Middle East increased by 16.5 percentage points between 2011 and 2015.

Final Answer: 16.5"
829,"between 2011 and 2015, what was the percentage points of the voting rate of immigrants from africa increased?",[11.3],"To determine the increase in the voting rate of immigrants from Africa between 2011 and 2015, we can refer to the relevant data provided in the table.

From the table:

- The voting percentage for immigrants from Africa in **2011** was **67.1%**.
- The voting percentage for immigrants from Africa in **2015** was **78.4%**.

To calculate the increase in the voting rate, we subtract the percentage in 2011 from the percentage in 2015:

\[
\text{Increase} = 78.4\% - 67.1\% = 11.3\%
\]

The table also explicitly states this change under the ""change"" column, which further confirms our calculation. Thus, the percentage point increase in the voting rate of immigrants from Africa between 2011 and 2015 is indeed 11.3 percentage points.

Final Answer: 11.3"
830,"between 2011 and 2015, what was the percentage points of the voting rate of immigrants from southeast asia increased?",[10.1],"To determine the increase in the voting rate of immigrants from Southeast Asia between 2011 and 2015, we need to refer to the relevant data from the provided table.

From the table for the category ""southeast asia"":
- In 2011, the voting percentage was **64.5%**
- In 2015, the voting percentage was **74.6%**

Now, we can calculate the change in percentage points:
\[ 
\text{Change} = \text{Percentage in 2015} - \text{Percentage in 2011} 
\]
\[ 
\text{Change} = 74.6 - 64.5 = 10.1 
\]

Therefore, the voting rate of immigrants from Southeast Asia increased by **10.1 percentage points** between 2011 and 2015.

Final Answer: 10.1"
831,"in 2015, how many people did more than 20 million citizens reported having voted in the federal election, compared with about 17.4 million in 2011 increase between 2011 and 2015?",[2635.7],"In the context provided, we can analyze the table, which outlines the number of voters as well as the number of persons eligible to vote in the 2011 and 2015 federal elections, focusing on the vote counts for those years.

From the table, we can see:

- In 2011, the number of voters was approximately 17,445.1 thousand (or about 17.4 million).
- In 2015, the number of voters increased to approximately 20,080.8 thousand (or about 20.1 million).

To calculate the increase in the number of voters between 2011 and 2015, we take the 2015 voter count and subtract the 2011 voter count:

\[ 
20,080.8 \text{ thousand} - 17,445.1 \text{ thousand} = 2,635.7 \text{ thousand} 
\]

This translates to an increase of about 2.636 million voters (since 1 thousand equals 1 million).

Thus, the clear answer to the question regarding the increase in the number of votes reported between 2011 and 2015 is approximately 2.636 million.

Final Answer: 2.636 million"
832,how many combined tackles did david get in 2012?,[112.0],"To answer the question regarding the combined tackles that David recorded in 2012, we can look directly at the table provided. 

In the table, for the year 2012:
- The row corresponding to David shows the statistic for combined tackles (comb). 

From the data:
- Combined tackles in 2012: **139**

Thus, the answer to the question is straightforward, as the relevant statistic is specifically listed in the provided table.

Final Answer: 139"
833,how many passing yards did manning get in 2009?,[4021.0],"The table provides the statistics for passing yards, among other data, for the New York Giants (NYG) across different years. Each row corresponds to a specific year along with the passing statistics for that year.

To specifically answer how many passing yards Eli Manning (the quarterback for the NYG during that period) had in 2009, we find the row for the year 2009:

- For 2009, the passing yards are recorded as 4,021 yards.

Thus, the number of passing yards Eli Manning got in 2009 is clearly stated in the table.

Final Answer: 4021"
834,how many tackles did freeman get in 2012?,[145.0],"To respond to the question, we first need to identify the player referred to as ""freeman"" in the context of the provided table. 

Upon examining the table titled ""regular season,"" we see statistics related to two teams: the Indianapolis Colts and the Chicago Bears, spanning from 2012 to 2017. However, the table does not explicitly mention a player named ""freeman."" 

The statistics provided are organized by season, team, games played, and various defensive metrics, including tackles. The available data lists:
- For 2012, the Indianapolis Colts have 145 combined tackles.
- For 2013, the Indianapolis Colts have 126 combined tackles.
- For 2014, the Indianapolis Colts have 95 combined tackles.
- For 2015, the Indianapolis Colts have 112 combined tackles.
- For 2016, the Chicago Bears have 110 combined tackles.
- For 2017, the Chicago Bears have only 10 combined tackles.

However, without specific player data linking a ""freeman"" to a specific set of stats or a mention of individual performance, we cannot determine how many tackles ""freeman"" got in 2012. It is crucial to know which player's statistics we are analyzing.

Since the question does not provide clear information regarding the player ""freeman,"" there is no answer derived from the presented data.

Final Answer: Not available in the provided data."
835,what is the final rating for jake heaps in 2010?,[116.2],"To determine Jake Heaps' final rating in 2010 from the data provided, we need to focus on the row specific to the year 2010 for the team ""BYU."" The information includes various statistics, but we are particularly interested in the final rating (rtg) column.

In 2010, for BYU:
- The passing stats are:
  - Completions (cmp): 219
  - Attempts (att): 383
  - Passing percentage (pct): 57.2
  - Yards (yds): 2,316
  - Yards per attempt (y/a): 6.0
  - Touchdowns (td): 15
  - Interceptions (int): 9
  - **Rating (rtg)**: 116.2

The final rating calculated for Jake Heaps in 2010 is 116.2.

Final Answer: 116.2"
836,what's the percent of mfp increased per year in the business sector over the period from 1980 to 2000?,[0.4],"The table provides data on multifactor productivity (MFP) growth by industry for two distinct periods: 1980 to 2000 and 2000 to 2015. To determine the percent increase in MFP per year in the business sector from 1980 to 2000, we can use the percentage growth rate provided for the total business sector during that timeframe.

According to the table, the MFP growth from 1980 to 2000 for the total business sector is 0.4%. This percentage represents the total growth over a period of 20 years (from 1980 to 2000).

To find the annual percent increase, we need to divide this total percentage by the number of years (20):
\[
\text{Annual percent increase} = \frac{0.4\%}{20} = 0.02\%
\]
Thus, the multifactor productivity increased by 0.02% per year in the business sector over the period from 1980 to 2000.

Final Answer: 0.02%"
837,what's the percent of it declined in the business sector over the period from 2000 to 2015?,[0.2],"To determine the percent decline in the business sector over the period from 2000 to 2015, we can refer to the relevant data in the table.

From the table, we see the following for the total business sector:
- The percent change from 2000 to 2015 is -0.2%.

This indicates that the multifactor productivity growth in the business sector decreased by 0.2% during the 2000 to 2015 period.

Thus, the answer to the question about the percent decline in the business sector over this period is -0.2%.

Final Answer: -0.2%"
838,"in 2018, what is the percentage of women in british columbia most often reported experiencing sexual assault since age 15?",[36.5],"To answer the question regarding the percentage of women in British Columbia who most often reported experiencing sexual assault since age 15 in 2018, we will look at the relevant section of the provided table.

From the table:

- For British Columbia, the percentage of women experiencing sexual assault is recorded as **36.5%**. 

This figure indicates the proportion of women in British Columbia who reported experiencing sexual assault since the age of 15.

Final Answer: 36.5%"
839,"in 2018, what is the percentage of women in alberta most often reported experiencing sexual assault since age 15?",[35.3],"To answer the question regarding the percentage of women in Alberta who most often reported experiencing sexual assault since age 15 in 2018, we can look directly at the table provided.

From the table we see the following information regarding sexual assault for women in Alberta:
- The percentage of women reporting sexual assault is 35.3%.

Thus, in 2018, the percentage of women in Alberta who reported experiencing sexual assault since age 15 is 35.3%.

Final Answer: 35.3%"
840,"in contrast, women in which two places were the least likely to report being the victim of a sexual assault among all of the provinces in 2018?","['newfoundland and labrador', 'quebec']","To answer the question regarding the provinces where women were least likely to report being the victim of sexual assault in 2018, we need to look at the ""percent"" column under the ""sexual assault"" category for women in each province from the provided table.

Here are the percentages of women reporting sexual assault in each province:

- Newfoundland and Labrador: 25.4%
- Prince Edward Island: 34.6%
- Nova Scotia: 33.1%
- New Brunswick: 28.5%
- Quebec: 24.5%
- Ontario: 29.8%
- Manitoba: 31.7%
- Saskatchewan: 30.9%
- Alberta: 35.3%
- British Columbia: 36.5%

From the percentages listed, the two lowest are as follows:
1. Quebec: 24.5%
2. Newfoundland and Labrador: 25.4%

Therefore, the two provinces where women were least likely to report being the victim of a sexual assault are Quebec and Newfoundland and Labrador.

Final Answer: Quebec, Newfoundland and Labrador"
841,what is the percentage of women in newfoundland and labrador reported being the victim of a sexual assault since age 15 in 2018?,[25.4],"To determine the percentage of women in Newfoundland and Labrador who reported being victims of sexual assault since age 15 in 2018, we refer to the relevant section of the table that details sexual assault statistics by province and gender.

From the table, we can find the following:

- For **Newfoundland and Labrador**:
  - The percentage of women who reported being victims of sexual assault is **25.4%**.

Thus, the calculated percentage is clearly stated, and no further calculations are required since the information is directly available from the table.

Final Answer: 25.4%"
842,what is the percentage of women in quebec reported being the victim of a sexual assault since age 15 in 2018?,[24.5],"To determine the percentage of women in Quebec reported as victims of sexual assault since age 15 in 2018, we can refer to the relevant section in the provided table. 

The specific row for sexual assault in Quebec indicates:
- Women: 24.5% (with a confidence interval of 22.8% to 26.0%).

This percentage reflects the proportion of women in Quebec who reported being victims of sexual assault since the age of 15 during the specified year.

Thus, the clear answer based on the table information is:

Final Answer: 24.5%"
843,"for men, the prevalence of sexual assault in which province was higher than the provincial average in 2018?",['british columbia'],"To determine the prevalence of sexual assault among men in various provinces and identify where it was higher than the provincial average in 2018, we need to find the sexual assault percentages for men in each province and compare them to the provincial average.

From the table, we see the following percentages for men regarding sexual assault:

- Newfoundland and Labrador: 8.2%
- Prince Edward Island: 6.1%
- Nova Scotia: 9.6%
- New Brunswick: 9.8%
- Quebec: 5.7%
- Ontario: 8.2%
- Manitoba: 8.9%
- Saskatchewan: 7.9%
- Alberta: 9.4%
- British Columbia: 11.1%

The provincial average for men (from the last row of the sexual assault section of the table) is 8.2%.

Now, we will compare each province's percentage of sexual assault in men to this average of 8.2%:

1. Newfoundland and Labrador: 8.2% (equal, not higher)
2. Prince Edward Island: 6.1% (lower)
3. Nova Scotia: 9.6% (higher)
4. New Brunswick: 9.8% (higher)
5. Quebec: 5.7% (lower)
6. Ontario: 8.2% (equal, not higher)
7. Manitoba: 8.9% (higher)
8. Saskatchewan: 7.9% (lower)
9. Alberta: 9.4% (higher)
10. British Columbia: 11.1% (higher)

The provinces with higher prevalence of sexual assault among men than the provincial average (8.2%) are:

- Nova Scotia (9.6%)
- New Brunswick (9.8%)
- Manitoba (8.9%)
- Alberta (9.4%)
- British Columbia (11.1%)

Final Answer: Nova Scotia, New Brunswick, Manitoba, Alberta, British Columbia"
844,"for men, what is the prevalence of sexual assault in british columbia in 2018?",[11.1],"To find the prevalence of sexual assault among men in British Columbia in 2018, we need to refer to the relevant section of the table that pertains to sexual assault and men.

Looking at the data for British Columbia under the sexual assault category:
- The percent for men is given as **11.1%**.

This percentage represents the prevalence of sexual assault for men in British Columbia in 2018.

Final Answer: 11.1%"
845,"for men, what is the prevalence of sexual assault of the provincial average in 2018?",[8.2],"To determine the prevalence of sexual assault among men at the provincial average for 2018, we look at the relevant data in the given table.

In the table, the column for men lists the percentage of sexual assault incidents for each province. We will summarize the percentages for men for each province:

- Newfoundland and Labrador: 8.2%
- Prince Edward Island: 6.1%
- Nova Scotia: 9.6%
- New Brunswick: 9.8%
- Quebec: 5.7%
- Ontario: 8.2%
- Manitoba: 8.9%
- Saskatchewan: 7.9%
- Alberta: 9.4%
- British Columbia: 11.1%

Next, we'll calculate the provincial average for men for sexual assault incidents. We do this by adding all the percentages and dividing by the number of provinces:

\[ 
\text{Average} = \frac{(8.2 + 6.1 + 9.6 + 9.8 + 5.7 + 8.2 + 8.9 + 7.9 + 9.4 + 11.1)}{10} 
\]

Calculating the sum:
\( 
8.2 + 6.1 + 9.6 + 9.8 + 5.7 + 8.2 + 8.9 + 7.9 + 9.4 + 11.1 = 82.1 
\)

Now, dividing by 10 to find the average:
\[ 
\text{Average} = \frac{82.1}{10} = 8.21\%
\]

Thus, the Provincial average prevalence of sexual assault among men in 2018 is **8.21%**.

Final Answer: 8.21%"
846,"in 2018, which gender was more likely to report experiencing physical assault since age 15?",['men'],"To answer the question about which gender was more likely to report experiencing physical assault since age 15 in 2018, we need to look at the relevant data from the table shown.

From the table, for physical assault, we have the following percent values for men and women across different provinces:

| Province                  | Women (%) | Men (%) |
|--------------------------|-----------|---------|
| Newfoundland and Labrador | 21.5      | 26.3    |
| Prince Edward Island      | 30.3      | 29.6    |
| Nova Scotia               | 28.0      | 39.7    |
| New Brunswick             | 23.9      | 30.1    |
| Quebec                    | 20.8      | 26.1    |
| Ontario                   | 26.6      | 33.4    |
| Manitoba                  | 28.6      | 36.5    |
| Saskatchewan             | 25.6      | 36.5    |
| Alberta                   | 30.5      | 39.1    |
| British Columbia          | 29.5      | 38.7    |

To determine which gender is more likely to report experiencing physical assault, we compare the percentages for women and men. 

Looking at the data, we summarize the maximum values:

1. The highest percentage for women is 30.5% (Alberta).
2. The highest percentage for men is 39.7% (Nova Scotia).

From this analysis, we can see that men have higher percentages of reporting physical assault across all provinces compared to women. 

In conclusion, in 2018, men were more likely to report experiencing physical assault since age 15 than women.

Final Answer: Men"
847,"in 2018, what is the percentage of men at the provincial average being to report experiencing physical assault since age 15?",[33.3],"To answer the question regarding the percentage of men at the provincial average who reported experiencing physical assault since age 15 in 2018, we will analyze the provided data from the relevant section of the table.

Looking at the column for ""men"" under the ""physical assault"" row at the provincial level, the relevant percentage is displayed:

- Under ""provinces"" for ""physical assault,"" the statistic for men is:
  - Percent: 33.3%

Thus, the provincial average percentage of men reporting experiencing physical assault since age 15 is 33.3%.

Final Answer: 33.3%"
848,"in 2018, what is the percentage of women at the provincial average being to report experiencing physical assault since age 15?",[26.1],"To determine the percentage of women reporting experiencing physical assault since age 15 at the provincial average in 2018, we need to look at the provided percentages for each province and then calculate the average.

From the table, the percentages of women reporting physical assault in each province are as follows:

- Newfoundland and Labrador: 21.5%
- Prince Edward Island: 30.3%
- Nova Scotia: 28.0%
- New Brunswick: 23.9%
- Quebec: 20.8%
- Ontario: 26.6%
- Manitoba: 28.6%
- Saskatchewan: 25.6%
- Alberta: 30.5%
- British Columbia: 29.5%

To find the provincial average, we sum these percentages and then divide by the number of provinces (10).

**Calculating the Provincial Average:**

Sum:
21.5 + 30.3 + 28.0 + 23.9 + 20.8 + 26.6 + 28.6 + 25.6 + 30.5 + 29.5 =  26.25 (total sum)

Now, divide by 10 (the number of provinces):
Average = Total Sum / Number of Provinces
Average = 26.25 / 10 = 26.25%

The provincial average of women reporting physical assault since age 15 in 2018 is 26.25%.

Final Answer: 26.25%"
849,"in almost every province, which gender was more likely since their age 15 to have been physically assaulted in 2018?",['men'],"The table presents data regarding violent victimization by gender in various provinces for physical assault. Each row under the ""women"" and ""men"" categories shows the percentage of individuals in that gender who reported experiencing physical assault since the age of 15, along with confidence intervals.

To determine which gender was more likely to have been physically assaulted since age 15 across the provinces, we must compare the percentages of women and men for each province.

From the data:

- **Newfoundland and Labrador**: Women: 21.5% | Men: 26.3% (Men more likely)
- **Prince Edward Island**: Women: 30.3% | Men: 29.6% (Women more likely)
- **Nova Scotia**: Women: 28.0% | Men: 39.7% (Men more likely)
- **New Brunswick**: Women: 23.9% | Men: 30.1% (Men more likely)
- **Quebec**: Women: 20.8% | Men: 26.1% (Men more likely)
- **Ontario**: Women: 26.6% | Men: 33.4% (Men more likely)
- **Manitoba**: Women: 28.6% | Men: 36.5% (Men more likely)
- **Saskatchewan**: Women: 25.6% | Men: 36.5% (Men more likely)
- **Alberta**: Women: 30.5% | Men: 39.1% (Men more likely)
- **British Columbia**: Women: 29.5% | Men: 38.7% (Men more likely)

In summary, in most provinces, men experienced higher percentages of physical assault than women. The only exception noted was Prince Edward Island, where women had a slightly higher percentage than men.

Thus, the conclusion is that in almost every province, men were more likely to have been physically assaulted since age 15.

Final Answer: Men"
850,"among the provinces, men who were 15 or older in which three provinces were more likely to report experiencing physical assault than other provinces and the provincial average overall in 2018?","['nova scotia', 'alberta', 'british columbia']","To determine which three provinces had the highest percentages of men aged 15 or older reporting physical assault in 2018, we need to analyze the relevant data from the table for men:

- Newfoundland and Labrador: 26.3%
- Prince Edward Island: 29.6%
- Nova Scotia: 39.7%
- New Brunswick: 30.1%
- Quebec: 26.1%
- Ontario: 33.4%
- Manitoba: 36.5%
- Saskatchewan: 36.5%
- Alberta: 39.1%
- British Columbia: 38.7%
- Provincial average for men: 33.3%

Now we can compare the percentages for each province against the provincial average (33.3%) to determine which provinces had a higher percentage than this average.

The percentages higher than 33.3% among provinces are:
1. **Nova Scotia:** 39.7%
2. **Alberta:** 39.1%
3. **British Columbia:** 38.7%
4. **Ontario:** 33.4% (this is slightly above average but not significantly higher)
5. **Manitoba:** 36.5%
6. **Saskatchewan:** 36.5%

The top three provinces with the highest percentages of men aged 15 or older reporting physical assault and above the provincial average are:
1. **Nova Scotia:** 39.7%
2. **Alberta:** 39.1%
3. **British Columbia:** 38.7%

Final Answer: Nova Scotia, Alberta, British Columbia"
851,"in nova scotia, what is the percentage of men since age 15 report experiencing physical assault in 2018?",[39.7],"The table presents data on violent victimization since age 15 in Nova Scotia, classified by type of victimization and gender. To find the percentage of men reporting experiencing physical assault in Nova Scotia in 2018, we look specifically at the row for ""physical assault"" under the ""men"" column.

From the data for Nova Scotia under the physical assault category, the percentage of men who reported experiencing physical assault is:

- Men: 39.7%

Therefore, the answer to the question is that in Nova Scotia, the percentage of men who reported experiencing physical assault since age 15 in 2018 is 39.7%.

Final Answer: 39.7%"
852,"in alberta, what is the percentage of men since age 15 report experiencing physical assault in 2018?",[39.1],"Looking at the table for the province of Alberta under the category of ""physical assault"" related to men, we find the following data:

- The percentage of men in Alberta reporting physical assault since age 15 in 2018 is **39.1%**.

Final Answer: 39.1%"
853,"in british columbia, what is the percentage of men since age 15 report experiencing physical assault in 2018?",[38.7],"To answer the question regarding the percentage of men in British Columbia who reported experiencing physical assault since age 15 in 2018, we can refer directly to the relevant data provided in the table.

From the section of the table that pertains to physical assault in British Columbia, we find:

- The percentage for men experiencing physical assault is recorded as **38.7%**.

Therefore, the percentage of men in British Columbia who reported experiencing physical assault since age 15 in 2018 is 38.7%.

Final Answer: 38.7%"
854,"in other provinces and the provincial average overall, what is the percentage of men since age 15 report experiencing physical assault in 2018?",[33.3],"To find the percentage of men across various provinces who report experiencing physical assault since age 15 in 2018, we can look at the corresponding data for men from the physical assault row in the provided table.

The percentages for men by province are as follows:
- Newfoundland and Labrador: 26.3%
- Prince Edward Island: 29.6%
- Nova Scotia: 39.7%
- New Brunswick: 30.1%
- Quebec: 26.1%
- Ontario: 33.4%
- Manitoba: 36.5%
- Saskatchewan: 36.5%
- Alberta: 39.1%
- British Columbia: 38.7%

Next, we calculate the provincial average overall for men experiencing physical assault. We will sum these percentages and divide by the number of provinces:

\[
\text{Total Percentage} = 26.3 + 29.6 + 39.7 + 30.1 + 26.1 + 33.4 + 36.5 + 36.5 + 39.1 + 38.7 =  396.1
\]

Now we divide this total by the number of provinces (10):

\[
\text{Provincial Average} = \frac{396.1}{10} = 39.61\%
\]

Thus, the average percentage of men since age 15 who report experiencing physical assault in 2018 is approximately 39.6%.

Final Answer: [26.3, 29.6, 39.7, 30.1, 26.1, 33.4, 36.5, 36.5, 39.1, 38.7], Average: 39.61%"
855,"for women since age 15, compared to the likelihood of experiencing physical assault in alberta and the provincial average, which is much higher?",['alberta'],"To determine which likelihood of experiencing physical assault is higher for women since age 15, we need to compare the percentage of physical assault for women in Alberta with the provincial average.

From the table, we can extract the percentage of physical assault for women:
- In Alberta: **30.5%**
- Provincial average: **26.1%**

Now, we compare these two percentages:
- Alberta (30.5%) is higher than the provincial average (26.1%).

Thus, we conclude that women in Alberta have a higher likelihood of experiencing physical assault since age 15 compared to the provincial average.

Final Answer: Alberta"
856,"for women since age 15, compared to the likelihood of experiencing physical assault in british columbia and the provincial average, which is much higher?",['british columbia'],"To determine which percentage is much higher for women experiencing physical assault since age 15 between British Columbia and the provincial average, we will compare the relevant figures from the table.

From the table:
- The percentage of women in British Columbia experiencing physical assault is **29.5%**.
- The provincial average percentage for women experiencing physical assault is **26.1%**.

Next, we compare these two values:

- British Columbia (29.5%) is greater than the provincial average (26.1%).
- The difference is: 29.5% - 26.1% = 3.4%. 

Since British Columbia's percentage is higher than the provincial average, we can conclude that women in British Columbia have a higher likelihood of experiencing physical assault compared to the provincial average.

Final Answer: British Columbia"
857,"for women since age 15, what is the percentage of them experienced physical assault in alberta in 2018?",[30.5],"The table provides data on violent victimization since age 15, including the percentage of women who experienced physical assault across various provinces in 2018. 

From the specific section of the table regarding physical assault for women in Alberta:
- The percentage of women who experienced physical assault in Alberta is 30.5%.

Thus, the response to the question about the percentage of women since age 15 who experienced physical assault in Alberta in 2018 is straightforward.

Final Answer: 30.5%"
858,"for women since age 15, what is the percentage of them experienced physical assault in british columbia in 2018?",[29.5],"The table provides data on violent victimization since age 15, broken down by type of victimization (physical assault) and gender, specifically for women in British Columbia in 2018.

From the table, the relevant statistics are:
- For women in British Columbia, the percentage that experienced physical assault is 29.5%.

This percentage indicates the proportion of women who reported experiencing physical assault in the province in the given year.

Final Answer: 29.5%"
859,"for women since age 15, what is the percentage of them experienced physical assault of the provincial average in 2018?",[26.1],"To find the provincial average percentage of women who experienced physical assault since age 15 in 2018, we will look at the percentages given for women in each province in the ""physical assault"" section of the table:

- Newfoundland and Labrador: 21.5%
- Prince Edward Island: 30.3%
- Nova Scotia: 28.0%
- New Brunswick: 23.9%
- Quebec: 20.8%
- Ontario: 26.6%
- Manitoba: 28.6%
- Saskatchewan: 25.6%
- Alberta: 30.5%
- British Columbia: 29.5%

To find the provincial average percentage, we will sum these percentages and then divide by the number of provinces.

**Calculating the sum:**
\[ 
21.5 + 30.3 + 28.0 + 23.9 + 20.8 + 26.6 + 28.6 + 25.6 + 30.5 + 29.5 =  30.6 + 30.8 + 23.9 + 20.8 + 26.6 + 28.6 + 25.6 + 30.5 + 29.5 = 278.3 
\]

**Count of provinces:**
There are 10 provinces listed.

**Calculating the average percentage:**
\[ 
\text{Average} = \frac{278.3}{10} = 27.83\%
\]

Therefore, the provincial average percentage of women who experienced physical assault since age 15 in 2018 is approximately 27.83%.

Final Answer: 27.83%"
860,how many billion dollars of r&d did companies perform in the united states in 2015?,[355821.0],"The table provides the total domestic R&D (Research and Development) performed by companies in the United States for the year 2015. The relevant data can be found in the first row under the 'total' column.

According to the table:

- The total R&D performed by companies in all locations is **$355,821 million.**
- To convert this amount into billion dollars, we divide by 1,000.

Calculating this gives:

\[
355,821 \, \text{million} \div 1,000 = 355.821 \quad \text{billion dollars}
\]

Therefore, the total amount of R&D performed by companies in the United States in 2015 is approximately **$355.821 billion**.

Final Answer: 355.821 billion"
861,"in total, what is the percentage of all drug-related cases completed in adult criminal court resulted in a guilty decision from 2008/2009 to 2011/2012?",[52.0],"To determine the percentage of all drug-related cases completed in adult criminal court that resulted in a guilty decision from 2008/2009 to 2011/2012, we will look at the row that summarizes all completed drug-related cases, specifically focusing on the ""guilty"" column. 

From the table:

- The total number of completed drug-related cases is **137,182**.
- The number of cases that resulted in a guilty decision is **70,959**.

Now, we calculate the percentage of cases that resulted in a guilty decision using the formula:

\[
\text{Percentage of Guilty} = \left( \frac{\text{Number of Guilty Cases}}{\text{Total Completed Cases}} \right) \times 100
\]

Substituting the values:

\[
\text{Percentage of Guilty} = \left( \frac{70,959}{137,182} \right) \times 100 \approx 51.7\%
\]

Rounding this to a simpler representation, we can state that approximately 52% of all drug-related cases resulted in a guilty decision.

Final Answer: 52%"
862,"what is the percentage of the cannabis offences, which made up the majority of completed drug-related cases but were less likely to result in a decision of guilt from 2008/2009 to 2011/2012?",[44.0],"To determine the percentage of cannabis offences that made up the majority of completed drug-related cases but were less likely to result in a decision of guilt from the provided table, we need to analyze the relevant columns and rows.

Firstly, we can observe the statistics for cannabis offences under the ""completed drug-related cases"":

- **Total completed cases related to drug possession for cannabis**: 
  - Number of guilty: 25,219
  - Number of total: 58,938
  - Percentage of guilty: 43%

- **Total completed drug-related cases for cannabis**:
  - Number of guilty: 32,971
  - Number of total: 74,806
  - Percentage of guilty: 44%

Now, we can also consider the overall completed drug-related cases, where the total number was 137,182, and the total for cannabis was 74,806. 

Next, let's assess the percentages:

1. The percentage of completed drug-related cases that are cannabis offences:
   \[
   \text{Percentage of cannabis offences} = \left( \frac{74,806}{137,182} \right) \times 100 \approx 54.5\%
   \]

2. The reasoning mentions that cannabis offences were less likely to result in a decision of guilt. 
   The percentage of guilty decisions for cannabis (44%) is indeed lower compared to other categories like ""other drugs"" (61%), ""cocaine"" (62%), and ""heroin"" (63%).

Thus, cannabis, while making up about 54.5% of total completed drug-related cases, had a relatively low conviction rate of 44%.

Final Answer: 54.5%"
863,"completed cases involving other types of drugs resulted in guilty decisions more often, what is the percentage of heroin from 2008/2009 to 2011/2012?",[63.0],"To determine the percentage of guilty decisions for completed cases involving heroin from 2008/2009 to 2011/2012, we need to refer to the specific row for heroin within the completed drug-related cases in the table provided.

From the table, the relevant information regarding heroin is as follows:

- **Number of guilty decisions for heroin cases**: 1,483
- **Total number of completed cases for heroin**: 2,372

To find the percentage of cases involving heroin that resulted in guilty decisions, we apply the following formula:

\[
\text{Percentage of guilty decisions} = \left( \frac{\text{Number of guilty decisions}}{\text{Total number of completed cases}} \right) \times 100
\]

Calculating this:

\[
\text{Percentage of guilty decisions for heroin} = \left( \frac{1,483}{2,372} \right) \times 100 \approx 62.5\%
\]

In conclusion, the percentage of completed cases involving heroin that resulted in guilty decisions from 2008/2009 to 2011/2012 is approximately 63% when rounded to the nearest whole number.

Final Answer: 63%"
864,"completed cases involving other types of drugs resulted in guilty decisions more often, what is the percentage of cocaine from 2008/2009 to 2011/2012?",[62.0],"To determine the percentage of guilty decisions involving cocaine among completed drug-related cases from 2008/2009 to 2011/2012, we will refer to the relevant part of the table.

For cocaine, we find the following values:
- Number of guilty decisions: 24,838
- Total completed drug-related cases: 39,979

To calculate the percentage of cocaine cases that resulted in guilty decisions, we use the formula:

\[
\text{Percentage} = \left( \frac{\text{Number of guilty decisions}}{\text{Total completed cases}} \right) \times 100
\]

Substituting the values:

\[
\text{Percentage} = \left( \frac{24,838}{39,979} \right) \times 100 \approx 62\%
\]

Thus, when completed cases involving cocaine were analyzed, it was found that approximately 62% resulted in guilty decisions.

Final Answer: 62%"
865,"completed cases involving other types of drugs resulted in guilty decisions more often, what is the percentage of cocaine from 2008/2009 to 2011/2012?",[62.0],"The table provides a summary of completed drug-related cases in adult criminal court in Canada from 2008/2009 to 2011/2012. We need to find the percentage of guilty decisions specifically related to cocaine cases.

From the relevant part of the table on completed drug-related cases:

For cocaine, the relevant numbers are:
- Number of guilty decisions: 24,838
- Total completed cases related to cocaine: 39,979

To find the percentage of guilty decisions for cocaine, we can use the formula:

\[
\text{Guilty Percentage} = \left(\frac{\text{Number of Guilty Decisions}}{\text{Total Completed Cases}}\right) \times 100
\]

Substituting the values:
\[
\text{Guilty Percentage} = \left(\frac{24,838}{39,979}\right) \times 100 \approx 62\%
\]

Thus, the percentage of guilty decisions for cocaine cases is reported as 62%.

Final Answer: 62"
866,what is the percentage of all completed drug-related cases were stayed or withdrawn from 2008/2009 to 2011/2012?,[47.0],"To determine the percentage of all completed drug-related cases that were stayed or withdrawn from 2008/2009 to 2011/2012, we need to focus on the total completed drug-related cases and the corresponding number that were stayed or withdrawn.

From the relevant section of the table for all completed drug-related cases, we see the following values:
- Total completed drug-related cases: 137,182
- Number stayed/withdrawn: 65,010

To find the percentage of cases that were stayed or withdrawn, we can use the following formula:

\[
\text{Percentage stayed/withdrawn} = \left( \frac{\text{Number stayed/withdrawn}}{\text{Total completed drug-related cases}} \right) \times 100
\]

Substituting the values:

\[
\text{Percentage stayed/withdrawn} = \left( \frac{65,010}{137,182} \right) \times 100 \approx 47.4\%
\]

Thus, approximately 47.4% of all completed drug-related cases were stayed or withdrawn.

Final Answer: 47.4%"
867,what is the percentage of cannabis of completed drug-related cases were stayed or withdrawn from 2008/2009 to 2011/2012?,[55.0],"To find the percentage of cannabis completed drug-related cases that were stayed or withdrawn, we need to look specifically at the row corresponding to cannabis in the section for completed drug-related cases from the table.

From the relevant section of the table:

For cannabis:
- Number stayed/withdrawn: 41,252
- Total completed cases: 74,806

To find the percentage, we calculate the following:

\[ 
\text{Percentage stayed/withdrawn for cannabis} = \left( \frac{\text{Number stayed/withdrawn}}{\text{Total completed cases}} \right) \times 100
\]

Substituting in the values:

\[ 
\text{Percentage stayed/withdrawn for cannabis} = \left( \frac{41,252}{74,806} \right) \times 100 \approx 55\%
\]

Thus, the percentage of cannabis completed drug-related cases that were stayed or withdrawn from 2008/2009 to 2011/2012 is approximately 55%.

Final Answer: 55%"
868,what is the percentage of other drugs of completed drug-related cases were stayed or withdrawn from 2008/2009 to 2011/2012?,[38.0],"To determine the percentage of ""other drugs"" of completed drug-related cases that were stayed or withdrawn from the table, we need to refer to the row that describes ""other drugs"" under the section ""completed drug-related cases.""

Looking at the relevant data from the table:

- Total number of ""other drugs"" completed drug-related cases: 62,376
- Number of ""other drugs"" cases that were stayed/withdrawn: 23,758
- Percent of ""other drugs"" cases that were stayed/withdrawn: 38%

This data is presented in the following format:

|	type of offence and type of drug	|	 stayed/withdrawn number	|	 stayed/withdrawn percent	|	
|		|	23,758	|	38%	|	

Thus, the percentage of ""other drugs"" that were stayed or withdrawn from 2008/2009 to 2011/2012 is 38%.

Final Answer: 38%"
869,"what is the percentage of completed possession cases invoving guilty, the most common outcome from 2008/2009 to 2011/2012?",[51.0],"To determine the percentage of completed possession cases involving the guilty outcome from 2008/2009 to 2011/2012, we refer to the data in the table specifically focusing on the completed cases related to drug possession.

From the table, for completed cases related to drug possession, we find the following relevant data:

- Total completed cases related to drug possession: 94,085
- Number of guilty outcomes: 47,959

To calculate the percentage of completed possession cases involving the guilty outcome, we use the formula:

\[
\text{Percentage of guilty outcomes} = \left(\frac{\text{Number of guilty outcomes}}{\text{Total completed cases}}\right) \times 100
\]

Substituting the relevant values:

\[
\text{Percentage of guilty outcomes} = \left(\frac{47,959}{94,085}\right) \times 100 \approx 51.0\%
\]

Thus, the percentage of completed possession cases involving the guilty outcome from 2008/2009 to 2011/2012 is approximately 51%.

Final Answer: 51%"
870,"what is the percentage of completed supply cases invoving guilty, the most common outcome from 2008/2009 to 2011/2012?",[53.0],"To determine the percentage of completed drug supply cases involving a guilty outcome, we need to look specifically at the section of the table that pertains to completed cases related to drug supply and the ""guilty"" column.

From the relevant section:
- **Total completed cases related to drug supply**:
  - **Guilty**: 23,000 individuals
  - **Total**: 43,097 individuals

Next, to find the percentage of guilty outcomes, we use the formula:

\[
\text{Percentage of Guilty} = \left( \frac{\text{Number of Guilty}}{\text{Total Number of Completed Cases}} \right) \times 100
\]

Applying the numbers from the table:

\[
\text{Percentage of Guilty} = \left( \frac{23,000}{43,097} \right) \times 100 \approx 53.4\%
\]

After performing the calculation, we conclude that the percentage of completed supply cases that resulted in a guilty finding is approximately 53.4%.

Final Answer: 53.4%"
871,"what is the percentage of completed supply cases invoving stay or withdrawal, the second common outcome from 2008/2009 to 2011/2012?",[45.0],"To answer the question of what percentage of completed supply cases involved a stay or withdrawal from 2008/2009 to 2011/2012, we will refer to the relevant section in the table regarding completed cases related to drug supply.

From the data in the table, we look at the total completed cases related to drug supply and find the corresponding numbers for stayed/withdrawn cases:

- Total completed cases related to drug supply: 43,097 (number)
- Stayed/withdrawn: 19,483 (number)

Next, we need to calculate the percentage of stayed/withdrawn cases relative to the total completed cases. 

The formula for this calculation is:

\[
\text{Percentage of stayed/withdrawn} = \left( \frac{\text{number of stayed/withdrawn}}{\text{total completed cases}} \right) \times 100
\]

Substituting the values:

\[
\text{Percentage} = \left( \frac{19,483}{43,097} \right) \times 100 \approx 45\%
\]

Thus, we can conclude that the percentage of completed supply cases involving stay or withdrawal from 2008/2009 to 2011/2012 is roughly 45%.

Final Answer: 45%"
872,"what is the percentage of completed possession cases invoving stay or withdrawal, the second common outcome from 2008/2009 to 2011/2012?",[48.0],"To determine the percentage of completed possession cases involving stay or withdrawal, we need to look at the relevant section of the provided table for completed cases related to drug possession. The ""stayed/withdrawn"" outcome is the specific column we are focused on.

From the table for ""completed cases related to drug possession"", we can find the specific entries for ""stayed/withdrawn"":

- For cannabis: 33,369 (number) with a percentage of 57%
- For other drugs: 12,158 (number) with a percentage of 35%
- For cocaine: 6,933 (number) with a percentage of 33%
- For heroin: 355 (number) with a percentage of 32%
- For methamphetamines: 641 (number) with a percentage of 34%
- For ecstasy: 345 (number) with a percentage of 40%
- For other CDSA: 3,884 (number) with a percentage of 38%

Now, let's focus on the percentage values under the stayed/withdrawn category. The highest number of stayed/withdrawn cases is for cannabis, which is at 57% and is the second common outcome along with the other drugs.

Given that ""stay or withdrawal"" is the second common outcome and corresponds to 48% in the total row for completed cases related to drug possession:

Thus, the percentage of completed possession cases involving stay or withdrawal is 48%.

Final Answer: 48%"
873,"broken down by type of drug, what is the percentage of cannabis supply offences with a guilty decision from 2008/2009 to 2011/2012?",[49.0],"To answer the question regarding the percentage of cannabis supply offences with a guilty decision from 2008/2009 to 2011/2012, we need to locate the relevant data in the provided table.

From the table, we can see the breakdown of cannabis supply offences under 'completed cases related to drug supply'. The relevant data extracted is as follows:

- For cannabis supply offences:
  - Guilty: 7,752 (number)
  - Total: 15,868 (number)
  
To find the percentage of guilty decisions for cannabis supply offences, we can use the formula:

\[
\text{Percentage} = \left( \frac{\text{Number of Guilty Decisions}}{\text{Total Cases}} \right) \times 100
\]

Applying the values:

\[
\text{Percentage} = \left( \frac{7,752}{15,868} \right) \times 100 \approx 48.8\%
\]

Thus, the percentage of cannabis supply offences with a guilty decision is approximately 49%.

Final Answer: 49%"
874,"broken down by type of drug, what is the percentage of cannabis possession offences with a guilty decision from 2008/2009 to 2011/2012?",[43.0],"To answer the question, we need to extract the relevant information regarding cannabis possession offences from the provided table.

From the table, we identify the row corresponding to completed cases related to drug possession and specifically for cannabis:

- For cannabis possession offences, the table shows:
  - Number with a guilty decision: **25,219**
  - Percentage with a guilty decision: **43%**

Thus, the percentage of cannabis possession offences that resulted in a guilty decision from 2008/2009 to 2011/2012 is **43%**.

Final Answer: 43%"
875,"broken down by type of drug, what is the percentage of completed cases involving drugs other for supply with a guilty decision from 2008/2009 to 2011/2012?",[56.0],"To determine the percentage of completed cases involving ""other drugs"" for supply with a guilty decision from 2008/2009 to 2011/2012, we can refer to the relevant section of the table regarding completed cases related to drug supply.

From the table, we find the following data specifically for ""other drugs"" in the section related to drug supply:

- Number of guilty decisions: 15,248
- Total number of cases for ""other drugs"" in supply: 27,229

To calculate the percentage of guilty decisions, we use the formula:

\[
\text{Percentage} = \left(\frac{\text{Number of guilty decisions}}{\text{Total number of cases}}\right) \times 100
\]

Substituting in the numbers:

\[
\text{Percentage} = \left(\frac{15,248}{27,229}\right) \times 100 \approx 56\%
\]

This corresponds to the already given percentage in the table for ""other drugs"" for the supply section. 

Final Answer: 56%"
876,"broken down by type of drug, what is the percentage of completed cases involving drugs other for possession with a guilty decision from 2008/2009 to 2011/2012?",[65.0],"To answer the question, we need to find the percentage of completed cases involving ""other drugs"" for drug possession that resulted in a guilty decision from the data provided in the table.

From the context table, we focus on the section ""completed cases related to drug possession"" specifically for ""other drugs"". 

The relevant data is:
- For ""other drugs"" related to possession:
  - Number of guilty decisions: **22,740**
  - Total number of completed cases related to possession: **35,147**.

To find the percentage of completed cases that resulted in a guilty decision, we can use the formula:

\[
\text{Percentage} = \left( \frac{\text{Number of Guilty}}{\text{Total Completed Cases}} \right) \times 100
\]

Substituting in the numbers:

\[
\text{Percentage} = \left( \frac{22,740}{35,147} \right) \times 100 \approx 64.7\%
\]

We can round this to one decimal place, hence the percentage of completed cases involving ""other drugs"" for possession resulting in a guilty decision from 2008/2009 to 2011/2012 is approximately **64.7%**.

Final Answer: 64.7%"
877,what was the total number of appearances made by joe maloney in his 11-year career?,[289.0],"To answer the question about the total number of appearances made by Joe Maloney in his 11-year career, we need to refer to the final section of the data provided, which summarizes his career statistics.

In the table provided, the relevant information is found in the ""career total"" row, which states:
- Total appearances: 276

This indicates that over the course of his career, Joe Maloney made 276 appearances.

Final Answer: 276"
878,"in 2018/2019, how many adults the total of admissions to adult correctional services?",[383369.0],"The table provides a breakdown of admissions to adult correctional services in 2018/2019 by jurisdiction and type of supervision. To find the total of admissions to adult correctional services, we need to look at the ""total"" column under ""total correctional services.""

From the ""total correctional services"" column:

- Newfoundland and Labrador: 3,267
- Prince Edward Island: 1,803
- Nova Scotia: 7,534
- New Brunswick: 8,025
- Quebec: 67,726
- Ontario: 94,168
- Manitoba: 37,324
- Saskatchewan: 23,439
- Alberta: 69,290
- British Columbia: 50,652
- Yukon: 1,397
- Northwest Territories: 1,708
- Nunavut: 2,488
- Total - Provinces and Territories: 368,821
- Federal: 14,548
- Total - All Jurisdictions: 383,369

To find the answer, we simply reference the final total entry in the table, which states that ""total-all jurisdictions"" admissions to adult correctional services is 383,369.

Final Answer: 383,369"
879,"in 2018/2019,how many adults the total of admissions to provincial/territorial corrections?",[368821.0],"To determine the total admissions to provincial/territorial corrections in 2018/2019, we need to look at the ""total"" column for the jurisdictions excluding the ""federal"" row. 

From the table, the following totals for each provincial or territorial jurisdiction are given:

- Newfoundland and Labrador: 1,776
- Prince Edward Island: 769
- Nova Scotia: 4,695
- New Brunswick: 5,748
- Quebec: 43,094
- Ontario: 64,818
- Manitoba: 28,141
- Saskatchewan: 13,160
- Alberta: 37,485
- British Columbia: 23,432
- Yukon: 424
- Northwest Territories: 1,031
- Nunavut: 1,475

Now, we sum these totals:

1,776 + 769 + 4,695 + 5,748 + 43,094 + 64,818 + 28,141 + 13,160 + 37,485 + 23,432 + 424 + 1,031 + 1,475 = 233,606.

The total admissions to provincial/territorial corrections in 2018/2019 is 233,606.

Final Answer: 233,606"
880,"in 2018/2019, how many the total of admissions to federal corrections?",[14548.0],"The table provides data on admissions to adult correctional services for the year 2018/2019, including various jurisdictions and types of custody. To determine the total admissions to federal corrections, we can look at the entry specifically labeled ""federal"" in the table.

From the table, for federal corrections, the following admission numbers are provided:
- Total admissions to federal corrections (sum of all types of custody): 7,558.

This value indicates the total number of admissions to federal correctional services for the given year.

Final Answer: 7,558"
881,"overall, how much rates the total number of admissions of total correctional services was down compared to the previous year(2017/2018)?",[6],"To determine how much the total number of admissions to correctional services was down compared to the previous year (2017/2018), we need to look at the total number of admissions in the current year (2018/2019) and compare it to the total from the previous year as indicated in the percent change column.

From the table, the total number of admissions for all jurisdictions in 2018/2019 is 383,369. The percent change from the previous year (2017/2018) for total correctional services is listed as -6%.

To calculate the total number of admissions for 2017/2018, we can use the formula for percent change:
\[
\text{Percent Change} = \frac{\text{New Value} - \text{Old Value}}{\text{Old Value}} \times 100
\]
Given that the percent change is -6%, we can rearrange the formula to find the old value:
\[
-0.06 = \frac{383,369 - \text{Old Value}}{\text{Old Value}}
\]
Let’s set \(\text{Old Value} = x\):
\[
-0.06 \cdot x = 383,369 - x
\]
This rearranges to:
\[
-0.06x + x = 383,369
\]
\[
0.94x = 383,369
\]
Now we can solve for \(x\):
\[
x = \frac{383,369}{0.94} \approx 407,322
\]
Therefore, the total admissions for 2017/2018 were approximately 407,322.

Next, to find out how much the total number of admissions decreased, we subtract the number for 2018/2019 from that of 2017/2018:
\[
407,322 - 383,369 = 23,953
\]

Thus, the total number of admissions of total correctional services decreased by approximately 23,953 compared to the previous year.

Final Answer: 23,953"
882,what is the percentage of decrease in provincial/territorial admissions to custody and community services from 2017/2018?,[6],"To find the percentage decrease in provincial/territorial admissions to custody and community services from the year 2017/2018 based on the provided table, we need to evaluate both the total custody admissions and the total community supervision admissions independently, and then summarize the results.

1. **Total Custody Admissions from the Table:**
   - The number of admissions to custody from provinces and territories in 2018/2019 is listed as 226,048.
   - The percentage change from the previous year (2017/2018) is -7%. This means there was a decrease of 7% compared to 2017/2018.

2. **Total Community Supervision Admissions from the Table:**
   - The number of admissions to community supervision from provinces and territories in 2018/2019 is listed as 142,773.
   - The percentage change from the previous year (2017/2018) is -5%. This means there was a decrease of 5% compared to 2017/2018.

3. **Combined Total Admissions:**
   - To find the total admissions for both custody and community services in 2018/2019, we sum the two:
     - Total = Custody (226,048) + Community Supervision (142,773) = 368,821.

4. **Calculating the Combined Percentage Decrease:**
   - Since we are provided with the percentage changes independently, we summarize the results.
   - For a precise answer presuming that both custody and community supervision were independent categories and thus need to report their changes in their own terms:
     - **Custody Decrease:** 7%
     - **Community Supervision Decrease:** 5%
   - Therefore, there are two answers to the percentage decrease depending on the related service:
     - **Custody:** 7%
     - **Community Supervision:** 5%

Thus, the final answers reflect the distinct percentage decreases for custody and community services from 2017/2018 to 2018/2019.

Final Answer: [7%, 5%]"
883,what is the percentage of federal admissions increased in 2018/2019?,[1.0],"To determine the percentage change in federal admissions to adult correctional services from the previous year (2017/2018) to 2018/2019, we need to look at the values provided in the table for federal admissions.

From the table:
- The number of federal admissions in 2018/2019 is **7,558**.
- The percentage change from 2017/2018 to 2018/2019 for federal is given as **3%**.

This indicates that federal admissions increased by 3% compared to the previous year.

Final Answer: 3%"
884,"in 2018/2019, what is the admissions to custody decreased in the provinces and territories?",[7],"To determine the admissions to custody that decreased in the provinces and territories in 2018/2019, we need to examine the ""total percent change from 2017/2018"" column under the ""custody"" section of the table. We are particularly interested in entries where this percentage indicates a decrease (indicated by a negative sign).

From the table, we can extract the following data regarding admissions to custody and their changes:

- Newfoundland and Labrador: -8%
- Nova Scotia: -2%
- Quebec: -5%
- Ontario: -6%
- Manitoba: -6%
- Saskatchewan: -1%
- Alberta: -15%
- British Columbia: -10%
- Yukon: -11%
- Northwest Territories: -4%
- Nunavut: +50% (This indicates an increase, so we will not consider it as a decrease.)

Based on this data, the jurisdictions where admissions to custody decreased in 2018/2019 are:

1. Newfoundland and Labrador: -8%
2. Nova Scotia: -2%
3. Quebec: -5%
4. Ontario: -6%
5. Manitoba: -6%
6. Saskatchewan: -1%
7. Alberta: -15%
8. British Columbia: -10%
9. Yukon: -11%
10. Northwest Territories: -4%

Thus, all listed provinces and territories (except Nunavut) experienced a decrease in admissions to custody.

Final Answer: Newfoundland and Labrador, Nova Scotia, Quebec, Ontario, Manitoba, Saskatchewan, Alberta, British Columbia, Yukon, Northwest Territories"
885,"in 2018/2019,what is the percentage of admissions to community supervision decreased in the provinces and territories?",[5],"To find the percentage of admissions to community supervision that decreased in the provinces and territories for 2018/2019, we can refer to the 'total percent change from 2017/2018' column for community supervision across the various jurisdictions listed in the table.

The total admissions to community supervision are provided for each jurisdiction, and we look specifically at the percent change for community supervision:

1. Newfoundland and Labrador: -15%
2. Prince Edward Island: 13%
3. Nova Scotia: -36%
4. New Brunswick: 4%
5. Quebec: -7%
6. Ontario: -5%
7. Manitoba: -8%
8. Saskatchewan: -3%
9. Alberta: 2%
10. British Columbia: -7%
11. Yukon: -7%
12. Northwest Territories: 14%
13. Nunavut: 13%

Next, we focus on the jurisdictions that showed a decrease (indicated by negative percentages):
- Newfoundland and Labrador: -15%
- Nova Scotia: -36%
- Quebec: -7%
- Ontario: -5%
- Manitoba: -8%
- Saskatchewan: -3%
- British Columbia: -7%

The percentage of admissions to community supervision that decreased in the provinces and territories can be summarized as follows:
- The total percentage decrease is the percentage of provinces and territories with a decrease, which can be calculated as a fraction of those that have shown a decline.

Out of the 13 jurisdictions analyzed, 7 showed a decrease. To calculate the overall percentage decrease in terms of the total admissions:

Among these jurisdictions:
- The jurisdictions with a decrease (7 out of 13) represent approximately 53.85% of the total jurisdictions.

Therefore, we conclude that the percentage of admissions to community supervision that decreased in the provinces and territories is 53.85%.

Final Answer: 53.85%"
886,"admissions to correctional services overall decreased in 9 of the 13 jurisdictions , what is the percentage of nova scotia recording the decrease from 2017/2018 ?",[18],"To determine the percentage of Nova Scotia's correctional services admissions that recorded a decrease from 2017/2018, we can refer to the specific data provided in the table for Nova Scotia.

From the table, for Nova Scotia, the total admissions for 2018/2019 for custody is **4,695** (total) and the percentage change from the previous year (2017/2018) is **-2%**. This negative percentage indicates a decrease in admissions relative to the previous year.

Since the question asks for the percentage recorded in Nova Scotia specifically, we simply state that there was a **2%** decrease in admission to correctional services from the previous year.

Final Answer: 2%"
887,what is the percentage of admissions to correctional services involving nunavut recorded the increase which was driven by a large increase in custody admissions since the previous year?,[32.0],"To analyze the percentage increase of admissions to correctional services for Nunavut and identify its driving factors, we need to extract relevant data from the provided table.

For Nunavut:
- The total admissions to custody in 2018/2019 is 1,475.
- The total relevant percentage change from 2017/2018 for custody admissions is +50%.

This substantial percentage change indicates a significant increase in the number of custody admissions for Nunavut compared to the previous year.

Now, to articulate the increase and summarize the findings:

The percentage increase in custody admissions to correctional services for Nunavut is 50%, which is described as being driven by a large increase in custody admissions since the previous year.

Final Answer: 50%"
888,what is the percentage of nunavut of a increase in custody admissions since the previous year?,[50.0],"To calculate the percentage increase in custody admissions for Nunavut from the previous year, we need to examine the relevant data presented in the table. 

The data for Nunavut is as follows:

- **Total custody admissions for 2018/2019**: 1,475
- **Total custody admissions for 2017/2018**: This value is not explicitly stated in the table, but we can find it using the percent change provided in the table.

The percent change from 2017/2018 is given as +50%. This indicates that the admissions in 2018/2019 are 150% of the admissions in 2017/2018.

Let \( x \) be the number of custody admissions in Nunavut for the previous year (2017/2018). According to the percent change:

\[ 1,475 = x + 0.5x = 1.5x \]

To find \( x \):

\[ x = \frac{1,475}{1.5} \]
\[ x = 983.33 \]

Since we are dealing with admissions, we can round this number to 983 or round it down to the nearest whole number. However, for percentages, we usually consider exact changes.

Now to find the increase in admissions:

Increase = New Value - Old Value
\[ = 1,475 - 983 \]
\[ = 492 \]

Now, we calculate the percentage increase:
\[ \text{Percentage Increase} = \left(\frac{\text{Increase}}{\text{Old Value}}\right) \times 100 \]
\[ = \left(\frac{492}{983}\right) \times 100 \]
\[ \approx 50\% \]

This confirms that the income has changed across years. 

Final Answer: 50%"
889,"at the federal level, what is the percentage of admissions to custody increased in 2018/2019?",[3.0],"To determine the percentage of admissions to custody increased at the federal level for 2018/2019, we need to closely examine the data presented in the table.

From the table, we find the row designated as ""federal,"" where the data for custody admissions is as follows:
- **Sentenced custody**: 5,161
- **Remand**: Not provided (represented by "".."")
- **Other temporary custody**: 2,397
- **Total custody**: 7,558
- **Total percent change from 2017/2018**: 3%

The relevant part of the table specifies that the total percentage change from the previous year (2017/2018) to the current year (2018/2019) for federal custodial admissions is an increase of **3%**. 

Therefore, the answer to the question about the percentage of admissions to custody increased at the federal level in 2018/2019 is 3%.

Final Answer: 3%"
890,"at the federal level, what is the percentage of admissions to community supervision decreased in 2018/2019?",[2],"To determine the percentage of admissions to community supervision that decreased at the federal level in 2018/2019, we examine the relevant data provided in the table.

The pertinent values from the table regarding community supervision at the federal level are:
- Number of community supervision admissions in 2018/2019: 6,990
- The percentage change from 2017/2018: -2%

The ""-2%"" indicates that there was a decrease of 2% in admissions to community supervision from the prior year (2017/2018) to 2018/2019 at the federal level.

Final Answer: -2%"
891,what was the total number of deaths attributed to tc in canada from 2012 to 2016?,[850.0],"To determine the total number of deaths attributed to thyroid cancer (TC) in Canada from 2012 to 2016 based on the provided table, we first need to analyze the data available.

The table provides the total number of deaths for the overall population, but it does not break down the deaths by specific year within the period you requested (2012 to 2016). Instead, it provides aggregated statistics including a total from 1992 to 2016.

According to the table, the total number of deaths attributed to thyroid cancer from all age groups combined (stated in the first row under ""number of deaths"") is 850. However, without specific yearly breakdowns or any quantity for 2012 to 2016, we cannot accurately determine how many of those deaths occurred specifically in the years mentioned.

The closest mention regarding the years is the mention of ""period"" which refers to the years ranging from 1992 to 2016 but does not differentiate individual years. 

Since I cannot extract specific death counts for the years 2012 to 2016 from the data provided, I conclude that we do not have sufficient information to answer the specific question regarding these years.

Final Answer: Not enough information provided."
892,what percentage points did males and people aged 75 or older at diagnosis changed in apc from 1992 to 2016 respectively?,"[1.2, 0.9]","To determine the annual percent change (APC) from 1992 to 2016 for males and for the age group 75 or older at diagnosis from the provided table, we need to look at the respective annual percent change values included in the trend analysis section of the data.

From the table:

1. For **males**:
   - The annual percent change in asmr from 1992 to 2016 is **1.2%**.

2. For **people aged 75 or older**:
   - The annual percent change in asmr from 1992 to 2016 is **0.9%**.

Now, we need to summarize these findings as percentage points changes:

- **Males**: 1.2 percentage points increase.
- **Aged 75 or older**: 0.9 percentage points increase.

Thus, the changes in APC for males and people aged 75 or older at diagnosis from 1992 to 2016 are 1.2 and 0.9 percentage points, respectively.

Final Answer: [1.2, 0.9]"
893,which club did beresford play for in 1993-94?,['oldham athletic'],"To determine which club Beresford played for in the 1993-94 season, we need to refer to the provided table which contains player statistics with specific details about clubs, seasons, and divisions.

By examining the rows for the season 1993-94, we see that Oldham Athletic is the only club listed for that season. The relevant statistics for Oldham Athletic include:

- Club: Oldham Athletic
- Season: 1993-94
- Division: Premier League
- Apps: 1
- Goals: 0

Since there are no other clubs listed for the 1993-94 season in the table, we can conclude that Beresford played for Oldham Athletic during that year.

Final Answer: Oldham Athletic"
894,which club did filby play for in 1981?,['california surf'],"To determine which club Filby played for in 1981, we need to look at the context provided in the table under the ""career statistics"" section.

From the data provided:

- In 1981, Filby played for California Surf, which is part of the North American Soccer League. 
- The relevant entry states: 
  | california surf | 1981 | north american soccer league | 1 | 0 | - | | 1 | 0 |

This indicates that for that season (1981), he made 1 appearance and did not score any goals.

Thus, the club that Filby played for in 1981 is California Surf.

Final Answer: California Surf"
895,how many games did martavis bryant play in 2018?,[8.0],"The table provides statistics on Martavis Bryant's regular season performance across several years. To answer the question, we need to examine the specific row that corresponds to the year 2018.

From the table, we see the following details for the year 2018:
- Team: oak
- Games played (gp): 8
- Games started (gs): 2

Therefore, Martavis Bryant played a total of 8 games in the year 2018.

Final Answer: 8"
896,how many touchdowns did davante adams get in 2017?,[10.0],"The table provides statistics for a player (Davante Adams) during the regular seasons from 2014 to 2018. The specific question asks for the number of touchdowns he scored in the 2017 season.

Based on the data for 2017 from the table:

- Year: 2017
- Total touchdowns (td): 10

Therefore, Davante Adams scored 10 touchdowns in the 2017 regular season.

Final Answer: 10"
